region,Country,Glacier,RGI_Glacier_Area,Longitude,Latitude,Date,Date_Min,Date_Max,year
RGI60_01_Alaska,USA,Lacuna Glacier,176.235,-151.411722994,62.783692238,,2000-08-16 00:00:00,2001-09-11 00:00:00,2000
RGI60_01_Alaska,USA,Yanert Glacier,83.656,-147.560026055,63.6082600477,,2002-06-28 00:00:00,2002-07-30 00:00:00,2002
RGI60_01_Alaska,USA,Yanert Glacier,83.656,-147.560026055,63.6082600477,,2003-08-10 00:00:00,2003-10-13 00:00:00,2003
RGI60_01_Alaska,USA,Yanert Glacier,83.656,-147.560026055,63.6082600477,,2008-06-20 00:00:00,2008-07-24 00:00:00,2008
RGI60_01_Alaska,USA,Yanert Glacier,83.656,-147.560026055,63.6082600477,,2009-06-06 00:00:00,2009-08-02 00:00:00,2009
RGI60_01_Alaska,USA,Yanert Glacier,83.656,-147.560026055,63.6082600477,,2010-06-02 00:00:00,2010-09-15 00:00:00,2010
RGI60_01_Alaska,USA,Yanert Glacier,83.656,-147.560026055,63.6082600477,,2011-06-06 00:00:00,2011-06-21 00:00:00,2011
RGI60_01_Alaska,USA,Yanert Glacier,83.656,-147.560026055,63.6082600477,,2012-06-23 00:00:00,2012-07-09 00:00:00,2012
RGI60_01_Alaska,USA,Yanert Glacier,83.656,-147.560026055,63.6082600477,,2013-06-14 00:00:00,2013-06-27 00:00:00,2013
RGI60_01_Alaska,USA,Yanert Glacier,83.656,-147.560026055,63.6082600477,,2014-08-30 00:00:00,2014-09-25 00:00:00,2014
RGI60_01_Alaska,USA,Yanert Glacier,83.656,-147.560026055,63.6082600477,,2015-06-12 00:00:00,2015-06-15 00:00:00,2015
RGI60_01_Alaska,USA,Yanert Glacier,83.656,-147.560026055,63.6082600477,,2017-06-13 00:00:00,2017-06-22 00:00:00,2017
RGI60_01_Alaska,USA,Yanert Glacier,83.656,-147.560026055,63.6082600477,,2018-06-20 00:00:00,2018-06-27 00:00:00,2018
RGI60_01_Alaska,USA,Yanert Glacier,83.656,-147.560026055,63.6082600477,,2019-06-14 00:00:00,2019-06-22 00:00:00,2019
RGI60_01_Alaska,USA,Yanert Glacier,83.656,-147.560026055,63.6082600477,,2021-06-07 00:00:00,2021-06-14 00:00:00,2021
RGI60_01_Alaska,USA,Yanert Glacier,83.656,-147.560026055,63.6082600477,,2022-06-18 00:00:00,2022-06-22 00:00:00,2022
RGI60_01_Alaska,USA,Yanert Glacier,83.656,-147.560026055,63.6082600477,,2023-06-18 00:00:00,2023-06-30 00:00:00,2023
RGI60_01_Alaska,USA,Yanert Glacier,83.656,-147.560026055,63.6082600477,,2024-06-16 00:00:00,2024-06-16 00:00:00,2024
RGI60_01_Alaska,USA,Yanert Glacier,83.656,-147.560026055,63.6082600477,,2025-06-22 00:00:00,2025-06-27 00:00:00,2025
RGI60_01_Alaska,USA,Gulkana Glacier,17.567,-145.468,63.241,1970,,,1970
RGI60_01_Alaska,USA,Gilkey Glacier,229.99,-134.440718323,58.7781232769,,1984-06-21 00:00:00,1984-07-23 00:00:00,1984
RGI60_01_Alaska,USA,Gilkey Glacier,229.99,-134.440718323,58.7781232769,,1986-07-06 00:00:00,1986-09-15 00:00:00,1986
RGI60_01_Alaska,USA,Gilkey Glacier,229.99,-134.440718323,58.7781232769,,1987-07-25 00:00:00,1987-08-10 00:00:00,1987
RGI60_01_Alaska,USA,Gilkey Glacier,229.99,-134.440718323,58.7781232769,,1989-06-28 00:00:00,1989-08-22 00:00:00,1989
RGI60_01_Alaska,USA,Gilkey Glacier,229.99,-134.440718323,58.7781232769,,1990-06-22 00:00:00,1990-08-18 00:00:00,1990
RGI60_01_Alaska,USA,Gilkey Glacier,229.99,-134.440718323,58.7781232769,,1991-07-04 00:00:00,1991-10-31 00:00:00,1991
RGI60_01_Alaska,USA,Gilkey Glacier,229.99,-134.440718323,58.7781232769,,1992-06-27 00:00:00,1992-08-30 00:00:00,1992
RGI60_01_Alaska,USA,Gilkey Glacier,229.99,-134.440718323,58.7781232769,,1993-06-23 00:00:00,1993-08-10 00:00:00,1993
RGI60_01_Alaska,USA,Gilkey Glacier,229.99,-134.440718323,58.7781232769,,1994-07-12 00:00:00,1994-08-13 00:00:00,1994
RGI60_01_Alaska,USA,Gilkey Glacier,229.99,-134.440718323,58.7781232769,,1995-06-29 00:00:00,1995-08-07 00:00:00,1995
RGI60_01_Alaska,USA,Gilkey Glacier,229.99,-134.440718323,58.7781232769,,1996-07-24 00:00:00,1996-09-03 00:00:00,1996
RGI60_01_Alaska,USA,Gilkey Glacier,229.99,-134.440718323,58.7781232769,,1997-07-04 00:00:00,1997-09-06 00:00:00,1997
RGI60_01_Alaska,USA,Gilkey Glacier,229.99,-134.440718323,58.7781232769,,1998-06-28 00:00:00,1998-07-30 00:00:00,1998
RGI60_01_Alaska,USA,Gilkey Glacier,229.99,-134.440718323,58.7781232769,,1999-07-01 00:00:00,1999-08-02 00:00:00,1999
RGI60_01_Alaska,USA,Gilkey Glacier,229.99,-134.440718323,58.7781232769,,2000-07-04 00:00:00,2000-08-28 00:00:00,2000
RGI60_01_Alaska,USA,Gilkey Glacier,229.99,-134.440718323,58.7781232769,,2002-06-15 00:00:00,2002-08-02 00:00:00,2002
RGI60_01_Alaska,USA,Gilkey Glacier,229.99,-134.440718323,58.7781232769,,2003-05-17 00:00:00,2003-07-12 00:00:00,2003
RGI60_01_Alaska,USA,Gilkey Glacier,229.99,-134.440718323,58.7781232769,,2004-06-21 00:00:00,2004-07-14 00:00:00,2004
RGI60_01_Alaska,USA,Gilkey Glacier,229.99,-134.440718323,58.7781232769,,2005-06-08 00:00:00,2005-08-11 00:00:00,2005
RGI60_01_Alaska,USA,Gilkey Glacier,229.99,-134.440718323,58.7781232769,,2006-06-11 00:00:00,2006-07-05 00:00:00,2006
RGI60_01_Alaska,USA,Gilkey Glacier,229.99,-134.440718323,58.7781232769,,2007.06-14,2007-07-15 00:00:00,2007
RGI60_01_Alaska,USA,Gilkey Glacier,229.99,-134.440718323,58.7781232769,,2008-05-23 00:00:00,2008-07-02 00:00:00,2008
RGI60_01_Alaska,USA,Gilkey Glacier,229.99,-134.440718323,58.7781232769,,2009-06-09 00:00:00,2009-07-02 00:00:00,2009
RGI60_01_Alaska,USA,Gilkey Glacier,229.99,-134.440718323,58.7781232769,,2010-06-06 00:00:00,2010-08-16 00:00:00,2010
RGI60_01_Alaska,USA,Gilkey Glacier,229.99,-134.440718323,58.7781232769,,2011-06-01 00:00:00,2011-08-03 00:00:00,2011
RGI60_01_Alaska,USA,Gilkey Glacier,229.99,-134.440718323,58.7781232769,,2012-06-03 00:00:00,2012-07-12 00:00:00,2012
RGI60_01_Alaska,USA,Gilkey Glacier,229.99,-134.440718323,58.7781232769,,2013-06-10 00:00:00,2013-06-21 00:00:00,2013
RGI60_01_Alaska,USA,Gilkey Glacier,229.99,-134.440718323,58.7781232769,,2014-06-06 00:00:00,2014-07-01 00:00:00,2014
RGI60_01_Alaska,USA,Gilkey Glacier,229.99,-134.440718323,58.7781232769,,2015-03-30 00:00:00,2015-04-25 00:00:00,2015
RGI60_01_Alaska,USA,Gilkey Glacier,229.99,-134.440718323,58.7781232769,,2016-05-21 00:00:00,2016-07-11 00:00:00,2016
RGI60_01_Alaska,USA,Gilkey Glacier,229.99,-134.440718323,58.7781232769,,2017-04-25 00:00:00,2017-06-18 00:00:00,2017
RGI60_01_Alaska,USA,Gilkey Glacier,229.99,-134.440718323,58.7781232769,,2018-05-23 00:00:00,2018-06-03 00:00:00,2018
RGI60_01_Alaska,USA,Gilkey Glacier,229.99,-134.440718323,58.7781232769,,2018-07-06 00:00:00,2018-07-13 00:00:00,2018
RGI60_01_Alaska,USA,Gilkey Glacier,229.99,-134.440718323,58.7781232769,,2019-05-27 00:00:00,2019-06-21 00:00:00,2019
RGI60_01_Alaska,USA,Gilkey Glacier,229.99,-134.440718323,58.7781232769,,2020-05-29 00:00:00,2020-06-22 00:00:00,2020
RGI60_01_Alaska,USA,Gilkey Glacier,229.99,-134.440718323,58.7781232769,,2021-01-27 00:00:00,2021-02-02 00:00:00,2021
RGI60_01_Alaska,USA,Gilkey Glacier,229.99,-134.440718323,58.7781232769,,2023-09-19 00:00:00,2023-10-23 00:00:00,2023
RGI60_01_Alaska,USA,Gilkey Glacier,229.99,-134.466693792,58.7631435522,,1987-07-25 00:00:00,1987-08-10 00:00:00,1987
RGI60_01_Alaska,USA,Gilkey Glacier,229.99,-134.466693792,58.7631435522,,1989-06-28 00:00:00,1989-08-22 00:00:00,1989
RGI60_01_Alaska,USA,Gilkey Glacier,229.99,-134.466693792,58.7631435522,,1990-09-26 00:00:00,1991-06-25 00:00:00,1990
RGI60_01_Alaska,USA,Gilkey Glacier,229.99,-134.466693792,58.7631435522,,1992-06-27 00:00:00,1992-08-30 00:00:00,1992
RGI60_01_Alaska,USA,Gilkey Glacier,229.99,-134.466693792,58.7631435522,,1994-07-12 00:00:00,1994-08-13 00:00:00,1994
RGI60_01_Alaska,USA,Gilkey Glacier,229.99,-134.466693792,58.7631435522,,1996-05-30 00:00:00,1996-07-17 00:00:00,1996
RGI60_01_Alaska,USA,Gilkey Glacier,229.99,-134.466693792,58.7631435522,,1997-09-13 00:00:00,1998-05-27 00:00:00,1997
RGI60_01_Alaska,USA,Gilkey Glacier,229.99,-134.466693792,58.7631435522,,1998-09-16 00:00:00,1998-10-11 00:00:00,1998
RGI60_01_Alaska,USA,Gilkey Glacier,229.99,-134.466693792,58.7631435522,,1999-07-02 00:00:00,1999-08-02 00:00:00,1999
RGI60_01_Alaska,USA,Gilkey Glacier,229.99,-134.466693792,58.7631435522,,2000-08-28 00:00:00,2001-08-15 00:00:00,2000
RGI60_01_Alaska,USA,Gilkey Glacier,229.99,-134.466693792,58.7631435522,,2002-06-15 00:00:00,2002-08-02 00:00:00,2002
RGI60_01_Alaska,USA,Gilkey Glacier,229.99,-134.466693792,58.7631435522,,2004-06-21 00:00:00,2004-07-14 00:00:00,2004
RGI60_01_Alaska,USA,Gilkey Glacier,229.99,-134.466693792,58.7631435522,,2005-06-16 00:00:00,2005-08-10 00:00:00,2005
RGI60_01_Alaska,USA,Gilkey Glacier,229.99,-134.466693792,58.7631435522,,2006-07-04 00:00:00,2006-07-29 00:00:00,2006
RGI60_01_Alaska,USA,Gilkey Glacier,229.99,-134.466693792,58.7631435522,,2009-06-09 00:00:00,2009-07-02 00:00:00,2009
RGI60_01_Alaska,USA,Gilkey Glacier,229.99,-134.466693792,58.7631435522,,2010-07-18 00:00:00,2010-07-27 00:00:00,2010
RGI60_01_Alaska,USA,Gilkey Glacier,229.99,-134.466693792,58.7631435522,,2011-05-31 00:00:00,2011-07-10 00:00:00,2011
RGI60_01_Alaska,USA,Gilkey Glacier,229.99,-134.466693792,58.7631435522,,2012-06-03 00:00:00,2012-07-12 00:00:00,2012
RGI60_01_Alaska,USA,Gilkey Glacier,229.99,-134.466693792,58.7631435522,,2013-06-10 00:00:00,2013-07-30 00:00:00,2013
RGI60_01_Alaska,USA,Gilkey Glacier,229.99,-134.466693792,58.7631435522,,2014-06-01 00:00:00,2014-06-09 00:00:00,2014
RGI60_01_Alaska,USA,Gilkey Glacier,229.99,-134.466693792,58.7631435522,,2015-05-29 00:00:00,2015-07-06 00:00:00,2015
RGI60_01_Alaska,USA,Gilkey Glacier,229.99,-134.466693792,58.7631435522,,2015-10-06 00:00:00,2015-10-25 00:00:00,2015
RGI60_01_Alaska,USA,Gilkey Glacier,229.99,-134.466693792,58.7631435522,,2016-05-13 00:00:00,2016-07-11 00:00:00,2016
RGI60_01_Alaska,USA,Gilkey Glacier,229.99,-134.466693792,58.7631435522,,2017-08-09 00:00:00,2017-09-05 00:00:00,2017
RGI60_01_Alaska,USA,Gilkey Glacier,229.99,-134.466693792,58.7631435522,,2018-07-03 00:00:00,2018-07-13 00:00:00,2018
RGI60_01_Alaska,USA,Gilkey Glacier,229.99,-134.466693792,58.7631435522,,2018-05-19 00:00:00,2018-06-01 00:00:00,2018
RGI60_01_Alaska,USA,Gilkey Glacier,229.99,-134.47,58.76,,2019-06-21 00:00:00,2019-06-26 00:00:00,2019
RGI60_01_Alaska,USA,Gilkey Glacier,229.99,-134.466693792,58.7631435522,,2020-05-29 00:00:00,2020-06-05 00:00:00,2020
RGI60_01_Alaska,USA,Gilkey Glacier,229.99,-134.466693792,58.7631435522,,2022-06-17 00:00:00,2022-06-24 00:00:00,2022
RGI60_01_Alaska,USA,Gilkey Glacier,229.99,-134.466693792,58.7631435522,,2022-07-04 00:00:00,2022-07-27 00:00:00,2022
RGI60_01_Alaska,USA,Gilkey Glacier,229.99,-134.466693792,58.7631435522,,2023-06-23 00:00:00,2023-07-06 00:00:00,2023
RGI60_01_Alaska,USA,Gilkey Glacier,229.99,-134.466693792,58.7631435522,,2023-09-19 00:00:00,2023-10-21 00:00:00,2023
RGI60_01_Alaska,USA,Gilkey Glacier,229.99,-134.466693792,58.7631435522,,2024-06-17 00:00:00,2024-06-27 00:00:00,2024
RGI60_01_Alaska,USA,Gilkey Glacier,229.99,-134.466693792,58.7631435522,,2025-04-26 00:00:00,2025-05-18 00:00:00,2025
RGI60_01_Alaska,USA,Gilkey Glacier,229.99,-134.466693792,58.7631435522,,2025-10-19 00:00:00,2025-11-12 00:00:00,2025
RGI60_01_Alaska,USA,Mendenhall Glacier,109.359,-134.495745,58.45869,2011-07-19,,,2011
RGI60_01_Alaska,USA,Mendenhall Glacier,109.359,-134.495745,58.45869,2011-08-19,,,2011
RGI60_01_Alaska,USA,Mendenhall Glacier,109.359,-134.495745,58.45869,2012-07-02,,,2012
RGI60_01_Alaska,USA,Mendenhall Glacier,109.359,-134.495745,58.45869,2014-07-09,,,2014
RGI60_01_Alaska,USA,Mendenhall Glacier,109.359,-134.495745,58.45869,2014-08-11,,,2014
RGI60_01_Alaska,USA,Mendenhall Glacier,109.359,-134.495745,58.45869,2015-05-31,,,2015
RGI60_01_Alaska,USA,Mendenhall Glacier,109.359,-134.495745,58.45869,2015-06-25,,,2015
RGI60_01_Alaska,USA,Mendenhall Glacier,109.359,-134.495745,58.45869,2015-07-02,,,2015
RGI60_01_Alaska,USA,Mendenhall Glacier,109.359,-134.495745,58.45869,2015-07-08,,,2015
RGI60_01_Alaska,USA,Mendenhall Glacier,109.359,-134.495745,58.45869,2015-07-13,,,2015
RGI60_01_Alaska,USA,Mendenhall Glacier,109.359,-134.495745,58.45869,2015-07-20,,,2015
RGI60_01_Alaska,USA,Mendenhall Glacier,109.359,-134.495745,58.45869,2015-08-10,,,2015
RGI60_01_Alaska,USA,Mendenhall Glacier,109.359,-134.495745,58.45869,2015-08-18,,,2015
RGI60_01_Alaska,USA,Mendenhall Glacier,109.359,-134.495745,58.45869,2015-08-22,,,2015
RGI60_01_Alaska,USA,Mendenhall Glacier,109.359,-134.495745,58.45869,2015-09-14,,,2015
RGI60_01_Alaska,USA,Mendenhall Glacier,109.359,-134.495745,58.45869,2016-06-29,,,2016
RGI60_01_Alaska,USA,Mendenhall Glacier,109.359,-134.495745,58.45869,2016-07-23,,,2016
RGI60_01_Alaska,USA,Mendenhall Glacier,109.359,-134.495745,58.45869,2017-05-30,,,2017
RGI60_01_Alaska,USA,Mendenhall Glacier,109.359,-134.495745,58.45869,2017-06-13,,,2017
RGI60_01_Alaska,USA,Mendenhall Glacier,109.359,-134.495745,58.45869,2017-06-26,,,2017
RGI60_01_Alaska,USA,Mendenhall Glacier,109.359,-134.495745,58.45869,2017-07-04,,,2017
RGI60_01_Alaska,USA,Mendenhall Glacier,109.359,-134.495745,58.45869,2017-07-15,,,2017
RGI60_01_Alaska,USA,Mendenhall Glacier,109.359,-134.495745,58.45869,2018-07-17,,,2018
RGI60_01_Alaska,USA,Mendenhall Glacier,109.359,-134.495745,58.45869,2018-08-07,,,2018
RGI60_01_Alaska,USA,Mendenhall Glacier,109.359,-134.495745,58.45869,2018-08-13,,,2018
RGI60_01_Alaska,USA,Mendenhall Glacier,109.359,-134.495745,58.45869,2018-08-24,,,2018
RGI60_01_Alaska,USA,Mendenhall Glacier,109.359,-134.495745,58.45869,2018-08-29,,,2018
RGI60_01_Alaska,USA,Mendenhall Glacier,109.359,-134.495745,58.45869,2019-07-13,,,2019
RGI60_01_Alaska,USA,Mendenhall Glacier,109.359,-134.495745,58.45869,2020-07-30,,,2020
RGI60_01_Alaska,USA,Mendenhall Glacier,109.359,-134.495745,58.45869,2020-08-20,,,2020
RGI60_01_Alaska,USA,Mendenhall Glacier,109.359,-134.495745,58.45869,2020-09-04,,,2020
RGI60_01_Alaska,USA,Mendenhall Glacier,109.359,-134.495745,58.45869,2020-10-11,,,2020
RGI60_01_Alaska,USA,Mendenhall Glacier,109.359,-134.495745,58.45869,2021-06-23,,,2021
RGI60_01_Alaska,USA,Mendenhall Glacier,109.359,-134.495745,58.45869,2023-08-03,,,2023
RGI60_01_Alaska,USA,Mendenhall Glacier,109.359,-134.495745,58.45869,2023-08-18,,,2023
RGI60_01_Alaska,USA,Lemon Creek Glacier,9.528,-134.348,58.39,1967,,,1967
RGI60_01_Alaska,USA,Norris Glacier,173.209,-134.172051223,58.4904562886,,2003-08-06 00:00:00,2003-10-01 00:00:00,2003
RGI60_01_Alaska,USA,Norris Glacier,173.209,-134.172051223,58.4904562886,,2006-07-29 00:00:00,2006-09-15 00:00:00,2006
RGI60_01_Alaska,USA,Norris Glacier,173.209,-134.172051223,58.4904562886,,2015-08-15 00:00:00,2015-10-02 00:00:00,2015
RGI60_01_Alaska,USA,Norris Glacier,173.209,-134.172051223,58.4904562886,,2016-07-18 00:00:00,2016-09-28 00:00:00,2016
RGI60_01_Alaska,USA,Norris Glacier,173.209,-134.172051223,58.4904562886,,2017-08-04 00:00:00,2017-09-05 00:00:00,2017
RGI60_01_Alaska,USA,Norris Glacier,173.209,-134.172051223,58.4904562886,,2019-07-01 00:00:00,2019-07-23 00:00:00,2019
RGI60_01_Alaska,USA,Norris Glacier,173.209,-134.172051223,58.4904562886,,2020-07-30 00:00:00,2020-09-05 00:00:00,2020
RGI60_01_Alaska,USA,Field Glacier,129.91,-134.562283986,58.9969220757,,1992-06-27 00:00:00,1992-08-30 00:00:00,1992
RGI60_01_Alaska,USA,Field Glacier,129.91,-134.562283986,58.9969220757,,1993-06-14 00:00:00,1993-07-16 00:00:00,1993
RGI60_01_Alaska,USA,Field Glacier,129.91,-134.562283986,58.9969220757,,1994-07-12 00:00:00,1994-08-13 00:00:00,1994
RGI60_01_Alaska,USA,Field Glacier,129.91,-134.562283986,58.9969220757,,1995-09-17 00:00:00,1995-09-24 00:00:00,1995
RGI60_01_Alaska,USA,Field Glacier,129.91,-134.562283986,58.9969220757,,1997-07-04 00:00:00,1997-09-06 00:00:00,1997
RGI60_01_Alaska,USA,Field Glacier,129.91,-134.562283986,58.9969220757,,1998-06-28 00:00:00,1998-07-30 00:00:00,1998
RGI60_01_Alaska,USA,Field Glacier,129.91,-134.562283986,58.9969220757,,1999-08-03 00:00:00,1999-09-28 00:00:00,1999
RGI60_01_Alaska,USA,Field Glacier,129.91,-134.562283986,58.9969220757,,2001-06-21 00:00:00,2001-08-15 00:00:00,2001
RGI60_01_Alaska,USA,Field Glacier,129.91,-134.562283986,58.9969220757,,2002-08-02 00:00:00,2003-07-12 00:00:00,2002
RGI60_01_Alaska,USA,Field Glacier,129.91,-134.562283986,58.9969220757,,2003-05-17 00:00:00,2003-07-12 00:00:00,2003
RGI60_01_Alaska,USA,Field Glacier,129.91,-134.562283986,58.9969220757,,2004-08-23 00:00:00,2004-09-07 00:00:00,2004
RGI60_01_Alaska,USA,Field Glacier,129.91,-134.562283986,58.9969220757,,2005-08-11 00:00:00,2005-09-11 00:00:00,2005
RGI60_01_Alaska,USA,Field Glacier,129.91,-134.562283986,58.9969220757,,2006-07-29 00:00:00,2006-09-14 00:00:00,2006
RGI60_01_Alaska,USA,Field Glacier,129.91,-134.562283986,58.9969220757,,2007-08-08 00:00:00,2007-09-02 00:00:00,2007
RGI60_01_Alaska,USA,Field Glacier,129.91,-134.562283986,58.9969220757,,2009-07-28 00:00:00,2009-09-05 00:00:00,2009
RGI60_01_Alaska,USA,Field Glacier,129.91,-134.562283986,58.9969220757,,2010-07-08 00:00:00,2010-07-27 00:00:00,2010
RGI60_01_Alaska,USA,Field Glacier,129.91,-134.562283986,58.9969220757,,2011-07-13 00:00:00,2011-08-13 00:00:00,2011
RGI60_01_Alaska,USA,Field Glacier,129.91,-134.562283986,58.9969220757,,2012-08-04 00:00:00,2012-08-13 00:00:00,2012
RGI60_01_Alaska,USA,Field Glacier,129.91,-134.562283986,58.9969220757,,2013-07-16 00:00:00,2013-08-31 00:00:00,2013
RGI60_01_Alaska,USA,Field Glacier,129.91,-134.562283986,58.9969220757,,2014-07-31 00:00:00,2014-08-20 00:00:00,2014
RGI60_01_Alaska,USA,Field Glacier,129.91,-134.562283986,58.9969220757,,2015-07-21 00:00:00,2015-08-13 00:00:00,2015
RGI60_01_Alaska,USA,Field Glacier,129.91,-134.562283986,58.9969220757,,2016-07-16 00:00:00,2016-08-01 00:00:00,2016
RGI60_01_Alaska,USA,Field Glacier,129.91,-134.562283986,58.9969220757,,2017-06-18 00:00:00,2017-08-04 00:00:00,2017
RGI60_01_Alaska,USA,Field Glacier,129.91,-134.562283986,58.9969220757,,2018-07-06 00:00:00,2018-07-13 00:00:00,2018
RGI60_01_Alaska,USA,Field Glacier,129.91,-134.562283986,58.9969220757,,2019-07-21 00:00:00,2019-07-31 00:00:00,2019
RGI60_01_Alaska,USA,Field Glacier,129.91,-134.562283986,58.9969220757,,2020-07-02 00:00:00,2020-07-30 00:00:00,2020
RGI60_01_Alaska,USA,Field Glacier,129.91,-134.562283986,58.9969220757,,2021-07-19 00:00:00,2021-07-29 00:00:00,2021
RGI60_01_Alaska,USA,Field Glacier,129.91,-134.562283986,58.9969220757,,2022-07-06 00:00:00,2022-07-27 00:00:00,2022
RGI60_01_Alaska,USA,Field Glacier,129.91,-134.562283986,58.9969220757,,2023-07-15 00:00:00,2023-07-24 00:00:00,2023
RGI60_01_Alaska,USA,Field Glacier,129.91,-134.562283986,58.9969220757,,2024-07-18 00:00:00,2024-08-03 00:00:00,2024
RGI60_01_Alaska,USA,Field Glacier,129.91,-134.562283986,58.9969220757,,2025-07-20 00:00:00,2025-07-27 00:00:00,2025
RGI60_01_Alaska,Canada,Tulsequah Glacier,148.734,-133.862658,58.878526,,1983-07-22 00:00:00,1983-09-08 00:00:00,1983
RGI60_01_Alaska,Canada,Tulsequah Glacier,148.734,-133.862658,58.878526,,1984-08-17 00:00:00,1984-09-25 00:00:00,1984
RGI60_01_Alaska,Canada,Tulsequah Glacier,148.734,-133.862658,58.878526,,1985-07-18 00:00:00,1985-07-27 00:00:00,1985
RGI60_01_Alaska,Canada,Tulsequah Glacier,148.734,-133.862658,58.878526,1986,1986-08-14 00:00:00,1986-09-15 00:00:00,1986
RGI60_01_Alaska,Canada,Tulsequah Glacier,148.734,-133.862658,58.878526,1987-08-25,,,1987
RGI60_01_Alaska,Canada,Tulsequah Glacier,148.734,-133.862658,58.878526,1988-07-31,,,1988
RGI60_01_Alaska,Canada,Tulsequah Glacier,148.734,-133.862658,58.878526,1989-08-15,,,1989
RGI60_01_Alaska,Canada,Tulsequah Glacier,148.734,-133.862658,58.878526,,1990-07-17 00:00:00,1990-07-24 00:00:00,1990
RGI60_01_Alaska,Canada,Tulsequah Glacier,148.734,-133.862658,58.878526,1991-08-13,,,1991
RGI60_01_Alaska,Canada,Tulsequah Glacier,148.734,-133.862658,58.878526,1991-08-30,,,1991
RGI60_01_Alaska,Canada,Tulsequah Glacier,148.734,-133.862658,58.878526,1992-08-18,,,1992
RGI60_01_Alaska,Canada,Tulsequah Glacier,148.734,-133.862658,58.878526,1993-07-25,,,1993
RGI60_01_Alaska,Canada,Tulsequah Glacier,148.734,-133.862658,58.878526,1994-07-28,,,1994
RGI60_01_Alaska,Canada,Tulsequah Glacier,148.734,-133.862658,58.878526,1995-07-24,,,1995
RGI60_01_Alaska,Canada,Tulsequah Glacier,148.734,-133.862658,58.878526,1995-10-23,,,1995
RGI60_01_Alaska,Canada,Tulsequah Glacier,148.734,-133.862658,58.878526,1996-09-16,,,1996
RGI60_01_Alaska,Canada,Tulsequah Glacier,148.734,-133.862658,58.878526,1997-07-24,,,1997
RGI60_01_Alaska,Canada,Tulsequah Glacier,148.734,-133.862658,58.878526,1997-09-23,,,1997
RGI60_01_Alaska,Canada,Tulsequah Glacier,148.734,-133.862658,58.878526,1998-07-30,,,1998
RGI60_01_Alaska,Canada,Tulsequah Glacier,148.734,-133.862658,58.878526,1999-08-17,,,1999
RGI60_01_Alaska,Canada,Tulsequah Glacier,148.734,-133.862658,58.878526,2000-07-23,,,2000
RGI60_01_Alaska,Canada,Tulsequah Glacier,148.734,-133.862658,58.878526,2000-10-05,,,2000
RGI60_01_Alaska,Canada,Tulsequah Glacier,148.734,-133.862658,58.878526,2001-08-07,,,2001
RGI60_01_Alaska,Canada,Tulsequah Glacier,148.734,-133.862658,58.878526,2001-10-07,,,2001
RGI60_01_Alaska,Canada,Tulsequah Glacier,148.734,-133.862658,58.878526,2002-08-13,,,2002
RGI60_01_Alaska,Canada,Tulsequah Glacier,148.734,-133.862658,58.878526,2003-08-01,,,2003
RGI60_01_Alaska,Canada,Tulsequah Glacier,148.734,-133.862658,58.878526,2003-08-12,,,2003
RGI60_01_Alaska,Canada,Tulsequah Glacier,148.734,-133.862658,58.878526,2004-06-23,,,2004
RGI60_01_Alaska,Canada,Tulsequah Glacier,148.734,-133.862658,58.878526,2005-08-11,,,2005
RGI60_01_Alaska,Canada,Tulsequah Glacier,148.734,-133.862658,58.878526,2006-08-08,,,2006
RGI60_01_Alaska,Canada,Tulsequah Glacier,148.734,-133.862658,58.878526,2007-07-20,,,2007
RGI60_01_Alaska,Canada,Tulsequah Glacier,148.734,-133.862658,58.878526,2008-08-18,,,2008
RGI60_01_Alaska,Canada,Tulsequah Glacier,148.734,-133.862658,58.878526,2009-07-21,,,2009
RGI60_01_Alaska,Canada,Tulsequah Glacier,148.734,-133.862658,58.878526,2010-07-28,,,2010
RGI60_01_Alaska,Canada,Tulsequah Glacier,148.734,-133.862658,58.878526,2011-07-06,,,2011
RGI60_01_Alaska,Canada,Tulsequah Glacier,148.734,-133.862658,58.878526,2011-07-28,,,2011
RGI60_01_Alaska,Canada,Tulsequah Glacier,148.734,-133.862658,58.878526,2012-07-29,,,2012
RGI60_01_Alaska,Canada,Tulsequah Glacier,148.734,-133.862658,58.878526,2012-08-18,,,2012
RGI60_01_Alaska,Canada,Tulsequah Glacier,148.734,-133.862658,58.878526,2013-07-03,,,2013
RGI60_01_Alaska,Canada,Tulsequah Glacier,148.734,-133.862658,58.878526,2014-07-15,,,2014
RGI60_01_Alaska,Canada,Tulsequah Glacier,148.734,-133.862658,58.878526,2015-07-01,,,2015
RGI60_01_Alaska,Canada,Tulsequah Glacier,148.734,-133.862658,58.878526,2016-06-01,,,2016
RGI60_01_Alaska,Canada,Tulsequah Glacier,148.734,-133.862658,58.878526,2017-05-29,,,2017
RGI60_01_Alaska,Canada,Tulsequah Glacier,148.734,-133.862658,58.878526,2017-07-11,,,2017
RGI60_01_Alaska,Canada,Tulsequah Glacier,148.734,-133.862658,58.878526,2018-07-01,,,2018
RGI60_01_Alaska,Canada,Tulsequah Glacier,148.734,-133.862658,58.878526,2019-06-23,,,2019
RGI60_01_Alaska,Canada,Tulsequah Glacier,148.734,-133.862658,58.878526,2019-07-08,,,2019
RGI60_01_Alaska,Canada,Tulsequah Glacier,148.734,-133.862658,58.878526,2020-07-04,,,2020
RGI60_01_Alaska,Canada,Tulsequah Glacier,148.734,-133.862658,58.878526,2023-06-26,,,2023
RGI60_01_Alaska,Canada,Tulsequah Glacier,148.734,-133.823862,58.820674,1910,,,1910
RGI60_01_Alaska,Canada,Tulsequah Glacier,148.734,-133.823862,58.820674,1932-08-18,,,1932
RGI60_01_Alaska,Canada,Tulsequah Glacier,148.734,-133.823862,58.820674,1944-08-15,,,1944
RGI60_01_Alaska,Canada,Tulsequah Glacier,148.734,-133.823862,58.820674,1945-08-08,,,1945
RGI60_01_Alaska,Canada,Tulsequah Glacier,148.734,-133.823862,58.820674,1946-08-04,,,1946
RGI60_01_Alaska,Canada,Tulsequah Glacier,148.734,-133.823862,58.820674,1947-08-05,,,1947
RGI60_01_Alaska,Canada,Tulsequah Glacier,148.734,-133.823862,58.820674,1948-07-23,,,1948
RGI60_01_Alaska,Canada,Tulsequah Glacier,148.734,-133.823862,58.820674,1949-08-07,,,1949
RGI60_01_Alaska,Canada,Tulsequah Glacier,148.734,-133.823862,58.820674,1950-07-27,,,1950
RGI60_01_Alaska,Canada,Tulsequah Glacier,148.734,-133.823862,58.820674,1951-07-26,,,1951
RGI60_01_Alaska,Canada,Tulsequah Glacier,148.734,-133.823862,58.820674,1952-08-06,,,1952
RGI60_01_Alaska,Canada,Tulsequah Glacier,148.734,-133.823862,58.820674,1953-07-06,,,1953
RGI60_01_Alaska,Canada,Tulsequah Glacier,148.734,-133.823862,58.820674,1954-09-11,,,1954
RGI60_01_Alaska,Canada,Tulsequah Glacier,148.734,-133.823862,58.820674,1955-09-04,,,1955
RGI60_01_Alaska,Canada,Tulsequah Glacier,148.734,-133.823862,58.820674,1956-08-29,,,1956
RGI60_01_Alaska,Canada,Tulsequah Glacier,148.734,-133.823862,58.820674,1957-08-04,,,1957
RGI60_01_Alaska,Canada,Tulsequah Glacier,148.734,-133.823862,58.820674,1958-07-07,,,1958
RGI60_01_Alaska,Canada,Tulsequah Glacier,148.734,-133.823862,58.820674,1959,,,1959
RGI60_01_Alaska,Canada,Tulsequah Glacier,148.734,-133.823862,58.820674,1960-09-07,,,1960
RGI60_01_Alaska,Canada,Tulsequah Glacier,148.734,-133.823862,58.820674,1961-08-12,,,1961
RGI60_01_Alaska,Canada,Tulsequah Glacier,148.734,-133.823862,58.820674,1961-10-03,,,1961
RGI60_01_Alaska,Canada,Tulsequah Glacier,148.734,-133.823862,58.820674,1962-08-10,,,1962
RGI60_01_Alaska,Canada,Tulsequah Glacier,148.734,-133.823862,58.820674,1963,,,1963
RGI60_01_Alaska,Canada,Tulsequah Glacier,148.734,-133.823862,58.820674,1964,,,1964
RGI60_01_Alaska,Canada,Tulsequah Glacier,148.734,-133.823862,58.820674,1965,,,1965
RGI60_01_Alaska,Canada,Tulsequah Glacier,148.734,-133.823862,58.820674,1966,,,1966
RGI60_01_Alaska,Canada,Tulsequah Glacier,148.734,-133.823862,58.820674,1967-08-05,,,1967
RGI60_01_Alaska,Canada,Tulsequah Glacier,148.734,-133.823862,58.820674,1968-05-17,,,1968
RGI60_01_Alaska,Canada,Tulsequah Glacier,148.734,-133.823862,58.820674,1969-05-21,,,1969
RGI60_01_Alaska,Canada,Tulsequah Glacier,148.734,-133.823862,58.820674,1970-09-29,,,1970
RGI60_01_Alaska,Canada,Tulsequah Glacier,148.734,-133.823862,58.820674,1971,,,1971
RGI60_01_Alaska,Canada,Tulsequah Glacier,148.734,-133.823862,58.820674,1972-05-26,,,1972
RGI60_01_Alaska,Canada,Tulsequah Glacier,148.734,-133.823862,58.820674,1974-08-16,,,1974
RGI60_01_Alaska,Canada,Tulsequah Glacier,148.734,-133.823862,58.820674,1977-09-11,,,1977
RGI60_01_Alaska,Canada,Tulsequah Glacier,148.734,-133.823862,58.820674,1978-10-18,,,1978
RGI60_01_Alaska,Canada,Tulsequah Glacier,148.734,-133.823862,58.820674,1979-09-12,,,1979
RGI60_01_Alaska,Canada,Tulsequah Glacier,148.734,-133.823862,58.820674,1982-10-12,,,1982
RGI60_01_Alaska,Canada,Tulsequah Glacier,148.734,-133.823862,58.820674,1983,,,1983
RGI60_01_Alaska,Canada,Tulsequah Glacier,148.734,-133.823862,58.820674,,1986-07-06 00:00:00,1986-09-15,1986
RGI60_01_Alaska,Canada,Tulsequah Glacier,148.734,-133.823862,58.820674,1987,1987-06-30 00:00:00,1987-09-15,1987
RGI60_01_Alaska,Canada,Tulsequah Glacier,148.734,-133.823862,58.820674,1987-09-11,,,1987
RGI60_01_Alaska,Canada,Tulsequah Glacier,148.734,-133.823862,58.820674,1988-07-31,,,1988
RGI60_01_Alaska,Canada,Tulsequah Glacier,148.734,-133.823862,58.820674,1989-08-14,,,1989
RGI60_01_Alaska,Canada,Tulsequah Glacier,148.734,-133.823862,58.820674,1990-07-18,,,1990
RGI60_01_Alaska,Canada,Tulsequah Glacier,148.734,-133.823862,58.820674,1991-08-03,,,1991
RGI60_01_Alaska,Canada,Tulsequah Glacier,148.734,-133.823862,58.820674,1992-07-06,,,1992
RGI60_01_Alaska,Canada,Tulsequah Glacier,148.734,-133.823862,58.820674,1993-07-05,,,1993
RGI60_01_Alaska,Canada,Tulsequah Glacier,148.734,-133.823862,58.820674,1994-07-29,,,1994
RGI60_01_Alaska,Canada,Tulsequah Glacier,148.734,-133.823862,58.820674,1994-08-05,,,1994
RGI60_01_Alaska,Canada,Tulsequah Glacier,148.734,-133.823862,58.820674,1995-07-21,,,1995
RGI60_01_Alaska,Canada,Tulsequah Glacier,148.734,-133.823862,58.820674,1996,1996-07-24,1996-09-03,1996
RGI60_01_Alaska,Canada,Tulsequah Glacier,148.734,-133.823862,58.820674,1997-06-27,,,1997
RGI60_01_Alaska,Canada,Tulsequah Glacier,148.734,-133.823862,58.820674,1998-07-31,,,1998
RGI60_01_Alaska,Canada,Tulsequah Glacier,148.734,-133.823862,58.820674,1999-06-21,,,1999
RGI60_01_Alaska,Canada,Tulsequah Glacier,148.734,-133.823862,58.820674,2000-06-14,,,2000
RGI60_01_Alaska,Canada,Tulsequah Glacier,148.734,-133.823862,58.820674,2001-06-21,,,2001
RGI60_01_Alaska,Canada,Tulsequah Glacier,148.734,-133.823862,58.820674,2002-06-15,,,2002
RGI60_01_Alaska,Canada,Tulsequah Glacier,148.734,-133.823862,58.820674,2003-05-30,,,2003
RGI60_01_Alaska,Canada,Tulsequah Glacier,148.734,-133.823862,58.820674,2004-07-13,,,2004
RGI60_01_Alaska,Canada,Tulsequah Glacier,148.734,-133.823862,58.820674,2005-06-27,,,2005
RGI60_01_Alaska,Canada,Tulsequah Glacier,148.734,-133.823862,58.820674,2006-06-29,,,2006
RGI60_01_Alaska,Canada,Tulsequah Glacier,148.734,-133.823862,58.820674,2007-06-15,,,2007
RGI60_01_Alaska,Canada,Tulsequah Glacier,148.734,-133.823862,58.820674,2008-06-03,,,2008
RGI60_01_Alaska,Canada,Tulsequah Glacier,148.734,-133.823862,58.820674,,2009-05-18 00:00:00,2009-06-02 00:00:00,2009
RGI60_01_Alaska,Canada,Tulsequah Glacier,148.734,-133.823862,58.820674,2010-06-09,,,2010
RGI60_01_Alaska,Canada,Tulsequah Glacier,148.734,-133.823862,58.820674,,2011-05-15 00:00:00,2011-05-31 00:00:00,2011
RGI60_01_Alaska,Canada,Tulsequah Glacier,148.734,-133.823862,58.820674,2012-06-05,,,2012
RGI60_01_Alaska,USA,Sherman,45.165,-145.165143,60.560517,,2008-06-08 00:00:00,2008-07-01 00:00:00,2008
RGI60_01_Alaska,USA,Sherman,45.165,-145.165143,60.560517,,2009-06-02 00:00:00,2009-06-27 00:00:00,2009
RGI60_01_Alaska,USA,Sherman,45.165,-145.165143,60.560517,,2010-05-29 00:00:00,2010-07-23 00:00:00,2010
RGI60_01_Alaska,USA,Sherman,45.165,-145.165143,60.560517,,2011-05-30 00:00:00,2011-08-11 00:00:00,2011
RGI60_01_Alaska,USA,Sherman,45.165,-145.165143,60.560517,,2012-06-05 00:00:00,2012-07-20 00:00:00,2012
RGI60_01_Alaska,USA,Sherman,45.165,-145.165143,60.560517,,2012-08-22 00:00:00,2012-08-28 00:00:00,2012
RGI60_01_Alaska,USA,Sherman,45.165,-145.165143,60.560517,,2013-05-28 00:00:00,2013-06-22 00:00:00,2013
RGI60_01_Alaska,USA,Sherman,45.165,-145.165143,60.560517,,2014-05-23 00:00:00,2014-06-03 00:00:00,2014
RGI60_01_Alaska,USA,Sherman,45.165,-145.165143,60.560517,,2015-05-31 00:00:00,2015-06-13 00:00:00,2015
RGI60_01_Alaska,USA,Sherman,45.165,-145.165143,60.560517,,2016-06-22 00:00:00,2016-08-18 00:00:00,2016
RGI60_01_Alaska,USA,Sherman,45.165,-145.165143,60.560517,,2017-05-16 00:00:00,2017-05-30 00:00:00,2017
RGI60_01_Alaska,USA,Sherman,45.165,-145.165143,60.560517,2018-11-18,2018-11-14 00:00:00,2018-11-23 00:00:00,2018
RGI60_01_Alaska,USA,Sherman,45.165,-145.165143,60.560517,,2019-06-10 00:00:00,2019-06-26 00:00:00,2019
RGI60_01_Alaska,USA,Sherman,45.165,-145.165143,60.560517,,2020-05-16 00:00:00,2020-05-28 00:00:00,2020
RGI60_01_Alaska,USA,Sherman,45.165,-145.165143,60.560517,,2020-08-28 00:00:00,2020-09-05 00:00:00,2020
RGI60_01_Alaska,USA,Sherman,45.165,-145.165143,60.560517,,2021-05-24 00:00:00,2021-06-04 00:00:00,2021
RGI60_01_Alaska,USA,Sherman,45.165,-145.165143,60.560517,,2021-08-05 00:00:00,2021-08-21 00:00:00,2021
RGI60_01_Alaska,USA,Sherman,45.165,-145.165143,60.560517,,2022-06-08 00:00:00,2022-06-22 00:00:00,2022
RGI60_01_Alaska,USA,Sherman,45.165,-145.165143,60.560517,,2023-06-19 00:00:00,2023-07-20 00:00:00,2023
RGI60_01_Alaska,USA,Sherman,45.165,-145.165143,60.560517,,2023-10-03 00:00:00,2023-10-15 00:00:00,2023
RGI60_01_Alaska,USA,Sherman,45.165,-145.165143,60.560517,,2024-06-13 00:00:00,2024-06-21 00:00:00,2024
RGI60_01_Alaska,USA,Sherman,45.165,-145.165143,60.560517,,2024-07-21 00:00:00,2024-08-04 00:00:00,2024
RGI60_01_Alaska,USA,Sherman,45.165,-145.165143,60.560517,,2025-05-24 00:00:00,2025-06-11 00:00:00,2025
RGI60_01_Alaska,USA,Sherman,45.165,-145.165143,60.560517,,2025-07-27 00:00:00,2025-07-28 00:00:00,2025
RGI60_01_Alaska,USA,Allen Glacier,189.244,-144.863289118,60.8175205165,,2011-08-16 00:00:00,2011-09-18 00:00:00,2011
RGI60_01_Alaska,USA,Allen Glacier,189.244,-144.863289118,60.8175205165,,2013-08-12 00:00:00,2013-08-26 00:00:00,2013
RGI60_01_Alaska,USA,Allen Glacier,189.244,-144.863289118,60.8175205165,,2017-07-14 00:00:00,2017-07-22 00:00:00,2017
RGI60_01_Alaska,USA,Allen Glacier,189.244,-144.863289118,60.8175205165,,2018-07-02 00:00:00,2018-07-12 00:00:00,2018
RGI60_01_Alaska,USA,Allen Glacier,189.244,-144.863289118,60.8175205165,,2019-09-05 00:00:00,2019-09-06 00:00:00,2019
RGI60_01_Alaska,USA,Allen Glacier,189.244,-144.863289118,60.8175205165,,2020-07-03 00:00:00,2020-07-18 00:00:00,2020
RGI60_01_Alaska,USA,Allen Glacier,189.244,-144.863289118,60.8175205165,,2021-07-05 00:00:00,2021-07-16 00:00:00,2021
RGI60_01_Alaska,USA,Allen Glacier,189.244,-144.863289118,60.8175205165,,2022-07-01 00:00:00,2022-07-04 00:00:00,2022
RGI60_01_Alaska,USA,Allen Glacier,189.244,-144.863289118,60.8175205165,,2024-07-21 00:00:00,2024-07-25 00:00:00,2024
RGI60_01_Alaska,USA,Allen Glacier,189.244,-144.863289118,60.8175205165,,2025-07-13 00:00:00,2025-07-17 00:00:00,2025
RGI60_01_Alaska,Canada,Flood Glacier,110.878,-131.912756,57.167432,1898,,,1898
RGI60_01_Alaska,Canada,Flood Glacier,110.878,-131.912756,57.167432,1899,,,1899
RGI60_01_Alaska,Canada,Flood Glacier,110.878,-131.912756,57.167432,1900,,,1900
RGI60_01_Alaska,Canada,Flood Glacier,110.878,-131.912756,57.167432,1901,,,1901
RGI60_01_Alaska,Canada,Flood Glacier,110.878,-131.912756,57.167432,1902,,,1902
RGI60_01_Alaska,Canada,Flood Glacier,110.878,-131.912756,57.167432,1903,,,1903
RGI60_01_Alaska,Canada,Flood Glacier,110.878,-131.912756,57.167432,1904,,,1904
RGI60_01_Alaska,Canada,Flood Glacier,110.878,-131.912756,57.167432,1905,,,1905
RGI60_01_Alaska,Canada,Flood Glacier,110.878,-131.912756,57.167432,1906,,,1906
RGI60_01_Alaska,Canada,Flood Glacier,110.878,-131.912756,57.167432,1907,,,1907
RGI60_01_Alaska,Canada,Flood Glacier,110.878,-131.912756,57.167432,1908,,,1908
RGI60_01_Alaska,Canada,Flood Glacier,110.878,-131.912756,57.167432,1909,,,1909
RGI60_01_Alaska,Canada,Flood Glacier,110.878,-131.912756,57.167432,1910,,,1910
RGI60_01_Alaska,Canada,Flood Glacier,110.878,-131.912756,57.167432,1911,,,1911
RGI60_01_Alaska,Canada,Flood Glacier,110.878,-131.912756,57.167432,1912,,,1912
RGI60_01_Alaska,Canada,Flood Glacier,110.878,-131.912756,57.167432,1913,,,1913
RGI60_01_Alaska,Canada,Flood Glacier,110.878,-131.912756,57.167432,1914,,,1914
RGI60_01_Alaska,Canada,Flood Glacier,110.878,-131.912756,57.167432,1915,,,1915
RGI60_01_Alaska,Canada,Flood Glacier,110.878,-131.912756,57.167432,1916,,,1916
RGI60_01_Alaska,Canada,Flood Glacier,110.878,-131.912756,57.167432,1917,,,1917
RGI60_01_Alaska,Canada,Flood Glacier,110.878,-131.912756,57.167432,1918,,,1918
RGI60_01_Alaska,Canada,Flood Glacier,110.878,-131.912756,57.167432,1979-08-13,,,1979
RGI60_01_Alaska,Canada,Flood Glacier,110.878,-131.912756,57.167432,,1987-07-18 00:00:00,1987-08-03 00:00:00,1987
RGI60_01_Alaska,Canada,Flood Glacier,110.878,-131.912756,57.167432,,1988-07-13 00:00:00,1988-09-06 00:00:00,1988
RGI60_01_Alaska,Canada,Flood Glacier,110.878,-131.912756,57.167432,,1990-07-03 00:00:00,1990-08-11,1990
RGI60_01_Alaska,Canada,Flood Glacier,110.878,-131.912756,57.167432,,1991-08-14 00:00:00,1991-10-26,1991
RGI60_01_Alaska,Canada,Flood Glacier,110.878,-131.912756,57.167432,,1992-06-29 00:00:00,1992-07-31 00:00:00,1992
RGI60_01_Alaska,Canada,Flood Glacier,110.878,-131.912756,57.167432,,1993-05-15 00:00:00,1993-07-11 00:00:00,1993
RGI60_01_Alaska,Canada,Flood Glacier,110.878,-131.912756,57.167432,,1994-06-12 00:00:00,1994-08-31 00:00:00,1994
RGI60_01_Alaska,Canada,Flood Glacier,110.878,-131.912756,57.167432,,1995-07-08 00:00:00,1995-08-09 00:00:00,1995
RGI60_01_Alaska,Canada,Flood Glacier,110.878,-131.912756,57.167432,,1996-06-17 00:00:00,1996-09-21 00:00:00,1996
RGI60_01_Alaska,Canada,Flood Glacier,110.878,-131.912756,57.167432,,1998-06-07 00:00:00,1998-07-25 00:00:00,1998
RGI60_01_Alaska,Canada,Flood Glacier,110.878,-131.912756,57.167432,,2000-08-23 00:00:00,2000-09-24 00:00:00,2000
RGI60_01_Alaska,Canada,Flood Glacier,110.878,-131.912756,57.167432,,2002-08-04 00:00:00,2002-09-14 00:00:00,2002
RGI60_01_Alaska,Canada,Flood Glacier,110.878,-131.912756,57.167432,,2004-08-10 00:00:00,2004-08-17 00:00:00,2004
RGI60_01_Alaska,Canada,Flood Glacier,110.878,-131.912756,57.167432,,2005-07-12 00:00:00,2005-08-13 00:00:00,2005
RGI60_01_Alaska,Canada,Flood Glacier,110.878,-131.912756,57.167432,,2011-07-13 00:00:00,2011-10-01 00:00:00,2011
RGI60_01_Alaska,Canada,Flood Glacier,110.878,-131.912756,57.167432,,2013-08-11 00:00:00,2013-09-02 00:00:00,2013
RGI60_01_Alaska,Canada,Flood Glacier,110.878,-131.912756,57.167432,,2014-07-19 00:00:00,2014-08-16 00:00:00,2014
RGI60_01_Alaska,Canada,Flood Glacier,110.878,-131.912756,57.167432,,2015-06-02 00:00:00,2015-06-21 00:00:00,2015
RGI60_01_Alaska,USA,Sawyer Glacier,196.525,-133.090808627,57.9765295762,,1995-08-09 00:00:00,1995-09-17 00:00:00,1995
RGI60_01_Alaska,USA,Sawyer Glacier,196.525,-133.090808627,57.9765295762,,1997-07-04 00:00:00,1997-09-06 00:00:00,1997
RGI60_01_Alaska,USA,Sawyer Glacier,196.525,-133.090808627,57.9765295762,,1999-07-02 00:00:00,1999-08-03 00:00:00,1999
RGI60_01_Alaska,USA,Sawyer Glacier,196.525,-133.090808627,57.9765295762,,2002-08-04 00:00:00,2002-10-30 00:00:00,2002
RGI60_01_Alaska,USA,Sawyer Glacier,196.525,-133.090808627,57.9765295762,,2005-08-11 00:00:00,2005-10-14 00:00:00,2005
RGI60_01_Alaska,USA,Sawyer Glacier,196.525,-133.090808627,57.9765295762,,2006-07-29 00:00:00,2006-09-15 00:00:00,2006
RGI60_01_Alaska,USA,Sawyer Glacier,196.525,-133.090808627,57.9765295762,,2010-07-08 00:00:00,2010-08-02 00:00:00,2010
RGI60_01_Alaska,USA,Sawyer Glacier,196.525,-133.090808627,57.9765295762,,2011-06-02 00:00:00,2011-07-11 00:00:00,2011
RGI60_01_Alaska,USA,Sawyer Glacier,196.525,-133.090808627,57.9765295762,,2014-07-16 00:00:00,2014-09-08 00:00:00,2014
RGI60_01_Alaska,USA,Sawyer Glacier,196.525,-133.090808627,57.9765295762,,2015-08-14 00:00:00,2015-10-04 00:00:00,2015
RGI60_01_Alaska,USA,Sawyer Glacier,196.525,-133.090808627,57.9765295762,,2016-08-05 00:00:00,2016-10-01 00:00:00,2016
RGI60_01_Alaska,USA,Sawyer Glacier,196.525,-133.090808627,57.9765295762,,2018-07-13 00:00:00,2018-09-02 00:00:00,2018
RGI60_01_Alaska,USA,Sawyer Glacier,196.525,-133.090808627,57.9765295762,,2019-07-05 00:00:00,2019-07-05 00:00:00,2019
RGI60_01_Alaska,USA,Sawyer Glacier,196.525,-133.090808627,57.9765295762,,2020-08-01 00:00:00,2020-09-05 00:00:00,2020
RGI60_01_Alaska,USA,Sawyer Glacier,196.525,-133.090808627,57.9765295762,,2021-08-01 00:00:00,2021-08-20 00:00:00,2021
RGI60_01_Alaska,USA,Sawyer Glacier,196.525,-133.090808627,57.9765295762,,2025-07-28 00:00:00,2025-08-06 00:00:00,2025
RGI60_01_Alaska,Canada,Frank Mackie Glacier,142.064,-130.0692,56.3056,,1927,1929,1927
RGI60_01_Alaska,Canada,Bear River Glacier,29.06,-129.670515,56.10376,1958-10-19,,,1958
RGI60_01_Alaska,Canada,Bear River Glacier,29.06,-129.670515,56.10376,1959-10-26,,,1959
RGI60_01_Alaska,Canada,Bear River Glacier,29.06,-129.670515,56.10376,1960-10-06,,,1960
RGI60_01_Alaska,Canada,Bear River Glacier,29.06,-129.670515,56.10376,1961-10-21,,,1961
RGI60_01_Alaska,Canada,Bear River Glacier,29.06,-129.670515,56.10376,1962-08-13,,,1962
RGI60_01_Alaska,Canada,Salmon Glacier,82.89,-130.079713,56.201261,1961-12-22,,,1961
RGI60_01_Alaska,Canada,Salmon Glacier,82.89,-130.079713,56.201261,1965-11-30,,,1965
RGI60_01_Alaska,Canada,Salmon Glacier,82.89,-130.079713,56.201261,1966-03-26,,,1966
RGI60_01_Alaska,Canada,Salmon Glacier,82.89,-130.079713,56.201261,1967-09-11,,,1967
RGI60_01_Alaska,Canada,Salmon Glacier,82.89,-130.079713,56.201261,1968-11-13,,,1968
RGI60_01_Alaska,Canada,Salmon Glacier,82.89,-130.079713,56.201261,1969-07-07,,,1969
RGI60_01_Alaska,Canada,Salmon Glacier,82.89,-130.079713,56.201261,1970-08-02,,1970-08-08,1970
RGI60_01_Alaska,Canada,Salmon Glacier,82.89,-130.079713,56.201261,1971-08-26,,,1971
RGI60_01_Alaska,Canada,Salmon Glacier,82.89,-130.079713,56.201261,1972-10-11,,,1972
RGI60_01_Alaska,Canada,Salmon Glacier,82.89,-130.079713,56.201261,1974-09-09,,,1974
RGI60_01_Alaska,Canada,Salmon Glacier,82.89,-130.079713,56.201261,1975-08-25,,,1975
RGI60_01_Alaska,Canada,Salmon Glacier,82.89,-130.079713,56.201261,1976-09-03,,,1976
RGI60_01_Alaska,Canada,Salmon Glacier,82.89,-130.079713,56.201261,1977-11-04,,,1977
RGI60_01_Alaska,Canada,Salmon Glacier,82.89,-130.079713,56.201261,1978-08-20,,,1978
RGI60_01_Alaska,Canada,Salmon Glacier,82.89,-130.079713,56.201261,1979-09-20,,,1979
RGI60_01_Alaska,Canada,Salmon Glacier,82.89,-130.079713,56.201261,1980-08-23,,,1980
RGI60_01_Alaska,Canada,Salmon Glacier,82.89,-130.079713,56.201261,1981-08-02,,,1981
RGI60_01_Alaska,Canada,Salmon Glacier,82.89,-130.079713,56.201261,1982-09-09,,,1982
RGI60_01_Alaska,Canada,Salmon Glacier,82.89,-130.079713,56.201261,1983-07-20,,,1983
RGI60_01_Alaska,Canada,Salmon Glacier,82.89,-130.079713,56.201261,1984-08-04,,,1984
RGI60_01_Alaska,Canada,Salmon Glacier,82.89,-130.079713,56.201261,,1985-08-15 00:00:00,1985-09-09 00:00:00,1985
RGI60_01_Alaska,Canada,Salmon Glacier,82.89,-130.079713,56.201261,,1986-08-27 00:00:00,1986-09-12 00:00:00,1986
RGI60_01_Alaska,Canada,Salmon Glacier,82.89,-130.079713,56.201261,,1987-07-20 00:00:00,1987-08-14 00:00:00,1987
RGI60_01_Alaska,Canada,Salmon Glacier,82.89,-130.079713,56.201261,1988-07-26,,,1988
RGI60_01_Alaska,Canada,Salmon Glacier,82.89,-130.079713,56.201261,1989-08-17,,,1989
RGI60_01_Alaska,Canada,Salmon Glacier,82.89,-130.079713,56.201261,1990-07-25,,,1990
RGI60_01_Alaska,Canada,Salmon Glacier,82.89,-130.079713,56.201261,1991-08-07,,,1991
RGI60_01_Alaska,Canada,Salmon Glacier,82.89,-130.079713,56.201261,1992-08-04,,,1992
RGI60_01_Alaska,Canada,Salmon Glacier,82.89,-130.079713,56.201261,1993-07-27,,,1993
RGI60_01_Alaska,Canada,Salmon Glacier,82.89,-130.079713,56.201261,1994-09-03,,,1994
RGI60_01_Alaska,Canada,Salmon Glacier,82.89,-130.079713,56.201261,1995-07-28,,,1995
RGI60_01_Alaska,Canada,Salmon Glacier,82.89,-130.079713,56.201261,1997-07-24,,,1997
RGI60_01_Alaska,Canada,Salmon Glacier,82.89,-130.079713,56.201261,1998-07-17,,,1998
RGI60_01_Alaska,Canada,Salmon Glacier,82.89,-130.079713,56.201261,1999-07-30,,,1999
RGI60_01_Alaska,Canada,Salmon Glacier,82.89,-130.079713,56.201261,2000-07-22,,,2000
RGI60_01_Alaska,Canada,Salmon Glacier,82.89,-130.079713,56.201261,2001-08-09,,,2001
RGI60_01_Alaska,Canada,Salmon Glacier,82.89,-130.079713,56.201261,2003-07-30,,,2003
RGI60_01_Alaska,Canada,Salmon Glacier,82.89,-130.079713,56.201261,2004-07-06,,,2004
RGI60_01_Alaska,Canada,Salmon Glacier,82.89,-130.079713,56.201261,2005-07-31,,,2005
RGI60_01_Alaska,Canada,Salmon Glacier,82.89,-130.079713,56.201261,2005-09-09,,,2005
RGI60_01_Alaska,Canada,Salmon Glacier,82.89,-130.079713,56.201261,2006-07-07,,,2006
RGI60_01_Alaska,Canada,Salmon Glacier,82.89,-130.079713,56.201261,2007-07-26,,,2007
RGI60_01_Alaska,Canada,Salmon Glacier,82.89,-130.079713,56.201261,2007-08-20,,,2007
RGI60_01_Alaska,Canada,Salmon Glacier,82.89,-130.079713,56.201261,2008-08-20,,,2008
RGI60_01_Alaska,Canada,Salmon Glacier,82.89,-130.079713,56.201261,2009-07-21,,,2009
RGI60_01_Alaska,Canada,Salmon Glacier,82.89,-130.079713,56.201261,2010-07-18,,,2010
RGI60_01_Alaska,Canada,Salmon Glacier,82.89,-130.079713,56.201261,2011-07-26,,,2011
RGI60_01_Alaska,Canada,Salmon Glacier,82.89,-130.079713,56.201261,2012-07-17,,,2012
RGI60_01_Alaska,Canada,Salmon Glacier,82.89,-130.079713,56.201261,2013-08-08,,,2013
RGI60_01_Alaska,Canada,Salmon Glacier,82.89,-130.079713,56.201261,2014-07-18,,,2014
RGI60_01_Alaska,Canada,Salmon Glacier,82.89,-130.079713,56.201261,,2015-07-04 00:00:00,2015-07-19 00:00:00,2015
RGI60_01_Alaska,Canada,Salmon Glacier,82.89,-130.079713,56.201261,2016-07-20,,,2016
RGI60_01_Alaska,Canada,Salmon Glacier,82.89,-130.079713,56.201261,2016-08-23,,,2016
RGI60_01_Alaska,Canada,Salmon Glacier,82.89,-130.079713,56.201261,2017-07-03,,,2017
RGI60_01_Alaska,Canada,Salmon Glacier,82.89,-130.079713,56.201261,2018-07-15,,,2018
RGI60_01_Alaska,Canada,Salmon Glacier,82.89,-130.079713,56.201261,2019-07-10,,,2019
RGI60_01_Alaska,Canada,Salmon Glacier,82.89,-130.079713,56.201261,2020-07-30,,,2020
RGI60_01_Alaska,Canada,Salmon Glacier,82.89,-130.079713,56.201261,2021-06-07,,,2021
RGI60_01_Alaska,Canada,Salmon Glacier,82.89,-130.079713,56.201261,2023-06-26,,,2023
RGI60_01_Alaska,Canada,Salmon Glacier,82.89,-130.079713,56.201261,2023-10-27,,,2023
RGI60_01_Alaska,Canada,Salmon Glacier,82.89,-130.079713,56.201261,2024-07-21,,,2024
RGI60_01_Alaska,Canada,Salmon Glacier,82.89,-130.079713,56.201261,2025-07-10,,,2025
RGI60_01_Alaska,USA,Moose,50.928,-149.025829,60.480729,,2003-09-27 00:00:00,2003-10-15 00:00:00,2003
RGI60_01_Alaska,USA,Moose,50.928,-149.025829,60.480729,,2004-08-13 00:00:00,2004-08-29 00:00:00,2004
RGI60_01_Alaska,USA,Moose,50.928,-149.025829,60.480729,,2005-07-14 00:00:00,2005-09-25 00:00:00,2005
RGI60_01_Alaska,USA,Moose,50.928,-149.025829,60.480729,,2006-08-07 00:00:00,2006-09-03 00:00:00,2006
RGI60_01_Alaska,USA,Moose,50.928,-149.025829,60.480729,,2007-07-21 00:00:00,2007-08-29 00:00:00,2007
RGI60_01_Alaska,USA,Moose,50.928,-149.025829,60.480729,,2009-07-11 00:00:00,2009-08-03 00:00:00,2009
RGI60_01_Alaska,USA,Moose,50.928,-149.025829,60.480729,,2011-07-05 00:00:00,2011-08-16 00:00:00,2011
RGI60_01_Alaska,USA,Moose,50.928,-149.025829,60.480729,,2012-07-27 00:00:00,2012-09-17 00:00:00,2012
RGI60_01_Alaska,USA,Moose,50.928,-149.025829,60.480729,,2013-07-21 00:00:00,2013-10-09 00:00:00,2013
RGI60_01_Alaska,USA,Moose,50.928,-149.025829,60.480729,2014-06-18,2014-06-05 00:00:00,2014-06-29 00:00:00,2014
RGI60_01_Alaska,USA,Moose,50.928,-149.025829,60.480729,2014-08-01,,,2014
RGI60_01_Alaska,USA,Moose,50.928,-149.025829,60.480729,2015-06-18,,,2015
RGI60_01_Alaska,USA,Moose,50.928,-149.025829,60.480729,2015-09-01,,,2015
RGI60_01_Alaska,USA,Moose,50.928,-149.025829,60.480729,,2017-07-24 00:00:00,2017-10-19 00:00:00,2017
RGI60_01_Alaska,USA,Moose,50.928,-149.025829,60.480729,,2018-07-31 00:00:00,2018-08-16 00:00:00,2018
RGI60_01_Alaska,USA,Moose,50.928,-149.025829,60.480729,2019,2019-07-12 00:00:00,2019-07-17 00:00:00,2019
RGI60_01_Alaska,USA,Moose,50.928,-149.025829,60.480729,2020-06-23,2020-06-20,2020-07-01 00:00:00,2020
RGI60_01_Alaska,USA,Moose,50.928,-149.025829,60.480729,,2021-09-11 00:00:00,2021-09-17 00:00:00,2021
RGI60_01_Alaska,USA,Snow,50.928,-148.924999,60.482579,1949-10-18,,,1949
RGI60_01_Alaska,USA,Snow,50.928,-148.924999,60.482579,1951-11-06,,,1951
RGI60_01_Alaska,USA,Snow,50.928,-148.924999,60.482579,1953-12-06,,,1953
RGI60_01_Alaska,USA,Snow,50.928,-148.924999,60.482579,1956-10-19,,,1956
RGI60_01_Alaska,USA,Snow,50.928,-148.924999,60.482579,1958-10-08,,,1958
RGI60_01_Alaska,USA,Snow,50.928,-148.924999,60.482579,1961-09-29,,,1961
RGI60_01_Alaska,USA,Snow,50.928,-148.924999,60.482579,1964-09-17,,,1964
RGI60_01_Alaska,USA,Snow,50.928,-148.924999,60.482579,1967-08-26,,,1967
RGI60_01_Alaska,USA,Snow,50.928,-148.924999,60.482579,1970-09-10,,,1970
RGI60_01_Alaska,USA,Snow,50.928,-148.924999,60.482579,1974-09-10,,,1974
RGI60_01_Alaska,USA,Snow,50.928,-148.924999,60.482579,1977-08-30,,,1977
RGI60_01_Alaska,USA,Snow,50.928,-148.924999,60.482579,1979-10-19,,,1979
RGI60_01_Alaska,USA,Snow,50.928,-148.924999,60.482579,1982-09-17,,,1982
RGI60_01_Alaska,USA,Snow,50.928,-148.924999,60.482579,1985-11-21,,,1985
RGI60_01_Alaska,USA,Snow,50.928,-148.924999,60.482579,1988-10-19,,,1988
RGI60_01_Alaska,USA,Snow,50.928,-148.924999,60.482579,1990-10-28,,,1990
RGI60_01_Alaska,USA,Snow,50.928,-148.924999,60.482579,1993-09-11,,,1993
RGI60_01_Alaska,USA,Snow,50.928,-148.924999,60.482579,1996-07-27,,,1996
RGI60_01_Alaska,USA,Snow,50.928,-148.924999,60.482579,1998-09-30,,,1998
RGI60_01_Alaska,USA,Snow,50.928,-148.924999,60.482579,2001-09-06,,,2001
RGI60_01_Alaska,USA,Snow,50.928,-148.924999,60.482579,2003-11-07,,,2003
RGI60_01_Alaska,USA,Snow,50.928,-148.924999,60.482579,2005-10-23,,,2005
RGI60_01_Alaska,USA,Snow,50.928,-148.924999,60.482579,2007-10-28,,,2007
RGI60_01_Alaska,USA,Snow,50.928,-148.924999,60.482579,2009-10-02,,,2009
RGI60_01_Alaska,USA,Snow,50.928,-148.924999,60.482579,2011-10-27,,,2011
RGI60_01_Alaska,USA,Snow,50.928,-148.924999,60.482579,2013-10-08,,,2013
RGI60_01_Alaska,USA,Snow,50.928,-148.924999,60.482579,2015-08-24,,,2015
RGI60_01_Alaska,USA,Snow,50.928,-148.924999,60.482579,2017-09-16,,,2017
RGI60_01_Alaska,USA,Snow,50.928,-148.924999,60.482579,2019-08-20,,,2019
RGI60_01_Alaska,USA,Snow,50.928,-148.924999,60.482579,2020-10-27,,,2020
RGI60_01_Alaska,USA,Snow,50.928,-148.924999,60.482579,2023-09-05,,,2023
RGI60_01_Alaska,USA,Snow,50.928,-148.924999,60.482579,2024-11-16,,,2024
RGI60_01_Alaska,USA,Knik Glacier,427.281,-148.56120551,61.2848944,,,1900,1900
RGI60_01_Alaska,USA,Knik Glacier,427.281,-148.56120551,61.2848944,1918,,,1918
RGI60_01_Alaska,USA,Knik Glacier,427.281,-148.56120551,61.2848944,1919,,,1919
RGI60_01_Alaska,USA,Knik Glacier,427.281,-148.56120551,61.2848944,1920,,,1920
RGI60_01_Alaska,USA,Knik Glacier,427.281,-148.56120551,61.2848944,1921,,,1921
RGI60_01_Alaska,USA,Knik Glacier,427.281,-148.56120551,61.2848944,1922,,,1922
RGI60_01_Alaska,USA,Knik Glacier,427.281,-148.56120551,61.2848944,1923,,,1923
RGI60_01_Alaska,USA,Knik Glacier,427.281,-148.56120551,61.2848944,1924,,,1924
RGI60_01_Alaska,USA,Knik Glacier,427.281,-148.56120551,61.2848944,1925,,,1925
RGI60_01_Alaska,USA,Knik Glacier,427.281,-148.56120551,61.2848944,1926,,,1926
RGI60_01_Alaska,USA,Knik Glacier,427.281,-148.56120551,61.2848944,1927,,,1927
RGI60_01_Alaska,USA,Knik Glacier,427.281,-148.56120551,61.2848944,1928,,,1928
RGI60_01_Alaska,USA,Knik Glacier,427.281,-148.56120551,61.2848944,1929,,,1929
RGI60_01_Alaska,USA,Knik Glacier,427.281,-148.56120551,61.2848944,1930,,,1930
RGI60_01_Alaska,USA,Knik Glacier,427.281,-148.56120551,61.2848944,1931,,,1931
RGI60_01_Alaska,USA,Knik Glacier,427.281,-148.56120551,61.2848944,1932,,,1932
RGI60_01_Alaska,USA,Knik Glacier,427.281,-148.56120551,61.2848944,1933,,,1933
RGI60_01_Alaska,USA,Knik Glacier,427.281,-148.56120551,61.2848944,1934,,,1934
RGI60_01_Alaska,USA,Knik Glacier,427.281,-148.56120551,61.2848944,1951-07-27,,,1951
RGI60_01_Alaska,USA,Knik Glacier,427.281,-148.56120551,61.2848944,1958-07-18,,,1958
RGI60_01_Alaska,USA,Knik Glacier,427.281,-148.56120551,61.2848944,1959-06-26,,,1959
RGI60_01_Alaska,USA,Knik Glacier,427.281,-148.56120551,61.2848944,1960-07-12,,,1960
RGI60_01_Alaska,USA,Knik Glacier,427.281,-148.56120551,61.2848944,1961-07-20,,,1961
RGI60_01_Alaska,USA,Knik Glacier,427.281,-148.56120551,61.2848944,1962-06-26,,,1962
RGI60_01_Alaska,USA,Knik Glacier,427.281,-148.56120551,61.2848944,1964-06-26,,,1964
RGI60_01_Alaska,USA,Knik Glacier,427.281,-148.56120551,61.2848944,1965-07-07,,,1965
RGI60_01_Alaska,USA,Knik Glacier,427.281,-148.56120551,61.2848944,1966-06-22,,,1966
RGI60_01_Alaska,USA,Nelchina Glacier,237.897,-146.923902454,61.6934339238,,1986-06-26 00:00:00,1986-07-28 00:00:00,1986
RGI60_01_Alaska,USA,Nelchina Glacier,237.897,-146.923902454,61.6934339238,,1989-07-03 00:00:00,1989-07-28 00:00:00,1989
RGI60_01_Alaska,USA,Nelchina Glacier,237.897,-146.923902454,61.6934339238,,1991-06-15 00:00:00,1991-07-17 00:00:00,1991
RGI60_01_Alaska,USA,Nelchina Glacier,237.897,-146.923902454,61.6934339238,,1992-07-21 00:00:00,1992-08-12 00:00:00,1992
RGI60_01_Alaska,USA,Nelchina Glacier,237.897,-146.923902454,61.6934339238,,1994-07-27 00:00:00,1994-08-10 00:00:00,1994
RGI60_01_Alaska,USA,Nelchina Glacier,237.897,-146.923902454,61.6934339238,,1995-07-21 00:00:00,1995-09-06 00:00:00,1995
RGI60_01_Alaska,USA,Nelchina Glacier,237.897,-146.923902454,61.6934339238,,1996-09-02 00:00:00,1996-10-04 00:00:00,1996
RGI60_01_Alaska,USA,Nelchina Glacier,237.897,-146.923902454,61.6934339238,,1997-06-17 00:00:00,1997-07-19 00:00:00,1997
RGI60_01_Alaska,USA,Nelchina Glacier,237.897,-146.923902454,61.6934339238,,1999-04-04 00:00:00,1999-07-08 00:00:00,1999
RGI60_01_Alaska,USA,Nelchina Glacier,237.897,-146.923902454,61.6934339238,,2000-07-03 00:00:00,2000-08-04 00:00:00,2000
RGI60_01_Alaska,USA,Nelchina Glacier,237.897,-146.923902454,61.6934339238,,2001-08-07 00:00:00,2001-09-15 00:00:00,2001
RGI60_01_Alaska,USA,Nelchina Glacier,237.897,-146.923902454,61.6934339238,,2002-06-30 00:00:00,2002-07-23 00:00:00,2002
RGI60_01_Alaska,USA,Nelchina Glacier,237.897,-146.923902454,61.6934339238,,2003-07-04 00:00:00,2003-07-18 00:00:00,2003
RGI60_01_Alaska,USA,Nelchina Glacier,237.897,-146.923902454,61.6934339238,,2004-06-20 00:00:00,2004-07-13 00:00:00,2004
RGI60_01_Alaska,USA,Nelchina Glacier,237.897,-146.923902454,61.6934339238,,2005-06-21 00:00:00,2005-07-09 00:00:00,2005
RGI60_01_Alaska,USA,Nelchina Glacier,237.897,-146.923902454,61.6934339238,,2006-07-12 00:00:00,2006-07-28 00:00:00,2006
RGI60_01_Alaska,USA,Nelchina Glacier,237.897,-146.923902454,61.6934339238,,2006-09-05 00:00:00,2006-10-07 00:00:00,2006
RGI60_01_Alaska,USA,Nelchina Glacier,237.897,-146.923902454,61.6934339238,,2007-06-28 00:00:00,2007-07-14 00:00:00,2007
RGI60_01_Alaska,USA,Nelchina Glacier,237.897,-146.923902454,61.6934339238,,2008-07-01 00:00:00,2008-07-15 00:00:00,2008
RGI60_01_Alaska,USA,Nelchina Glacier,237.897,-146.923902454,61.6934339238,,2009-07-11 00:00:00,2009-07-18 00:00:00,2009
RGI60_01_Alaska,USA,Nelchina Glacier,237.897,-146.923902454,61.6934339238,,2010-06-05 00:00:00,2010-09-07 00:00:00,2010
RGI60_01_Alaska,USA,Nelchina Glacier,237.897,-146.923902454,61.6934339238,,2011-07-09 00:00:00,2011-08-04 00:00:00,2011
RGI60_01_Alaska,USA,Nelchina Glacier,237.897,-146.923902454,61.6934339238,2012,2012-06-22 00:00:00,2012-07-19 00:00:00,2012
RGI60_01_Alaska,USA,Nelchina Glacier,237.897,-146.923902454,61.6934339238,2013,2013-06-24 00:00:00,2013-07-16 00:00:00,2013
RGI60_01_Alaska,USA,Nelchina Glacier,237.897,-146.923902454,61.6934339238,2014,2014-06-29 00:00:00,2014-07-12 00:00:00,2014
RGI60_01_Alaska,USA,Nelchina Glacier,237.897,-146.923902454,61.6934339238,,2015-06-17 00:00:00,2015-07-05 00:00:00,2015
RGI60_01_Alaska,USA,Nelchina Glacier,237.897,-146.923902454,61.6934339238,,2016-06-28 00:00:00,2016-07-14 00:00:00,2016
RGI60_01_Alaska,USA,Nelchina Glacier,237.897,-146.923902454,61.6934339238,,2017-07-09 00:00:00,2017-08-05 00:00:00,2017
RGI60_01_Alaska,USA,Nelchina Glacier,237.897,-146.923902454,61.6934339238,,2018-06-22 00:00:00,2018-07-03 00:00:00,2018
RGI60_01_Alaska,USA,Nelchina Glacier,237.897,-146.923902454,61.6934339238,,2019-06-21 00:00:00,2019-06-27 00:00:00,2019
RGI60_01_Alaska,USA,Nelchina Glacier,237.897,-146.923902454,61.6934339238,2020-07-09,2020-07-05,2020-07-10 00:00:00,2020
RGI60_01_Alaska,USA,Nelchina Glacier,237.897,-146.923902454,61.6934339238,2022-07,2022-07-07 00:00:00,2022-07-20 00:00:00,2022
RGI60_01_Alaska,USA,Nelchina Glacier,237.897,-146.923902454,61.6934339238,2023,2023-06-29 00:00:00,2023-07-02 00:00:00,2023
RGI60_01_Alaska,USA,Nelchina Glacier,237.897,-146.923902454,61.6934339238,2024-07,2024-07-04 00:00:00,2024-07-08 00:00:00,2024
RGI60_01_Alaska,USA,Nelchina Glacier,237.897,-146.923902454,61.6934339238,2025,2025-06-23 00:00:00,2025-07-01 00:00:00,2025
RGI60_01_Alaska,USA,Nelchina Glacier,237.897,-146.92,61.664544,,1983-07-03 00:00:00,1983-07-28 00:00:00,1983
RGI60_01_Alaska,USA,Nelchina Glacier,237.897,-146.92,61.664544,,1984-09-01 00:00:00,1985-07-18 00:00:00,1984
RGI60_01_Alaska,USA,Nelchina Glacier,237.897,-146.92,61.664544,,1986-08-04 00:00:00,1986-08-20 00:00:00,1986
RGI60_01_Alaska,USA,Nelchina Glacier,237.897,-146.886649,61.664544,1986-08,1986-08-13 00:00:00,1986-08-29 00:00:00,1986
RGI60_01_Alaska,USA,Nelchina Glacier,237.897,-146.886649,61.664544,,1989-08-13 00:00:00,1991-06-15 00:00:00,1989
RGI60_01_Alaska,USA,Nelchina Glacier,237.897,-146.886649,61.664544,,1993-07-14 00:00:00,1994-06-07 00:00:00,1993
RGI60_01_Alaska,USA,Nelchina Glacier,237.897,-146.92,61.664544,,1994-08-10 00:00:00,1994-08-28 00:00:00,1994
RGI60_01_Alaska,USA,Nelchina Glacier,237.897,-146.92,61.664544,,1995-10-02 00:00:00,1995-10-18 00:00:00,1995
RGI60_01_Alaska,USA,Nelchina Glacier,237.897,-146.886649,61.664544,,1997-08-04 00:00:00,1997-09-05 00:00:00,1997
RGI60_01_Alaska,USA,Nelchina Glacier,237.897,-146.886649,61.664544,1999-08-06,1999-08-02 00:00:00,1999-08-18 00:00:00,1999
RGI60_01_Alaska,USA,Nelchina Glacier,237.897,-146.886649,61.664544,2000,2000-08-11 00:00:00,2000-09-21 00:00:00,2000
RGI60_01_Alaska,USA,Nelchina Glacier,237.897,-146.886649,61.664544,2001,2001-08-30 00:00:00,2001-10-08 00:00:00,2001
RGI60_01_Alaska,USA,Nelchina Glacier,237.897,-146.886649,61.664544,,2002-08-17 00:00:00,2002-08-24 00:00:00,2002
RGI60_01_Alaska,USA,Nelchina Glacier,237.897,-146.886649,61.664544,,2003-07-18 00:00:00,2003-08-05 00:00:00,2003
RGI60_01_Alaska,USA,Nelchina Glacier,237.897,-146.886649,61.664544,,2004-07-13 00:00:00,2004-08-05 00:00:00,2004
RGI60_01_Alaska,USA,Nelchina Glacier,237.897,-146.92,61.664544,,2005-08-10 00:00:00,2005-08-24 00:00:00,2005
RGI60_01_Alaska,USA,Nelchina Glacier,237.897,-146.886649,61.664544,,2006-09-05 00:00:00,2006-09-12 00:00:00,2006
RGI60_01_Alaska,USA,Nelchina Glacier,237.897,-146.92,61.664544,,2007-09-17 00:00:00,2008-02-23 00:00:00,2007
RGI60_01_Alaska,USA,Nelchina Glacier,237.897,-146.886649,61.664544,,2009-08-12 00:00:00,2009-09-06 00:00:00,2009
RGI60_01_Alaska,USA,Nelchina Glacier,237.897,-146.886649,61.664544,,2010-07-29 00:00:00,2010-08-22 00:00:00,2010
RGI60_01_Alaska,USA,Nelchina Glacier,237.897,-146.886649,61.664544,,2011-07-09 00:00:00,2011-08-04 00:00:00,2011
RGI60_01_Alaska,USA,Nelchina Glacier,237.897,-146.886649,61.664544,,2012-07-28 00:00:00,2012-10-08 00:00:00,2012
RGI60_01_Alaska,USA,Nelchina Glacier,237.897,-146.886649,61.664544,,2013-08-14 00:00:00,2013-08-25 00:00:00,2013
RGI60_01_Alaska,USA,Nelchina Glacier,237.897,-146.886649,61.664544,,2014-08-26 00:00:00,2014-09-01 00:00:00,2014
RGI60_01_Alaska,USA,Nelchina Glacier,237.897,-146.886649,61.664544,,2015-08-01 00:00:00,2015-09-13 00:00:00,2015
RGI60_01_Alaska,USA,Nelchina Glacier,237.897,-146.886649,61.664544,,2016-07-14 00:00:00,2016-08-17 00:00:00,2016
RGI60_01_Alaska,USA,Nelchina Glacier,237.897,-146.886649,61.664544,,2017-07-23 00:00:00,2017-08-01 00:00:00,2017
RGI60_01_Alaska,USA,Nelchina Glacier,237.897,-146.886649,61.664544,,2018-07-07 00:00:00,2018-07-13 00:00:00,2018
RGI60_01_Alaska,USA,Nelchina Glacier,237.897,-146.886649,61.664544,,2019-07-06 00:00:00,2019-07-19 00:00:00,2019
RGI60_01_Alaska,USA,Nelchina Glacier,237.897,-146.886649,61.664544,2020-08-31,2020-08-29,2020-09-06,2020
RGI60_01_Alaska,USA,Nelchina Glacier,237.897,-146.886649,61.664544,2021-07-07,2021-07-03,2021-07-19,2021
RGI60_01_Alaska,USA,Nelchina Glacier,237.897,-146.886649,61.664544,2022-07,2022-07-09 00:00:00,2022-07-15 00:00:00,2022
RGI60_01_Alaska,USA,Nelchina Glacier,237.897,-146.886649,61.664544,2023-07-27,2023-07-27 00:00:00,2023-07-28 00:00:00,2023
RGI60_01_Alaska,USA,Nelchina Glacier,237.897,-146.886649,61.664544,,2024-07-20 00:00:00,2024-08-02 00:00:00,2024
RGI60_01_Alaska,USA,Nelchina Glacier,237.897,-146.886649,61.664544,2025,2025-07-28 00:00:00,2025-08-05 00:00:00,2025
RGI60_01_Alaska,USA,Columbia Glacier,773.873,-146.838181782,61.1451151906,,1995-09-16 00:00:00,1996-04-11 00:00:00,1995
RGI60_01_Alaska,USA,Columbia Glacier,773.873,-146.838181782,61.1451151906,,1998-08-07 00:00:00,1998-10-10 00:00:00,1998
RGI60_01_Alaska,USA,Columbia Glacier,773.873,-146.838181782,61.1451151906,,2001-03-23 00:00:00,2001-05-25 00:00:00,2001
RGI60_01_Alaska,USA,Columbia Glacier,773.873,-146.838181782,61.1451151906,,2002-08-01 00:00:00,2002-08-26 00:00:00,2002
RGI60_01_Alaska,USA,Columbia Glacier,773.873,-146.838181782,61.1451151906,2003,2003-08-05 00:00:00,2003-08-21 00:00:00,2003
RGI60_01_Alaska,USA,Columbia Glacier,773.873,-146.838181782,61.1451151906,2004,2004-09-15 00:00:00,2004-10-17 00:00:00,2004
RGI60_01_Alaska,USA,Columbia Glacier,773.873,-146.838181782,61.1451151906,2005,2005-09-18 00:00:00,2005-10-29 00:00:00,2005
RGI60_01_Alaska,USA,Columbia Glacier,773.873,-146.838181782,61.1451151906,2006,2006-08-29 00:00:00,2006-09-14 00:00:00,2006
RGI60_01_Alaska,USA,Columbia Glacier,773.873,-146.838181782,61.1451151906,,2007-09-17 00:00:00,2008-07-01 00:00:00,2007
RGI60_01_Alaska,USA,Columbia Glacier,773.873,-146.838181782,61.1451151906,,2008-09-27 00:00:00,2009-06-02 00:00:00,2008
RGI60_01_Alaska,USA,Columbia Glacier,773.873,-146.838181782,61.1451151906,2009,2009-07-04 00:00:00,2009-09-06 00:00:00,2009
RGI60_01_Alaska,USA,Columbia Glacier,773.873,-146.838181782,61.1451151906,2010,2010-08-23 00:00:00,2010-09-17 00:00:00,2010
RGI60_01_Alaska,USA,Columbia Glacier,773.873,-146.838181782,61.1451151906,,2011-09-25 00:00:00,2012-06-22 00:00:00,2011
RGI60_01_Alaska,USA,Columbia Glacier,773.873,-146.838181782,61.1451151906,2012,2012-09-13 00:00:00,2012-10-11 00:00:00,2012
RGI60_01_Alaska,USA,Columbia Glacier,773.873,-146.838181782,61.1451151906,2013-08-01 00:00:00,2013-08-14 00:00:00,2013-08-25 00:00:00,2013
RGI60_01_Alaska,USA,Columbia Glacier,773.873,-146.838181782,61.1451151906,2014,2014-08-02 00:00:00,2014-08-19 00:00:00,2014
RGI60_01_Alaska,USA,Columbia Glacier,773.873,-146.838181782,61.1451151906,2015,2015-07-24 00:00:00,2015-08-04 00:00:00,2015
RGI60_01_Alaska,USA,Columbia Glacier,773.873,-146.838181782,61.1451151906,2016,2016-07-09 00:00:00,2016-07-16 00:00:00,2016
RGI60_01_Alaska,USA,Columbia Glacier,773.873,-146.838181782,61.1451151906,2017,2017-08-05 00:00:00,2017-10-07 00:00:00,2017
RGI60_01_Alaska,USA,Columbia Glacier,773.873,-146.838181782,61.1451151906,2018,2018-06-14 00:00:00,2018-07-04 00:00:00,2018
RGI60_01_Alaska,USA,Columbia Glacier,773.873,-146.838181782,61.1451151906,2019-06,2019-06-21 00:00:00,2019-06-29 00:00:00,2019
RGI60_01_Alaska,USA,Columbia Glacier,773.873,-146.838181782,61.1451151906,2020-07,2020-07-15 00:00:00,2020-07-23 00:00:00,2020
RGI60_01_Alaska,USA,Columbia Glacier,773.873,-146.838181782,61.1451151906,2021-07,2021-07-01 00:00:00,2021-07-17 00:00:00,2021
RGI60_01_Alaska,USA,Columbia Glacier,773.873,-146.838181782,61.1451151906,2022-07,2022-07-10 00:00:00,2022-07-28 00:00:00,2022
RGI60_01_Alaska,USA,Columbia Glacier,773.873,-146.838181782,61.1451151906,2023-07,2023-07-23 00:00:00,2023-07-30 00:00:00,2023
RGI60_01_Alaska,USA,Columbia Glacier,773.873,-146.838181782,61.1451151906,,2024-08-13 00:00:00,2024-08-20 00:00:00,2024
RGI60_01_Alaska,USA,Columbia Glacier,773.873,-146.838181782,61.1451151906,,2025-06-16 00:00:00,2025-06-19 00:00:00,2025
RGI60_01_Alaska,USA,Columbia Glacier,773.873,-146.907481026,61.1013028202,,2002-08-01 00:00:00,2003-07-04 00:00:00,2002
RGI60_01_Alaska,USA,Columbia Glacier,773.873,-146.907481026,61.1013028202,,2006-07-26 00:00:00,2006-08-28 00:00:00,2006
RGI60_01_Alaska,USA,Columbia Glacier,773.873,-146.907481026,61.1013028202,,2009-08-03 00:00:00,2009-09-06 00:00:00,2009
RGI60_01_Alaska,USA,Columbia Glacier,773.873,-146.907481026,61.1013028202,,2014-06-04 00:00:00,2014-08-02 00:00:00,2014
RGI60_01_Alaska,USA,Columbia Glacier,773.873,-146.907481026,61.1013028202,,2019-08-28 00:00:00,2020-06-13 00:00:00,2019
RGI60_01_Alaska,USA,Columbia Glacier,773.873,-146.907481026,61.1013028202,,2021-06-13 00:00:00,2021-06-30 00:00:00,2021
RGI60_01_Alaska,USA,Columbia Glacier,773.873,-146.907481026,61.1013028202,,2023-06-18 00:00:00,2023-07-01 00:00:00,2023
RGI60_01_Alaska,USA,Tazlina Glacier,373.04,-146.620789,61.59664,1950-09-04,,,1950
RGI60_01_Alaska,USA,Tazlina Glacier,373.04,-146.620789,61.59664,1953-08-30,,,1953
RGI60_01_Alaska,USA,Tazlina Glacier,373.04,-146.620789,61.59664,1955-08-31,,,1955
RGI60_01_Alaska,USA,Tazlina Glacier,373.04,-146.620789,61.59664,1957-09-08,,,1957
RGI60_01_Alaska,USA,Tazlina Glacier,373.04,-146.620789,61.59664,1959-07-11,,,1959
RGI60_01_Alaska,USA,Tazlina Glacier,373.04,-146.620789,61.59664,1960-10-01,,,1960
RGI60_01_Alaska,USA,Tazlina Glacier,373.04,-146.620789,61.59664,1962-08-14,,,1962
RGI60_01_Alaska,USA,Tazlina Glacier,373.04,-146.620789,61.59664,1965-08-17,,,1965
RGI60_01_Alaska,USA,Tazlina Glacier,373.04,-146.620789,61.59664,1966-07-28,,,1966
RGI60_01_Alaska,USA,Tazlina Glacier,373.04,-146.620789,61.59664,1968-07-26,,,1968
RGI60_01_Alaska,USA,Tazlina Glacier,373.04,-146.620789,61.59664,,1989-08-13 00:00:00,1989-08-29 00:00:00,1989
RGI60_01_Alaska,USA,Tazlina Glacier,373.04,-146.620789,61.59664,,1993-07-14 00:00:00,1994-06-09 00:00:00,1993
RGI60_01_Alaska,USA,Tazlina Glacier,373.04,-146.620789,61.59664,1995,1995-07-21,1995-08-15,1995
RGI60_01_Alaska,USA,Tazlina Glacier,373.04,-146.620789,61.59664,1997,1997-08-04,1997-09-05,1997
RGI60_01_Alaska,USA,Tazlina Glacier,373.04,-146.620789,61.59664,,1998-08-07 00:00:00,1998-10-10 00:00:00,1998
RGI60_01_Alaska,USA,Tazlina Glacier,373.04,-146.620789,61.59664,2000,2000-07-19,2000-08-20,2000
RGI60_01_Alaska,USA,Tazlina Glacier,373.04,-146.620789,61.59664,2003,2003-07-04,2003-08-05,2003
RGI60_01_Alaska,USA,Tazlina Glacier,373.04,-146.620789,61.59664,2004,2004-07-29,2004-08-05,2004
RGI60_01_Alaska,USA,Tazlina Glacier,373.04,-146.620789,61.59664,,2006-10-15 00:00:00,2007-02-20 00:00:00,2006
RGI60_01_Alaska,USA,Tazlina Glacier,373.04,-146.620789,61.59664,,2008-08-09 00:00:00,2008-08-16 00:00:00,2008
RGI60_01_Alaska,USA,Tazlina Glacier,373.04,-146.620789,61.59664,2009,2009-08-19,2009-09-06,2009
RGI60_01_Alaska,USA,Tazlina Glacier,373.04,-146.620789,61.59664,2011,2011-08-11,2011-09-10,2011
RGI60_01_Alaska,USA,Tazlina Glacier,373.04,-146.620789,61.59664,,2012-10-11 00:00:00,2013-05-19 00:00:00,2012
RGI60_01_Alaska,USA,Tazlina Glacier,373.04,-146.620789,61.59664,2016-07-27,2016-07-14,2016-08-15,2016
RGI60_01_Alaska,USA,Tazlina Glacier,373.04,-146.620789,61.59664,2017-08-20,2017-08-18,2017-09-10,2017
RGI60_01_Alaska,USA,Tazlina Glacier,373.04,-146.620789,61.59664,2018,2018-08-01,2018-09-13,2018
RGI60_01_Alaska,USA,Tazlina Glacier,373.04,-146.620789,61.59664,2019-07-19,2019-07-07,2019-07-30,2019
RGI60_01_Alaska,USA,Tazlina Glacier,373.04,-146.620789,61.59664,2020,2020-08-17,2020-09-11,2020
RGI60_01_Alaska,USA,Tazlina Glacier,373.04,-146.620789,61.59664,2021-07-01 00:00:00,2021-07-22 00:00:00,2021-07-31 00:00:00,2021
RGI60_01_Alaska,USA,Tazlina Glacier,373.04,-146.620789,61.59664,2022-07-01 00:00:00,2022-07-23 00:00:00,2022-07-26 00:00:00,2022
RGI60_01_Alaska,USA,Tazlina Glacier,373.04,-146.620789,61.59664,2023-07-01 00:00:00,2023-07-11 00:00:00,2023-07-20 00:00:00,2023
RGI60_01_Alaska,USA,Tazlina Glacier,373.04,-146.620789,61.59664,2024,2024-07-25 00:00:00,2024-08-04 00:00:00,2024
RGI60_01_Alaska,USA,Tazlina Glacier,373.04,-146.620789,61.59664,2025,2025-07-27 00:00:00,2025-08-03 00:00:00,2025
RGI60_01_Alaska,USA,Tazlina Glacier,373.04,-146.473868691,61.5955385803,,1985-08-10 00:00:00,1985-09-11 00:00:00,1985
RGI60_01_Alaska,USA,Tazlina Glacier,373.04,-146.473868691,61.5955385803,,1986-07-28 00:00:00,1986-08-29 00:00:00,1986
RGI60_01_Alaska,USA,Tazlina Glacier,373.04,-146.473868691,61.5955385803,,1992-07-21 00:00:00,1992-08-22 00:00:00,1992
RGI60_01_Alaska,USA,Tazlina Glacier,373.04,-146.473868691,61.5955385803,,1994-07-27 00:00:00,1994-08-28 00:00:00,1994
RGI60_01_Alaska,USA,Tazlina Glacier,373.04,-146.473868691,61.5955385803,,1995-06-12 00:00:00,1995-07-21 00:00:00,1995
RGI60_01_Alaska,USA,Tazlina Glacier,373.04,-146.473868691,61.5955385803,,1996-07-16 00:00:00,1996-09-02 00:00:00,1996
RGI60_01_Alaska,USA,Tazlina Glacier,373.04,-146.473868691,61.5955385803,,1997-07-19 00:00:00,1997-08-04 00:00:00,1997
RGI60_01_Alaska,USA,Tazlina Glacier,373.04,-146.473868691,61.5955385803,,1999-08-02 00:00:00,1999-08-02 00:00:00,1999
RGI60_01_Alaska,USA,Tazlina Glacier,373.04,-146.473868691,61.5955385803,,2000-07-03 00:00:00,2000-07-19 00:00:00,2000
RGI60_01_Alaska,USA,Tazlina Glacier,373.04,-146.473868691,61.5955385803,,2001-07-29 00:00:00,2001-08-07 00:00:00,2001
RGI60_01_Alaska,USA,Tazlina Glacier,373.04,-146.473868691,61.5955385803,,2002-07-25 00:00:00,2002-08-01 00:00:00,2002
RGI60_01_Alaska,USA,Tazlina Glacier,373.04,-146.473868691,61.5955385803,,2003-07-04 00:00:00,2003-08-05 00:00:00,2003
RGI60_01_Alaska,USA,Tazlina Glacier,373.04,-146.473868691,61.5955385803,,2004-07-13 00:00:00,2004-08-05 00:00:00,2004
RGI60_01_Alaska,USA,Tazlina Glacier,373.04,-146.473868691,61.5955385803,,2005-07-09 00:00:00,2005-08-10 00:00:00,2005
RGI60_01_Alaska,USA,Tazlina Glacier,373.04,-146.473868691,61.5955385803,,2006-07-19 00:00:00,2006-07-28 00:00:00,2006
RGI60_01_Alaska,USA,Tazlina Glacier,373.04,-146.473868691,61.5955385803,,2007-06-29 00:00:00,2007-07-15 00:00:00,2007
RGI60_01_Alaska,USA,Tazlina Glacier,373.04,-146.473868691,61.5955385803,2010,2010-07-08 00:00:00,2010-08-03 00:00:00,2010
RGI60_01_Alaska,USA,Tazlina Glacier,373.04,-146.473868691,61.5955385803,,2011-07-06 00:00:00,2011-08-04 00:00:00,2011
RGI60_01_Alaska,USA,Tazlina Glacier,373.04,-146.473868691,61.5955385803,,2012-06-22 00:00:00,2012-07-19 00:00:00,2012
RGI60_01_Alaska,USA,Tazlina Glacier,373.04,-146.473868691,61.5955385803,,2013-07-16 00:00:00,2013-08-06 00:00:00,2013
RGI60_01_Alaska,USA,Tazlina Glacier,373.04,-146.473868691,61.5955385803,,2014-06-20 00:00:00,2014-08-02 00:00:00,2014
RGI60_01_Alaska,USA,Tazlina Glacier,373.04,-146.473868691,61.5955385803,,2015-06-19 00:00:00,2015-07-05 00:00:00,2015
RGI60_01_Alaska,USA,Tazlina Glacier,373.04,-146.473868691,61.5955385803,,2016-05-30 00:00:00,2016-07-09 00:00:00,2016
RGI60_01_Alaska,USA,Tazlina Glacier,373.04,-146.473868691,61.5955385803,,2019-06-20 00:00:00,2019-06-23 00:00:00,2019
RGI60_01_Alaska,USA,Tazlina Glacier,373.04,-146.473868691,61.5955385803,2020-06-13 00:00:00,2020-06-13 00:00:00,2020-06-14 00:00:00,2020
RGI60_01_Alaska,USA,Tazlina Glacier,373.04,-146.473868691,61.5955385803,,2021-06-17 00:00:00,2021-06-27 00:00:00,2021
RGI60_01_Alaska,USA,Tazlina Glacier,373.04,-146.473868691,61.5955385803,,2022-06-29 00:00:00,2022-07-01 00:00:00,2022
RGI60_01_Alaska,USA,Tazlina Glacier,373.04,-146.473868691,61.5955385803,,2023-06-19 00:00:00,2023-07-02 00:00:00,2023
RGI60_01_Alaska,USA,Tazlina Glacier,373.04,-146.473868691,61.5955385803,,2024-06-27 00:00:00,2024-07-01 00:00:00,2024
RGI60_01_Alaska,USA,Tazlina Glacier,373.04,-146.473868691,61.5955385803,,2025-06-23 00:00:00,2025-07-01 00:00:00,2025
RGI60_01_Alaska,USA,Valdez,137.956,-146.136,61.2204,,1989-05-25 00:00:00,1989-06-26 00:00:00,1989
RGI60_01_Alaska,USA,Valdez,137.956,-146.136,61.2204,,1994-06-09 00:00:00,1994-07-11 00:00:00,1994
RGI60_01_Alaska,USA,Valdez,137.956,-146.136,61.2204,,1995-06-12 00:00:00,1995-07-21 00:00:00,1995
RGI60_01_Alaska,USA,Valdez,137.956,-146.136,61.2204,,1996-07-16 00:00:00,1996-09-02 00:00:00,1996
RGI60_01_Alaska,USA,Valdez,137.956,-146.136,61.2204,,1996-05-29 00:00:00,1996-07-16 00:00:00,1996
RGI60_01_Alaska,USA,Valdez,137.956,-146.136,61.2204,,1999-04-04 00:00:00,1999-06-23 00:00:00,1999
RGI60_01_Alaska,USA,Valdez,137.956,-146.136,61.2204,,2000-06-24 00:00:00,2000-07-03 00:00:00,2000
RGI60_01_Alaska,USA,Valdez,137.956,-146.136,61.2204,,2001-06-27 00:00:00,2001-08-08 00:00:00,2001
RGI60_01_Alaska,USA,Valdez,137.956,-146.136,61.2204,,2002-06-14 00:00:00,2002-07-16 00:00:00,2002
RGI60_01_Alaska,USA,Valdez,137.956,-146.136,61.2204,,2003-05-25 00:00:00,2003-07-04 00:00:00,2003
RGI60_01_Alaska,USA,Valdez,137.956,-146.136,61.2204,,2004-06-03 00:00:00,2004-06-03 00:00:00,2004
RGI60_01_Alaska,USA,Valdez,137.956,-146.136,61.2204,,2006-06-02 00:00:00,2006-07-12 00:00:00,2006
RGI60_01_Alaska,USA,Valdez,137.956,-146.136,61.2204,,2007-06-28 00:00:00,2007-07-15 00:00:00,2007
RGI60_01_Alaska,USA,Valdez,137.956,-146.136,61.2204,,2008-07-01 00:00:00,2008-10-20 00:00:00,2008
RGI60_01_Alaska,USA,Valdez,137.956,-146.136,61.2204,,2009-05-17 00:00:00,2009-06-02 00:00:00,2009
RGI60_01_Alaska,USA,Valdez,137.956,-146.136,61.2204,,2010-06-05 00:00:00,2010-07-23 00:00:00,2010
RGI60_01_Alaska,USA,Valdez,137.956,-146.136,61.2204,,2011-05-30 00:00:00,2011-06-23 00:00:00,2011
RGI60_01_Alaska,USA,Valdez,137.956,-146.136,61.2204,,2012-06-18 00:00:00,2012-07-20 00:00:00,2012
RGI60_01_Alaska,USA,Valdez,137.956,-146.136,61.2204,,2013-06-13 00:00:00,2013-07-22 00:00:00,2013
RGI60_01_Alaska,USA,Valdez,137.956,-146.136,61.2204,,2014-05-15 00:00:00,2014-06-04 00:00:00,2014
RGI60_01_Alaska,USA,Valdez,137.956,-146.136,61.2204,,2015-05-31 00:00:00,2015-08-04 00:00:00,2015
RGI60_01_Alaska,USA,Valdez,137.956,-146.136,61.2204,2016-06-18,2016-05-27,2016-07-14,2016
RGI60_01_Alaska,USA,Valdez,137.956,-146.136,61.2204,2016-07-21,2016-07-14,2016-08-03,2016
RGI60_01_Alaska,USA,Valdez,137.956,-146.136,61.2204,2017-06-25,2017-06-15 00:00:00,2017-07-04,2017
RGI60_01_Alaska,USA,Valdez,137.956,-146.136,61.2204,2018-06-18,2018-06-14,2018-07-02,2018
RGI60_01_Alaska,USA,Valdez,137.956,-146.136,61.2204,2019-06-10,2019-06-07,2019-06-13,2019
RGI60_01_Alaska,USA,Valdez,137.956,-146.136,61.2204,2020-06-11,2020-06-06,2020-06-13,2020
RGI60_01_Alaska,USA,Valdez,137.956,-146.136,61.2204,2021-06-11,2021-06-06,2021-06-27 00:00:00,2021
RGI60_01_Alaska,USA,Valdez,137.956,-146.136,61.2204,2022-06-06 00:00:00,2022-06-01 00:00:00,2022-06-08 00:00:00,2022
RGI60_01_Alaska,USA,Valdez,137.956,-146.136,61.2204,2023-06-12,2023-06-05 00:00:00,2023-06-18 00:00:00,2023
RGI60_01_Alaska,USA,Valdez,137.956,-146.136,61.2204,2024-06-19 00:00:00,2024-06-17 00:00:00,2024-06-20 00:00:00,2024
RGI60_01_Alaska,USA,Tsina Glacier,23.501,-145.918,61.245,1913-10-16,,,1913
RGI60_01_Alaska,USA,Tsina Glacier,23.501,-145.918,61.245,1915,,,1915
RGI60_01_Alaska,USA,Tsina Glacier,23.501,-145.918,61.245,1919,,,1919
RGI60_01_Alaska,USA,Trimble Glacier,,-152.135066815,61.6409697821,,2000-08-16 00:00:00,2000-09-24 00:00:00,2000
RGI60_01_Alaska,USA,Trimble Glacier,,-152.135066815,61.6409697821,,2001-09-11 00:00:00,2001-09-27 00:00:00,2001
RGI60_01_Alaska,USA,Trimble Glacier,,-152.135066815,61.6409697821,,2002-07-28 00:00:00,2002-08-13 00:00:00,2002
RGI60_01_Alaska,USA,Trimble Glacier,,-152.135066815,61.6409697821,,2003-07-31 00:00:00,2003-09-17 00:00:00,2003
RGI60_01_Alaska,USA,Trimble Glacier,,-152.135066815,61.6409697821,,2004-07-10 00:00:00,2004-08-02 00:00:00,2004
RGI60_01_Alaska,USA,Trimble Glacier,,-152.135066815,61.6409697821,,2005-07-20 00:00:00,2005-08-05 00:00:00,2005
RGI60_01_Alaska,USA,Trimble Glacier,,-152.135066815,61.6409697821,,2008-08-06 00:00:00,2008-08-22 00:00:00,2008
RGI60_01_Alaska,USA,Trimble Glacier,,-152.135066815,61.6409697821,,2009-05-29 00:00:00,2009-07-07 00:00:00,2009
RGI60_01_Alaska,USA,Trimble Glacier,,-152.135066815,61.6409697821,,2016-09-01 00:00:00,2016-10-06 00:00:00,2016
RGI60_01_Alaska,USA,Trimble Glacier,,-152.135066815,61.6409697821,,2017-07-22 00:00:00,2017-08-22 00:00:00,2017
RGI60_01_Alaska,USA,Trimble Glacier,,-152.135066815,61.6409697821,,2018-07-07 00:00:00,2018-08-03 00:00:00,2018
RGI60_01_Alaska,USA,Trimble Glacier,,-152.135066815,61.6409697821,,2018-07-22 00:00:00,2018-08-03 00:00:00,2018
RGI60_01_Alaska,USA,Trimble Glacier,,-152.135066815,61.6409697821,,2019-07-16 00:00:00,2019-07-22 00:00:00,2019
RGI60_01_Alaska,USA,Trimble Glacier,,-152.135066815,61.6409697821,,2019-07-22 00:00:00,2019-08-09 00:00:00,2019
RGI60_01_Alaska,USA,Trimble Glacier,,-152.135066815,61.6409697821,,2019-08-21 00:00:00,2019-08-24 00:00:00,2019
RGI60_01_Alaska,USA,Trimble Glacier,,-152.135066815,61.6409697821,,2020-06-21 00:00:00,2020-07-04 00:00:00,2020
RGI60_01_Alaska,USA,Trimble Glacier,,-152.135066815,61.6409697821,,2021-06-30 00:00:00,2021-07-16 00:00:00,2021
RGI60_01_Alaska,USA,Trimble Glacier,,-152.135066815,61.6409697821,,2022-06-27 00:00:00,2022-07-05 00:00:00,2022
RGI60_01_Alaska,USA,Trimble Glacier,,-152.135066815,61.6409697821,,2022-08-10 00:00:00,2022-08-24 00:00:00,2022
RGI60_01_Alaska,USA,Trimble Glacier,,-152.135066815,61.6409697821,,2023-06-12 00:00:00,2023-06-18 00:00:00,2023
RGI60_01_Alaska,USA,Trimble Glacier,,-152.135066815,61.6409697821,,2024-06-29 00:00:00,2024-07-02 00:00:00,2024
RGI60_01_Alaska,USA,Trimble Glacier,,-152.135066815,61.6409697821,,2024-07-19 00:00:00,2024-07-31 00:00:00,2024
RGI60_01_Alaska,USA,Trimble Glacier,,-152.135066815,61.6409697821,,2025-07-27 00:00:00,2025-08-05 00:00:00,2025
RGI60_01_Alaska,USA,Trimble Glacier,,-152.08647421,61.6630563779,,1987-08-21 00:00:00,1995-10-05 00:00:00,1987
RGI60_01_Alaska,USA,Trimble Glacier,,-152.08647421,61.6630563779,,2009-05-20 00:00:00,2009-06-30 00:00:00,2009
RGI60_01_Alaska,USA,Barrier Glacier,34.662,-152.589798,61.208121,1971-08-11,,,1971
RGI60_01_Alaska,USA,Triumvirate Glacier,341.521,-151.993915704,61.4898927327,,1987-08-21 00:00:00,1987-11-08 00:00:00,1987
RGI60_01_Alaska,USA,Triumvirate Glacier,341.521,-151.993915704,61.4898927327,,1995-08-20 00:00:00,1995-10-05 00:00:00,1995
RGI60_01_Alaska,USA,Triumvirate Glacier,341.521,-151.993915704,61.4898927327,,2005-08-14 00:00:00,2005-10-16 00:00:00,2005
RGI60_01_Alaska,USA,Triumvirate Glacier,341.521,-151.993915704,61.4898927327,,2011-08-15 00:00:00,2011-10-18 00:00:00,2011
RGI60_01_Alaska,USA,Triumvirate Glacier,341.521,-151.993915704,61.4898927327,,2013-07-27 00:00:00,2013-08-27 00:00:00,2013
RGI60_01_Alaska,USA,Triumvirate Glacier,341.521,-151.993915704,61.4898927327,,2014-08-30 00:00:00,2014-09-07 00:00:00,2014
RGI60_01_Alaska,USA,Triumvirate Glacier,341.521,-151.993915704,61.4898927327,,2015-08-31 00:00:00,2015-09-24 00:00:00,2015
RGI60_01_Alaska,USA,Triumvirate Glacier,341.521,-151.993915704,61.4898927327,,2016-07-16 00:00:00,2016-08-15 00:00:00,2016
RGI60_01_Alaska,USA,Triumvirate Glacier,341.521,-151.993915704,61.4898927327,,2017-10-18 00:00:00,2017-11-11 00:00:00,2017
RGI60_01_Alaska,USA,Triumvirate Glacier,341.521,-151.993915704,61.4898927327,,2019-07-08 00:00:00,2019-07-22 00:00:00,2019
RGI60_01_Alaska,USA,Triumvirate Glacier,341.521,-151.993915704,61.4898927327,,2020-08-05 00:00:00,2020-08-15 00:00:00,2020
RGI60_01_Alaska,USA,Triumvirate Glacier,341.521,-151.993915704,61.4898927327,,2021-08-30 00:00:00,2021-09-14 00:00:00,2021
RGI60_01_Alaska,USA,Triumvirate Glacier,341.521,-151.993915704,61.4898927327,,2022-09-21 00:00:00,2022-09-26 00:00:00,2022
RGI60_01_Alaska,USA,Triumvirate Glacier,341.521,-151.993915704,61.4898927327,,2024-07-03 00:00:00,2024-07-03 00:00:00,2024
RGI60_01_Alaska,USA,Triumvirate Glacier,341.521,-151.993915704,61.4898927327,,2025-08-17 00:00:00,2025-08-22 00:00:00,2025
RGI60_01_Alaska,USA,Triumvirate Glacier,341.521,-151.90163394,61.49179702,1940,,,1940
RGI60_01_Alaska,USA,Triumvirate Glacier,341.521,-151.90163394,61.49179702,1958,,,1958
RGI60_01_Alaska,USA,Triumvirate Glacier,341.521,-151.90163394,61.49179702,1970,,,1970
RGI60_01_Alaska,USA,Triumvirate Glacier,341.521,-151.90163394,61.49179702,1979-07-11,,,1979
RGI60_01_Alaska,USA,Triumvirate Glacier,341.521,-151.90163394,61.49179702,1980-12-03,,,1980
RGI60_01_Alaska,USA,Triumvirate Glacier,341.521,-151.90163394,61.49179702,1982-09-17,,,1982
RGI60_01_Alaska,USA,Triumvirate Glacier,341.521,-151.90163394,61.49179702,1984-09-14,,,1984
RGI60_01_Alaska,USA,Triumvirate Glacier,341.521,-151.90163394,61.49179702,1988-07-29,,,1988
RGI60_01_Alaska,USA,Triumvirate Glacier,341.521,-151.90163394,61.49179702,1989-08-13,,,1989
RGI60_01_Alaska,USA,Triumvirate Glacier,341.521,-151.90163394,61.49179702,1990-07-06,,,1990
RGI60_01_Alaska,USA,Triumvirate Glacier,341.521,-151.90163394,61.49179702,1991-08-11,,,1991
RGI60_01_Alaska,USA,Triumvirate Glacier,341.521,-151.90163394,61.49179702,1992-07-24,,,1992
RGI60_01_Alaska,USA,Triumvirate Glacier,341.521,-151.90163394,61.49179702,1999-08-21,,,1999
RGI60_01_Alaska,USA,Triumvirate Glacier,341.521,-151.90163394,61.49179702,,2000-06-20 00:00:00,2000-08-16 00:00:00,2000
RGI60_01_Alaska,USA,Triumvirate Glacier,341.521,-151.90163394,61.49179702,,2001-07-18 00:00:00,2001-09-11 00:00:00,2001
RGI60_01_Alaska,USA,Triumvirate Glacier,341.521,-151.90163394,61.49179702,,2003-08-09 00:00:00,2003-09-17 00:00:00,2003
RGI60_01_Alaska,USA,Triumvirate Glacier,341.521,-151.90163394,61.49179702,,2005-07-05 00:00:00,2005-09-14 00:00:00,2005
RGI60_01_Alaska,USA,Triumvirate Glacier,341.521,-151.90163394,61.49179702,,2006-06-13 00:00:00,2006-09-01 00:00:00,2006
RGI60_01_Alaska,USA,Triumvirate Glacier,341.521,-151.90163394,61.49179702,,2007-09-21 00:00:00,2008-08-22 00:00:00,2007
RGI60_01_Alaska,USA,Triumvirate Glacier,341.521,-151.90163394,61.49179702,,2009-10-19 00:00:00,2010-06-08 00:00:00,2009
RGI60_01_Alaska,USA,Triumvirate Glacier,341.521,-151.90163394,61.49179702,2011,2011-08-15 00:00:00,2011-10-09 00:00:00,2011
RGI60_01_Alaska,USA,Triumvirate Glacier,341.521,-151.90163394,61.49179702,2012,2012-09-09 00:00:00,2012-10-11 00:00:00,2012
RGI60_01_Alaska,USA,Triumvirate Glacier,341.521,-151.90163394,61.49179702,2013,2013-07-28 00:00:00,2013-08-27 00:00:00,2013
RGI60_01_Alaska,USA,Triumvirate Glacier,341.521,-151.90163394,61.49179702,,2014-07-20 00:00:00,2014-07-30 00:00:00,2014
RGI60_01_Alaska,USA,Triumvirate Glacier,341.521,-151.90163394,61.49179702,,2015-06-25 00:00:00,2015-07-19 00:00:00,2015
RGI60_01_Alaska,USA,Triumvirate Glacier,341.521,-151.90163394,61.49179702,,2016-07-12 00:00:00,2016-08-16 00:00:00,2016
RGI60_01_Alaska,USA,Triumvirate Glacier,341.521,-151.90163394,61.49179702,2017,2017-07-27 00:00:00,2017-08-14 00:00:00,2017
RGI60_01_Alaska,USA,Triumvirate Glacier,341.521,-151.90163394,61.49179702,2018-08-31,,,2018
RGI60_01_Alaska,USA,Triumvirate Glacier,341.521,-151.90163394,61.49179702,2019-06-01 00:00:00,2019-06-11 00:00:00,2019-06-16 00:00:00,2019
RGI60_01_Alaska,USA,Triumvirate Glacier,341.521,-151.90163394,61.49179702,,2020-06-14 00:00:00,2020-06-21 00:00:00,2020
RGI60_01_Alaska,USA,Triumvirate Glacier,341.521,-151.90163394,61.49179702,,2021-06-29 00:00:00,2021-06-30 00:00:00,2021
RGI60_01_Alaska,USA,Triumvirate Glacier,341.521,-151.90163394,61.49179702,,2022-06-09 00:00:00,2022-06-13 00:00:00,2022
RGI60_01_Alaska,USA,Triumvirate Glacier,341.521,-151.90163394,61.49179702,2023,2023-05-29 00:00:00,2023-06-18 00:00:00,2023
RGI60_01_Alaska,USA,East Yakutat Glacier,238.307,-138.535189248,59.5602248035,,1984-06-19 00:00:00,1984-07-28 00:00:00,1984
RGI60_01_Alaska,USA,East Yakutat Glacier,239.307,-138.535189248,59.5602248035,,1986-06-16 00:00:00,1986-09-13 00:00:00,1986
RGI60_01_Alaska,USA,East Yakutat Glacier,238.307,-138.535189248,59.5602248035,,1988-07-23 00:00:00,1988-09-09 00:00:00,1988
RGI60_01_Alaska,USA,East Yakutat Glacier,239.307,-138.535189248,59.5602248035,,1990-08-14 00:00:00,1990-10-01 00:00:00,1990
RGI60_01_Alaska,USA,East Yakutat Glacier,238.307,-138.535189248,59.5602248035,,1991-06-23 00:00:00,1991-09-02 00:00:00,1991
RGI60_01_Alaska,USA,East Yakutat Glacier,239.307,-138.535189248,59.5602248035,,1993-06-12 00:00:00,1993-07-14 00:00:00,1993
RGI60_01_Alaska,USA,East Yakutat Glacier,238.307,-138.535189248,59.5602248035,,1996-06-20 00:00:00,1996-07-29 00:00:00,1996
RGI60_01_Alaska,USA,East Yakutat Glacier,239.307,-138.535189248,59.5602248035,,1998-07-19 00:00:00,1998-08-04 00:00:00,1998
RGI60_01_Alaska,USA,East Yakutat Glacier,241.307,-138.535189248,59.5602248035,,2000-06-23 00:00:00,2000-08-01 00:00:00,2000
RGI60_01_Alaska,USA,East Yakutat Glacier,238.307,-138.535189248,59.5602248035,,2002-06-29 00:00:00,2002-07-31 00:00:00,2002
RGI60_01_Alaska,USA,East Yakutat Glacier,239.307,-138.535189248,59.5602248035,,2003-07-18 00:00:00,2003-08-10 00:00:00,2003
RGI60_01_Alaska,USA,East Yakutat Glacier,238.307,-138.535189248,59.5602248035,,2004-06-25 00:00:00,2004-07-12 00:00:00,2004
RGI60_01_Alaska,USA,East Yakutat Glacier,239.307,-138.535189248,59.5602248035,,2005-07-22 00:00:00,2005-08-07 00:00:00,2005
RGI60_01_Alaska,USA,East Yakutat Glacier,238.307,-138.535189248,59.5602248035,,2006-07-02 00:00:00,2006-09-12 00:00:00,2006
RGI60_01_Alaska,USA,East Yakutat Glacier,239.307,-138.535189248,59.5602248035,,2007-06-19 00:00:00,2007-08-13 00:00:00,2007
RGI60_01_Alaska,USA,East Yakutat Glacier,238.307,-138.535189248,59.5602248035,,2008-06-20 00:00:00,2008-09-24 00:00:00,2008
RGI60_01_Alaska,USA,East Yakutat Glacier,239.307,-138.535189248,59.5602248035,,2009-07-17 00:00:00,2009-07-25 00:00:00,2009
RGI60_01_Alaska,USA,East Yakutat Glacier,238.307,-138.535189248,59.5602248035,,2009-09-28 00:00:00,2009-10-14 00:00:00,2009
RGI60_01_Alaska,USA,East Yakutat Glacier,239.307,-138.535189248,59.5602248035,,2010-07-07 00:00:00,2010-08-25 00:00:00,2010
RGI60_01_Alaska,USA,East Yakutat Glacier,238.307,-138.535189248,59.5602248035,,2011-07-01 00:00:00,2011-07-11 00:00:00,2011
RGI60_01_Alaska,USA,East Yakutat Glacier,239.307,-138.535189248,59.5602248035,,2012-08-30 00:00:00,2012-10-09 00:00:00,2012
RGI60_01_Alaska,USA,East Yakutat Glacier,245.307,-138.535189248,59.5602248035,,2013-07-30 00:00:00,2013-08-13 00:00:00,2013
RGI60_01_Alaska,USA,East Yakutat Glacier,246.307,-138.535189248,59.5602248035,,2014-06-04 00:00:00,2014-07-01 00:00:00,2014
RGI60_01_Alaska,USA,East Yakutat Glacier,238.307,-138.535189248,59.5602248035,,2015-06-23 00:00:00,2015-07-03 00:00:00,2015
RGI60_01_Alaska,USA,East Yakutat Glacier,239.307,-138.535189248,59.5602248035,,2016-07-18 00:00:00,2016-08-27 00:00:00,2016
RGI60_01_Alaska,USA,East Yakutat Glacier,238.307,-138.535189248,59.5602248035,,2017-06-02 00:00:00,2017-08-03 00:00:00,2017
RGI60_01_Alaska,USA,East Yakutat Glacier,239.307,-138.535189248,59.5602248035,,2018-06-05 00:00:00,2018-07-02 00:00:00,2018
RGI60_01_Alaska,USA,East Yakutat Glacier,249.307,-138.535189248,59.5602248035,,2019-06-27 00:00:00,2019-07-03 00:00:00,2019
RGI60_01_Alaska,USA,East Yakutat Glacier,250.307,-138.535189248,59.5602248035,,2020-07-08 00:00:00,2020-07-15 00:00:00,2020
RGI60_01_Alaska,USA,East Yakutat Glacier,250.307,-138.535189248,59.5602248035,,2021-06-28 00:00:00,2021-07-16 00:00:00,2021
RGI60_01_Alaska,USA,East Yakutat Glacier,238.307,-138.535189248,59.5602248035,,2021-08-15 00:00:00,2021-08-22 00:00:00,2021
RGI60_01_Alaska,USA,East Yakutat Glacier,239.307,-138.535189248,59.5602248035,,2022-07-15 00:00:00,2022-08-02 00:00:00,2022
RGI60_01_Alaska,USA,East Yakutat Glacier,238.307,-138.535189248,59.5602248035,,2023-06-23 00:00:00,2023-07-02 00:00:00,2023
RGI60_01_Alaska,USA,East Yakutat Glacier,238.307,-138.535189248,59.5602248035,,2024-07-24 00:00:00,2024-08-04 00:00:00,2024
RGI60_01_Alaska,USA,East Yakutat Glacier,239.307,-138.535189248,59.5602248035,,2025-06-22 00:00:00,2025-06-30 00:00:00,2025
RGI60_01_Alaska,USA,McPherson,20.843,-144.638,60.579,,1962,1963,1962
RGI60_01_Alaska,USA,McPherson,20.843,-144.638,60.579,1965,,,1965
RGI60_01_Alaska,USA,Fan Glacier,93.108,-143.749895512,60.7742532404,,2017-09-30 00:00:00,2018-07-18 00:00:00,2017
RGI60_01_Alaska,USA,Miles Glacier,421.012,-144.408245,60.695872,1909-02-09,,,1909
RGI60_01_Alaska,USA,Miles Glacier,421.012,-144.408245,60.695872,1912-08-16,,,1912
RGI60_01_Alaska,USA,Miles Glacier,421.012,-144.408245,60.695872,1985-08-02,,,1985
RGI60_01_Alaska,USA,Miles Glacier,421.012,-144.408245,60.695872,1986,1986-09-25,1986-10-27,1986
RGI60_01_Alaska,USA,Miles Glacier,421.012,-144.408245,60.695872,1992-08-04,,,1992
RGI60_01_Alaska,USA,Miles Glacier,421.012,-144.408245,60.695872,1994,1994-07-11,1994-09-29,1994
RGI60_01_Alaska,USA,Miles Glacier,421.012,-144.408245,60.695872,1995,1995-09-16,1995-10-04,1995
RGI60_01_Alaska,USA,Miles Glacier,421.012,-144.408245,60.695872,1996,1996-09-04,1996-10-04,1996
RGI60_01_Alaska,USA,Miles Glacier,421.012,-144.408245,60.695872,1998,1998-09-17,1998-10-10,1998
RGI60_01_Alaska,USA,Miles Glacier,421.012,-144.408245,60.695872,1999,1999-08-19,1999-09-27,1999
RGI60_01_Alaska,USA,Miles Glacier,421.012,-144.408245,60.695872,2000,2000-08-06 00:00:00,2000-09-30 00:00:00,2000
RGI60_01_Alaska,USA,Miles Glacier,421.012,-144.408245,60.695872,2001,2001-09-10 00:00:00,2001-09-26 00:00:00,2001
RGI60_01_Alaska,USA,Miles Glacier,421.012,-144.408245,60.695872,2002,2002-07-25,2002-08-03,2002
RGI60_01_Alaska,USA,Miles Glacier,421.012,-144.408245,60.695872,2005,2005-06-23,2005-08-10,2005
RGI60_01_Alaska,USA,Miles Glacier,421.012,-144.408245,60.695872,,2006-08-13 00:00:00,2006-08-29 00:00:00,2006
RGI60_01_Alaska,USA,Miles Glacier,421.012,-144.408245,60.695872,,2007-09-03 00:00:00,2007-09-17 00:00:00,2007
RGI60_01_Alaska,USA,Miles Glacier,421.012,-144.408245,60.695872,,2008-08-11 00:00:00,2008-08-18 00:00:00,2008
RGI60_01_Alaska,USA,Miles Glacier,421.012,-144.408245,60.695872,2009,2009-07-04,2009-09-06,2009
RGI60_01_Alaska,USA,Miles Glacier,421.012,-144.408245,60.695872,,2010-07-17 00:00:00,2010-08-02 00:00:00,2010
RGI60_01_Alaska,USA,Miles Glacier,421.012,-144.408245,60.695872,2011,2011-08-29,2011-10-22,2011
RGI60_01_Alaska,USA,Miles Glacier,421.012,-144.408245,60.695872,,2012-07-31 00:00:00,2012-08-22 00:00:00,2012
RGI60_01_Alaska,USA,Miles Glacier,421.012,-144.408245,60.695872,2014,2014-07-24,2014-08-19,2014
RGI60_01_Alaska,USA,Miles Glacier,421.012,-144.408245,60.695872,2015,2015-07-21,2015-09-07,2015
RGI60_01_Alaska,USA,Miles Glacier,421.012,-144.408245,60.695872,,2016-09-18 00:00:00,2016-09-28 00:00:00,2016
RGI60_01_Alaska,USA,Miles Glacier,421.012,-144.408245,60.695872,2017,2017-08-15 00:00:00,2017-09-11 00:00:00,2017
RGI60_01_Alaska,USA,Miles Glacier,421.012,-144.408245,60.695872,2017,2017-10-09 00:00:00,2017-11-01 00:00:00,2017
RGI60_01_Alaska,USA,Miles Glacier,421.012,-144.408245,60.695872,2019,2019-06-30,2019-08-07,2019
RGI60_01_Alaska,USA,Miles Glacier,421.012,-144.408245,60.695872,,2021-07-04 00:00:00,2021-07-17 00:00:00,2021
RGI60_01_Alaska,USA,Miles Glacier,421.012,-144.408245,60.695872,,2021-09-19 00:00:00,2021-09-25 00:00:00,2021
RGI60_01_Alaska,USA,Miles Glacier,421.012,-144.408245,60.695872,,2022-07-05 00:00:00,2022-07-24 00:00:00,2022
RGI60_01_Alaska,USA,Miles Glacier,421.012,-144.408245,60.695872,,2022-08-07 00:00:00,2022-08-25 00:00:00,2022
RGI60_01_Alaska,USA,Miles Glacier,421.012,-144.408245,60.695872,,2023-07-05 00:00:00,2023-07-24 00:00:00,2023
RGI60_01_Alaska,USA,Miles Glacier,421.012,-144.408245,60.695872,,2023-09-19 00:00:00,2023-09-24 00:00:00,2023
RGI60_01_Alaska,USA,Miles Glacier,421.012,-144.408245,60.695872,,2023-10-24 00:00:00,2023-10-27 00:00:00,2023
RGI60_01_Alaska,USA,Miles Glacier,421.012,-144.408245,60.695872,,2024-06-23 00:00:00,2024-06-25 00:00:00,2024
RGI60_01_Alaska,USA,Miles Glacier,421.012,-144.408245,60.695872,,2024-07-25 00:00:00,2024-08-04 00:00:00,2024
RGI60_01_Alaska,USA,Miles Glacier,421.012,-144.408245,60.695872,,2025-05-24 00:00:00,2025-06-11 00:00:00,2025
RGI60_01_Alaska,USA,Miles Glacier,421.012,-144.408245,60.695872,,2025-07-28 00:00:00,2025-08-03 00:00:00,2025
RGI60_01_Alaska,USA,Tana Glacier,514.803,-142.211218,60.61120214,,2003-08-23 00:00:00,2003-09-17 00:00:00,2003
RGI60_01_Alaska,USA,Tana Glacier,514.803,-142.211218,60.61120214,,2005-08-28 00:00:00,2005-10-16 00:00:00,2005
RGI60_01_Alaska,USA,Tana Glacier,514.803,-142.211218,60.61120214,,2006-09-01 00:00:00,2006-09-24 00:00:00,2006
RGI60_01_Alaska,USA,Tana Glacier,514.803,-142.211218,60.61120214,,2008-07-28 00:00:00,2008-09-06 00:00:00,2008
RGI60_01_Alaska,USA,Tana Glacier,514.803,-142.211218,60.61120214,,2009-09-01 00:00:00,2009-10-02 00:00:00,2009
RGI60_01_Alaska,USA,Tana Glacier,514.803,-142.211218,60.61120214,,2011-08-06 00:00:00,2011-08-29 00:00:00,2011
RGI60_01_Alaska,USA,Tana Glacier,514.803,-142.211218,60.61120214,,2013-08-02 00:00:00,2013-08-11 00:00:00,2013
RGI60_01_Alaska,USA,Tana Glacier,514.803,-142.211218,60.61120214,,2014-10-01 00:00:00,2014-10-17 00:00:00,2014
RGI60_01_Alaska,USA,Tana Glacier,514.803,-142.211218,60.61120214,,2015-08-13 00:00:00,2015-08-24 00:00:00,2015
RGI60_01_Alaska,USA,Tana Glacier,514.803,-142.211218,60.61120214,,2016-07-31 00:00:00,2016-08-29 00:00:00,2016
RGI60_01_Alaska,USA,Tana Glacier,514.803,-142.211218,60.61120214,,2018-08-01 00:00:00,2018-08-13 00:00:00,2018
RGI60_01_Alaska,USA,Tana Glacier,514.803,-142.211218,60.61120214,,2020-08-18 00:00:00,2020-08-29 00:00:00,2020
RGI60_01_Alaska,USA,Tana Glacier,514.803,-142.211218,60.61120214,,2021-09-12 00:00:00,2021-09-27 00:00:00,2021
RGI60_01_Alaska,USA,Tana Glacier,514.803,-142.211218,60.61120214,,2022-09-05 00:00:00,2022-10-06 00:00:00,2022
RGI60_01_Alaska,USA,Tana Glacier,514.803,-142.211218,60.61120214,,2023-08-05 00:00:00,2023-08-18 00:00:00,2023
RGI60_01_Alaska,USA,Tana Glacier,514.803,-142.211218,60.61120214,,2024-08-30 00:00:00,2024-09-07 00:00:00,2024
RGI60_01_Alaska,USA,Bering Glacier,3025.115,-143.46260292,60.3705624,,1985-08-05 00:00:00,1985-09-09 00:00:00,1985
RGI60_01_Alaska,USA,Bering Glacier,3025.115,-143.46260292,60.3705624,,2003-07-13 00:00:00,2003-08-23 00:00:00,2003
RGI60_01_Alaska,USA,Bering Glacier,3025.115,-143.46260292,60.3705624,,2008-07-12 00:00:00,2003-08-11 00:00:00,2008
RGI60_01_Alaska,USA,Bering Glacier,3025.115,-143.46260292,60.3705624,,2016-08-26 00:00:00,2016-10-13 00:00:00,2016
RGI60_01_Alaska,USA,Bering Glacier,3025.115,-143.46260292,60.3705624,,2020-06-29 00:00:00,2020-09-15 00:00:00,2020
RGI60_01_Alaska,USA,Bering Glacier,3025.115,-143.46260292,60.3705624,,2020-09-25 00:00:00,2020-10-22 00:00:00,2020
RGI60_01_Alaska,USA,Bering Glacier,3025.115,-143.46260292,60.3705624,,2021-07-04 00:00:00,2021-10-12 00:00:00,2021
RGI60_01_Alaska,USA,Bering Glacier,3025.115,-143.46260292,60.3705624,,2023-06-19 00:00:00,2023-07-07 00:00:00,2023
RGI60_01_Alaska,USA,Bering Glacier,3025.115,-142.516603249,60.3641483435,,1990-08-12 00:00:00,1995-09-27 00:00:00,1990
RGI60_01_Alaska,USA,Bering Glacier,3025.115,-142.516603249,60.3641483435,,2009-07-14 00:00:00,2009-10-02 00:00:00,2009
RGI60_01_Alaska,USA,Bering Glacier,3025.115,-142.516603249,60.3641483435,,2010-09-20 00:00:00,2011-07-20 00:00:00,2010
RGI60_01_Alaska,USA,Bering Glacier,3025.115,-142.516603249,60.3641483435,,2015-06-14 00:00:00,2015-09-01 00:00:00,2015
RGI60_01_Alaska,USA,Bering Glacier,3025.115,-142.516603249,60.3641483435,,2016-07-18 00:00:00,2016-08-26 00:00:00,2016
RGI60_01_Alaska,USA,Bering Glacier,3025.115,-142.516603249,60.3641483435,,2017-07-12 00:00:00,2017-09-11 00:00:00,2017
RGI60_01_Alaska,USA,Bering Glacier,3025.115,-142.516603249,60.3641483435,,2018-09-03 00:00:00,2018-09-08 00:00:00,2018
RGI60_01_Alaska,USA,Bering Glacier,3025.115,-142.516603249,60.3641483435,,2019-06-20 00:00:00,2019-06-30 00:00:00,2019
RGI60_01_Alaska,USA,Bering Glacier,3025.115,-142.516603249,60.3641483435,,2020-09-25 00:00:00,2020-10-15 00:00:00,2020
RGI60_01_Alaska,USA,Bering Glacier,3025.115,-142.565015357,60.3883883768,,1991-07-14 00:00:00,1995-09-27 00:00:00,1991
RGI60_01_Alaska,USA,Bering Glacier,3025.115,-142.565015357,60.3883883768,,1997-07-05 00:00:00,1997-09-16 00:00:00,1997
RGI60_01_Alaska,USA,Bering Glacier,3025.115,-142.565015357,60.3883883768,,1999-07-28 00:00:00,2000-08-31 00:00:00,1999
RGI60_01_Alaska,USA,Bering Glacier,3025.115,-142.565015357,60.3883883768,,2009-07-14 00:00:00,2009-10-02 00:00:00,2009
RGI60_01_Alaska,USA,Bering Glacier,3025.115,-142.565015357,60.3883883768,,2010-09-20 00:00:00,2011-07-20 00:00:00,2010
RGI60_01_Alaska,USA,Bering Glacier,3025.115,-142.565015357,60.3883883768,,2015-06-14 00:00:00,2015-08-24 00:00:00,2015
RGI60_01_Alaska,USA,Bering Glacier,3025.115,-142.565015357,60.3883883768,,2016-09-01 00:00:00,2016-09-28 00:00:00,2016
RGI60_01_Alaska,USA,Bering Glacier,3025.115,-142.565015357,60.3883883768,,2017-09-11 00:00:00,2017-09-30 00:00:00,2017
RGI60_01_Alaska,USA,Bering Glacier,3025.115,-142.565015357,60.3883883768,,2018-09-03 00:00:00,2018-09-08 00:00:00,2018
RGI60_01_Alaska,USA,Bering Glacier,3025.115,-142.565015357,60.3883883768,,2019-09-11 00:00:00,2019-09-26 00:00:00,2019
RGI60_01_Alaska,USA,Bering Glacier,3025.115,-142.565015357,60.3883883768,,2020-09-25 00:00:00,2020-10-15 00:00:00,2020
RGI60_01_Alaska,USA,Bering Glacier,3025.115,-142.501855608,60.3862649065,,2007-08-10 00:00:00,2007-09-27 00:00:00,2007
RGI60_01_Alaska,USA,Bering Glacier,3025.115,-142.501855608,60.3862649065,,2009-07-14 00:00:00,2009-10-02 00:00:00,2009
RGI60_01_Alaska,USA,Bering Glacier,3025.115,-142.49675899,60.3668050497,,2009-07-14 00:00:00,2009-10-02 00:00:00,2009
RGI60_01_Alaska,USA,Bering Glacier,3025.115,-142.49675899,60.3668050497,,2015-06-14 00:00:00,2015-09-01 00:00:00,2015
RGI60_01_Alaska,USA,Bering Glacier,3025.115,-142.49675899,60.3668050497,,2016-07-18 00:00:00,2016-08-26 00:00:00,2016
RGI60_01_Alaska,USA,Bering Glacier,3025.115,-142.49675899,60.3668050497,,2018-07-05 00:00:00,2018-07-20 00:00:00,2018
RGI60_01_Alaska,USA,Bering Glacier,3025.115,-142.49675899,60.3668050497,,2019-06-20 00:00:00,2019-06-30 00:00:00,2019
RGI60_01_Alaska,USA,Bering Glacier,3025.115,-142.567182365,60.3489740206,,1999-07-28 00:00:00,2000-08-31 00:00:00,1999
RGI60_01_Alaska,USA,Bering Glacier,3025.115,-142.567182365,60.3489740206,,2009-08-08 00:00:00,2009-10-02 00:00:00,2009
RGI60_01_Alaska,USA,Bering Glacier,3025.115,-142.567182365,60.3489740206,,2016-07-18 00:00:00,2016-08-26 00:00:00,2016
RGI60_01_Alaska,USA,Bering Glacier,3025.115,-142.567182365,60.3489740206,,2017-09-11 00:00:00,2017-09-30 00:00:00,2017
RGI60_01_Alaska,USA,Bering Glacier,3025.115,-142.567182365,60.3489740206,,2019-09-11 00:00:00,2019-09-26 00:00:00,2019
RGI60_01_Alaska,USA,Bering Glacier,3025.115,-142.567182365,60.3489740206,,2020-09-25 00:00:00,2020-10-15 00:00:00,2020
RGI60_01_Alaska,USA,Bering Glacier,3025.115,-142.53575157,60.3522484414,,1996-07-27 00:00:00,1996-09-04 00:00:00,1996
RGI60_01_Alaska,USA,Bering Glacier,3025.115,-142.53575157,60.3522484414,,1997-07-05 00:00:00,1997-09-16 00:00:00,1997
RGI60_01_Alaska,USA,Bering Glacier,3025.115,-142.53575157,60.3522484414,,1999-07-28 00:00:00,2000-08-31 00:00:00,1999
RGI60_01_Alaska,USA,Bering Glacier,3025.115,-142.53575157,60.3522484414,,2009-07-14 00:00:00,2009-10-02 00:00:00,2009
RGI60_01_Alaska,USA,Bering Glacier,3025.115,-142.53575157,60.3522484414,,2010-09-20 00:00:00,2011-07-20 00:00:00,2010
RGI60_01_Alaska,USA,Bering Glacier,3025.115,-142.53575157,60.3522484414,,2014-09-23 00:00:00,2015-08-24 00:00:00,2014
RGI60_01_Alaska,USA,Bering Glacier,3025.115,-142.53575157,60.3522484414,,2015-06-14 00:00:00,2015-09-01 00:00:00,2015
RGI60_01_Alaska,USA,Bering Glacier,3025.115,-142.53575157,60.3522484414,,2016-09-28 00:00:00,2016-10-11 00:00:00,2016
RGI60_01_Alaska,USA,Bering Glacier,3025.115,-142.53575157,60.3522484414,,2017-09-11 00:00:00,2017-09-30 00:00:00,2017
RGI60_01_Alaska,USA,Bering Glacier,3025.115,-142.53575157,60.3522484414,,2018-09-11 00:00:00,2018-09-18 00:00:00,2018
RGI60_01_Alaska,USA,Bering Glacier,3025.115,-142.53575157,60.3522484414,,2019-09-11 00:00:00,2019-09-26 00:00:00,2019
RGI60_01_Alaska,USA,Bering Glacier,3025.115,-142.53575157,60.3522484414,,2020-09-25 00:00:00,2020-10-15 00:00:00,2020
RGI60_01_Alaska,USA,Bering Glacier,3025.115,-142.525301335,60.3837856169,,1986-09-09 00:00:00,1986-09-25 00:00:00,1986
RGI60_01_Alaska,USA,Bering Glacier,3025.115,-142.525301335,60.3837856169,,1995-08-26 00:00:00,1995-10-13 00:00:00,1995
RGI60_01_Alaska,USA,Bering Glacier,3025.115,-142.525301335,60.3837856169,,1996-09-04 00:00:00,1996-09-29 00:00:00,1996
RGI60_01_Alaska,USA,Bering Glacier,3025.115,-142.525301335,60.3837856169,,1997-07-05 00:00:00,1997-09-10 00:00:00,1997
RGI60_01_Alaska,USA,Bering Glacier,3025.115,-142.525301335,60.3837856169,,1999-08-05 00:00:00,1999-10-23 00:00:00,1999
RGI60_01_Alaska,USA,Bering Glacier,3025.115,-142.525301335,60.3837856169,,2000-08-06 00:00:00,2000-08-31 00:00:00,2000
RGI60_01_Alaska,USA,Bering Glacier,3025.115,-142.525301335,60.3837856169,,2001-07-17 00:00:00,2001-08-25 00:00:00,2001
RGI60_01_Alaska,USA,Bering Glacier,3025.115,-142.525301335,60.3837856169,,2001-09-26 00:00:00,2001-11-06 00:00:00,2001
RGI60_01_Alaska,USA,Bering Glacier,3025.115,-142.525301335,60.3837856169,,2002-08-05 00:00:00,2002-09-29 00:00:00,2002
RGI60_01_Alaska,USA,Bering Glacier,3025.115,-142.525301335,60.3837856169,,2004-08-17 00:00:00,2004-09-11 00:00:00,2004
RGI60_01_Alaska,USA,Bering Glacier,3025.115,-142.525301335,60.3837856169,,2006-10-27 00:00:00,2007-02-15 00:00:00,2006
RGI60_01_Alaska,USA,Bering Glacier,3025.115,-142.525301335,60.3837856169,,2009-08-08 00:00:00,2009-09-01 00:00:00,2009
RGI60_01_Alaska,USA,Bering Glacier,3025.115,-142.525301335,60.3837856169,,2011-10-09 00:00:00,2012-04-26 00:00:00,2011
RGI60_01_Alaska,USA,Bering Glacier,3025.115,-142.525301335,60.3837856169,,2013-09-28 00:00:00,2013-10-22 00:00:00,2013
RGI60_01_Alaska,USA,Bering Glacier,3025.115,-142.525301335,60.3837856169,,2014-08-21 00:00:00,2014-09-07 00:00:00,2014
RGI60_01_Alaska,USA,Bering Glacier,3025.115,-142.525301335,60.3837856169,,2015-06-22 00:00:00,2015-09-02 00:00:00,2015
RGI60_01_Alaska,USA,Bering Glacier,3025.115,-142.525301335,60.3837856169,,2016-07-18 00:00:00,2016-08-26 00:00:00,2016
RGI60_01_Alaska,USA,Bering Glacier,3025.115,-142.525301335,60.3837856169,,2017-07-12 00:00:00,2017-09-30 00:00:00,2017
RGI60_01_Alaska,USA,Bering Glacier,3025.115,-142.525301335,60.3837856169,,2018-09-03 00:00:00,2018-09-26 00:00:00,2018
RGI60_01_Alaska,USA,Bering Glacier,3025.115,-142.525301335,60.3837856169,,2019-09-11 00:00:00,2019-09-26 00:00:00,2019
RGI60_01_Alaska,USA,Bering Glacier,3025.115,-142.525301335,60.3837856169,,2020-09-25 00:00:00,2020-10-22 00:00:00,2020
RGI60_01_Alaska,USA,Bering Glacier,3025.115,-142.525301335,60.3837856169,,2021-09-27 00:00:00,2021-10-24 00:00:00,2021
RGI60_01_Alaska,USA,Bering Glacier,3025.115,-142.525301335,60.3837856169,,2022-09-18 00:00:00,2022-10-22 00:00:00,2022
RGI60_01_Alaska,USA,Bering Glacier,3025.115,-142.525301335,60.3837856169,,2023-08-18 00:00:00,2023-09-24 00:00:00,2023
RGI60_01_Alaska,USA,Bering Glacier,3025.115,-142.525301335,60.3837856169,,2024-08-21 00:00:00,2024-09-29 00:00:00,2024
RGI60_01_Alaska,USA,Bering Glacier,3025.115,-142.525301335,60.3837856169,,2025-08-09 00:00:00,2025-09-03 00:00:00,2025
RGI60_01_Alaska,USA,Bering Glacier,3025.115,-142.952208095,60.3312299158,,1992-08-17 00:00:00,1993-04-14 00:00:00,1992
RGI60_01_Alaska,USA,Bering Glacier,3025.115,-142.952208095,60.3312299158,,1997-08-29 00:00:00,1997-09-14 00:00:00,1997
RGI60_01_Alaska,USA,Bering Glacier,3025.115,-142.952208095,60.3312299158,,1999-08-27 00:00:00,1999-10-23 00:00:00,1999
RGI60_01_Alaska,USA,Bering Glacier,3025.115,-142.952208095,60.3312299158,,2003-08-23 00:00:00,2003-09-15 00:00:00,2003
RGI60_01_Alaska,USA,Bering Glacier,3025.115,-142.952208095,60.3312299158,,2004-09-18 00:00:00,2005-04-30 00:00:00,2004
RGI60_01_Alaska,USA,Bering Glacier,3025.115,-142.952208095,60.3312299158,,2006-09-25 00:00:00,2007-04-04 00:00:00,2006
RGI60_01_Alaska,USA,Bering Glacier,3025.115,-142.952208095,60.3312299158,,2007-09-11 00:00:00,2008-04-07 00:00:00,2007
RGI60_01_Alaska,USA,Bering Glacier,3025.115,-142.952208095,60.3312299158,,2011-09-08 00:00:00,2014-09-25 00:00:00,2011
RGI60_01_Alaska,USA,Bering Glacier,3025.115,-142.952208095,60.3312299158,,2015-10-04 00:00:00,2015-10-11 00:00:00,2015
RGI60_01_Alaska,USA,Bering Glacier,3025.115,-142.952208095,60.3312299158,,2015-06-14 00:00:00,2015-07-20 00:00:00,2015
RGI60_01_Alaska,USA,Bering Glacier,3025.115,-142.952208095,60.3312299158,,2016-09-18 00:00:00,2016-10-06 00:00:00,2016
RGI60_01_Alaska,USA,Bering Glacier,3025.115,-142.952208095,60.3312299158,,2017-08-06 00:00:00,2017-09-11 00:00:00,2017
RGI60_01_Alaska,USA,Bering Glacier,3025.115,-142.952208095,60.3312299158,,2018-07-16 00:00:00,2018-07-22 00:00:00,2018
RGI60_01_Alaska,USA,Bering Glacier,3025.115,-142.952208095,60.3312299158,,2019-11-12 00:00:00,2020-01-16 00:00:00,2019
RGI60_01_Alaska,USA,Bering Glacier,3025.115,-142.952208095,60.3312299158,,2020-10-13 00:00:00,2020-10-31 00:00:00,2020
RGI60_01_Alaska,USA,Bering Glacier,3025.115,-142.952208095,60.3312299158,,2021-09-19 00:00:00,2021-11-07 00:00:00,2021
RGI60_01_Alaska,USA,Bering Glacier,3025.115,-142.952208095,60.3312299158,,2022-10-24 00:00:00,2022-11-15 00:00:00,2022
RGI60_01_Alaska,USA,Bering Glacier,3025.115,-142.952208095,60.3312299158,,2023-08-23 00:00:00,2023-09-19 00:00:00,2023
RGI60_01_Alaska,USA,Bering Glacier,3025.115,-142.952208095,60.3312299158,,2024-08-02 00:00:00,2024-08-17 00:00:00,2024
RGI60_01_Alaska,USA,Bering Glacier,3025.115,-142.952208095,60.3312299158,,2025-07-28 00:00:00,2025-08-05 00:00:00,2025
RGI60_01_Alaska,USA,Bering Glacier,3025.115,-142.773232314,60.4766478474,,1985-08-05 00:00:00,1985-08-30 00:00:00,1985
RGI60_01_Alaska,USA,Bering Glacier,3025.115,-142.773232314,60.4766478474,,1990-08-12 00:00:00,1990-10-31 00:00:00,1990
RGI60_01_Alaska,USA,Bering Glacier,3025.115,-142.773232314,60.4766478474,,1993-07-19 00:00:00,1993-09-05 00:00:00,1993
RGI60_01_Alaska,USA,Bering Glacier,3025.115,-142.773232314,60.4766478474,,1995-07-09 00:00:00,1995-08-26 00:00:00,1995
RGI60_01_Alaska,USA,Bering Glacier,3025.115,-142.773232314,60.4766478474,,1996-07-18 00:00:00,1996-07-27 00:00:00,1996
RGI60_01_Alaska,USA,Bering Glacier,3025.115,-142.773232314,60.4766478474,,1997-10-02 00:00:00,1997-10-09 00:00:00,1997
RGI60_01_Alaska,USA,Bering Glacier,3025.115,-142.773232314,60.4766478474,,1998-07-01 00:00:00,1998-10-12 00:00:00,1998
RGI60_01_Alaska,USA,Bering Glacier,3025.115,-142.773232314,60.4766478474,,1999-10-23 00:00:00,2000-02-12 00:00:00,1999
RGI60_01_Alaska,USA,Bering Glacier,3025.115,-142.773232314,60.4766478474,,2000-09-07 00:00:00,2000-10-02 00:00:00,2000
RGI60_01_Alaska,USA,Bering Glacier,3025.115,-142.773232314,60.4766478474,,2001-09-26 00:00:00,2001-11-06 00:00:00,2001
RGI60_01_Alaska,USA,Bering Glacier,3025.115,-142.773232314,60.4766478474,,2002-09-29 00:00:00,2003-03-08 00:00:00,2002
RGI60_01_Alaska,USA,Bering Glacier,3025.115,-142.773232314,60.4766478474,,2004-08-17 00:00:00,2005-09-11 00:00:00,2004
RGI60_01_Alaska,USA,Bering Glacier,3025.115,-142.773232314,60.4766478474,,2005-06-26 00:00:00,2005-09-13 00:00:00,2005
RGI60_01_Alaska,USA,Bering Glacier,3025.115,-142.773232314,60.4766478474,,2006-06-13 00:00:00,2006-08-07 00:00:00,2006
RGI60_01_Alaska,USA,Bering Glacier,3025.115,-142.773232314,60.4766478474,,2007-09-27 00:00:00,2008-03-14 00:00:00,2007
RGI60_01_Alaska,USA,Bering Glacier,3025.115,-142.773232314,60.4766478474,,2008-07-12 00:00:00,2008-08-29 00:00:00,2008
RGI60_01_Alaska,USA,Bering Glacier,3025.115,-142.773232314,60.4766478474,,2009-07-06 00:00:00,2009-07-13 00:00:00,2009
RGI60_01_Alaska,USA,Bering Glacier,3025.115,-142.773232314,60.4766478474,,2010-07-17 00:00:00,2010-08-02 00:00:00,2010
RGI60_01_Alaska,USA,Bering Glacier,3025.115,-142.773232314,60.4766478474,,2011-07-20 00:00:00,2011-07-21 00:00:00,2011
RGI60_01_Alaska,USA,Bering Glacier,3025.115,-142.773232314,60.4766478474,,2012-07-27 00:00:00,2012-08-14 00:00:00,2012
RGI60_01_Alaska,USA,Bering Glacier,3025.115,-142.773232314,60.4766478474,,2013-07-17 00:00:00,2013-07-29 00:00:00,2013
RGI60_01_Alaska,USA,Bering Glacier,3025.115,-142.773232314,60.4766478474,,2014-06-03 00:00:00,2014-07-03 00:00:00,2014
RGI60_01_Alaska,USA,Bering Glacier,3025.115,-142.773232314,60.4766478474,,2015-09-02 00:00:00,2016-09-19 00:00:00,2015
RGI60_01_Alaska,USA,Bering Glacier,3025.115,-142.773232314,60.4766478474,,2018-07-24 00:00:00,2018-09-03 00:00:00,2018
RGI60_01_Alaska,USA,Bering Glacier,3025.115,-142.773232314,60.4766478474,,2020-09-25 00:00:00,2020-10-22 00:00:00,2020
RGI60_01_Alaska,USA,Bering Glacier,3025.115,-142.773232314,60.4766478474,,2022-09-05 00:00:00,2022-10-30 00:00:00,2022
RGI60_01_Alaska,USA,Bering Glacier,3025.115,-142.773232314,60.4766478474,,2023-09-05 00:00:00,2023-09-19 00:00:00,2023
RGI60_01_Alaska,USA,Bering Glacier,3025.115,-142.773232314,60.4766478474,,2024-08-20 00:00:00,2024-09-10 00:00:00,2024
RGI60_01_Alaska,USA,Bering Glacier,3025.115,-142.773232314,60.4766478474,,2025-10-10 00:00:00,2025-10-18 00:00:00,2025
RGI60_01_Alaska,USA,Bering Glacier,3025.115,-143.34974391,60.43356615,,1996-06-16 00:00:00,1996-08-03 00:00:00,1996
RGI60_01_Alaska,USA,Bering Glacier,3025.115,-143.34974391,60.43356615,,1996-09-04 00:00:00,1997-03-22 00:00:00,1996
RGI60_01_Alaska,USA,Bering Glacier,3025.115,-143.34974391,60.43356615,,1997-09-30 00:00:00,1997-10-09 00:00:00,1997
RGI60_01_Alaska,USA,Bering Glacier,3025.115,-143.34974391,60.43356615,,1998-06-22 00:00:00,1998-06-29 00:00:00,1998
RGI60_01_Alaska,USA,Bering Glacier,3025.115,-143.34974391,60.43356615,,1999-07-19 00:00:00,1999-08-05 00:00:00,1999
RGI60_01_Alaska,USA,Bering Glacier,3025.115,-143.34974391,60.43356615,,2000-09-30 00:00:00,2000-11-01 00:00:00,2000
RGI60_01_Alaska,USA,Bering Glacier,3025.115,-143.34974391,60.43356615,,2001-07-17 00:00:00,2001-08-02 00:00:00,2001
RGI60_01_Alaska,USA,Bering Glacier,3025.115,-143.34974391,60.43356615,,2002-07-04 00:00:00,2002-08-03 00:00:00,2002
RGI60_01_Alaska,USA,Bering Glacier,3025.115,-143.34974391,60.43356615,,2004-06-23 00:00:00,2004-07-07 00:00:00,2004
RGI60_01_Alaska,USA,Bering Glacier,3025.115,-143.34974391,60.43356615,,2003-07-06 00:00:00,2003-07-13 00:00:00,2003
RGI60_01_Alaska,USA,Bering Glacier,3025.115,-143.34974391,60.43356615,,2005-06-01 00:00:00,2005-06-17 00:00:00,2005
RGI60_01_Alaska,USA,Bering Glacier,3025.115,-143.34974391,60.43356615,,2006-07-13 00:00:00,2006-08-07 00:00:00,2006
RGI60_01_Alaska,USA,Bering Glacier,3025.115,-143.34974391,60.43356615,,2007-07-08 00:00:00,2007-09-27 00:00:00,2007
RGI60_01_Alaska,USA,Bering Glacier,3025.115,-143.34974391,60.43356615,,2008-07-12 00:00:00,2008-07-28 00:00:00,2008
RGI60_01_Alaska,USA,Bering Glacier,3025.115,-143.34974391,60.43356615,,2009-07-06 00:00:00,2009-07-30 00:00:00,2009
RGI60_01_Alaska,USA,Bering Glacier,3025.115,-143.34974391,60.43356615,,2010-06-24 00:00:00,2010-07-17 00:00:00,2010
RGI60_01_Alaska,USA,Bering Glacier,3025.115,-143.34974391,60.43356615,,2011-08-11 00:00:00,2011-09-11 00:00:00,2011
RGI60_01_Alaska,USA,Bering Glacier,3025.115,-143.34974391,60.43356615,,2013-06-22 00:00:00,2013-07-07 00:00:00,2013
RGI60_01_Alaska,USA,Bering Glacier,3025.115,-143.34974391,60.43356615,,2014-06-06 00:00:00,2014-07-03 00:00:00,2014
RGI60_01_Alaska,USA,Bering Glacier,3025.115,-143.34974391,60.43356615,,2015-05-23 00:00:00,2015-06-11 00:00:00,2015
RGI60_01_Alaska,USA,Bering Glacier,3025.115,-143.34974391,60.43356615,,2016-05-14 00:00:00,2016-05-22 00:00:00,2016
RGI60_01_Alaska,USA,Bering Glacier,3025.115,-143.34974391,60.43356615,,2017-06-05 00:00:00,2017-06-14 00:00:00,2017
RGI60_01_Alaska,USA,Bering Glacier,3025.115,-143.34974391,60.43356615,,2018-05-19 00:00:00,2018-05-26 00:00:00,2018
RGI60_01_Alaska,USA,Bering Glacier,3025.115,-143.34974391,60.43356615,,2018-11-01 00:00:00,2018-11-14 00:00:00,2018
RGI60_01_Alaska,USA,Bering Glacier,3025.115,-143.34974391,60.43356615,,2019-05-01 00:00:00,2019-06-06 00:00:00,2019
RGI60_01_Alaska,USA,Bering Glacier,3025.115,-143.34974391,60.43356615,,2020-06-29 00:00:00,2020-07-04 00:00:00,2020
RGI60_01_Alaska,USA,Bering Glacier,3025.115,-143.34974391,60.43356615,,2020-09-25 00:00:00,2020-10-15 00:00:00,2020
RGI60_01_Alaska,USA,Bering Glacier,3025.115,-143.34974391,60.43356615,,2021-07-01 00:00:00,2021-07-15 00:00:00,2021
RGI60_01_Alaska,USA,Bering Glacier,3025.115,-143.34974391,60.43356615,,2021-08-15 00:00:00,2021-08-21 00:00:00,2021
RGI60_01_Alaska,USA,Bering Glacier,3025.115,-143.34974391,60.43356615,,2022-06-23 00:00:00,2022-06-29 00:00:00,2022
RGI60_01_Alaska,USA,Bering Glacier,3025.115,-143.34974391,60.43356615,,2023-06-19 00:00:00,2023-07-05 00:00:00,2023
RGI60_01_Alaska,USA,Bering Glacier,3025.115,-143.34974391,60.43356615,,2023-10-15 00:00:00,2023-10-22 00:00:00,2023
RGI60_01_Alaska,USA,Bering Glacier,3025.115,-143.34974391,60.43356615,,2025-06-21 00:00:00,2025-07-01 00:00:00,2025
RGI60_01_Alaska,USA,Bering Glacier,"﻿3025,115",-143.218794,60.202083,1994,,,1994
RGI60_01_Alaska,USA,Bering Glacier,"﻿3025,115",-143.218794,60.202083,1994-07-27,,,1994
RGI60_01_Alaska,USA,Bering Glacier,"﻿3025,115",-143.218794,60.202083,1994,1994-09-07,1994-10-20,1994
RGI60_01_Alaska,USA,Seward Glacier,3362.656,-140.270217295,60.0436087844,,1987-08-29 00:00:00,1988-05-04 00:00:00,1987
RGI60_01_Alaska,USA,Seward Glacier,3362.656,-140.270217295,60.0436087844,,1988-06-21 00:00:00,1988-09-09 00:00:00,1988
RGI60_01_Alaska,USA,Seward Glacier,3362.656,-140.270217295,60.0436087844,,1990-08-12 00:00:00,1991-10-01 00:00:00,1990
RGI60_01_Alaska,USA,Seward Glacier,3362.656,-140.270217295,60.0436087844,,1991-06-21 00:00:00,1991-06-28 00:00:00,1991
RGI60_01_Alaska,USA,Seward Glacier,3362.656,-140.270217295,60.0436087844,,1992-07-02 00:00:00,1992-08-10 00:00:00,1992
RGI60_01_Alaska,USA,Seward Glacier,3362.656,-140.270217295,60.0436087844,,1993-07-12 00:00:00,1993-07-19 00:00:00,1993
RGI60_01_Alaska,USA,Seward Glacier,3362.656,-140.270217295,60.0436087844,,1994-06-13 00:00:00,1994-07-24 00:00:00,1994
RGI60_01_Alaska,USA,Seward Glacier,3362.656,-140.270217295,60.0436087844,,1995-06-09 00:00:00,1995-07-09 00:00:00,1995
RGI60_01_Alaska,USA,Seward Glacier,3362.656,-140.270217295,60.0436087844,,1995-09-04 00:00:00,1995-10-15 00:00:00,1995
RGI60_01_Alaska,USA,Seward Glacier,3362.656,-140.270217295,60.0436087844,,1996-06-02 00:00:00,1996-07-27 00:00:00,1996
RGI60_01_Alaska,USA,Seward Glacier,3362.656,-140.270217295,60.0436087844,,1997-05-27 00:00:00,1997-06-30 00:00:00,1997
RGI60_01_Alaska,USA,Seward Glacier,3362.656,-140.270217295,60.0436087844,,1997-08-15 00:00:00,1997-09-16 00:00:00,1997
RGI60_01_Alaska,USA,Seward Glacier,3362.656,-140.270217295,60.0436087844,,1998-06-01 00:00:00,1998-06-17 00:00:00,1998
RGI60_01_Alaska,USA,Seward Glacier,3362.656,-140.270217295,60.0436087844,,1998-09-28 00:00:00,1998-10-07 00:00:00,1998
RGI60_01_Alaska,USA,Seward Glacier,3362.656,-140.270217295,60.0436087844,,1999-06-20 00:00:00,1999-07-04 00:00:00,1999
RGI60_01_Alaska,USA,Seward Glacier,3362.656,-140.270217295,60.0436087844,,2000-09-09 00:00:00,2000-10-02 00:00:00,2000
RGI60_01_Alaska,USA,Seward Glacier,3362.656,-140.270217295,60.0436087844,,2001-06-24 00:00:00,2001-07-01 00:00:00,2001
RGI60_01_Alaska,USA,Seward Glacier,3362.656,-140.270217295,60.0436087844,,2001-07-19 00:00:00,2001-08-02 00:00:00,2001
RGI60_01_Alaska,USA,Seward Glacier,3362.656,-140.270217295,60.0436087844,,2002-08-14 00:00:00,2002-10-24 00:00:00,2002
RGI60_01_Alaska,USA,Seward Glacier,3362.656,-140.270217295,60.0436087844,,2003-05-20 00:00:00,2003-08-01 00:00:00,2003
RGI60_01_Alaska,USA,Seward Glacier,3362.656,-140.270217295,60.0436087844,,2003-08-01 00:00:00,2003-08-09 00:00:00,2003
RGI60_01_Alaska,USA,Seward Glacier,3362.656,-140.270217295,60.0436087844,,2003-09-26 00:00:00,2003-10-12 00:00:00,2003
RGI60_01_Alaska,USA,Seward Glacier,3362.656,-140.270217295,60.0436087844,,2004-07-02 00:00:00,2004-07-19 00:00:00,2004
RGI60_01_Alaska,USA,Seward Glacier,3362.656,-140.270217295,60.0436087844,,2004-10-15 00:00:00,2004-10-22 00:00:00,2004
RGI60_01_Alaska,USA,Seward Glacier,3362.656,-140.270217295,60.0436087844,,2005-05-19 00:00:00,2005-07-05 00:00:00,2005
RGI60_01_Alaska,USA,Seward Glacier,3362.656,-140.270217295,60.0436087844,,2005-08-07 00:00:00,2005-08-13 00:00:00,2005
RGI60_01_Alaska,USA,Seward Glacier,3362.656,-140.270217295,60.0436087844,,2005-10-02 00:00:00,2005-10-25 00:00:00,2005
RGI60_01_Alaska,USA,Seward Glacier,3362.656,-140.270217295,60.0436087844,,2006-06-14 00:00:00,2005-08-08 00:00:00,2006
RGI60_01_Alaska,USA,Seward Glacier,3362.656,-140.270217295,60.0436087844,,2006-10-12 00:00:00,2006-10-19 00:00:00,2006
RGI60_01_Alaska,USA,Seward Glacier,3362.656,-140.270217295,60.0436087844,,2007-06-10 00:00:00,2007-07-19 00:00:00,2007
RGI60_01_Alaska,USA,Seward Glacier,3362.656,-140.270217295,60.0436087844,,2008-05-27 00:00:00,2008-07-05 00:00:00,2008
RGI60_01_Alaska,USA,Seward Glacier,3362.656,-140.270217295,60.0436087844,,2008-07-28 00:00:00,2008-08-30 00:00:00,2008
RGI60_01_Alaska,USA,Seward Glacier,3362.656,-140.270217295,60.0436087844,,2009-06-03 00:00:00,2009-07-14 00:00:00,2009
RGI60_01_Alaska,USA,Seward Glacier,3362.656,-140.270217295,60.0436087844,,2010-06-09 00:00:00,2010-06-24 00:00:00,2010
RGI60_01_Alaska,USA,Seward Glacier,3362.656,-140.270217295,60.0436087844,,2010-08-04 00:00:00,2010-08-21 00:00:00,2010
RGI60_01_Alaska,USA,Seward Glacier,3362.656,-140.270217295,60.0436087844,,2010-10-07 00:00:00,2010-10-24 00:00:00,2010
RGI60_01_Alaska,USA,Seward Glacier,3362.656,-140.270217295,60.0436087844,,2011-05-30 00:00:00,2011-07-01 00:00:00,2011
RGI60_01_Alaska,USA,Seward Glacier,3362.656,-140.270217295,60.0436087844,,2012-07-21 00:00:00,2012-08-29 00:00:00,2012
RGI60_01_Alaska,USA,Seward Glacier,3362.656,-140.270217295,60.0436087844,,2012-10-01 00:00:00,2013-06-24 00:00:00,2012
RGI60_01_Alaska,USA,Seward Glacier,3362.656,-140.270217295,60.0436087844,,2013-07-12 00:00:00,2013-08-06 00:00:00,2013
RGI60_01_Alaska,USA,Seward Glacier,3362.656,-140.270217295,60.0436087844,,2013-08-27 00:00:00,2014-06-14 00:00:00,2013
RGI60_01_Alaska,USA,Seward Glacier,3362.656,-140.270217295,60.0436087844,,2014-07-02 00:00:00,2014-08-01 00:00:00,2014
RGI60_01_Alaska,USA,Seward Glacier,3362.656,-140.270217295,60.0436087844,,2014-08-20 00:00:00,2015-05-13 00:00:00,2014
RGI60_01_Alaska,USA,Seward Glacier,3362.656,-140.270217295,60.0436087844,,2015-05-15 00:00:00,2015-06-24 00:00:00,2015
RGI60_01_Alaska,USA,Seward Glacier,3362.656,-140.270217295,60.0436087844,,2015-10-06 00:00:00,2015-11-23 00:00:00,2015
RGI60_01_Alaska,USA,Seward Glacier,3362.656,-140.270217295,60.0436087844,,2016-11-24 00:00:00,2016-12-12 00:00:00,2016
RGI60_01_Alaska,USA,Seward Glacier,3362.656,-140.270217295,60.0436087844,,2017-06-04 00:00:00,2017-07-22 00:00:00,2017
RGI60_01_Alaska,USA,Seward Glacier,3362.656,-140.270217295,60.0436087844,,2017-08-14 00:00:00,2017-09-19 00:00:00,2017
RGI60_01_Alaska,USA,Seward Glacier,3362.656,-140.270217295,60.0436087844,,2017-11-01 00:00:00,2017-11-15 00:00:00,2017
RGI60_01_Alaska,USA,Seward Glacier,3362.656,-140.270217295,60.0436087844,,2018-05-18 00:00:00,2018-07-02 00:00:00,2018
RGI60_01_Alaska,USA,Seward Glacier,3362.656,-140.270217295,60.0436087844,,2018-10-26 00:00:00,2018-11-05 00:00:00,2018
RGI60_01_Alaska,USA,Seward Glacier,3362.656,-140.270217295,60.0436087844,,2019-05-20 00:00:00,2019-06-13 00:00:00,2019
RGI60_01_Alaska,USA,Seward Glacier,3362.656,-140.270217295,60.0436087844,,2019-09-27 00:00:00,2019-10-16 00:00:00,2019
RGI60_01_Alaska,USA,Seward Glacier,3362.656,-140.270217295,60.0436087844,,2020-07-03 00:00:00,2020-07-16 00:00:00,2020
RGI60_01_Alaska,USA,Seward Glacier,3362.656,-140.270217295,60.0436087844,,2020-09-05 00:00:00,2020-09-12 00:00:00,2020
RGI60_01_Alaska,USA,Seward Glacier,3362.656,-140.270217295,60.0436087844,,2020-10-10 00:00:00,2020-10-16 00:00:00,2020
RGI60_01_Alaska,USA,Seward Glacier,3362.656,-140.270217295,60.0436087844,,2021-07-01 00:00:00,2021-07-30 00:00:00,2021
RGI60_01_Alaska,USA,Seward Glacier,3362.656,-140.270217295,60.0436087844,,2022-06-17 00:00:00,2022-06-23 00:00:00,2022
RGI60_01_Alaska,USA,Seward Glacier,3362.656,-140.270217295,60.0436087844,,2022-09-05 00:00:00,2022-09-22 00:00:00,2022
RGI60_01_Alaska,USA,Seward Glacier,3362.656,-140.270217295,60.0436087844,,2022-09-28 00:00:00,2022-10-22 00:00:00,2022
RGI60_01_Alaska,USA,Seward Glacier,3362.656,-140.270217295,60.0436087844,,2023-06-23 00:00:00,2023-07-16 00:00:00,2023
RGI60_01_Alaska,USA,Seward Glacier,3362.656,-140.270217295,60.0436087844,,2023-08-18 00:00:00,2023-08-22 00:00:00,2023
RGI60_01_Alaska,USA,Seward Glacier,3362.656,-140.270217295,60.0436087844,,2024-06-19 00:00:00,2024-06-26 00:00:00,2024
RGI60_01_Alaska,USA,Seward Glacier,3362.656,-140.270217295,60.0436087844,,2024-09-08 00:00:00,2024-09-19 00:00:00,2024
RGI60_01_Alaska,USA,Seward Glacier,3362.656,-140.270217295,60.0436087844,,2025-05-24 00:00:00,2025-05-30 00:00:00,2025
RGI60_01_Alaska,USA,Seward Glacier,3362.656,-140.270217295,60.0436087844,,2025-08-12 00:00:00,2025-09-01 00:00:00,2025
RGI60_01_Alaska,USA,Novatak Glacier,206.951,-138.423605208,59.5395128478,,1990-07-22 00:00:00,1992-09-04 00:00:00,1990
RGI60_01_Alaska,USA,Novatak Glacier,206.951,-138.423605208,59.5395128478,,1996-08-14 00:00:00,1996-09-08 00:00:00,1996
RGI60_01_Alaska,USA,Novatak Glacier,206.951,-138.423605208,59.5395128478,,2000-08-10 00:00:00,2000-08-26 00:00:00,2000
RGI60_01_Alaska,USA,Novatak Glacier,206.951,-138.423605208,59.5395128478,,2001-07-19 00:00:00,2001-08-13 00:00:00,2001
RGI60_01_Alaska,USA,Novatak Glacier,206.951,-138.423605208,59.5395128478,,2003-07-18 00:00:00,2003-08-10 00:00:00,2003
RGI60_01_Alaska,USA,Novatak Glacier,206.951,-138.423605208,59.5395128478,,2005-09-08 00:00:00,2005-10-02 00:00:00,2005
RGI60_01_Alaska,USA,Novatak Glacier,206.951,-138.423605208,59.5395128478,,2006-07-02 00:00:00,2008-09-24 00:00:00,2006
RGI60_01_Alaska,USA,Novatak Glacier,206.951,-138.423605208,59.5395128478,,2009-08-03 00:00:00,2009-09-28 00:00:00,2009
RGI60_01_Alaska,USA,Novatak Glacier,206.951,-138.423605208,59.5395128478,,2010-08-14 00:00:00,2010-09-14 00:00:00,2010
RGI60_01_Alaska,USA,Novatak Glacier,206.951,-138.423605208,59.5395128478,,2014-08-01 00:00:00,2014-09-02 00:00:00,2014
RGI60_01_Alaska,USA,Novatak Glacier,206.951,-138.423605208,59.5395128478,,2016-07-17 00:00:00,2016-09-30 00:00:00,2016
RGI60_01_Alaska,USA,Novatak Glacier,206.951,-138.423605208,59.5395128478,,2018-07-24 00:00:00,2018-08-19 00:00:00,2018
RGI60_01_Alaska,USA,Novatak Glacier,206.951,-138.423605208,59.5395128478,,2019-08-06 00:00:00,2019-08-11 00:00:00,2019
RGI60_01_Alaska,USA,Novatak Glacier,206.951,-138.423605208,59.5395128478,,2020-09-11 00:00:00,2020-09-14 00:00:00,2020
RGI60_01_Alaska,USA,Novatak Glacier,206.951,-138.443028013,59.4933917284,,1988-09-25 00:00:00,1989-08-11 00:00:00,1988
RGI60_01_Alaska,USA,Novatak Glacier,206.951,-138.443028013,59.4933917284,,1992-09-04 00:00:00,1994-08-02 00:00:00,1992
RGI60_01_Alaska,USA,Novatak Glacier,206.951,-138.443028013,59.4933917284,,1996-08-14 00:00:00,1996-09-08 00:00:00,1996
RGI60_01_Alaska,USA,Novatak Glacier,206.951,-138.443028013,59.4933917284,,2000-08-26 00:00:00,2001-08-13 00:00:00,2000
RGI60_01_Alaska,USA,Novatak Glacier,206.951,-138.443028013,59.4933917284,,2003-08-10 00:00:00,2003-10-14 00:00:00,2003
RGI60_01_Alaska,USA,Novatak Glacier,206.951,-138.443028013,59.4933917284,,2004-08-13 00:00:00,2004-10-15 00:00:00,2004
RGI60_01_Alaska,USA,Novatak Glacier,206.951,-138.443028013,59.4933917284,,2009-08-03 00:00:00,2009-09-28 00:00:00,2009
RGI60_01_Alaska,USA,Novatak Glacier,206.951,-138.443028013,59.4933917284,,2010-08-14 00:00:00,2010-09-14 00:00:00,2010
RGI60_01_Alaska,USA,Novatak Glacier,206.951,-138.443028013,59.4933917284,,2014-08-01 00:00:00,2014-09-02 00:00:00,2014
RGI60_01_Alaska,USA,Novatak Glacier,206.951,-138.443028013,59.4933917284,,2016-07-17 00:00:00,2016-08-26 00:00:00,2016
RGI60_01_Alaska,USA,Novatak Glacier,206.951,-138.443028013,59.4933917284,,2017-08-09 00:00:00,2017-09-25 00:00:00,2017
RGI60_01_Alaska,USA,Novatak Glacier,206.951,-138.443028013,59.4933917284,,2018-07-24 00:00:00,2018-08-19 00:00:00,2018
RGI60_01_Alaska,USA,Novatak Glacier,206.951,-138.443028013,59.4933917284,,2019-08-06 00:00:00,2019-08-08 00:00:00,2019
RGI60_01_Alaska,USA,Novatak Glacier,206.951,-138.443028013,59.4933917284,,2020-09-11 00:00:00,2020-09-14 00:00:00,2020
RGI60_01_Alaska,USA,Battle Glacier,178.164,-138.362440906,59.6316140386,,1986-09-13 00:00:00,1987-07-05 00:00:00,1986
RGI60_01_Alaska,USA,Battle Glacier,178.164,-138.362440906,59.6316140386,,1989-08-27 00:00:00,1990-06-27 00:00:00,1989
RGI60_01_Alaska,USA,Battle Glacier,178.164,-138.362440906,59.6316140386,,1994-09-10 00:00:00,1995-06-18 00:00:00,1994
RGI60_01_Alaska,USA,Battle Glacier,178.164,-138.362440906,59.6316140386,,1996-09-15 00:00:00,1996-10-17 00:00:00,1996
RGI60_01_Alaska,USA,Battle Glacier,178.164,-138.362440906,59.6316140386,,1998-08-13 00:00:00,1999-07-15 00:00:00,1998
RGI60_01_Alaska,USA,Battle Glacier,178.164,-138.362440906,59.6316140386,,1999-11-28 00:00:00,2000-03-10 00:00:00,1999
RGI60_01_Alaska,USA,Battle Glacier,178.164,-138.362440906,59.6316140386,,2000-10-29 00:00:00,2001-03-22 00:00:00,2000
RGI60_01_Alaska,USA,Battle Glacier,178.164,-138.362440906,59.6316140386,,2002-08-16 00:00:00,2003-03-12 00:00:00,2002
RGI60_01_Alaska,USA,Battle Glacier,178.164,-138.362440906,59.6316140386,,2004-08-20 00:00:00,2004-10-16 00:00:00,2004
RGI60_01_Alaska,USA,Battle Glacier,178.164,-138.362440906,59.6316140386,,2005-10-03 00:00:00,2005-11-04 00:00:00,2005
RGI60_01_Alaska,USA,Battle Glacier,178.164,-138.362440906,59.6316140386,,2006-08-27 00:00:00,2007-03-30 00:00:00,2006
RGI60_01_Alaska,USA,Battle Glacier,178.164,-138.362440906,59.6316140386,,2007-08-14 00:00:00,2008-04-18 00:00:00,2007
RGI60_01_Alaska,USA,Battle Glacier,178.164,-138.362440906,59.6316140386,,2008-09-24 00:00:00,2009-06-24 00:00:00,2008
RGI60_01_Alaska,USA,Battle Glacier,178.164,-138.362440906,59.6316140386,,2009-07-17 00:00:00,2009-09-29 00:00:00,2009
RGI60_01_Alaska,USA,Battle Glacier,178.164,-138.362440906,59.6316140386,,2010-10-24 00:00:00,2011-04-27 00:00:00,2010
RGI60_01_Alaska,USA,Battle Glacier,178.164,-138.362440906,59.6316140386,,2011-09-01 00:00:00,2011-09-25 00:00:00,2011
RGI60_01_Alaska,USA,Battle Glacier,178.164,-138.362440906,59.6316140386,,2012-10-09 00:00:00,2013-06-10 00:00:00,2012
RGI60_01_Alaska,USA,Battle Glacier,178.164,-138.362440906,59.6316140386,,2013-09-02 00:00:00,2013-10-16 00:00:00,2013
RGI60_01_Alaska,USA,Battle Glacier,178.164,-138.362440906,59.6316140386,,2014-09-02 00:00:00,2014-09-25 00:00:00,2014
RGI60_01_Alaska,USA,Battle Glacier,178.164,-138.362440906,59.6316140386,,2015-07-03 00:00:00,2015-07-25 00:00:00,2015
RGI60_01_Alaska,USA,Battle Glacier,178.164,-138.362440906,59.6316140386,,2016-09-10 00:00:00,2016-10-01 00:00:00,2016
RGI60_01_Alaska,USA,Battle Glacier,178.164,-138.362440906,59.6316140386,,2017-10-01 00:00:00,2017-10-07 00:00:00,2017
RGI60_01_Alaska,USA,Battle Glacier,178.164,-138.362440906,59.6316140386,,2018-07-21 00:00:00,2018-07-24 00:00:00,2018
RGI60_01_Alaska,USA,Battle Glacier,178.164,-138.362440906,59.6316140386,,2019-07-07 00:00:00,2019-07-22 00:00:00,2019
RGI60_01_Alaska,USA,Battle Glacier,178.164,-138.362440906,59.6316140386,,2020-07-03 00:00:00,2020-07-08 00:00:00,2020
RGI60_01_Alaska,USA,Battle Glacier,178.164,-138.362440906,59.6316140386,,2021-08-03 00:00:00,2021-08-15 00:00:00,2021
RGI60_01_Alaska,USA,Battle Glacier,178.164,-138.362440906,59.6316140386,,2022-07-02 00:00:00,2022-07-04 00:00:00,2022
RGI60_01_Alaska,USA,Battle Glacier,178.164,-138.362440906,59.6316140386,,2023-08-05 00:00:00,2023-08-18 00:00:00,2023
RGI60_01_Alaska,USA,Battle Glacier,178.164,-138.362440906,59.6316140386,,2024-08-04 00:00:00,2024-08-06 00:00:00,2024
RGI60_01_Alaska,USA,Battle Glacier,178.164,-138.362440906,59.6316140386,,2025-07-19 00:00:00,2025-07-22 00:00:00,2025
RGI60_01_Alaska,USA,Wernicke Glacier,129.109,-143.840048348,60.7785686247,,2005-08-11 00:00:00,2005-09-13 00:00:00,2005
RGI60_01_Alaska,USA,Wernicke Glacier,129.109,-143.840048348,60.7785686247,,2009-07-14 00:00:00,2009-09-15 00:00:00,2009
RGI60_01_Alaska,USA,Hubbard Glacier,2834.493,-139.478,59.993,1986-10-08,,,1986
RGI60_01_Alaska,USA,Hubbard Glacier,2834.493,-139.478,59.993,2002-08-14,,,2002
RGI60_01_Alaska,USA,Steller Glacier,743.599,-143.80331,60.403511,1983,,,1983
RGI60_01_Alaska,USA,Steller Glacier,743.599,-143.80331,60.403511,1984,,,1984
RGI60_01_Alaska,USA,Steller Glacier,743.599,-143.80331,60.403511,1986-09-12,,,1986
RGI60_01_Alaska,USA,Steller Glacier,743.599,-143.80331,60.403511,2014-11-06,,,2014
RGI60_01_Alaska,USA,Steller Glacier,743.599,-143.80331,60.403511,2015-08-02,,,2015
RGI60_01_Alaska,USA,Steller Glacier,743.599,-143.80331,60.403511,2016-06-08,,,2016
RGI60_01_Alaska,USA,Steller Glacier,743.599,-143.80331,60.403511,2017-09-25,,,2017
RGI60_01_Alaska,USA,Steller Glacier,743.599,-143.80331,60.403511,2018-09-25,,,2018
RGI60_01_Alaska,USA,Steller Glacier,743.599,-143.80331,60.403511,2019-08-05,,,2019
RGI60_01_Alaska,USA,Steller Glacier,743.599,-143.80331,60.403511,2020-06-06,,,2020
RGI60_01_Alaska,USA,Steller Glacier,743.599,-143.80331,60.403511,2022-09-01 00:00:00,2022-09-16 00:00:00,2022-09-26 00:00:00,2022
RGI60_01_Alaska,USA,Steller Glacier,743.599,-143.80331,60.403511,2023,2023-08-02 00:00:00,2023-08-17 00:00:00,2023
RGI60_01_Alaska,USA,Steller Glacier,743.599,-143.80331,60.403511,2024,2024-07-21 00:00:00,2014-08-03 00:00:00,2024
RGI60_01_Alaska,USA,Steller Glacier,743.599,-143.80331,60.403511,2025,2025-07-27 00:00:00,2025-08-03 00:00:00,2025
RGI60_01_Alaska,USA,Steller Glacier,743.599,-143.529832333,60.3768837618,,1983-07-23 00:00:00,1983-09-16 00:00:00,1983
RGI60_01_Alaska,USA,Steller Glacier,743.599,-143.529832333,60.3768837618,,1985-08-05 00:00:00,1985-12-02 00:00:00,1985
RGI60_01_Alaska,USA,Steller Glacier,743.599,-143.529832333,60.3768837618,,1996-09-04 00:00:00,1997-03-22 00:00:00,1996
RGI60_01_Alaska,USA,Steller Glacier,743.599,-143.529832333,60.3768837618,,1998-08-09 00:00:00,1998-09-17 00:00:00,1998
RGI60_01_Alaska,USA,Steller Glacier,743.599,-143.529832333,60.3768837618,,1999-10-23 00:00:00,2000-09-30 00:00:00,1999
RGI60_01_Alaska,USA,Steller Glacier,743.599,-143.529832333,60.3768837618,,2001-09-10 00:00:00,2001-11-29 00:00:00,2001
RGI60_01_Alaska,USA,Steller Glacier,743.599,-143.529832333,60.3768837618,,2003-09-15 00:00:00,2004-06-21 00:00:00,2003
RGI60_01_Alaska,USA,Steller Glacier,743.599,-143.529832333,60.3768837618,,2005-06-17 00:00:00,2005-08-11 00:00:00,2005
RGI60_01_Alaska,USA,Steller Glacier,743.599,-143.529832333,60.3768837618,,2006-09-24 00:00:00,2007-02-15 00:00:00,2006
RGI60_01_Alaska,USA,Steller Glacier,743.599,-143.529832333,60.3768837618,,2008-08-11 00:00:00,2008-09-29 00:00:00,2008
RGI60_01_Alaska,USA,Steller Glacier,743.599,-143.529832333,60.3768837618,,2010-09-03 00:00:00,2010-09-11 00:00:00,2010
RGI60_01_Alaska,USA,Steller Glacier,743.599,-143.529832333,60.3768837618,,2011-10-08 00:00:00,2012-04-01 00:00:00,2011
RGI60_01_Alaska,USA,Steller Glacier,743.599,-143.529832333,60.3768837618,,2013-08-13 00:00:00,2013-08-29 00:00:00,2013
RGI60_01_Alaska,USA,Steller Glacier,743.599,-143.529832333,60.3768837618,,2014-10-15 00:00:00,2014-10-23 00:00:00,2014
RGI60_01_Alaska,USA,Steller Glacier,743.599,-143.529832333,60.3768837618,,2016-07-17 00:00:00,2016-08-26 00:00:00,2016
RGI60_01_Alaska,USA,Steller Glacier,743.599,-143.529832333,60.3768837618,,2017-10-01 00:00:00,2017-10-31 00:00:00,2017
RGI60_01_Alaska,USA,Steller Glacier,743.599,-143.529832333,60.3768837618,,2019-07-17 00:00:00,2019-08-07 00:00:00,2019
RGI60_01_Alaska,USA,Steller Glacier,743.599,-143.529832333,60.3768837618,,2020-09-25 00:00:00,2020-11-04 00:00:00,2020
RGI60_01_Alaska,USA,Steller Glacier,743.599,-143.529832333,60.3768837618,,2022-08-07 00:00:00,2022-08-25 00:00:00,2022
RGI60_01_Alaska,USA,Steller Glacier,743.599,-143.529832333,60.3768837618,,2023-10-15 00:00:00,2023-11-04 00:00:00,2023
RGI60_01_Alaska,USA,Steller Glacier,743.599,-143.529832333,60.3768837618,,2025-08-05 00:00:00,2025-08-17 00:00:00,2025
RGI60_01_Alaska,USA,Steller Glacier,743.599,-143.550522486,60.4032249981,,1984-08-02 00:00:00,1985-04-22 00:00:00,1984
RGI60_01_Alaska,USA,Steller Glacier,743.599,-143.550522486,60.4032249981,,1988-08-12 00:00:00,1989-04-01 00:00:00,1988
RGI60_01_Alaska,USA,Steller Glacier,743.599,-143.550522486,60.4032249981,,1996-09-04 00:00:00,1997-03-22 00:00:00,1996
RGI60_01_Alaska,USA,Steller Glacier,743.599,-143.550522486,60.4032249981,,1998-10-28 00:00:00,1999-05-15 00:00:00,1998
RGI60_01_Alaska,USA,Steller Glacier,743.599,-143.550522486,60.4032249981,,2000-10-09 00:00:00,2001-04-19 00:00:00,2000
RGI60_01_Alaska,USA,Steller Glacier,743.599,-143.550522486,60.4032249981,,2002-09-29 00:00:00,2003-03-08 00:00:00,2002
RGI60_01_Alaska,USA,Steller Glacier,743.599,-143.550522486,60.4032249981,,2004-10-20 00:00:00,2005-04-30 00:00:00,2004
RGI60_01_Alaska,USA,Steller Glacier,743.599,-143.550522486,60.4032249981,,2006-08-07 00:00:00,2006-09-24 00:00:00,2006
RGI60_01_Alaska,USA,Steller Glacier,743.599,-143.550522486,60.4032249981,,2008-08-11 00:00:00,2008-09-29 00:00:00,2008
RGI60_01_Alaska,USA,Steller Glacier,743.599,-143.550522486,60.4032249981,,2010-09-14 00:00:00,2010-09-27 00:00:00,2010
RGI60_01_Alaska,USA,Steller Glacier,743.599,-143.550522486,60.4032249981,,2012-10-11 00:00:00,2013-06-09 00:00:00,2012
RGI60_01_Alaska,USA,Steller Glacier,743.599,-143.550522486,60.4032249981,,2014-08-29 00:00:00,2014-09-21 00:00:00,2014
RGI60_01_Alaska,USA,Steller Glacier,743.599,-143.550522486,60.4032249981,,2015-10-11 00:00:00,2016-03-03 00:00:00,2015
RGI60_01_Alaska,USA,Steller Glacier,743.599,-143.550522486,60.4032249981,,2017-07-22 00:00:00,2017-08-04 00:00:00,2017
RGI60_01_Alaska,USA,Steller Glacier,743.599,-143.550522486,60.4032249981,,2019-04-01 00:00:00,2019-06-05 00:00:00,2019
RGI60_01_Alaska,USA,Steller Glacier,743.599,-143.550522486,60.4032249981,,2021-07-26 00:00:00,2021-07-31 00:00:00,2021
RGI60_01_Alaska,USA,Steller Glacier,743.599,-143.550522486,60.4032249981,,2022-09-05 00:00:00,2022-09-16 00:00:00,2022
RGI60_01_Alaska,USA,Steller Glacier,743.599,-143.550522486,60.4032249981,,2023-09-02 00:00:00,2023-09-22 00:00:00,2023
RGI60_01_Alaska,USA,Steller Glacier,743.599,-143.550522486,60.4032249981,,2024-09-21 00:00:00,2024-09-30 00:00:00,2024
RGI60_01_Alaska,USA,Steller Glacier,743.599,-143.550522486,60.4032249981,,2025-09-04 00:00:00,2025-09-22 00:00:00,2025
RGI60_01_Alaska,USA,Kennicott Glacier,292.531,-142.8905,61.4764,1994-05-24,,,1994
RGI60_01_Alaska,USA,Kennicott Glacier,292.531,-142.8905,61.4764,1994-05-20,,,1994
RGI60_01_Alaska,USA,Kennicott Glacier,292.531,-142.946377,61.518766,1994-06-18,,,1994
RGI60_01_Alaska,USA,Kennicott Glacier,292.531,-142.946377,61.518766,1994-07-29,,,1994
RGI60_01_Alaska,USA,Kennicott Glacier,292.531,-142.946377,61.518766,1995-06-06,,,1995
RGI60_01_Alaska,USA,Kennicott Glacier,292.531,-142.946377,61.518766,1995-07-23,,,1995
RGI60_01_Alaska,USA,Kennicott Glacier,292.531,-143.093834,61.560855,1860,,,1860
RGI60_01_Alaska,USA,Kennicott Glacier,292.531,-143.093834,61.560855,1861,,,1861
RGI60_01_Alaska,USA,Kennicott Glacier,292.531,-143.093834,61.560855,1862,,,1862
RGI60_01_Alaska,USA,Kennicott Glacier,292.531,-143.093834,61.560855,1863,,,1863
RGI60_01_Alaska,USA,Kennicott Glacier,292.531,-143.093834,61.560855,1864,,,1864
RGI60_01_Alaska,USA,Kennicott Glacier,292.531,-143.093834,61.560855,1865,,,1865
RGI60_01_Alaska,USA,Kennicott Glacier,292.531,-143.093834,61.560855,1866,,,1866
RGI60_01_Alaska,USA,Kennicott Glacier,292.531,-143.093834,61.560855,1867,,,1867
RGI60_01_Alaska,USA,Kennicott Glacier,292.531,-143.093834,61.560855,1868,,,1868
RGI60_01_Alaska,USA,Kennicott Glacier,292.531,-143.093834,61.560855,1869,,,1869
RGI60_01_Alaska,USA,Kennicott Glacier,292.531,-143.093834,61.560855,1870,,,1870
RGI60_01_Alaska,USA,Kennicott Glacier,292.531,-143.093834,61.560855,1871,,,1871
RGI60_01_Alaska,USA,Kennicott Glacier,292.531,-143.093834,61.560855,1872,,,1872
RGI60_01_Alaska,USA,Kennicott Glacier,292.531,-143.093834,61.560855,1873,,,1873
RGI60_01_Alaska,USA,Kennicott Glacier,292.531,-143.093834,61.560855,1874,,,1874
RGI60_01_Alaska,USA,Kennicott Glacier,292.531,-143.093834,61.560855,1875,,,1875
RGI60_01_Alaska,USA,Kennicott Glacier,292.531,-143.093834,61.560855,1876,,,1876
RGI60_01_Alaska,USA,Kennicott Glacier,292.531,-143.093834,61.560855,1877,,,1877
RGI60_01_Alaska,USA,Kennicott Glacier,292.531,-143.093834,61.560855,1878,,,1878
RGI60_01_Alaska,USA,Kennicott Glacier,292.531,-143.093834,61.560855,1879,,,1879
RGI60_01_Alaska,USA,Kennicott Glacier,292.531,-143.093834,61.560855,1880,,,1880
RGI60_01_Alaska,USA,Kennicott Glacier,292.531,-143.093834,61.560855,1881,,,1881
RGI60_01_Alaska,USA,Kennicott Glacier,292.531,-143.093834,61.560855,1882,,,1882
RGI60_01_Alaska,USA,Kennicott Glacier,292.531,-143.093834,61.560855,1883,,,1883
RGI60_01_Alaska,USA,Kennicott Glacier,292.531,-143.093834,61.560855,1884,,,1884
RGI60_01_Alaska,USA,Kennicott Glacier,292.531,-143.093834,61.560855,1885,,,1885
RGI60_01_Alaska,USA,Kennicott Glacier,292.531,-143.093834,61.560855,1886,,,1886
RGI60_01_Alaska,USA,Kennicott Glacier,292.531,-143.093834,61.560855,1887,,,1887
RGI60_01_Alaska,USA,Kennicott Glacier,292.531,-143.093834,61.560855,1888,,,1888
RGI60_01_Alaska,USA,Kennicott Glacier,292.531,-143.093834,61.560855,1889,,,1889
RGI60_01_Alaska,USA,Kennicott Glacier,292.531,-143.093834,61.560855,1890,,,1890
RGI60_01_Alaska,USA,Kennicott Glacier,292.531,-143.093834,61.560855,1891,,,1891
RGI60_01_Alaska,USA,Kennicott Glacier,292.531,-143.093834,61.560855,1892,,,1892
RGI60_01_Alaska,USA,Kennicott Glacier,292.531,-143.093834,61.560855,1893,,,1893
RGI60_01_Alaska,USA,Kennicott Glacier,292.531,-143.093834,61.560855,1894,,,1894
RGI60_01_Alaska,USA,Kennicott Glacier,292.531,-143.093834,61.560855,1895,,,1895
RGI60_01_Alaska,USA,Kennicott Glacier,292.531,-143.093834,61.560855,1896,,,1896
RGI60_01_Alaska,USA,Kennicott Glacier,292.531,-143.093834,61.560855,1897,,,1897
RGI60_01_Alaska,USA,Kennicott Glacier,292.531,-143.093834,61.560855,1898,,,1898
RGI60_01_Alaska,USA,Kennicott Glacier,292.531,-143.093834,61.560855,1899,,,1899
RGI60_01_Alaska,USA,Kennicott Glacier,292.531,-143.093834,61.560855,1900,,,1900
RGI60_01_Alaska,USA,Kennicott Glacier,292.531,-143.093834,61.560855,1901,,,1901
RGI60_01_Alaska,USA,Kennicott Glacier,292.531,-143.093834,61.560855,1902,,,1902
RGI60_01_Alaska,USA,Kennicott Glacier,292.531,-143.093834,61.560855,1903,,,1903
RGI60_01_Alaska,USA,Kennicott Glacier,292.531,-143.093834,61.560855,1904,,,1904
RGI60_01_Alaska,USA,Kennicott Glacier,292.531,-143.093834,61.560855,1905,,,1905
RGI60_01_Alaska,USA,Kennicott Glacier,292.531,-143.093834,61.560855,1906,,,1906
RGI60_01_Alaska,USA,Kennicott Glacier,292.531,-143.093834,61.560855,1907,,,1907
RGI60_01_Alaska,USA,Kennicott Glacier,292.531,-143.093834,61.560855,1908,,,1908
RGI60_01_Alaska,USA,Kennicott Glacier,292.531,-143.093834,61.560855,1909,,,1909
RGI60_01_Alaska,USA,Kennicott Glacier,292.531,-143.093834,61.560855,1910,,,1910
RGI60_01_Alaska,USA,Kennicott Glacier,292.531,-143.093834,61.560855,1911-09-15,,,1911
RGI60_01_Alaska,USA,Kennicott Glacier,292.531,-143.093834,61.560855,1912,,,1912
RGI60_01_Alaska,USA,Kennicott Glacier,292.531,-143.093834,61.560855,1913,,,1913
RGI60_01_Alaska,USA,Kennicott Glacier,292.531,-143.093834,61.560855,1914,,,1914
RGI60_01_Alaska,USA,Kennicott Glacier,292.531,-143.093834,61.560855,1915,,,1915
RGI60_01_Alaska,USA,Kennicott Glacier,292.531,-143.093834,61.560855,1916,,,1916
RGI60_01_Alaska,USA,Kennicott Glacier,292.531,-143.093834,61.560855,1917,,,1917
RGI60_01_Alaska,USA,Kennicott Glacier,292.531,-143.093834,61.560855,1918,,,1918
RGI60_01_Alaska,USA,Kennicott Glacier,292.531,-143.093834,61.560855,1919,,,1919
RGI60_01_Alaska,USA,Kennicott Glacier,292.531,-143.093834,61.560855,1920,,,1920
RGI60_01_Alaska,USA,Kennicott Glacier,292.531,-143.093834,61.560855,1921-09-16,,,1921
RGI60_01_Alaska,USA,Kennicott Glacier,292.531,-143.093834,61.560855,1922-09-02,,,1922
RGI60_01_Alaska,USA,Kennicott Glacier,292.531,-143.093834,61.560855,1923-08-20,,,1923
RGI60_01_Alaska,USA,Kennicott Glacier,292.531,-143.093834,61.560855,1924,,,1924
RGI60_01_Alaska,USA,Kennicott Glacier,292.531,-143.093834,61.560855,1925-09-07,,,1925
RGI60_01_Alaska,USA,Kennicott Glacier,292.531,-143.093834,61.560855,1926-08-29,,,1926
RGI60_01_Alaska,USA,Kennicott Glacier,292.531,-143.093834,61.560855,1927,,,1927
RGI60_01_Alaska,USA,Kennicott Glacier,292.531,-143.093834,61.560855,1928,,,1928
RGI60_01_Alaska,USA,Kennicott Glacier,292.531,-143.093834,61.560855,1929,,,1929
RGI60_01_Alaska,USA,Kennicott Glacier,292.531,-143.093834,61.560855,1930,,,1930
RGI60_01_Alaska,USA,Kennicott Glacier,292.531,-143.093834,61.560855,1931,,,1931
RGI60_01_Alaska,USA,Kennicott Glacier,292.531,-143.093834,61.560855,1932-08-15,,,1932
RGI60_01_Alaska,USA,Kennicott Glacier,292.531,-143.093834,61.560855,1933-08-28,,,1933
RGI60_01_Alaska,USA,Kennicott Glacier,292.531,-143.093834,61.560855,1934,,,1934
RGI60_01_Alaska,USA,Kennicott Glacier,292.531,-143.093834,61.560855,1935,,,1935
RGI60_01_Alaska,USA,Kennicott Glacier,292.531,-143.093834,61.560855,1936,,,1936
RGI60_01_Alaska,USA,Kennicott Glacier,292.531,-143.093834,61.560855,1937,,,1937
RGI60_01_Alaska,USA,Kennicott Glacier,292.531,-143.093834,61.560855,1938,,,1938
RGI60_01_Alaska,USA,Kennicott Glacier,292.531,-143.093834,61.560855,1939,,,1939
RGI60_01_Alaska,USA,Kennicott Glacier,292.531,-143.093834,61.560855,1940,,,1940
RGI60_01_Alaska,USA,Kennicott Glacier,292.531,-143.093834,61.560855,1941,,,1941
RGI60_01_Alaska,USA,Kennicott Glacier,292.531,-143.093834,61.560855,1942,,,1942
RGI60_01_Alaska,USA,Kennicott Glacier,292.531,-143.093834,61.560855,1943,,,1943
RGI60_01_Alaska,USA,Kennicott Glacier,292.531,-143.093834,61.560855,1944,,,1944
RGI60_01_Alaska,USA,Kennicott Glacier,292.531,-143.093834,61.560855,1945,,,1945
RGI60_01_Alaska,USA,Kennicott Glacier,292.531,-143.093834,61.560855,1946,,,1946
RGI60_01_Alaska,USA,Kennicott Glacier,292.531,-143.093834,61.560855,1947,,,1947
RGI60_01_Alaska,USA,Kennicott Glacier,292.531,-143.093834,61.560855,1948,,,1948
RGI60_01_Alaska,USA,Kennicott Glacier,292.531,-143.093834,61.560855,1949,,,1949
RGI60_01_Alaska,USA,Kennicott Glacier,292.531,-143.093834,61.560855,1950,,,1950
RGI60_01_Alaska,USA,Kennicott Glacier,292.531,-143.093834,61.560855,1951,,,1951
RGI60_01_Alaska,USA,Kennicott Glacier,292.531,-143.093834,61.560855,1952,,,1952
RGI60_01_Alaska,USA,Kennicott Glacier,292.531,-143.093834,61.560855,1953,,,1953
RGI60_01_Alaska,USA,Kennicott Glacier,292.531,-143.093834,61.560855,1954,,,1954
RGI60_01_Alaska,USA,Kennicott Glacier,292.531,-143.093834,61.560855,1955,,,1955
RGI60_01_Alaska,USA,Kennicott Glacier,292.531,-143.093834,61.560855,1956,,,1956
RGI60_01_Alaska,USA,Kennicott Glacier,292.531,-143.093834,61.560855,1957,,,1957
RGI60_01_Alaska,USA,Kennicott Glacier,292.531,-143.093834,61.560855,1958,,,1958
RGI60_01_Alaska,USA,Kennicott Glacier,292.531,-143.093834,61.560855,1959,,,1959
RGI60_01_Alaska,USA,Kennicott Glacier,292.531,-143.093834,61.560855,1960,,,1960
RGI60_01_Alaska,USA,Kennicott Glacier,292.531,-143.093834,61.560855,1961,,,1961
RGI60_01_Alaska,USA,Kennicott Glacier,292.531,-143.093834,61.560855,1962,,,1962
RGI60_01_Alaska,USA,Kennicott Glacier,292.531,-143.093834,61.560855,1963,,,1963
RGI60_01_Alaska,USA,Kennicott Glacier,292.531,-143.093834,61.560855,1964,,,1964
RGI60_01_Alaska,USA,Kennicott Glacier,292.531,-143.093834,61.560855,1965,,,1965
RGI60_01_Alaska,USA,Kennicott Glacier,292.531,-143.093834,61.560855,1966,,,1966
RGI60_01_Alaska,USA,Kennicott Glacier,292.531,-143.093834,61.560855,1967,,,1967
RGI60_01_Alaska,USA,Kennicott Glacier,292.531,-143.093834,61.560855,1968,,,1968
RGI60_01_Alaska,USA,Kennicott Glacier,292.531,-143.093834,61.560855,1969,,,1969
RGI60_01_Alaska,USA,Kennicott Glacier,292.531,-143.093834,61.560855,1970,,,1970
RGI60_01_Alaska,USA,Kennicott Glacier,292.531,-143.093834,61.560855,1971,,,1971
RGI60_01_Alaska,USA,Kennicott Glacier,292.531,-143.093834,61.560855,1972,,,1972
RGI60_01_Alaska,USA,Kennicott Glacier,292.531,-143.093834,61.560855,1973,,,1973
RGI60_01_Alaska,USA,Kennicott Glacier,292.531,-143.093834,61.560855,1974-08-16,,,1974
RGI60_01_Alaska,USA,Kennicott Glacier,292.531,-143.093834,61.560855,1975-08-06,,,1975
RGI60_01_Alaska,USA,Kennicott Glacier,292.531,-143.093834,61.560855,1976,,,1976
RGI60_01_Alaska,USA,Kennicott Glacier,292.531,-143.093834,61.560855,1977,,,1977
RGI60_01_Alaska,USA,Kennicott Glacier,292.531,-143.093834,61.560855,1978-08-10,,,1978
RGI60_01_Alaska,USA,Kennicott Glacier,292.531,-143.093834,61.560855,1979,,,1979
RGI60_01_Alaska,USA,Kennicott Glacier,292.531,-143.093834,61.560855,1980,,,1980
RGI60_01_Alaska,USA,Kennicott Glacier,292.531,-143.093834,61.560855,1981-07-19,,,1981
RGI60_01_Alaska,USA,Kennicott Glacier,292.531,-143.093834,61.560855,1982,,,1982
RGI60_01_Alaska,USA,Kennicott Glacier,292.531,-143.093834,61.560855,1983-08-07,,,1983
RGI60_01_Alaska,USA,Kennicott Glacier,292.531,-143.093834,61.560855,1984-08-26,,,1984
RGI60_01_Alaska,USA,Kennicott Glacier,292.531,-143.093834,61.560855,1985-08-16,,,1985
RGI60_01_Alaska,USA,Kennicott Glacier,292.531,-143.093834,61.560855,1986-08-06,,,1986
RGI60_01_Alaska,USA,Kennicott Glacier,292.531,-143.093834,61.560855,1987,,,1987
RGI60_01_Alaska,USA,Kennicott Glacier,292.531,-143.093834,61.560855,1988-07-23,,,1988
RGI60_01_Alaska,USA,Kennicott Glacier,292.531,-143.093834,61.560855,1989-07-19,,,1989
RGI60_01_Alaska,USA,Kennicott Glacier,292.531,-143.093834,61.560855,1990-07-04,,,1990
RGI60_01_Alaska,USA,Kennicott Glacier,292.531,-143.093834,61.560855,1991-08-04,,,1991
RGI60_01_Alaska,USA,Kennicott Glacier,292.531,-143.093834,61.560855,1992-07-07,,,1992
RGI60_01_Alaska,USA,Kennicott Glacier,292.531,-143.093834,61.560855,1993-07-06,,,1993
RGI60_01_Alaska,USA,Kennicott Glacier,292.531,-143.093834,61.560855,1994-07-29,,,1994
RGI60_01_Alaska,USA,Kennicott Glacier,292.531,-143.093834,61.560855,1995-07-23,,,1995
RGI60_01_Alaska,USA,Kennicott Glacier,292.531,-143.093834,61.560855,1996-07-30,,,1996
RGI60_01_Alaska,USA,Kennicott Glacier,292.531,-143.093834,61.560855,1997-08-08,,,1997
RGI60_01_Alaska,USA,Kennicott Glacier,292.531,-143.093834,61.560855,1998-08-10,,,1998
RGI60_01_Alaska,USA,Kennicott Glacier,292.531,-143.093834,61.560855,1999-07-14,,,1999
RGI60_01_Alaska,USA,Kennicott Glacier,292.531,-143.093834,61.560855,2000-07-23,,,2000
RGI60_01_Alaska,USA,Kennicott Glacier,292.531,-143.093834,61.560855,2001,2001-06-29,2001-08-25,2001
RGI60_01_Alaska,USA,Kennicott Glacier,292.531,-143.093834,61.560855,2002,2002-08-03,,2002
RGI60_01_Alaska,USA,Kennicott Glacier,292.531,-143.093834,61.560855,2003-07-03,,,2003
RGI60_01_Alaska,USA,Kennicott Glacier,292.531,-143.093834,61.560855,2004-07-10,,,2004
RGI60_01_Alaska,USA,Kennicott Glacier,292.531,-143.093834,61.560855,2005-06-19,,,2005
RGI60_01_Alaska,USA,Kennicott Glacier,292.531,-143.093834,61.560855,2006-07-04,,,2006
RGI60_01_Alaska,USA,Kennicott Glacier,292.531,-143.093834,61.560855,2007-07-22,,,2007
RGI60_01_Alaska,USA,Kennicott Glacier,292.531,-143.093834,61.560855,2008-08-09,,,2008
RGI60_01_Alaska,USA,Kennicott Glacier,292.531,-143.093834,61.560855,2009-07-11,,,2009
RGI60_01_Alaska,USA,Kennicott Glacier,292.531,-143.093834,61.560855,2010-07-30,,,2010
RGI60_01_Alaska,USA,Kennicott Glacier,292.531,-143.093834,61.560855,2011-07-13,,,2011
RGI60_01_Alaska,USA,Kennicott Glacier,292.531,-143.093834,61.560855,2012-07-19,2012-06-23,2012-07-27,2012
RGI60_01_Alaska,USA,Kennicott Glacier,292.531,-143.093834,61.560855,2013-06-26,2013-06-22,2013-07-14,2013
RGI60_01_Alaska,USA,Kennicott Glacier,292.531,-143.093834,61.560855,2014-07-15,2014-07-02,2014-08-02,2014
RGI60_01_Alaska,USA,Kennicott Glacier,292.531,-143.093834,61.560855,2015,2015-06-21 00:00:00,2015-07-23 00:00:00,2015
RGI60_01_Alaska,USA,Kennicott Glacier,292.531,-143.093834,61.560855,2016-07-26,,,2016
RGI60_01_Alaska,USA,Kennicott Glacier,292.531,-143.093834,61.560855,2017-07-15,,,2017
RGI60_01_Alaska,USA,Kennicott Glacier,292.531,-143.093834,61.560855,2018-07-16,,,2018
RGI60_01_Alaska,USA,Kennicott Glacier,292.531,-143.093834,61.560855,2019-07-07,,,2019
RGI60_01_Alaska,USA,Kennicott Glacier,292.531,-143.093834,61.560855,2020-07-11,,,2020
RGI60_01_Alaska,USA,Kennicott Glacier,292.531,-143.093834,61.560855,2021-07-14,,,2021
RGI60_01_Alaska,USA,Kennicott Glacier,292.531,-142.8952,61.4884,1994-05-20,,,1994
RGI60_01_Alaska,USA,Kennicott Glacier,292.531,-142.8952,61.4884,1994-07-30,,,1994
RGI60_01_Alaska,USA,Nizina,304.151,-142.41,61.661,1927,,,1927
RGI60_01_Alaska,USA,Nizina,304.151,-142.41,61.661,1927,,,1927
RGI60_01_Alaska,USA,Nizina Glacier,304.151,-142.504300926,61.7819137624,,1986-06-28 00:00:00,1986-09-16 00:00:00,1986
RGI60_01_Alaska,USA,Nizina Glacier,304.151,-142.504300926,61.7819137624,,1994-07-22 00:00:00,1994-08-07 00:00:00,1994
RGI60_01_Alaska,USA,Nizina Glacier,304.151,-142.504300926,61.7819137624,,1995-06-14 00:00:00,1995-08-08 00:00:00,1995
RGI60_01_Alaska,USA,Nizina Glacier,304.151,-142.504300926,61.7819137624,,1997-06-03 00:00:00,1997-08-29 00:00:00,1997
RGI60_01_Alaska,USA,Nizina Glacier,304.151,-142.504300926,61.7819137624,,1998-06-29 00:00:00,1998-10-12 00:00:00,1998
RGI60_01_Alaska,USA,Nizina Glacier,304.151,-142.504300926,61.7819137624,,1999-06-09 00:00:00,1999-08-03 00:00:00,1999
RGI60_01_Alaska,USA,Nizina Glacier,304.151,-142.504300926,61.7819137624,,2000-06-12 00:00:00,2001-09-10 00:00:00,2000
RGI60_01_Alaska,USA,Nizina Glacier,304.151,-142.504300926,61.7819137624,,2003-08-07 00:00:00,2003-09-15 00:00:00,2003
RGI60_01_Alaska,USA,Nizina Glacier,304.151,-142.504300926,61.7819137624,,2004-06-22 00:00:00,2004-07-07 00:00:00,2004
RGI60_01_Alaska,USA,Nizina Glacier,304.151,-142.504300926,61.7819137624,,2005-06-17 00:00:00,2005-08-12 00:00:00,2005
RGI60_01_Alaska,USA,Nizina Glacier,304.151,-142.504300926,61.7819137624,,2008-07-02 00:00:00,2009-07-05 00:00:00,2008
RGI60_01_Alaska,USA,Nizina Glacier,304.151,-142.504300926,61.7819137624,,2009-09-15 00:00:00,2010-09-18 00:00:00,2009
RGI60_01_Alaska,USA,Nizina Glacier,304.151,-142.504300926,61.7819137624,,2011-07-21 00:00:00,2011-08-12 00:00:00,2011
RGI60_01_Alaska,USA,Nizina Glacier,304.151,-142.504300926,61.7819137624,,2013-06-22 00:00:00,2013-08-01 00:00:00,2013
RGI60_01_Alaska,USA,Nizina Glacier,304.151,-142.504300926,61.7819137624,,2015-06-20 00:00:00,2015-08-07 00:00:00,2015
RGI60_01_Alaska,USA,Nizina Glacier,304.151,-142.504300926,61.7819137624,,2016-06-22 00:00:00,2016-09-02 00:00:00,2016
RGI60_01_Alaska,USA,Nizina Glacier,304.151,-142.504300926,61.7819137624,,2017-06-09 00:00:00,2017-08-04 00:00:00,2017
RGI60_01_Alaska,USA,Nizina Glacier,304.151,-142.504300926,61.7819137624,,2018-07-23 00:00:00,2018-07-31 00:00:00,2018
RGI60_01_Alaska,USA,Nizina Glacier,304.151,-142.504300926,61.7819137624,,2019-07-01 00:00:00,2019-07-10 00:00:00,2019
RGI60_01_Alaska,USA,Nizina Glacier,304.151,-142.504300926,61.7819137624,,2020-07-03 00:00:00,2020-09-13 00:00:00,2020
RGI60_01_Alaska,USA,Nabesna Glacier,1028.799,-143.239568092,61.9075598918,,1997-08-04 00:00:00,1997-08-29 00:00:00,1997
RGI60_01_Alaska,USA,Nabesna Glacier,1028.799,-143.239568092,61.9075598918,,1999-08-03 00:00:00,1999-08-19 00:00:00,1999
RGI60_01_Alaska,USA,Nabesna Glacier,1028.799,-143.239568092,61.9075598918,,2003-07-04 00:00:00,2003-08-06 00:00:00,2003
RGI60_01_Alaska,USA,Nabesna Glacier,1028.799,-143.239568092,61.9075598918,,2004-06-22 00:00:00,2004-07-07 00:00:00,2004
RGI60_01_Alaska,USA,Nabesna Glacier,1028.799,-143.239568092,61.9075598918,,2007-07-16 00:00:00,2007-08-16 00:00:00,2007
RGI60_01_Alaska,USA,Nabesna Glacier,1028.799,-143.239568092,61.9075598918,,2009-07-13 00:00:00,2009-07-30 00:00:00,2009
RGI60_01_Alaska,USA,Nabesna Glacier,1028.799,-143.239568092,61.9075598918,,2011-07-11 00:00:00,2011-08-29 00:00:00,2011
RGI60_01_Alaska,USA,Nabesna Glacier,1028.799,-143.239568092,61.9075598918,,2013-08-02 00:00:00,2014-08-20 00:00:00,2013
RGI60_01_Alaska,USA,Nabesna Glacier,1028.799,-143.239568092,61.9075598918,,2015-06-19 00:00:00,2015-08-07 00:00:00,2015
RGI60_01_Alaska,USA,Nabesna Glacier,1028.799,-143.239568092,61.9075598918,,2016-06-22 00:00:00,2016-09-01 00:00:00,2016
RGI60_01_Alaska,USA,Nabesna Glacier,1028.799,-143.239568092,61.9075598918,,2017-08-07 00:00:00,2017-09-29 00:00:00,2017
RGI60_01_Alaska,USA,Nabesna Glacier,1028.799,-143.239568092,61.9075598918,,2018-07-31 00:00:00,2018-08-29 00:00:00,2018
RGI60_01_Alaska,USA,Nabesna Glacier,1028.799,-143.239568092,61.9075598918,,2019-07-18 00:00:00,2019-08-27 00:00:00,2019
RGI60_01_Alaska,USA,Nabesna Glacier,1028.799,-143.239568092,61.9075598918,,2020-07-30 00:00:00,2020-09-06 00:00:00,2020
RGI60_01_Alaska,USA,Nabesna Glacier,1028.799,-143.239568092,61.9075598918,,2013-07-17 00:00:00,2013-08-02 00:00:00,2013
RGI60_01_Alaska,USA,Nabesna Glacier,1028.799,-143.239568092,61.9075598918,,2018-10-01 00:00:00,2018-10-31 00:00:00,2018
RGI60_01_Alaska,USA,Nabesna Glacier,1028.799,-143.239568092,61.9075598918,,1986-09-17 00:00:00,1989-08-17 00:00:00,1986
RGI60_01_Alaska,USA,Nabesna Glacier,1028.799,-143.239568092,61.9075598918,,1993-09-04 00:00:00,1993-10-06 00:00:00,1993
RGI60_01_Alaska,USA,Nabesna Glacier,1028.799,-143.239568092,61.9075598918,,1999-09-14 00:00:00,2000-09-24 00:00:00,1999
RGI60_01_Alaska,USA,Nabesna Glacier,1028.799,-143.239568092,61.9075598918,,2002-09-30 00:00:00,2002-10-23 00:00:00,2002
RGI60_01_Alaska,USA,Nabesna Glacier,1028.799,-143.239568092,61.9075598918,,2005-06-18 00:00:00,2005-08-12 00:00:00,2005
RGI60_01_Alaska,USA,Nabesna Glacier,1028.799,-143.239568092,61.9075598918,,2009-07-31 00:00:00,2009-09-01 00:00:00,2009
RGI60_01_Alaska,USA,Nabesna Glacier,1028.799,-143.239568092,61.9075598918,,2011-08-13 00:00:00,2011-10-01 00:00:00,2011
RGI60_01_Alaska,USA,Nabesna Glacier,1028.799,-143.239568092,61.9075598918,,2013-07-17 00:00:00,2013-08-02 00:00:00,2013
RGI60_01_Alaska,USA,Nabesna Glacier,1028.799,-143.239568092,61.9075598918,,2014-09-14 00:00:00,2016-06-23 00:00:00,2014
RGI60_01_Alaska,USA,Nabesna Glacier,1028.799,-143.239568092,61.9075598918,,2018-10-01 00:00:00,2018-10-31 00:00:00,2018
RGI60_01_Alaska,USA,Nabesna Glacier,1028.799,-143.324035701,61.9062940262,,1986-08-09 00:00:00,1986-09-19 00:00:00,1986
RGI60_01_Alaska,USA,Nabesna Glacier,1028.799,-143.324035701,61.9062940262,,1987-09-06 00:00:00,1987-10-08 00:00:00,1987
RGI60_01_Alaska,USA,Nabesna Glacier,1028.799,-143.324035701,61.9062940262,,1994-08-08 00:00:00,1995-09-03 00:00:00,1994
RGI60_01_Alaska,USA,Nabesna Glacier,1028.799,-143.324035701,61.9062940262,,1999-08-05 00:00:00,1999-09-14 00:00:00,1999
RGI60_01_Alaska,USA,Nabesna Glacier,1028.799,-143.324035701,61.9062940262,,2004-07-18 00:00:00,2004-08-10 00:00:00,2004
RGI60_01_Alaska,USA,Nabesna Glacier,1028.799,-143.324035701,61.9062940262,,2006-10-03 00:00:00,2007-09-12 00:00:00,2006
RGI60_01_Alaska,USA,Nabesna Glacier,1028.799,-143.324035701,61.9062940262,,2013-08-02 00:00:00,2014-08-20 00:00:00,2013
RGI60_01_Alaska,USA,Nabesna Glacier,1028.799,-143.324035701,61.9062940262,,2013-08-12 00:00:00,2013-09-12 00:00:00,2013
RGI60_01_Alaska,USA,Nabesna Glacier,1028.799,-143.324035701,61.9062940262,,2014-07-13 00:00:00,2014-08-22 00:00:00,2014
RGI60_01_Alaska,USA,Nabesna Glacier,1028.799,-143.324035701,61.9062940262,,2015-06-19 00:00:00,2015-08-07 00:00:00,2015
RGI60_01_Alaska,USA,Nabesna Glacier,1028.799,-143.324035701,61.9062940262,,2015-07-01 00:00:00,2015-08-26 00:00:00,2015
RGI60_01_Alaska,USA,Nabesna Glacier,1028.799,-143.324035701,61.9062940262,,2016-06-22 00:00:00,2016-09-01 00:00:00,2016
RGI60_01_Alaska,USA,Nabesna Glacier,1028.799,-143.324035701,61.9062940262,,2017-07-06 00:00:00,2017-08-06 00:00:00,2017
RGI60_01_Alaska,USA,Nabesna Glacier,1028.799,-143.324035701,61.9062940262,,2017-08-07 00:00:00,2017-09-29 00:00:00,2017
RGI60_01_Alaska,USA,Nabesna Glacier,1028.799,-143.324035701,61.9062940262,,2018-07-31 00:00:00,2018-08-29 00:00:00,2018
RGI60_01_Alaska,USA,Nabesna Glacier,1028.799,-143.324035701,61.9062940262,,2019-07-18 00:00:00,2019-08-27 00:00:00,2019
RGI60_01_Alaska,USA,Nabesna Glacier,1028.799,-143.324035701,61.9062940262,,2020-06-28 00:00:00,2020-07-29 00:00:00,2020
RGI60_01_Alaska,USA,Nabesna Glacier,1028.799,-143.324035701,61.9062940262,,2020-07-30 00:00:00,2020-09-06 00:00:00,2020
RGI60_01_Alaska,USA,Nabesna Glacier,1028.799,-143.132887402,61.9651105146,,1986-06-28 00:00:00,1986-09-16 00:00:00,1986
RGI60_01_Alaska,USA,Nabesna Glacier,1028.799,-143.132887402,61.9651105146,,1996-07-16 00:00:00,1997-08-04 00:00:00,1996
RGI60_01_Alaska,USA,Nabesna Glacier,1028.799,-143.132887402,61.9651105146,,1998-06-29 00:00:00,1999-08-03 00:00:00,1998
RGI60_01_Alaska,USA,Nabesna Glacier,1028.799,-143.132887402,61.9651105146,,2002-06-16 00:00:00,2002-08-03 00:00:00,2002
RGI60_01_Alaska,USA,Nabesna Glacier,1028.799,-143.132887402,61.9651105146,,2004-07-16 00:00:00,2004-08-07 00:00:00,2004
RGI60_01_Alaska,USA,Nabesna Glacier,1028.799,-143.132887402,61.9651105146,,2005-06-16 00:00:00,2005-08-11 00:00:00,2005
RGI60_01_Alaska,USA,Nabesna Glacier,1028.799,-143.132887402,61.9651105146,,2009-07-30 00:00:00,2009-09-06 00:00:00,2009
RGI60_01_Alaska,USA,Nabesna Glacier,1028.799,-143.132887402,61.9651105146,,2011-08-12 00:00:00,2011-08-29 00:00:00,2011
RGI60_01_Alaska,USA,Nabesna Glacier,1028.799,-143.132887402,61.9651105146,,2013-06-22 00:00:00,2013-08-01 00:00:00,2013
RGI60_01_Alaska,USA,Nabesna Glacier,1028.799,-143.132887402,61.9651105146,,2017-07-05 00:00:00,2017-08-04 00:00:00,2017
RGI60_01_Alaska,USA,Nabesna Glacier,1028.799,-143.132887402,61.9651105146,,2018-07-31 00:00:00,2018-08-29 00:00:00,2018
RGI60_01_Alaska,USA,Nabesna Glacier,1028.799,-143.132887402,61.9651105146,,2019-08-03 00:00:00,2019-08-27 00:00:00,2019
RGI60_01_Alaska,USA,Nabesna Glacier,1028.799,-143.132887402,61.9651105146,,2020-07-03 00:00:00,2020-07-29 00:00:00,2020
RGI60_01_Alaska,USA,Nabesna Glacier,1028.799,-143.109205791,61.9768921535,,1986-06-28 00:00:00,1986-09-16 00:00:00,1986
RGI60_01_Alaska,USA,Nabesna Glacier,1028.799,-143.109205791,61.9768921535,,1996-07-16 00:00:00,1997-08-04 00:00:00,1996
RGI60_01_Alaska,USA,Nabesna Glacier,1028.799,-143.109205791,61.9768921535,,2002-06-16 00:00:00,2002-08-03 00:00:00,2002
RGI60_01_Alaska,USA,Nabesna Glacier,1028.799,-143.109205791,61.9768921535,,2003-08-07 00:00:00,2003-08-23 00:00:00,2003
RGI60_01_Alaska,USA,Nabesna Glacier,1028.799,-143.109205791,61.9768921535,,2009-09-15 00:00:00,2010-09-18 00:00:00,2009
RGI60_01_Alaska,USA,Nabesna Glacier,1028.799,-143.109205791,61.9768921535,,2013-08-02 00:00:00,2014-08-20 00:00:00,2013
RGI60_01_Alaska,USA,Nabesna Glacier,1028.799,-143.109205791,61.9768921535,,2016-08-17 00:00:00,2016-09-01 00:00:00,2016
RGI60_01_Alaska,USA,Nabesna Glacier,1028.799,-143.109205791,61.9768921535,,2018-07-31 00:00:00,2018-08-29 00:00:00,2018
RGI60_01_Alaska,USA,Nabesna Glacier,1028.799,-143.109205791,61.9768921535,,2020-07-03 00:00:00,2020-07-29 00:00:00,2020
RGI60_01_Alaska,USA,Nabesna Glacier,1028.799,-143.074386085,61.9842146782,,1986-06-28 00:00:00,1986-09-16 00:00:00,1986
RGI60_01_Alaska,USA,Nabesna Glacier,1028.799,-143.074386085,61.9842146782,,1991-06-19 00:00:00,1995-06-14 00:00:00,1991
RGI60_01_Alaska,USA,Nabesna Glacier,1028.799,-143.074386085,61.9842146782,,1998-06-06 00:00:00,1998-06-29 00:00:00,1998
RGI60_01_Alaska,USA,Nabesna Glacier,1028.799,-143.074386085,61.9842146782,,2002-06-16 00:00:00,2002-08-03 00:00:00,2002
RGI60_01_Alaska,USA,Nabesna Glacier,1028.799,-143.074386085,61.9842146782,,2004-07-16 00:00:00,2004-08-07 00:00:00,2004
RGI60_01_Alaska,USA,Nabesna Glacier,1028.799,-143.074386085,61.9842146782,,2007-07-16 00:00:00,2007-08-17 00:00:00,2007
RGI60_01_Alaska,USA,Nabesna Glacier,1028.799,-143.074386085,61.9842146782,,2009-09-15 00:00:00,2010-09-18 00:00:00,2009
RGI60_01_Alaska,USA,Nabesna Glacier,1028.799,-143.074386085,61.9842146782,,2013-08-02 00:00:00,2014-08-20 00:00:00,2013
RGI60_01_Alaska,USA,Nabesna Glacier,1028.799,-143.074386085,61.9842146782,,2017-07-05 00:00:00,2017-08-04 00:00:00,2017
RGI60_01_Alaska,USA,Nabesna Glacier,1028.799,-143.074386085,61.9842146782,,2018-07-23 00:00:00,2018-07-31 00:00:00,2018
RGI60_01_Alaska,USA,Nabesna Glacier,1028.799,-143.074386085,61.9842146782,,2020-07-03 00:00:00,2020-07-29 00:00:00,2020
RGI60_01_Alaska,USA,Nabesna Glacier,1028.799,-143.389455151,61.8385288633,,1984-07-15 00:00:00,1984-07-31 00:00:00,1984
RGI60_01_Alaska,USA,Nabesna Glacier,1028.799,-143.389455151,61.8385288633,,1986-07-30 00:00:00,1986-09-16 00:00:00,1986
RGI60_01_Alaska,USA,Nabesna Glacier,1028.799,-143.389455151,61.8385288633,,1987-08-09 00:00:00,1987-08-18 00:00:00,1987
RGI60_01_Alaska,USA,Nabesna Glacier,1028.799,-143.389455151,61.8385288633,,1991-08-06 00:00:00,1991-08-22 00:00:00,1991
RGI60_01_Alaska,USA,Nabesna Glacier,1028.799,-143.389455151,61.8385288633,,1995-08-17 00:00:00,1995-10-04 00:00:00,1995
RGI60_01_Alaska,USA,Nabesna Glacier,1028.799,-143.389455151,61.8385288633,,1996-09-02 00:00:00,1997-03-22 00:00:00,1996
RGI60_01_Alaska,USA,Nabesna Glacier,1028.799,-143.389455151,61.8385288633,,1997-08-04 00:00:00,1997-08-29 00:00:00,1997
RGI60_01_Alaska,USA,Nabesna Glacier,1028.799,-143.389455151,61.8385288633,,1998-07-24 00:00:00,1998-10-03 00:00:00,1998
RGI60_01_Alaska,USA,Nabesna Glacier,1028.799,-143.389455151,61.8385288633,,1999-08-02 00:00:00,1999-08-11 00:00:00,1999
RGI60_01_Alaska,USA,Nabesna Glacier,1028.799,-143.389455151,61.8385288633,,2001-07-15 00:00:00,2001-08-07 00:00:00,2001
RGI60_01_Alaska,USA,Nabesna Glacier,1028.799,-143.389455151,61.8385288633,,2002-07-02 00:00:00,2002-07-18 00:00:00,2002
RGI60_01_Alaska,USA,Nabesna Glacier,1028.799,-143.389455151,61.8385288633,,2003-07-13 00:00:00,2003-08-05 00:00:00,2003
RGI60_01_Alaska,USA,Nabesna Glacier,1028.799,-143.389455151,61.8385288633,,2004-07-08 00:00:00,2004-07-15 00:00:00,2004
RGI60_01_Alaska,USA,Nabesna Glacier,1028.799,-143.389455151,61.8385288633,,2005-07-11 00:00:00,2005-07-26 00:00:00,2005
RGI60_01_Alaska,USA,Nabesna Glacier,1028.799,-143.389455151,61.8385288633,,2006-07-12 00:00:00,2006-07-21 00:00:00,2006
RGI60_01_Alaska,USA,Nabesna Glacier,1028.799,-143.389455151,61.8385288633,,2007-07-15 00:00:00,2007-07-24 00:00:00,2007
RGI60_01_Alaska,USA,Nabesna Glacier,1028.799,-143.389455151,61.8385288633,,2008-07-10 00:00:00,2008-07-27 00:00:00,2008
RGI60_01_Alaska,USA,Nabesna Glacier,1028.799,-143.389455151,61.8385288633,,2009-07-06 00:00:00,2009-07-13 00:00:00,2009
RGI60_01_Alaska,USA,Nabesna Glacier,1028.799,-143.389455151,61.8385288633,,2010-07-17 00:00:00,2010-08-02 00:00:00,2010
RGI60_01_Alaska,USA,Nabesna Glacier,1028.799,-143.389455151,61.8385288633,,2011-07-26 00:00:00,2011-08-04 00:00:00,2011
RGI60_01_Alaska,USA,Nabesna Glacier,1028.799,-143.389455151,61.8385288633,,2012-07-29 00:00:00,2012-08-21 00:00:00,2012
RGI60_01_Alaska,USA,Nabesna Glacier,1028.799,-143.389455151,61.8385288633,,2013-07-14 00:00:00,2013-07-22 00:00:00,2013
RGI60_01_Alaska,USA,Nabesna Glacier,1028.799,-143.389455151,61.8385288633,,2014-07-24 00:00:00,2014-08-21 00:00:00,2014
RGI60_01_Alaska,USA,Nabesna Glacier,1028.799,-143.389455151,61.8385288633,,2015-07-21 00:00:00,2015-08-08 00:00:00,2015
RGI60_01_Alaska,USA,Nabesna Glacier,1028.799,-143.389455151,61.8385288633,,2016-07-09 00:00:00,2016-08-01 00:00:00,2016
RGI60_01_Alaska,USA,Nabesna Glacier,1028.799,-143.389455151,61.8385288633,,2017-07-22 00:00:00,2017-07-24 00:00:00,2017
RGI60_01_Alaska,USA,Nabesna Glacier,1028.799,-143.389455151,61.8385288633,,2018-07-18 00:00:00,2018-07-20 00:00:00,2018
RGI60_01_Alaska,USA,Nabesna Glacier,1028.799,-143.389455151,61.8385288633,,2019-07-06 00:00:00,2019-07-08 00:00:00,2019
RGI60_01_Alaska,USA,Nabesna Glacier,1028.799,-143.389455151,61.8385288633,,2020-07-30 00:00:00,2020-08-08 00:00:00,2020
RGI60_01_Alaska,USA,Nabesna Glacier,1028.799,-143.389455151,61.8385288633,,2021-08-01 00:00:00,2021-08-04 00:00:00,2021
RGI60_01_Alaska,USA,Nabesna Glacier,1028.799,-143.389455151,61.8385288633,,2022-08-07 00:00:00,2024-08-25 00:00:00,2022
RGI60_01_Alaska,USA,Nabesna Glacier,1028.799,-143.389455151,61.8385288633,,2023-07-14 00:00:00,2023-07-20 00:00:00,2023
RGI60_01_Alaska,USA,Nabesna Glacier,1028.799,-143.389455151,61.8385288633,,2024-07-20 00:00:00,2024-07-25 00:00:00,2024
RGI60_01_Alaska,USA,Nabesna Glacier,1028.799,-143.389455151,61.8385288633,,2025-07-19 00:00:00,2025-07-24 00:00:00,2025
RGI60_01_Alaska,USA,Nabesna Glacier,1028.799,-142.851891002,62.1429019649,,1996-06-16 00:00:00,1996-06-23 00:00:00,1996
RGI60_01_Alaska,USA,Nabesna Glacier,1028.799,-142.851891002,62.1429019649,,1999-08-03 00:00:00,1999-08-19 00:00:00,1999
RGI60_01_Alaska,USA,Long Glacier,136.708,-143.991914619,61.8483889743,,1986-06-28 00:00:00,1986-09-16 00:00:00,1986
RGI60_01_Alaska,USA,Long Glacier,136.708,-143.991914619,61.8483889743,,1987-08-25 00:00:00,1994-07-11 00:00:00,1987
RGI60_01_Alaska,USA,Long Glacier,136.708,-143.991914619,61.8483889743,,1992-07-31 00:00:00,1993-08-03 00:00:00,1992
RGI60_01_Alaska,USA,Long Glacier,136.708,-143.991914619,61.8483889743,,1995-06-14 00:00:00,1995-08-08 00:00:00,1995
RGI60_01_Alaska,USA,Long Glacier,136.708,-143.991914619,61.8483889743,,1996-05-29 00:00:00,1996-06-07 00:00:00,1996
RGI60_01_Alaska,USA,Long Glacier,136.708,-143.991914619,61.8483889743,,1996-06-23 00:00:00,1996-07-16 00:00:00,1996
RGI60_01_Alaska,USA,Long Glacier,136.708,-143.991914619,61.8483889743,,1998-06-07 00:00:00,1999-08-12 00:00:00,1998
RGI60_01_Alaska,USA,Long Glacier,136.708,-143.991914619,61.8483889743,,2002-08-04 00:00:00,2002-09-30 00:00:00,2002
RGI60_01_Alaska,USA,Long Glacier,136.708,-143.991914619,61.8483889743,,2003-07-04 00:00:00,2003-08-05 00:00:00,2003
RGI60_01_Alaska,USA,Long Glacier,136.708,-143.991914619,61.8483889743,,2004-06-23 00:00:00,2004-07-15 00:00:00,2004
RGI60_01_Alaska,USA,Long Glacier,136.708,-143.991914619,61.8483889743,,2005-08-28 00:00:00,2006-07-28 00:00:00,2005
RGI60_01_Alaska,USA,Long Glacier,136.708,-143.991914619,61.8483889743,,2005-06-18 00:00:00,2005-08-11 00:00:00,2005
RGI60_01_Alaska,USA,Long Glacier,136.708,-143.991914619,61.8483889743,,2006-06-13 00:00:00,2006-07-29 00:00:00,2006
RGI60_01_Alaska,USA,Long Glacier,136.708,-143.991914619,61.8483889743,,2011-05-31 00:00:00,2011-07-11 00:00:00,2011
RGI60_01_Alaska,USA,Long Glacier,136.708,-143.991914619,61.8483889743,,2012-07-20 00:00:00,2013-08-01 00:00:00,2012
RGI60_01_Alaska,USA,Long Glacier,136.708,-143.991914619,61.8483889743,,2013-06-15 00:00:00,2013-07-17 00:00:00,2013
RGI60_01_Alaska,USA,Long Glacier,136.708,-143.991914619,61.8483889743,,2014-08-22 00:00:00,2014-09-14 00:00:00,2014
RGI60_01_Alaska,USA,Long Glacier,136.708,-143.991914619,61.8483889743,,2015-07-05 00:00:00,2015-08-07 00:00:00,2015
RGI60_01_Alaska,USA,Long Glacier,136.708,-143.991914619,61.8483889743,,2015-07-06 00:00:00,2015-08-15 00:00:00,2015
RGI60_01_Alaska,USA,Long Glacier,136.708,-143.991914619,61.8483889743,,2015-08-15 00:00:00,2016-06-23 00:00:00,2015
RGI60_01_Alaska,USA,Long Glacier,136.708,-143.991914619,61.8483889743,,2016-05-29 00:00:00,2016-09-02 00:00:00,2016
RGI60_01_Alaska,USA,Long Glacier,136.708,-143.991914619,61.8483889743,,2016-06-22 00:00:00,2016-09-01 00:00:00,2016
RGI60_01_Alaska,USA,Long Glacier,136.708,-143.993299093,61.8347423718,,1986-06-28 00:00:00,1986-09-16 00:00:00,1986
RGI60_01_Alaska,USA,Long Glacier,136.708,-143.993299093,61.8347423718,,2001-10-04 00:00:00,2002-08-04 00:00:00,2001
RGI60_01_Alaska,USA,Long Glacier,136.708,-143.993299093,61.8347423718,,2004-06-23 00:00:00,2004-08-09 00:00:00,2004
RGI60_01_Alaska,USA,Long Glacier,136.708,-143.993299093,61.8347423718,,2005-06-18 00:00:00,2005-08-12 00:00:00,2005
RGI60_01_Alaska,USA,Long Glacier,136.708,-143.993299093,61.8347423718,,2006-06-13 00:00:00,2006-10-02 00:00:00,2006
RGI60_01_Alaska,USA,Long Glacier,136.708,-143.993299093,61.8347423718,,2009-07-13 00:00:00,2009-07-30 00:00:00,2009
RGI60_01_Alaska,USA,Long Glacier,136.708,-143.993299093,61.8347423718,,2011-07-13 00:00:00,2011-08-13 00:00:00,2011
RGI60_01_Alaska,USA,Long Glacier,136.708,-143.993299093,61.8347423718,,2012-08-15 00:00:00,2012-08-31 00:00:00,2012
RGI60_01_Alaska,USA,Long Glacier,136.708,-143.993299093,61.8347423718,,2013-06-24 00:00:00,2013-07-17 00:00:00,2013
RGI60_01_Alaska,USA,Long Glacier,136.708,-143.993299093,61.8347423718,,2014-06-26 00:00:00,2014-08-20 00:00:00,2014
RGI60_01_Alaska,USA,Long Glacier,136.708,-143.993299093,61.8347423718,,2015-07-06 00:00:00,2015-08-15 00:00:00,2015
RGI60_01_Alaska,USA,Long Glacier,136.708,-143.993299093,61.8347423718,,2017-07-05 00:00:00,2017-08-02 00:00:00,2017
RGI60_01_Alaska,USA,Long Glacier,136.708,-143.993299093,61.8347423718,,2018-06-20 00:00:00,2018-07-03 00:00:00,2018
RGI60_01_Alaska,USA,Long Glacier,136.708,-143.993299093,61.8347423718,,2019-06-28 00:00:00,2019-07-02 00:00:00,2019
RGI60_01_Alaska,USA,Long Glacier,136.708,-143.993434967,61.8182661964,,1986-06-28 00:00:00,1986-09-16 00:00:00,1986
RGI60_01_Alaska,USA,Long Glacier,136.708,-143.993434967,61.8182661964,,1995-06-14 00:00:00,1995-08-08 00:00:00,1995
RGI60_01_Alaska,USA,Long Glacier,136.708,-143.993434967,61.8182661964,,1996-05-29 00:00:00,1996-06-07 00:00:00,1996
RGI60_01_Alaska,USA,Long Glacier,136.708,-143.993434967,61.8182661964,,1996-06-23 00:00:00,1996-07-16 00:00:00,1996
RGI60_01_Alaska,USA,Long Glacier,136.708,-143.993434967,61.8182661964,,1999-08-19 00:00:00,2001-09-10 00:00:00,1999
RGI60_01_Alaska,USA,Long Glacier,136.708,-143.993434967,61.8182661964,,2003-07-04 00:00:00,2003-08-05 00:00:00,2003
RGI60_01_Alaska,USA,Long Glacier,136.708,-143.993434967,61.8182661964,,2003-09-15 00:00:00,2004-06-20 00:00:00,2003
RGI60_01_Alaska,USA,Long Glacier,136.708,-143.993434967,61.8182661964,,2012-07-20 00:00:00,2013-08-01 00:00:00,2012
RGI60_01_Alaska,USA,Long Glacier,136.708,-143.993434967,61.8182661964,,2012-07-20 00:00:00,2013-08-01 00:00:00,2012
RGI60_01_Alaska,USA,Long Glacier,136.708,-143.993434967,61.8182661964,,2015-07-05 00:00:00,2015-08-07 00:00:00,2015
RGI60_01_Alaska,USA,Long Glacier,136.708,-143.993434967,61.8182661964,,2010-06-07 00:00:00,2010-07-18 00:00:00,2010
RGI60_01_Alaska,USA,Long Glacier,136.708,-143.993434967,61.8182661964,,2011-07-13 00:00:00,2011-08-13 00:00:00,2011
RGI60_01_Alaska,USA,Long Glacier,136.708,-143.993434967,61.8182661964,,2013-07-17 00:00:00,2013-08-02 00:00:00,2013
RGI60_01_Alaska,USA,Long Glacier,136.708,-143.993434967,61.8182661964,,2016-08-07 00:00:00,2016-08-27 00:00:00,2016
RGI60_01_Alaska,USA,Long Glacier,136.708,-143.993434967,61.8182661964,,2017-08-09 00:00:00,2017-10-01 00:00:00,2017
RGI60_01_Alaska,USA,Long Glacier,136.708,-143.993434967,61.8182661964,,2017-06-08 00:00:00,2017-07-13 00:00:00,2017
RGI60_01_Alaska,USA,Long Glacier,136.708,-143.993434967,61.8182661964,,2018-07-13 00:00:00,2018-07-20 00:00:00,2018
RGI60_01_Alaska,USA,Long Glacier,136.708,-143.993434967,61.8182661964,,2020-09-15 00:00:00,2020-10-07 00:00:00,2020
RGI60_01_Alaska,USA,Long Glacier,136.708,-143.993434967,61.8182661964,,1999-09-14 00:00:00,2000-09-24 00:00:00,1999
RGI60_01_Alaska,USA,Long Glacier,136.708,-143.993434967,61.8182661964,,2002-09-30 00:00:00,2002-10-23 00:00:00,2002
RGI60_01_Alaska,USA,Long Glacier,136.708,-143.993434967,61.8182661964,,2005-06-18 00:00:00,2005-08-12 00:00:00,2005
RGI60_01_Alaska,USA,Long Glacier,136.708,-143.993434967,61.8182661964,,2009-07-31 00:00:00,2009-09-01 00:00:00,2009
RGI60_01_Alaska,USA,Long Glacier,136.708,-143.993434967,61.8182661964,,2012-08-15 00:00:00,2012-08-31 00:00:00,2012
RGI60_01_Alaska,Canada,RGI60-01.15973,0.547,-137.516,59.629,1990-06-28,,,1990
RGI60_01_Alaska,Canada,Kaskawulsh Glacier,1053.721,-139.135408,60.778189,1951,,,1951
RGI60_01_Alaska,Canada,Kaskawulsh Glacier,1053.721,-139.135408,60.778189,,1983-07-18 00:00:00,1983-09-11 00:00:00,1983
RGI60_01_Alaska,Canada,Kaskawulsh Glacier,1053.721,-139.135408,60.778189,,1984-08-05 00:00:00,1984-08-13 00:00:00,1984
RGI60_01_Alaska,Canada,Kaskawulsh Glacier,1053.721,-139.135408,60.778189,,1985-08-31 00:00:00,1985-10-03 00:00:00,1985
RGI60_01_Alaska,Canada,Kaskawulsh Glacier,1053.721,-139.135408,60.778189,1986-09-03,1986-08-26 00:00:00,1986-09-11,1986
RGI60_01_Alaska,Canada,Kaskawulsh Glacier,1053.721,-139.135408,60.778189,1987-08-05,1987-07-28,1987-08-22,1987
RGI60_01_Alaska,Canada,Kaskawulsh Glacier,1053.721,-139.135408,60.778189,1988,1988-07-23,1988-09-09,1988
RGI60_01_Alaska,Canada,Kaskawulsh Glacier,1053.721,-139.135408,60.778189,,1989-07-26 00:00:00,1989-08-11 00:00:00,1989
RGI60_01_Alaska,Canada,Kaskawulsh Glacier,1053.721,-139.135408,60.778189,,1990-07-20 00:00:00,1990-07-20 00:00:00,1990
RGI60_01_Alaska,Canada,Kaskawulsh Glacier,1053.721,-139.135408,60.778189,,1991-07-23 00:00:00,1991-09-25 00:00:00,1991
RGI60_01_Alaska,Canada,Kaskawulsh Glacier,1053.721,-139.135408,60.778189,,1992-08-10 00:00:00,1992-08-19 00:00:00,1992
RGI60_01_Alaska,Canada,Kaskawulsh Glacier,1053.721,-139.135408,60.778189,,1993-07-28 00:00:00,1993-08-13 00:00:00,1993
RGI60_01_Alaska,Canada,Kaskawulsh Glacier,1053.721,-139.135408,60.778189,,1994-08-16 00:00:00,1994-08-25 00:00:00,1994
RGI60_01_Alaska,Canada,Kaskawulsh Glacier,1053.721,-139.135408,60.778189,,1995-06-25 00:00:00,1995-07-27 00:00:00,1995
RGI60_01_Alaska,Canada,Kaskawulsh Glacier,1053.721,-139.135408,60.778189,,1996-08-14 00:00:00,1996-09-06 00:00:00,1996
RGI60_01_Alaska,Canada,Kaskawulsh Glacier,1053.721,-139.135408,60.778189,,1997-06-30 00:00:00,1997-09-09 00:00:00,1997
RGI60_01_Alaska,Canada,Kaskawulsh Glacier,1053.721,-139.135408,60.778189,,1998-07-03 00:00:00,1998-08-04 00:00:00,1998
RGI60_01_Alaska,Canada,Kaskawulsh Glacier,1053.721,-139.135408,60.778189,,1999-07-29 00:00:00,1999-08-14 00:00:00,1999
RGI60_01_Alaska,Canada,Kaskawulsh Glacier,1053.721,-139.135408,60.778189,,2000-08-01 00:00:00,2000-09-09 00:00:00,2000
RGI60_01_Alaska,Canada,Kaskawulsh Glacier,1053.721,-139.135408,60.778189,,2001-07-19 00:00:00,2001-08-11 00:00:00,2001
RGI60_01_Alaska,Canada,Kaskawulsh Glacier,1053.721,-139.135408,60.778189,,2002-07-06 00:00:00,2002-07-22 00:00:00,2002
RGI60_01_Alaska,Canada,Kaskawulsh Glacier,1053.721,-139.135408,60.778189,,2003-07-25 00:00:00,2003-08-09 00:00:00,2003
RGI60_01_Alaska,Canada,Kaskawulsh Glacier,1053.721,-139.135408,60.778189,,2004-07-18 00:00:00,2004-07-26 00:00:00,2004
RGI60_01_Alaska,Canada,Kaskawulsh Glacier,1053.721,-139.135408,60.778189,,2005-07-30 00:00:00,2005-07-30 00:00:00,2005
RGI60_01_Alaska,Canada,Kaskawulsh Glacier,1053.721,-139.135408,60.778189,,2006-08-09 00:00:00,2006-09-02 00:00:00,2006
RGI60_01_Alaska,Canada,Kaskawulsh Glacier,1053.721,-139.135408,60.778189,,2007-07-11 00:00:00,2007-08-12 00:00:00,2007
RGI60_01_Alaska,Canada,Kaskawulsh Glacier,1053.721,-139.135408,60.778189,,2008-09-15 00:00:00,2008-09-24 00:00:00,2008
RGI60_01_Alaska,Canada,Kaskawulsh Glacier,1053.721,-139.135408,60.778189,,2009-06-14 00:00:00,2009-07-08 00:00:00,2009
RGI60_01_Alaska,Canada,Kaskawulsh Glacier,1053.721,-139.135408,60.778189,,2010-08-12 00:00:00,2010-08-21 00:00:00,2010
RGI60_01_Alaska,Canada,Kaskawulsh Glacier,1053.721,-139.135408,60.778189,,2011-07-23 00:00:00,2011-09-25 00:00:00,2011
RGI60_01_Alaska,Canada,Kaskawulsh Glacier,1053.721,-139.135408,60.778189,,2012-08-18 00:00:00,2012-09-19 00:00:00,2012
RGI60_01_Alaska,Canada,Kaskawulsh Glacier,1053.721,-139.135408,60.778189,,2013-07-19 00:00:00,2013-08-12 00:00:00,2013
RGI60_01_Alaska,Canada,Kaskawulsh Glacier,1053.721,-139.135408,60.778189,2014,2014-07-22,2014-08-23,2014
RGI60_01_Alaska,Canada,Kaskawulsh Glacier,1053.721,-139.135408,60.778189,2015,2015-06-28,2015-07-14 00:00:00,2015
RGI60_01_Alaska,Canada,Kaskawulsh Glacier,1053.721,-139.135408,60.778189,2016,2016-06-18,2016-07-17,2016
RGI60_01_Alaska,Canada,Kaskawulsh Glacier,1053.721,-139.135408,60.778189,2017,2017-08-16,2017-09-12,2017
RGI60_01_Alaska,Canada,Kaskawulsh Glacier,1053.721,-139.135408,60.778189,,2018-07-08 00:00:00,2018-07-18 00:00:00,2018
RGI60_01_Alaska,Canada,Kaskawulsh Glacier,1053.721,-139.135408,60.778189,,2019-07-26 00:00:00,2019-07-31 00:00:00,2019
RGI60_01_Alaska,Canada,Kaskawulsh Glacier,1053.721,-139.135408,60.778189,,2020-08-11 00:00:00,2020-08-23 00:00:00,2020
RGI60_01_Alaska,Canada,Kaskawulsh Glacier,1053.721,-139.135408,60.778189,,2021-07-05 00:00:00,2021-07-20 00:00:00,2021
RGI60_01_Alaska,Canada,Kaskawulsh Glacier,1053.721,-139.135408,60.778189,,2022-08-13 00:00:00,2022-08-27 00:00:00,2022
RGI60_01_Alaska,Canada,Kaskawulsh Glacier,1053.721,-139.135408,60.778189,,2023-07-30 00:00:00,2023-08-10 00:00:00,2023
RGI60_01_Alaska,Canada,Kaskawulsh Glacier,1053.721,-139.135408,60.778189,,2024-08-01 00:00:00,2024-08-14 00:00:00,2024
RGI60_01_Alaska,Canada,Kaskawulsh Glacier,1053.721,-139.135408,60.778189,,2025-07-18 00:00:00,2025-07-28 00:00:00,2025
RGI60_01_Alaska,Canada,Donjek Glacier,447.996,-139.484,61.185,1810,,,1810
RGI60_01_Alaska,Canada,Donjek Glacier,447.996,-139.484,61.185,1997,1997-09-25 00:00:00,1997-10-04 00:00:00,1997
RGI60_01_Alaska,Canada,Donjek Glacier,447.996,-139.484,61.185,1998,1997-10-04 00:00:00,1998-05-16 00:00:00,1998
RGI60_01_Alaska,Canada,Donjek Glacier,447.996,-139.484,61.185,2017,2017-07-07,2017-10-01,2017
RGI60_01_Alaska,Canada,Donjek Glacier,447.996,-139.484,61.185,2019-07-12,,,2019
RGI60_01_Alaska,USA,Steele Glacier,254.841,-140.207133,61.258349,1977-08-04,,,1977
RGI60_01_Alaska,USA,Steele Glacier,254.841,-140.207133,61.258349,1978-08-08,,,1978
RGI60_01_Alaska,USA,Steele Glacier,254.841,-140.207133,61.258349,1979-07-11,,,1979
RGI60_01_Alaska,USA,Steele Glacier,254.841,-140.207133,61.258349,1980-06-20,,,1980
RGI60_01_Alaska,Canada,Lowell Glacier,"﻿343,098",-138.735,60.41,1852,,,1852
RGI60_01_Alaska,USA,Russell Glacier,361.864,-141.922548874,61.6564380249,,2005-07-11 00:00:00,2005-08-12 00:00:00,2005
RGI60_01_Alaska,USA,Russell Glacier,361.864,-141.922548874,61.6564380249,,2007-08-18 00:00:00,2007-08-25 00:00:00,2007
RGI60_01_Alaska,USA,Russell Glacier,361.864,-141.922548874,61.6564380249,,2009-09-07 00:00:00,2009-09-15 00:00:00,2009
RGI60_01_Alaska,USA,Russell Glacier,361.864,-141.922548874,61.6564380249,,2013-08-02 00:00:00,2013-08-27 00:00:00,2013
RGI60_01_Alaska,USA,Russell Glacier,361.864,-141.922548874,61.6564380249,,2014-08-21 00:00:00,2014-09-15 00:00:00,2014
RGI60_01_Alaska,USA,Russell Glacier,361.864,-141.922548874,61.6564380249,,2021-08-05 00:00:00,2021-08-19 00:00:00,2021
RGI60_01_Alaska,USA,Russell Glacier,361.864,-141.981947261,61.6292140006,,2013-08-11 00:00:00,2013-08-27 00:00:00,2013
RGI60_01_Alaska,USA,Russell Glacier,361.864,-141.981947261,61.6292140006,,2014-08-21 00:00:00,2014-09-23 00:00:00,2014
RGI60_01_Alaska,USA,Russell Glacier,361.864,-141.981947261,61.6292140006,,2015-08-25 00:00:00,2015-09-02 00:00:00,2015
RGI60_01_Alaska,USA,Russell Glacier,361.864,-141.981947261,61.6292140006,,2017-07-05 00:00:00,2017-07-07 00:00:00,2017
RGI60_01_Alaska,USA,Russell Glacier,361.864,-141.981947261,61.6292140006,,2020-08-11 00:00:00,2020-08-22 00:00:00,2020
RGI60_01_Alaska,USA,Russell Glacier,361.864,-141.981947261,61.6292140006,,2023-08-14 00:00:00,2023-08-19 00:00:00,2023
RGI60_01_Alaska,USA,Russell Glacier,361.864,-141.981947261,61.6292140006,,2024-06-29 00:00:00,2024-07-15 00:00:00,2024
RGI60_01_Alaska,USA,Russell Glacier,361.864,-141.981947261,61.6292140006,,2025-06-22 00:00:00,2025-06-28 00:00:00,2025
RGI60_01_Alaska,USA,Logan Glacier,1177.246,-141.162663019,60.8595552026,,1995-06-14 00:00:00,1995-09-04 00:00:00,1995
RGI60_01_Alaska,USA,Logan Glacier,1177.246,-141.162663019,60.8595552026,,1997-08-15 00:00:00,1997-09-16 00:00:00,1997
RGI60_01_Alaska,USA,Logan Glacier,1177.246,-141.162663019,60.8595552026,,1997-09-25 00:00:00,1998-06-06 00:00:00,1997
RGI60_01_Alaska,USA,Logan Glacier,1177.246,-141.162663019,60.8595552026,,1999-07-13 00:00:00,1999-08-05 00:00:00,1999
RGI60_01_Alaska,USA,Logan Glacier,1177.246,-141.162663019,60.8595552026,,2006-07-23 00:00:00,2006-09-25 00:00:00,2006
RGI60_01_Alaska,USA,Logan Glacier,1177.246,-141.162663019,60.8595552026,,2009-07-14 00:00:00,2010-09-20 00:00:00,2009
RGI60_01_Alaska,USA,Logan Glacier,1177.246,-140.367550769,60.7857853648,,1994-08-16 00:00:00,1995-09-04 00:00:00,1994
RGI60_01_Alaska,USA,Logan Glacier,1177.246,-140.367550769,60.7857853648,,2003-08-09 00:00:00,2003-09-17 00:00:00,2003
RGI60_01_Alaska,USA,Logan Glacier,1177.246,-140.367550769,60.7857853648,,2010-08-04 00:00:00,2010-09-20 00:00:00,2010
RGI60_01_Alaska,USA,Logan Glacier,1177.246,-140.367550769,60.7857853648,,2019-07-11 00:00:00,2019-07-27 00:00:00,2019
RGI60_01_Alaska,USA,Logan Glacier,1177.246,-140.367550769,60.7857853648,,2020-07-02 00:00:00,2020-07-29 00:00:00,2020
RGI60_01_Alaska,USA,Logan Glacier,1177.246,-140.457386399,60.8154801826,,1992-08-10 00:00:00,1993-07-12 00:00:00,1992
RGI60_01_Alaska,USA,Logan Glacier,1177.246,-140.457386399,60.8154801826,,1994-08-16 00:00:00,1995-09-04 00:00:00,1994
RGI60_01_Alaska,USA,Logan Glacier,1177.246,-140.457386399,60.8154801826,,1996-09-06 00:00:00,1997-08-15 00:00:00,1996
RGI60_01_Alaska,USA,Logan Glacier,1177.246,-140.457386399,60.8154801826,,1999-08-14 00:00:00,1999-08-30 00:00:00,1999
RGI60_01_Alaska,USA,Logan Glacier,1177.246,-140.457386399,60.8154801826,,2001-08-02 00:00:00,2001-08-11 00:00:00,2001
RGI60_01_Alaska,USA,Logan Glacier,1177.246,-140.457386399,60.8154801826,,2003-07-24 00:00:00,2003-08-09 00:00:00,2003
RGI60_01_Alaska,USA,Logan Glacier,1177.246,-140.457386399,60.8154801826,,2004-07-18 00:00:00,2004-08-03 00:00:00,2004
RGI60_01_Alaska,USA,Logan Glacier,1177.246,-140.457386399,60.8154801826,,2005-08-14 00:00:00,2005-09-15 00:00:00,2005
RGI60_01_Alaska,USA,Logan Glacier,1177.246,-140.457386399,60.8154801826,,2006-08-09 00:00:00,2006-09-02 00:00:00,2006
RGI60_01_Alaska,USA,Logan Glacier,1177.246,-140.457386399,60.8154801826,,2007-08-04 00:00:00,2007-08-11 00:00:00,2007
RGI60_01_Alaska,USA,Logan Glacier,1177.246,-140.457386399,60.8154801826,,2009-08-01 00:00:00,2009-09-18 00:00:00,2009
RGI60_01_Alaska,USA,Logan Glacier,1177.246,-140.457386399,60.8154801826,,2013-08-27 00:00:00,2013-09-05 00:00:00,2013
RGI60_01_Alaska,USA,Logan Glacier,1177.246,-140.457386399,60.8154801826,,2017-08-16 00:00:00,2017-09-02 00:00:00,2017
RGI60_01_Alaska,USA,Logan Glacier,1177.246,-140.457386399,60.8154801826,,2018-08-19 00:00:00,2018-08-29 00:00:00,2018
RGI60_01_Alaska,USA,Logan Glacier,1177.246,-140.457386399,60.8154801826,,2019-07-14 00:00:00,2019-07-18 00:00:00,2019
RGI60_01_Alaska,USA,Logan Glacier,1177.246,-140.457386399,60.8154801826,,2019-08-05 00:00:00,2019-08-10 00:00:00,2019
RGI60_01_Alaska,USA,Logan Glacier,1177.246,-140.457386399,60.8154801826,,2020-07-30 00:00:00,2020-08-04 00:00:00,2020
RGI60_01_Alaska,USA,Logan Glacier,1177.246,-140.457386399,60.8154801826,,2021-08-05 00:00:00,2021-08-16 00:00:00,2021
RGI60_01_Alaska,USA,Logan Glacier,1177.246,-140.457386399,60.8154801826,,2023-08-26 00:00:00,2023-09-11 00:00:00,2023
RGI60_01_Alaska,USA,Tustumena Glacier,307.536,-150.454691867,60.038841286,,1999-07-31 00:00:00,1999-07-31 00:00:00,1999
RGI60_01_Alaska,USA,Tustumena Glacier,307.536,-150.454691867,60.038841286,,2000-08-09 00:00:00,2000-09-03 00:00:00,2000
RGI60_01_Alaska,USA,Tustumena Glacier,307.536,-150.454691867,60.038841286,,2001-07-27 00:00:00,2001-09-06 00:00:00,2001
RGI60_01_Alaska,USA,Tustumena Glacier,307.536,-150.454691867,60.038841286,,2002-07-07 00:00:00,2002-07-30 00:00:00,2002
RGI60_01_Alaska,USA,Tustumena Glacier,307.536,-150.454691867,60.038841286,,2003-07-18 00:00:00,2003-08-02 00:00:00,2003
RGI60_01_Alaska,USA,Tustumena Glacier,307.536,-150.454691867,60.038841286,,2004-06-01 00:00:00,2004-07-12 00:00:00,2004
RGI60_01_Alaska,USA,Tustumena Glacier,307.536,-150.454691867,60.038841286,,2005-06-21 00:00:00,2005-08-08 00:00:00,2005
RGI60_01_Alaska,USA,Tustumena Glacier,307.536,-150.454691867,60.038841286,,2006-05-30 00:00:00,2006-06-24 00:00:00,2006
RGI60_01_Alaska,USA,Tustumena Glacier,307.536,-150.454691867,60.038841286,,2007-08-06 00:00:00,2007-08-29 00:00:00,2007
RGI60_01_Alaska,USA,Tustumena Glacier,307.536,-150.454691867,60.038841286,,2008-08-24 00:00:00,2008-10-02 00:00:00,2008
RGI60_01_Alaska,USA,Tustumena Glacier,307.536,-150.454691867,60.038841286,,2009-08-10 00:00:00,2009-09-03 00:00:00,2009
RGI60_01_Alaska,USA,Tustumena Glacier,307.536,-150.454691867,60.038841286,,2011-07-29 00:00:00,2011-08-11 00:00:00,2011
RGI60_01_Alaska,USA,Tustumena Glacier,307.536,-150.454691867,60.038841286,,2012-08-03 00:00:00,2012-10-08 00:00:00,2012
RGI60_01_Alaska,USA,Tustumena Glacier,307.536,-150.454691867,60.038841286,,2013-06-27 00:00:00,2013-07-13 00:00:00,2013
RGI60_01_Alaska,USA,Tustumena Glacier,307.536,-150.454691867,60.038841286,,2014-06-05 00:00:00,2014-09-03 00:00:00,2014
RGI60_01_Alaska,USA,Tustumena Glacier,307.536,-150.454691867,60.038841286,,2015-08-04 00:00:00,2015-08-28 00:00:00,2015
RGI60_01_Alaska,USA,Tustumena Glacier,307.536,-150.454691867,60.038841286,,2018-07-31 00:00:00,2018-08-22 00:00:00,2018
RGI60_01_Alaska,USA,Tustumena Glacier,307.536,-150.454691867,60.038841286,,2019-07-03 00:00:00,2019-07-07 00:00:00,2019
RGI60_01_Alaska,USA,Tustumena Glacier,307.536,-150.454691867,60.038841286,,2020-05-31 00:00:00,2020-05-31 00:00:00,2020
RGI60_01_Alaska,USA,Tustumena Glacier,307.536,-150.454691867,60.038841286,,2021-06-07 00:00:00,2021-06-07 00:00:00,2021
RGI60_01_Alaska,USA,Tustumena Glacier,307.536,-150.454691867,60.038841286,,2022-07-05 00:00:00,2022-07-05 00:00:00,2022
RGI60_01_Alaska,USA,Tustumena Glacier,307.536,-150.454691867,60.038841286,,2023-07-13 00:00:00,2023-07-13 00:00:00,2023
RGI60_01_Alaska,USA,Tustumena Glacier,307.536,-150.454691867,60.038841286,,2024-05-28 00:00:00,2024-05-28 00:00:00,2024
RGI60_01_Alaska,USA,Tustumena Glacier,307.536,-150.454691867,60.038841286,,2025-05-10 00:00:00,2025-05-10 00:00:00,2025
RGI60_01_Alaska,USA,Skilak Glacier,171.454,-149.944668,60.199099,1969-01-11,,,1969
RGI60_01_Alaska,USA,Skilak Glacier,171.454,-149.944668,60.199099,1971-09-06,,,1971
RGI60_01_Alaska,USA,Skilak Glacier,171.454,-149.944668,60.199099,1974-08-15,,,1974
RGI60_01_Alaska,USA,Skilak Glacier,171.454,-149.944668,60.199099,1977-09-02,,,1977
RGI60_01_Alaska,USA,Skilak Glacier,171.454,-149.944668,60.199099,1982-10-05,,,1982
RGI60_01_Alaska,USA,Skilak Glacier,171.454,-149.944668,60.199099,1985-11-01,,,1985
RGI60_01_Alaska,USA,Skilak Glacier,171.454,-149.944668,60.199099,1990-11-15,,,1990
RGI60_01_Alaska,USA,Skilak Glacier,171.454,-149.944668,60.199099,1993-08-14,,,1993
RGI60_01_Alaska,USA,Skilak Glacier,171.454,-149.944668,60.199099,1995-10-15,,,1995
RGI60_01_Alaska,USA,Skilak Glacier,171.454,-149.944668,60.199099,1997-10-16,,,1997
RGI60_01_Alaska,USA,Skilak Glacier,171.454,-149.944668,60.199099,1999-10-29,,,1999
RGI60_01_Alaska,USA,Skilak Glacier,171.454,-149.944668,60.199099,2002-11-22,,,2002
RGI60_01_Alaska,USA,Skilak Glacier,171.454,-149.944668,60.199099,2004-10-20,,,2004
RGI60_01_Alaska,USA,Skilak Glacier,171.454,-149.944668,60.199099,2007-01-15,,,2007
RGI60_01_Alaska,USA,Skilak Glacier,171.454,-149.944668,60.199099,2009-08-09,,,2009
RGI60_01_Alaska,USA,Skilak Glacier,171.454,-149.944668,60.199099,2011-10-06,,,2011
RGI60_01_Alaska,USA,Skilak Glacier,171.454,-149.944668,60.199099,2013-09-21,,,2013
RGI60_01_Alaska,USA,Skilak Glacier,171.454,-149.944668,60.199099,2014-11-14,,,2014
RGI60_01_Alaska,USA,Skilak Glacier,171.454,-149.944668,60.199099,2016-10-02,,,2016
RGI60_01_Alaska,USA,Skilak Glacier,171.454,-149.944668,60.199099,2018-09-13,,,2018
RGI60_01_Alaska,USA,Skilak Glacier,171.454,-149.944668,60.199099,2019-10-15,,,2019
RGI60_01_Alaska,USA,Skilak Glacier,171.454,-149.944668,60.199099,2021-10-01,,,2021
RGI60_01_Alaska,USA,Skilak Glacier,171.454,-149.944668,60.199099,,2023-09-01 00:00:00,2023-09-19 00:00:00,2023
RGI60_01_Alaska,USA,Skilak Glacier,171.454,-149.944668,60.199099,,2025-10-25 00:00:00,2025-11-02 00:00:00,2025
RGI60_01_Alaska,USA,Bear Glacier,198.091,-149.607868,60.072956,,1986-07-26 00:00:00,1986-08-13 00:00:00,1986
RGI60_01_Alaska,USA,Bear Glacier,198.091,-149.607868,60.072956,,2000-08-25 00:00:00,2000-09-03 00:00:00,2000
RGI60_01_Alaska,USA,Bear Glacier,198.091,-149.607868,60.072956,,2001-11-25 00:00:00,2002-02-20 00:00:00,2001
RGI60_01_Alaska,USA,Bear Glacier,198.091,-149.607868,60.072956,,2003-10-15 00:00:00,2004-03-22 00:00:00,2003
RGI60_01_Alaska,USA,Bear Glacier,198.091,-149.607868,60.072956,,2004-09-14 00:00:00,2005-04-17 00:00:00,2004
RGI60_01_Alaska,USA,Bear Glacier,198.091,-149.607868,60.072956,,2005-10-28 00:00:00,2006-03-28 00:00:00,2005
RGI60_01_Alaska,USA,Bear Glacier,198.091,-149.607868,60.072956,,2006-10-23 00:00:00,2007-05-18 00:00:00,2006
RGI60_01_Alaska,USA,Bear Glacier,198.091,-149.607868,60.072956,,2012-08-03,2012-09-09 00:00:00,2012
RGI60_01_Alaska,USA,Bear Glacier,198.091,-149.607868,60.072956,,2014-08-02 00:00:00,2014-08-02 00:00:00,2014
RGI60_01_Alaska,USA,Bear Glacier,198.091,-149.607868,60.072956,,2015-11-17 00:00:00,2016-03-31 00:00:00,2015
RGI60_01_Alaska,USA,Bear Glacier,198.091,-149.607868,60.072956,,2016-10-24 00:00:00,2017-01-09 00:00:00,2016
RGI60_01_Alaska,USA,Bear Glacier,198.091,-149.607868,60.072956,2018-08-11,2018-07-31,2018-08-22,2018
RGI60_01_Alaska,USA,Bear Glacier,198.091,-149.607868,60.072956,2019-09-05,2019-09-05,2019-09-14,2019
RGI60_01_Alaska,USA,Bear Glacier,198.091,-149.607868,60.072956,2020-11-04,2020-11-03,2020-11-17,2020
RGI60_01_Alaska,USA,Bear Glacier,198.091,-149.607868,60.072956,2022-09-04,2022-09-05 00:00:00,2022-09-17 00:00:00,2022
RGI60_01_Alaska,USA,Bear Glacier,198.091,-149.607868,60.072956,,2024-08-20 00:00:00,2024-09-01 00:00:00,2024
RGI60_01_Alaska,USA,Bear Glacier,198.091,-149.607868,60.072956,,2025-10-10 00:00:00,2025-10-17 00:00:00,2025
RGI60_01_Alaska,USA,Blockade Glacier (west arm),,-152.446892311,60.9587584501,,1983-08-02 00:00:00,1983-08-18 00:00:00,1983
RGI60_01_Alaska,USA,Blockade Glacier (west arm),,-152.446892311,60.9587584501,,1986-10-30 00:00:00,1987-08-21 00:00:00,1986
RGI60_01_Alaska,USA,Blockade Glacier (west arm),,-152.446892311,60.9587584501,,1991-06-20 00:00:00,1992-06-30 00:00:00,1991
RGI60_01_Alaska,USA,Blockade Glacier (west arm),,-152.446892311,60.9587584501,,1995-10-05 00:00:00,1999-09-06 00:00:00,1995
RGI60_01_Alaska,USA,Blockade Glacier (west arm),,-152.446892311,60.9587584501,,2001-10-29 00:00:00,2002-07-05 00:00:00,2001
RGI60_01_Alaska,USA,Blockade Glacier (west arm),,-152.446892311,60.9587584501,2003-09-01 00:00:00,2003-09-01 00:00:00,2003-09-17 00:00:00,2003
RGI60_01_Alaska,USA,Blockade Glacier (west arm),,-152.446892311,60.9587584501,,2006-04-26 00:00:00,2006-07-31 00:00:00,2006
RGI60_01_Alaska,USA,Blockade Glacier (west arm),,-152.446892311,60.9587584501,,2008-09-30 00:00:00,2008-10-16 00:00:00,2008
RGI60_01_Alaska,USA,Blockade Glacier (west arm),,-152.446892311,60.9587584501,,2010-07-15 00:00:00,2010-08-19 00:00:00,2010
RGI60_01_Alaska,USA,Blockade Glacier (west arm),,-152.446892311,60.9587584501,,2012-08-08 00:00:00,2012-08-28 00:00:00,2012
RGI60_01_Alaska,USA,Blockade Glacier (west arm),,-152.446892311,60.9587584501,,2014-07-30 00:00:00,2014-08-22 00:00:00,2014
RGI60_01_Alaska,USA,Blockade Glacier (west arm),,-152.446892311,60.9587584501,,2016-08-03 00:00:00,2016-08-19 00:00:00,2016
RGI60_01_Alaska,USA,Blockade Glacier (west arm),,-152.446892311,60.9587584501,,2018-07-21 00:00:00,2018-08-03 00:00:00,2018
RGI60_01_Alaska,USA,Blockade Glacier (west arm),,-152.446892311,60.9587584501,,2020-07-01 00:00:00,2020-07-09 00:00:00,2020
RGI60_01_Alaska,USA,Blockade Glacier (west arm),,-152.446892311,60.9587584501,2021,2021-10-24 00:00:00,2021-11-06 00:00:00,2021
RGI60_01_Alaska,USA,Blockade Glacier (west arm),,-152.446892311,60.9587584501,2023-09-01 00:00:00,2023-09-04 00:00:00,2023-09-10 00:00:00,2023
RGI60_01_Alaska,USA,Blockade Glacier (west arm),,-152.446892311,60.9587584501,2025,2025-08-20 00:00:00,2025-09-05 00:00:00,2025
RGI60_01_Alaska,USA,RGI60-01.20740,40.235,-138.16,59.276,2021,2021-07-31 00:00:00,2021-08-15 00:00:00,2021
RGI60_01_Alaska,USA,RGI60-01.20775,255.6,-138.28422143,59.27943045,2021,2021-08-01 00:00:00,2021-08-15 00:00:00,2021
RGI60_01_Alaska,USA,Brady Glacier,549.286,-136.624002,58.50235,1994,1994-08-02,1994-10-14,1994
RGI60_01_Alaska,USA,Brady Glacier,549.286,-136.624002,58.50235,1997,,,1997
RGI60_01_Alaska,USA,Brady Glacier,549.286,-136.624002,58.50235,1998,1998-05-27,1998-06-28,1998
RGI60_01_Alaska,USA,Brady Glacier,549.286,-136.624002,58.50235,2001,,,2001
RGI60_01_Alaska,USA,Brady Glacier,549.286,-136.9173,58.4967,1918,,,1918
RGI60_01_Alaska,USA,Brady Glacier,549.286,-136.708248,58.598758,1995-09-29,,,1995
RGI60_01_Alaska,USA,Brady Glacier,549.286,-136.708248,58.598758,1995-09-30,,,1995
RGI60_01_Alaska,USA,Brady Glacier,549.286,-136.805277,58.466097,1893,,,1893
RGI60_01_Alaska,USA,Brady Glacier,549.286,-136.805277,58.466097,1920,,,1920
RGI60_01_Alaska,USA,Brady Glacier,549.286,-136.805277,58.466097,1960-09-07,,,1960
RGI60_01_Alaska,USA,Brady Glacier,549.286,-136.805277,58.466097,,1990-08-23 00:00:00,1990-10-03 00:00:00,1990
RGI60_01_Alaska,USA,Brady Glacier,549.286,-136.805277,58.466097,,1993-08-08 00:00:00,1993-10-11 00:00:00,1993
RGI60_01_Alaska,USA,Brady Glacier,549.286,-136.805277,58.466097,,1998-08-13 00:00:00,1998-10-09 00:00:00,1998
RGI60_01_Alaska,USA,Brady Glacier,549.286,-136.805277,58.466097,,1990-08-23 00:00:00,1990-10-03 00:00:00,1990
RGI60_01_Alaska,USA,Brady Glacier,549.286,-136.805277,58.466097,,1993-08-08 00:00:00,1993-10-11 00:00:00,1993
RGI60_01_Alaska,USA,Brady Glacier,549.286,-136.805277,58.466097,,1998-08-13 00:00:00,1998-10-09 00:00:00,1998
RGI60_01_Alaska,USA,Brady Glacier,549.286,-136.805277,58.466097,,2012-08-26 00:00:00,2012-09-21 00:00:00,2012
RGI60_01_Alaska,USA,Brady Glacier,549.286,-136.805277,58.466097,,2014-08-01 00:00:00,2014-08-23 00:00:00,2014
RGI60_01_Alaska,USA,Brady Glacier,549.286,-136.805277,58.466097,,2015-08-20 00:00:00,2015-09-13 00:00:00,2015
RGI60_01_Alaska,USA,Brady Glacier,549.286,-136.805277,58.466097,,1990-08-23 00:00:00,1990-10-03 00:00:00,1990
RGI60_01_Alaska,USA,Brady Glacier,549.286,-136.805277,58.466097,,1990-08-23 00:00:00,1990-10-03 00:00:00,1990
RGI60_01_Alaska,USA,Brady Glacier,549.286,-136.805277,58.466097,,1993-08-08 00:00:00,1993-10-11 00:00:00,1993
RGI60_01_Alaska,USA,Brady Glacier,549.286,-136.805277,58.466097,,1998-08-13 00:00:00,1998-10-09 00:00:00,1998
RGI60_01_Alaska,USA,Brady Glacier,549.286,-136.711721,58.567279,1995-09-29,,,1995
RGI60_01_Alaska,USA,Brady Glacier,549.286,-136.711721,58.567279,1995-09-30,,,1995
RGI60_01_Alaska,USA,Brady Glacier,549.286,-136.711721,58.567279,1995-11-04,,,1995
RGI60_01_Alaska,USA,Brady Glacier,549.286,-136.711721,58.567279,1996-01-13,,,1996
RGI60_01_Alaska,USA,Brady Glacier,549.286,-136.711721,58.567279,1996-03-03,,,1996
RGI60_01_Alaska,USA,Brady Glacier,549.286,-136.711721,58.567279,1996-03-04,,,1996
RGI60_01_Alaska,USA,Brady Glacier,549.286,-136.711721,58.567279,1996-03-22,,,1996
RGI60_01_Alaska,USA,Brady Glacier,549.286,-136.666867102,58.5835110014,,1990-07-22 00:00:00,1990-08-16 00:00:00,1990
RGI60_01_Alaska,USA,Brady Glacier,549.286,-136.666867102,58.5835110014,,1993-08-08 00:00:00,1993-10-11 00:00:00,1993
RGI60_01_Alaska,USA,Brady Glacier,549.286,-136.666867102,58.5835110014,,1995-08-07 00:00:00,1995-09-24 00:00:00,1995
RGI60_01_Alaska,USA,Brady Glacier,549.286,-136.666867102,58.5835110014,,2000-08-26 00:00:00,2000-10-29 00:00:00,2000
RGI60_01_Alaska,USA,Brady Glacier,549.286,-136.666867102,58.5835110014,,2004-08-30 00:00:00,2004-10-17 00:00:00,2004
RGI60_01_Alaska,USA,Brady Glacier,549.286,-136.666867102,58.5835110014,,2013-09-24 00:00:00,2013-10-26 00:00:00,2013
RGI60_01_Alaska,USA,Brady Glacier,549.286,-136.666867102,58.5835110014,,2015-06-15 00:00:00,2015-07-21 00:00:00,2015
RGI60_01_Alaska,USA,Brady Glacier,549.286,-136.666867102,58.5835110014,,2016-07-17 00:00:00,2016-08-04 00:00:00,2016
RGI60_01_Alaska,USA,Brady Glacier,549.286,-136.666867102,58.5835110014,,2018-07-31 00:00:00,2018-08-17 00:00:00,2018
RGI60_01_Alaska,USA,Brady Glacier,549.286,-136.666867102,58.5835110014,,2021-08-21 00:00:00,2021-09-08 00:00:00,2021
RGI60_01_Alaska,USA,Brady Glacier,549.286,-136.666867102,58.5835110014,,2024-08-21 00:00:00,2024-09-10 00:00:00,2024
RGI60_01_Alaska,USA,Brady Glacier,549.286,-136.663859554,58.5450996962,,1995-09-24 00:00:00,1996-07-15 00:00:00,1995
RGI60_01_Alaska,USA,Brady Glacier,549.286,-136.663859554,58.5450996962,,2002-10-28 00:00:00,2003-03-05 00:00:00,2002
RGI60_01_Alaska,USA,Brady Glacier,549.286,-136.663859554,58.5450996962,,2003-10-15 00:00:00,2004-02-27 00:00:00,2003
RGI60_01_Alaska,USA,Brady Glacier,549.286,-136.663859554,58.5450996962,,2005-10-03 00:00:00,2006-02-16 00:00:00,2005
RGI60_01_Alaska,USA,Brady Glacier,549.286,-136.663859554,58.5450996962,,2006-10-08 00:00:00,2007-02-28 00:00:00,2006
RGI60_01_Alaska,USA,Brady Glacier,549.286,-136.663859554,58.5450996962,,2007-10-19 00:00:00,2008-02-22 00:00:00,2007
RGI60_01_Alaska,USA,Brady Glacier,549.286,-136.663859554,58.5450996962,,2009-10-14 00:00:00,2010-02-20 00:00:00,2009
RGI60_01_Alaska,USA,Brady Glacier,549.286,-136.663859554,58.5450996962,,2010-09-13 00:00:00,2011-02-16 00:00:00,2010
RGI60_01_Alaska,USA,Brady Glacier,549.286,-136.663859554,58.5450996962,,2013-09-24 00:00:00,2013-10-26 00:00:00,2013
RGI60_01_Alaska,USA,Brady Glacier,549.286,-136.663859554,58.5450996962,,2015-06-15 00:00:00,2015-07-21 00:00:00,2015
RGI60_01_Alaska,USA,Brady Glacier,549.286,-136.663859554,58.5450996962,,2016-07-17 00:00:00,2016-09-01 00:00:00,2016
RGI60_01_Alaska,USA,Brady Glacier,549.286,-136.663859554,58.5450996962,,2018-07-31 00:00:00,2018-08-19 00:00:00,2018
RGI60_01_Alaska,USA,Brady Glacier,549.286,-136.663859554,58.5450996962,,2019-11-27 00:00:00,2020-01-12 00:00:00,2019
RGI60_01_Alaska,USA,Brady Glacier,549.286,-136.663859554,58.5450996962,,2021-08-31 00:00:00,2021-09-08 00:00:00,2021
RGI60_01_Alaska,USA,Brady Glacier,549.286,-136.663859554,58.5450996962,,2022-10-22 00:00:00,2023-01-28 00:00:00,2022
RGI60_01_Alaska,USA,Brady Glacier,549.286,-136.663859554,58.5450996962,,2024-08-21 00:00:00,2024-09-10 00:00:00,2024
RGI60_01_Alaska,USA,Brady Glacier,549.286,-136.663859554,58.5450996962,,2025-10-16 00:00:00,2026-01-22 00:00:00,2025
RGI60_01_Alaska,USA,Brady Glacier,549.286,-136.667627274,58.5287509019,,1995-08-07 00:00:00,1995-09-24 00:00:00,1995
RGI60_01_Alaska,USA,Brady Glacier,549.286,-136.667627274,58.5287509019,,2015-06-18 00:00:00,2015-07-04 00:00:00,2015
RGI60_01_Alaska,USA,Brady Glacier,549.286,-136.667627274,58.5287509019,,2016-07-30 00:00:00,2016-09-01 00:00:00,2016
RGI60_01_Alaska,USA,Brady Glacier,549.286,-136.667627274,58.5287509019,,2018-07-31 00:00:00,2018-08-19 00:00:00,2018
RGI60_01_Alaska,USA,Brady Glacier,549.286,-136.667627274,58.5287509019,,2021-09-01 00:00:00,2021-09-08 00:00:00,2021
RGI60_01_Alaska,USA,Brady Glacier,549.286,-136.667627274,58.5287509019,,2022-11-18 00:00:00,2023-01-09 00:00:00,2022
RGI60_01_Alaska,USA,Brady Glacier,549.286,-136.667627274,58.5287509019,,2024-08-21 00:00:00,2024-09-10 00:00:00,2024
RGI60_01_Alaska,USA,Brady Glacier,549.286,-136.667627274,58.5287509019,,2025-12-26 00:00:00,2026-01-23 00:00:00,2025
RGI60_01_Alaska,USA,Brady Glacier,549.286,-136.643796853,58.4242999579,,1993-08-08 00:00:00,1993-10-11 00:00:00,1993
RGI60_01_Alaska,USA,Brady Glacier,549.286,-136.643796853,58.4242999579,,1995-06-27 00:00:00,1995-09-24 00:00:00,1995
RGI60_01_Alaska,USA,Brady Glacier,549.286,-136.643796853,58.4242999579,,1998-07-12 00:00:00,1998-07-30 00:00:00,1998
RGI60_01_Alaska,USA,Brady Glacier,549.286,-136.643796853,58.4242999579,,2000-08-28 00:00:00,2000-10-29 00:00:00,2000
RGI60_01_Alaska,USA,Brady Glacier,549.286,-136.643796853,58.4242999579,,2001-08-13 00:00:00,2002-06-13 00:00:00,2001
RGI60_01_Alaska,USA,Brady Glacier,549.286,-136.643796853,58.4242999579,,2003-07-12 00:00:00,2003-09-05 00:00:00,2003
RGI60_01_Alaska,USA,Brady Glacier,549.286,-136.643796853,58.4242999579,,2004-09-07 00:00:00,2004-10-17 00:00:00,2004
RGI60_01_Alaska,USA,Brady Glacier,549.286,-136.643796853,58.4242999579,,2005-07-08 00:00:00,2005-08-09 00:00:00,2005
RGI60_01_Alaska,USA,Brady Glacier,549.286,-136.643796853,58.4242999579,,2006-07-11 00:00:00,2006-09-14 00:00:00,2006
RGI60_01_Alaska,USA,Brady Glacier,549.286,-136.643796853,58.4242999579,,2013-08-02 00:00:00,2013-08-11 00:00:00,2013
RGI60_01_Alaska,USA,Brady Glacier,549.286,-136.643796853,58.4242999579,,2014-06-16 00:00:00,2014-07-18 00:00:00,2014
RGI60_01_Alaska,USA,Brady Glacier,549.286,-136.643796853,58.4242999579,,2015-09-13 00:00:00,2015-09-23 00:00:00,2015
RGI60_01_Alaska,USA,Brady Glacier,549.286,-136.643796853,58.4242999579,,2015-05-25 00:00:00,2015-08-04 00:00:00,2015
RGI60_01_Alaska,USA,Brady Glacier,549.286,-136.643796853,58.4242999579,,2016-06-09 00:00:00,2016-09-01 00:00:00,2016
RGI60_01_Alaska,USA,Brady Glacier,549.286,-136.643796853,58.4242999579,,2017-05-23 00:00:00,2017-05-27 00:00:00,2017
RGI60_01_Alaska,USA,Brady Glacier,549.286,-136.643796853,58.4242999579,,2017-09-30 00:00:00,2017-10-10 00:00:00,2017
RGI60_01_Alaska,USA,Brady Glacier,549.286,-136.643796853,58.4242999579,,2018-08-05 00:00:00,2018-09-04 00:00:00,2018
RGI60_01_Alaska,USA,Brady Glacier,549.286,-136.643796853,58.4242999579,,2018-07-04 00:00:00,2018-07-21 00:00:00,2018
RGI60_01_Alaska,USA,Brady Glacier,549.286,-136.643796853,58.4242999579,,2018-05-07 00:00:00,2018-05-15 00:00:00,2018
RGI60_01_Alaska,USA,Brady Glacier,549.286,-136.643796853,58.4242999579,,2019-06-29 00:00:00,2019-08-03 00:00:00,2019
RGI60_01_Alaska,USA,Brady Glacier,549.286,-136.643796853,58.4242999579,,2019-05-12 00:00:00,2019-05-25 00:00:00,2019
RGI60_01_Alaska,USA,Brady Glacier,549.286,-136.643796853,58.4242999579,,2020-05-22 00:00:00,2020-06-09 00:00:00,2020
RGI60_01_Alaska,USA,Brady Glacier,549.286,-136.643796853,58.4242999579,,2021-07-05 00:00:00,2021-07-25 00:00:00,2021
RGI60_01_Alaska,USA,Brady Glacier,549.286,-136.643796853,58.4242999579,,2022-07-04 00:00:00,2022-08-03 00:00:00,2022
RGI60_01_Alaska,USA,Brady Glacier,549.286,-136.643796853,58.4242999579,,2023-08-23 00:00:00,2023-09-05 00:00:00,2023
RGI60_01_Alaska,USA,Brady Glacier,549.286,-136.665665,58.538731,1995-09-30,,,1995
RGI60_01_Alaska,USA,Brady Glacier,549.286,-136.665665,58.538731,1995-11-04,,,1995
RGI60_01_Alaska,USA,Brady Glacier,549.286,-136.665665,58.538731,1996-01-13,,,1996
RGI60_01_Alaska,USA,Brady Glacier,549.286,-136.665665,58.538731,1996-03-03,,,1996
RGI60_01_Alaska,USA,Brady Glacier,549.286,-136.665665,58.538731,1996-03-04,,,1996
RGI60_01_Alaska,USA,Brady Glacier,549.286,-136.665665,58.538731,1996-03-22,,,1996
RGI60_01_Alaska,USA,Brady Glacier,549.286,-136.665665,58.538731,1996-03-23,,,1996
RGI60_01_Alaska,USA,Brady Glacier,549.286,-136.63765026,58.411392,,1997-09-13 00:00:00,1998-04-09 00:00:00,1997
RGI60_01_Alaska,USA,Brady Glacier,549.286,-136.63765026,58.411392,,1998-09-16 00:00:00,1998-10-09 00:00:00,1998
RGI60_01_Alaska,USA,Brady Glacier,549.286,-136.63765026,58.411392,,2001-08-13 00:00:00,2001-10-02 00:00:00,2001
RGI60_01_Alaska,USA,Brady Glacier,549.286,-136.63765026,58.411392,,2002-07-31 00:00:00,2002-09-03 00:00:00,2002
RGI60_01_Alaska,USA,Brady Glacier,549.286,-136.63765026,58.411392,,2004-07-13 00:00:00,2004-08-06 00:00:00,2004
RGI60_01_Alaska,USA,Brady Glacier,549.286,-136.63765026,58.411392,,2006-06-09 00:00:00,2006-07-03 00:00:00,2006
RGI60_01_Alaska,USA,Brady Glacier,549.286,-136.63765026,58.411392,,2007-06-27 00:00:00,2007-07-22 00:00:00,2007
RGI60_01_Alaska,USA,Brady Glacier,549.286,-136.63765026,58.411392,,2011-06-07 00:00:00,2011-07-17 00:00:00,2011
RGI60_01_Alaska,USA,Brady Glacier,549.286,-136.63765026,58.411392,,2013-06-21 00:00:00,2013-07-30 00:00:00,2013
RGI60_01_Alaska,USA,Brady Glacier,549.286,-136.63765026,58.411392,,2018-07-04 00:00:00,2018-07-24 00:00:00,2018
RGI60_01_Alaska,USA,Brady Glacier,549.286,-136.63765026,58.411392,,2018-08-05 00:00:00,2018-08-18 00:00:00,2018
RGI60_01_Alaska,USA,Brady Glacier,549.286,-136.63765026,58.411392,,2023-10-21 00:00:00,2023-10-26 00:00:00,2023
RGI60_01_Alaska,USA,Brady Glacier,549.286,-136.69616915,58.36700088,,1994-08-02 00:00:00,1994-09-28 00:00:00,1994
RGI60_01_Alaska,USA,Brady Glacier,549.286,-136.69616915,58.36700088,,1995-06-27 00:00:00,1995-09-15 00:00:00,1995
RGI60_01_Alaska,USA,Brady Glacier,549.286,-136.69616915,58.36700088,,1996-06-13 00:00:00,1996-07-15 00:00:00,1996
RGI60_01_Alaska,USA,Brady Glacier,549.286,-136.69616915,58.36700088,,1998-09-16 00:00:00,1998-10-09 00:00:00,1998
RGI60_01_Alaska,USA,Brady Glacier,549.286,-136.69616915,58.36700088,,2000-06-23 00:00:00,2000-08-10 00:00:00,2000
RGI60_01_Alaska,USA,Brady Glacier,549.286,-136.69616915,58.36700088,,2004-09-07 00:00:00,2004-10-17 00:00:00,2004
RGI60_01_Alaska,USA,Brady Glacier,549.286,-136.69616915,58.36700088,,2011-07-11 00:00:00,2012-08-26 00:00:00,2011
RGI60_01_Alaska,USA,Brady Glacier,549.286,-136.69616915,58.36700088,,2017-05-27 00:00:00,2017-06-23 00:00:00,2017
RGI60_01_Alaska,USA,Brady Glacier,549.286,-136.69616915,58.36700088,,2021-11-07 00:00:00,2022-02-10 00:00:00,2021
RGI60_01_Alaska,USA,Lituya Glacier,48.301,-137.604,58.751,1978,1978-08-18,1978-09-04,1978
RGI60_01_Alaska,USA,Lituya Glacier,48.301,-137.604,58.751,1985,1985-08-18,1985-09-26,1985
RGI60_01_Alaska,USA,Lituya Glacier,48.301,-137.604,58.751,1986,1986-08-21,1986-09-13,1986
RGI60_01_Alaska,USA,Lituya Glacier,48.301,-137.604,58.751,1992,1992-06-09,1992-09-13,1992
RGI60_01_Alaska,USA,Lituya Glacier,48.301,-137.604,58.751,1994,1994-08-11,1994-09-28,1994
RGI60_01_Alaska,USA,Lituya Glacier,48.301,-137.604,58.751,1997,1997-06-23,1997-08-03,1997
RGI60_01_Alaska,USA,Lituya Glacier,48.301,-137.604,58.751,1999,1999-03-25,1999-07-16,1999
RGI60_01_Alaska,USA,Lituya Glacier,48.301,-137.604,58.751,1999,1999-08-01,1999-10-20,1999
RGI60_01_Alaska,USA,Lituya Glacier,48.301,-137.604,58.751,2003,2003-05-08,2003-07-18,2003
RGI60_01_Alaska,USA,Lituya Glacier,48.301,-137.604,58.751,2003,2003-09-05,2003-10-14,2003
RGI60_01_Alaska,USA,Lituya Glacier,48.301,-137.604,58.751,2004,2004-09-07,2004-10-17,2004
RGI60_01_Alaska,USA,Lituya Glacier,48.301,-137.604,58.751,2004,2004-06-02,2004-08-05,2004
RGI60_01_Alaska,USA,Lituya Glacier,48.301,-137.604,58.751,2005,2005-05-05,2005-06-06,2005
RGI60_01_Alaska,USA,Lituya Glacier,48.301,-137.604,58.751,2005,2005-07-08,2005-07-23,2005
RGI60_01_Alaska,USA,Lituya Glacier,48.301,-137.604,58.751,2005,2005-09-26,2005-10-03,2005
RGI60_01_Alaska,USA,Lituya Glacier,48.301,-137.604,58.751,2006,2006-06-09,2006-07-03,2006
RGI60_01_Alaska,USA,Lituya Glacier,48.301,-137.604,58.751,2006,2006-07-11,2006-09-13,2006
RGI60_01_Alaska,USA,Lituya Glacier,48.301,-137.604,58.751,2012,2012-07-21,2012-08-29,2012
RGI60_01_Alaska,USA,Lituya Glacier,48.301,-137.604,58.751,2013,2013-10-26,2013-11-02,2013
RGI60_01_Alaska,USA,Lituya Glacier,48.301,-137.604,58.751,2017-09-18,2017-09-18,2017-09-23,2017
RGI60_01_Alaska,USA,Lituya Glacier,48.301,-137.604,58.751,2018-10-12,,,2018
RGI60_01_Alaska,USA,Lituya Glacier,48.301,-137.604,58.751,2019-08-07,,,2019
RGI60_01_Alaska,USA,Lituya Glacier,48.301,-137.604,58.751,2020-08-15,,,2020
RGI60_01_Alaska,USA,Lituya Glacier,48.301,-137.604,58.751,2021,2021-06-28,2021-07-20,2021
RGI60_01_Alaska,USA,Lituya Glacier,48.301,-137.604,58.751,2022,2022-07-15,2022-08-03,2022
RGI60_01_Alaska,USA,Lituya Glacier,48.301,-137.604,58.751,2022,2022-10-25 00:00:00,2022-11-16 00:00:00,2022
RGI60_01_Alaska,USA,Lituya Glacier,48.301,-137.604,58.751,2023-06-11,,,2023
RGI60_01_Alaska,USA,Lituya Glacier,48.301,-137.604,58.751,2025,2025-05-19,2025-06-15,2025
RGI60_01_Alaska,USA,Ruth Glacier,335.936,-150.580728348,62.8804891538,,2005-08-14 00:00:00,2006-09-03 00:00:00,2005
RGI60_01_Alaska,USA,Ruth Glacier,335.936,-150.580728348,62.8804891538,,2014-07-30 00:00:00,2014-08-30 00:00:00,2014
RGI60_01_Alaska,USA,Ruth Glacier,335.936,-150.580728348,62.8804891538,,2017-08-06 00:00:00,2017-09-08 00:00:00,2017
RGI60_01_Alaska,USA,Ruth Glacier,335.936,-150.580728348,62.8804891538,,2018-07-22 00:00:00,2018-09-08 00:00:00,2018
RGI60_01_Alaska,USA,Ruth Glacier,335.936,-150.580728348,62.8804891538,,2020-08-28 00:00:00,2020-09-12 00:00:00,2020
RGI60_01_Alaska,USA,Tokositna Glacier,204.342,-150.815612536,62.8197913342,,2001-09-29 00:00:00,2002-07-30 00:00:00,2001
RGI60_01_Alaska,USA,Tokositna Glacier,204.342,-150.815612536,62.8197913342,,2003-10-12 00:00:00,2004-07-11 00:00:00,2003
RGI60_01_Alaska,USA,Tokositna Glacier,204.342,-150.815612536,62.8197913342,,2005-08-14 00:00:00,2006-06-05 00:00:00,2005
RGI60_01_Alaska,USA,Tokositna Glacier,204.342,-150.815612536,62.8197913342,,2006-09-03 00:00:00,2007-08-11 00:00:00,2006
RGI60_01_Alaska,USA,Tokositna Glacier,204.342,-150.815612536,62.8197913342,,2006-09-03 00:00:00,2007-08-11 00:00:00,2006
RGI60_01_Alaska,USA,Tokositna Glacier,204.342,-150.815612536,62.8197913342,,2009-07-08 00:00:00,2009-08-02 00:00:00,2009
RGI60_01_Alaska,USA,Tokositna Glacier,204.342,-150.815612536,62.8197913342,,2009-08-02 00:00:00,2009-10-12 00:00:00,2009
RGI60_01_Alaska,USA,Tokositna Glacier,204.342,-150.815612536,62.8197913342,,2012-10-11 00:00:00,2013-06-16 00:00:00,2012
RGI60_01_Alaska,USA,Tokositna Glacier,204.342,-150.815612536,62.8197913342,,2014-07-30 00:00:00,2014-08-30 00:00:00,2014
RGI60_01_Alaska,USA,Tokositna Glacier,204.342,-150.815612536,62.8197913342,,2015-06-15 00:00:00,2015-08-03 00:00:00,2015
RGI60_01_Alaska,USA,Tokositna Glacier,204.342,-150.815612536,62.8197913342,,2016-10-08 00:00:00,2016-10-15 00:00:00,2016
RGI60_01_Alaska,USA,Tokositna Glacier,204.342,-150.815612536,62.8197913342,,2016-10-15 00:00:00,2017-05-31 00:00:00,2016
RGI60_01_Alaska,USA,Tokositna Glacier,204.342,-150.815612536,62.8197913342,,2018-09-10 00:00:00,2018-09-30 00:00:00,2018
RGI60_01_Alaska,USA,Tokositna Glacier,204.342,-150.815612536,62.8197913342,,2019-07-07 00:00:00,2019-08-09 00:00:00,2019
RGI60_01_Alaska,USA,Tokositna Glacier,204.342,-150.815612536,62.8197913342,,2019-08-11 00:00:00,2019-08-24 00:00:00,2019
RGI60_01_Alaska,USA,Tokositna Glacier,204.342,-150.815612536,62.8197913342,,2020-09-12 00:00:00,2020-10-04 00:00:00,2020
RGI60_01_Alaska,USA,Tokositna Glacier,335.936,-150.549412467,62.7568160957,,2001-09-11 00:00:00,2001-09-27 00:00:00,2001
RGI60_01_Alaska,USA,Tokositna Glacier,335.936,-150.549412467,62.7568160957,,2005-08-14 00:00:00,2006-09-03 00:00:00,2005
RGI60_01_Alaska,USA,Tokositna Glacier,335.936,-150.549412467,62.7568160957,,2016-07-15 00:00:00,2016-08-28 00:00:00,2016
RGI60_01_Alaska,USA,Tokositna Glacier,335.936,-150.549412467,62.7568160957,,2018-08-28 00:00:00,2018-09-03 00:00:00,2018
RGI60_01_Alaska,USA,Tokositna Glacier,335.936,-150.549412467,62.7568160957,,2019-07-07 00:00:00,2019-07-29 00:00:00,2019
RGI60_01_Alaska,USA,Tokositna Glacier,335.936,-150.549412467,62.7568160957,,2020-06-14 00:00:00,2020-07-04 00:00:00,2020
RGI60_01_Alaska,USA,First Branch Columbia Glacier,129.755,-147.16354163,61.0982947238,,1985-10-04 00:00:00,1986-10-25 00:00:00,1985
RGI60_01_Alaska,USA,First Branch Columbia Glacier,129.755,-147.16354163,61.0982947238,1995,1995-09-16 00:00:00,1995-10-02 00:00:00,1995
RGI60_01_Alaska,USA,First Branch Columbia Glacier,129.755,-147.16354163,61.0982947238,1997,1997-08-04 00:00:00,1997-10-07 00:00:00,1997
RGI60_01_Alaska,USA,First Branch Columbia Glacier,129.755,-147.16354163,61.0982947238,,1998-10-10 00:00:00,1999-07-31 00:00:00,1998
RGI60_01_Alaska,USA,First Branch Columbia Glacier,129.755,-147.16354163,61.0982947238,,2003-08-05 00:00:00,2003-09-06 00:00:00,2003
RGI60_01_Alaska,USA,Kieffer Glacier,488.363,-142.95,60.76,1999-08-27,,,1999
RGI60_01_Alaska,USA,Kieffer Glacier,488.363,-142.95,60.76,2000-08-15,,,2000
RGI60_01_Alaska,USA,Kieffer Glacier,488.363,-142.95,60.76,2002-08-15,,,2002
RGI60_01_Alaska,USA,Kieffer Glacier,488.363,-142.95,60.76,2003-08-03,,,2003
RGI60_01_Alaska,USA,Kieffer Glacier,488.363,-142.95,60.76,2004-08-26,,,2004
RGI60_01_Alaska,USA,Kieffer Glacier,488.363,-142.95,60.76,2009-07-29,,,2009
RGI60_01_Alaska,USA,Kieffer Glacier,488.363,-142.95,60.76,2010-08-13,,,2010
RGI60_01_Alaska,USA,Kieffer Glacier,488.363,-142.95,60.76,,2011-06-23 00:00:00,2011-07-02 00:00:00,2011
RGI60_01_Alaska,USA,Kieffer Glacier,488.363,-142.95,60.76,,2012-07-20 00:00:00,2012-07-27 00:00:00,2012
RGI60_01_Alaska,USA,Kieffer Glacier,488.363,-142.95,60.76,,2014-05-28 00:00:00,2014-06-06 00:00:00,2014
RGI60_01_Alaska,USA,Kieffer Glacier,488.363,-142.95,60.76,,2016-06-16 00:00:00,2016-07-09 00:00:00,2016
RGI60_01_Alaska,USA,Agassiz Glacier,832.278,-141.03153,60.11422,,1986-10-29 00:00:00,1990-08-12 00:00:00,1986
RGI60_01_Alaska,USA,Agassiz Glacier,832.278,-141.03153,60.11422,,1994-08-16 00:00:00,1995-09-04 00:00:00,1994
RGI60_01_Alaska,USA,Agassiz Glacier,832.278,-141.03153,60.11422,,1996-10-08 00:00:00,1997-08-15 00:00:00,1996
RGI60_01_Alaska,USA,Agassiz Glacier,832.278,-141.03153,60.11422,,1999-08-30 00:00:00,2000-09-09 00:00:00,1999
RGI60_01_Alaska,USA,Agassiz Glacier,832.278,-141.03153,60.11422,,2002-08-14 00:00:00,2003-04-02 00:00:00,2002
RGI60_01_Alaska,USA,Agassiz Glacier,832.278,-141.03153,60.11422,,2004-08-10 00:00:00,2005-06-02 00:00:00,2004
RGI60_01_Alaska,USA,Agassiz Glacier,832.278,-141.03153,60.11422,,2006-10-11 00:00:00,2007-08-11 00:00:00,2006
RGI60_01_Alaska,USA,Agassiz Glacier,832.278,-141.03153,60.11422,,2009-07-08 00:00:00,2009-10-12 00:00:00,2009
RGI60_01_Alaska,USA,Agassiz Glacier,832.278,-141.03153,60.11422,,2012-10-19 00:00:00,2013-08-11 00:00:00,2012
RGI60_01_Alaska,USA,Agassiz Glacier,832.278,-141.03153,60.11422,,2015-08-25 00:00:00,2015-09-02 00:00:00,2015
RGI60_01_Alaska,USA,Agassiz Glacier,832.278,-141.03153,60.11422,,2018-06-13 00:00:00,2018-06-24 00:00:00,2018
RGI60_01_Alaska,USA,Agassiz Glacier,832.278,-141.03153,60.11422,,2021-08-22 00:00:00,2021-08-29 00:00:00,2021
RGI60_01_Alaska,USA,Agassiz Glacier,832.278,-140.997440172,60.0928693283,,1987-08-29 00:00:00,1990-08-12 00:00:00,1987
RGI60_01_Alaska,USA,Agassiz Glacier,832.278,-140.997440172,60.0928693283,,1994-08-16 00:00:00,1995-09-04 00:00:00,1994
RGI60_01_Alaska,USA,Agassiz Glacier,832.278,-140.997440172,60.0928693283,,1996-10-08 00:00:00,1997-09-16 00:00:00,1996
RGI60_01_Alaska,USA,Agassiz Glacier,832.278,-140.997440172,60.0928693283,,2004-08-10 00:00:00,2005-08-14 00:00:00,2004
RGI60_01_Alaska,USA,Agassiz Glacier,832.278,-140.997440172,60.0928693283,,2008-09-06 00:00:00,2009-10-11 00:00:00,2008
RGI60_01_Alaska,USA,Agassiz Glacier,832.278,-140.997440172,60.0928693283,,2015-08-25 00:00:00,2015-09-02 00:00:00,2015
RGI60_01_Alaska,USA,Agassiz Glacier,832.278,-140.997440172,60.0928693283,,2017-10-07 00:00:00,2018-07-24 00:00:00,2017
RGI60_01_Alaska,USA,Agassiz Glacier,832.278,-140.997440172,60.0928693283,,2021-08-22 00:00:00,2021-08-30 00:00:00,2021
RGI60_01_Alaska,USA,Fairweather Glacier (northern arm),45.88,-137.768959303,58.8768083545,,2000-10-29 00:00:00,2001-05-25 00:00:00,2000
RGI60_01_Alaska,USA,Fairweather Glacier (northern arm),45.88,-137.768959303,58.8768083545,,2002-10-10 00:00:00,2002-10-28 00:00:00,2002
RGI60_01_Alaska,USA,Fairweather Glacier (northern arm),45.88,-137.768959303,58.8768083545,,2004-10-25 00:00:00,2005-05-05 00:00:00,2004
RGI60_01_Alaska,USA,Fairweather Glacier (northern arm),45.88,-137.768959303,58.8768083545,,2006-09-13 00:00:00,2007-06-27 00:00:00,2006
RGI60_01_Alaska,USA,Fairweather Glacier (northern arm),45.88,-137.768959303,58.8768083545,,2009-09-05 00:00:00,2009-09-28 00:00:00,2009
RGI60_01_Alaska,USA,Fairweather Glacier (northern arm),45.88,-137.768959303,58.8768083545,,2011-06-07 00:00:00,2011-09-26 00:00:00,2011
RGI60_01_Alaska,USA,Fairweather Glacier (northern arm),45.88,-137.768959303,58.8768083545,,2013-08-06 00:00:00,2013-08-14 00:00:00,2013
RGI60_01_Alaska,USA,Fairweather Glacier (northern arm),45.88,-137.768959303,58.8768083545,,2015-06-01 00:00:00,2015-08-08 00:00:00,2015
RGI60_01_Alaska,USA,Fairweather Glacier (northern arm),45.88,-137.768959303,58.8768083545,,2016-10-07 00:00:00,2016-11-15 00:00:00,2016
RGI60_01_Alaska,USA,Fairweather Glacier (northern arm),45.88,-137.768959303,58.8768083545,,2018-07-13 00:00:00,2018-07-20 00:00:00,2018
RGI60_01_Alaska,USA,Fairweather Glacier (northern arm),45.88,-137.768959303,58.8768083545,,2018-09-15 00:00:00,2018-09-20 00:00:00,2018
RGI60_01_Alaska,USA,Fairweather Glacier (northern arm),45.88,-137.768959303,58.8768083545,,2018-10-31 00:00:00,2018-11-06 00:00:00,2018
RGI60_01_Alaska,USA,Fairweather Glacier (northern arm),45.88,-137.768959303,58.8768083545,,2019-10-25 00:00:00,2019-11-08 00:00:00,2019
RGI60_01_Alaska,USA,Fairweather Glacier (northern arm),45.88,-137.768959303,58.8768083545,,2020-06-21 00:00:00,2020-07-01 00:00:00,2020
RGI60_01_Alaska,USA,Fairweather Glacier (northern arm),45.88,-137.768959303,58.8768083545,,2021-07-19 00:00:00,2021-07-29 00:00:00,2021
RGI60_01_Alaska,USA,Fairweather Glacier (northern arm),45.88,-137.768959303,58.8768083545,,2022-06-16 00:00:00,2022-06-25 00:00:00,2022
RGI60_01_Alaska,USA,Fairweather Glacier (northern arm),45.88,-137.768959303,58.8768083545,,2023-06-19 00:00:00,2023-07-07 00:00:00,2023
RGI60_01_Alaska,USA,Fairweather Glacier (northern arm),45.88,-137.768959303,58.8768083545,,2023-10-08 00:00:00,2023-10-21 00:00:00,2023
RGI60_01_Alaska,USA,Kennicott Glacier,"﻿82,477",-142.884085,61.567854,1982-08-01,,,1982
RGI60_01_Alaska,USA,Kennicott Glacier,"﻿82,477",-142.884085,61.567854,1988-07-17,,,1988
RGI60_01_Alaska,USA,Kennicott Glacier,"﻿82,477",-142.884085,61.567854,1993-07-13,,,1993
RGI60_01_Alaska,USA,Kennicott Glacier,"﻿82,477",-142.884085,61.567854,1994-07-14,,,1994
RGI60_01_Alaska,USA,Kennicott Glacier,"﻿82,477",-142.884085,61.567854,1995-08-02,,,1995
RGI60_01_Alaska,USA,East Nunatak Glacier,75.014,-138.788012816,59.7720749798,,1991-06-23 00:00:00,1992-09-04 00:00:00,1991
RGI60_01_Alaska,USA,East Nunatak Glacier,75.014,-138.788012816,59.7720749798,,1993-07-12 00:00:00,1994-08-02 00:00:00,1993
RGI60_01_Alaska,USA,East Nunatak Glacier,75.014,-138.788012816,59.7720749798,,1996-07-04 00:00:00,1996-08-14 00:00:00,1996
RGI60_01_Alaska,USA,East Nunatak Glacier,75.014,-138.788012816,59.7720749798,,1997-06-30 00:00:00,1997-09-25 00:00:00,1997
RGI60_01_Alaska,USA,East Nunatak Glacier,75.014,-138.788012816,59.7720749798,,1998-07-28 00:00:00,1998-08-04 00:00:00,1998
RGI60_01_Alaska,USA,East Nunatak Glacier,75.014,-138.788012816,59.7720749798,,2000-07-07 00:00:00,2000-09-09 00:00:00,2000
RGI60_01_Alaska,USA,East Nunatak Glacier,75.014,-138.788012816,59.7720749798,,2001-07-19 00:00:00,2001-08-13 00:00:00,2001
RGI60_01_Alaska,USA,East Nunatak Glacier,75.014,-138.788012816,59.7720749798,,2003-07-10 00:00:00,2003-08-09 00:00:00,2003
RGI60_01_Alaska,USA,East Nunatak Glacier,75.014,-138.788012816,59.7720749798,,2004-07-12 00:00:00,2004-08-13 00:00:00,2004
RGI60_01_Alaska,USA,East Nunatak Glacier,75.014,-138.788012816,59.7720749798,,2005-07-05 00:00:00,2005-08-14 00:00:00,2005
RGI60_01_Alaska,USA,East Nunatak Glacier,75.014,-138.788012816,59.7720749798,,2007-07-19 00:00:00,2007-08-28 00:00:00,2007
RGI60_01_Alaska,USA,East Nunatak Glacier,75.014,-138.788012816,59.7720749798,,2009-07-25 00:00:00,2009-08-03 00:00:00,2009
RGI60_01_Alaska,USA,East Nunatak Glacier,75.014,-138.788012816,59.7720749798,,2010-08-04 00:00:00,2010-08-14 00:00:00,2010
RGI60_01_Alaska,USA,East Nunatak Glacier,75.014,-138.788012816,59.7720749798,,2011-07-22 00:00:00,2011-09-25 00:00:00,2011
RGI60_01_Alaska,USA,East Nunatak Glacier,75.014,-138.788012816,59.7720749798,,2013-07-29 00:00:00,2013-08-06 00:00:00,2013
RGI60_01_Alaska,USA,East Nunatak Glacier,75.014,-138.788012816,59.7720749798,,2014-08-23 00:00:00,2014-09-24 00:00:00,2014
RGI60_01_Alaska,USA,East Nunatak Glacier,75.014,-138.788012816,59.7720749798,,2015-08-04 00:00:00,2015-10-05 00:00:00,2015
RGI60_01_Alaska,USA,East Nunatak Glacier,75.014,-138.788012816,59.7720749798,,2016-08-20 00:00:00,2016-09-30 00:00:00,2016
RGI60_01_Alaska,USA,East Nunatak Glacier,75.014,-138.788012816,59.7720749798,,2017-08-15 00:00:00,2017-09-25 00:00:00,2017
RGI60_01_Alaska,USA,East Nunatak Glacier,75.014,-138.788012816,59.7720749798,,2018-08-01 00:00:00,2018-08-19 00:00:00,2018
RGI60_01_Alaska,USA,East Nunatak Glacier,75.014,-138.788012816,59.7720749798,,2019-07-07 00:00:00,2019-08-03 00:00:00,2019
RGI60_01_Alaska,USA,East Nunatak Glacier,75.014,-138.788012816,59.7720749798,,2019-09-27 00:00:00,2019-10-20 00:00:00,2019
RGI60_01_Alaska,USA,East Nunatak Glacier,75.014,-138.788012816,59.7720749798,,2020-09-06 00:00:00,2020-10-14 00:00:00,2020
RGI60_01_Alaska,USA,East Nunatak Glacier,75.014,-138.742691316,59.7708306778,,1988-07-23 00:00:00,1988-09-09 00:00:00,1988
RGI60_01_Alaska,USA,East Nunatak Glacier,75.014,-138.742691316,59.7708306778,,1990-07-20 00:00:00,1990-08-23 00:00:00,1990
RGI60_01_Alaska,USA,East Nunatak Glacier,75.014,-138.742691316,59.7708306778,,1991-06-23 00:00:00,1992-09-04 00:00:00,1991
RGI60_01_Alaska,USA,East Nunatak Glacier,75.014,-138.742691316,59.7708306778,,1993-07-12 00:00:00,1994-08-02 00:00:00,1993
RGI60_01_Alaska,USA,East Nunatak Glacier,75.014,-138.742691316,59.7708306778,,1996-07-04 00:00:00,1996-08-14 00:00:00,1996
RGI60_01_Alaska,USA,East Nunatak Glacier,75.014,-138.742691316,59.7708306778,,1997-06-30 00:00:00,1997-09-25 00:00:00,1997
RGI60_01_Alaska,USA,East Nunatak Glacier,75.014,-138.742691316,59.7708306778,,1998-07-28 00:00:00,1998-08-04 00:00:00,1998
RGI60_01_Alaska,USA,East Nunatak Glacier,75.014,-138.742691316,59.7708306778,,2000-07-07 00:00:00,2000-09-09 00:00:00,2000
RGI60_01_Alaska,USA,East Nunatak Glacier,75.014,-138.742691316,59.7708306778,,2001-07-19 00:00:00,2001-08-13 00:00:00,2001
RGI60_01_Alaska,USA,East Nunatak Glacier,75.014,-138.742691316,59.7708306778,,2003-10-14 00:00:00,2003-10-20 00:00:00,2003
RGI60_01_Alaska,USA,East Nunatak Glacier,75.014,-138.742691316,59.7708306778,,2004-07-12 00:00:00,2004-08-13 00:00:00,2004
RGI60_01_Alaska,USA,East Nunatak Glacier,75.014,-138.742691316,59.7708306778,,2005-07-05 00:00:00,2005-08-14 00:00:00,2005
RGI60_01_Alaska,USA,East Nunatak Glacier,75.014,-138.742691316,59.7708306778,,2007-07-19 00:00:00,2007-08-28 00:00:00,2007
RGI60_01_Alaska,USA,East Nunatak Glacier,75.014,-138.742691316,59.7708306778,,2009-08-03 00:00:00,2009-09-28 00:00:00,2009
RGI60_01_Alaska,USA,East Nunatak Glacier,75.014,-138.742691316,59.7708306778,,2010-08-04 00:00:00,2010-08-14 00:00:00,2010
RGI60_01_Alaska,USA,East Nunatak Glacier,75.014,-138.742691316,59.7708306778,,2011-07-22 00:00:00,2011-09-25 00:00:00,2011
RGI60_01_Alaska,USA,East Nunatak Glacier,75.014,-138.742691316,59.7708306778,,2013-07-29 00:00:00,2013-08-06 00:00:00,2013
RGI60_01_Alaska,USA,East Nunatak Glacier,75.014,-138.742691316,59.7708306778,,2014-08-23 00:00:00,2014-09-24 00:00:00,2014
RGI60_01_Alaska,USA,East Nunatak Glacier,75.014,-138.742691316,59.7708306778,,2015-08-04 00:00:00,2015-10-05 00:00:00,2015
RGI60_01_Alaska,USA,East Nunatak Glacier,75.014,-138.742691316,59.7708306778,,2016-08-20 00:00:00,2016-09-30 00:00:00,2016
RGI60_01_Alaska,USA,East Nunatak Glacier,75.014,-138.742691316,59.7708306778,,2017-08-15 00:00:00,2017-09-25 00:00:00,2017
RGI60_01_Alaska,USA,East Nunatak Glacier,75.014,-138.742691316,59.7708306778,,2018-08-01 00:00:00,2018-08-19 00:00:00,2018
RGI60_01_Alaska,USA,East Nunatak Glacier,75.014,-138.742691316,59.7708306778,,2019-07-07 00:00:00,2019-08-03 00:00:00,2019
RGI60_01_Alaska,USA,East Nunatak Glacier,75.014,-138.742691316,59.7708306778,,2019-09-27 00:00:00,2019-10-20 00:00:00,2019
RGI60_01_Alaska,USA,East Nunatak Glacier,75.014,-138.742691316,59.7708306778,,2020-09-06 00:00:00,2020-10-14 00:00:00,2020
RGI60_01_Alaska,USA,East Nunatak Glacier,75.014,-138.774708678,59.7619301891,,1991-06-23 00:00:00,1992-09-04 00:00:00,1991
RGI60_01_Alaska,USA,East Nunatak Glacier,75.014,-138.774708678,59.7619301891,,1993-07-12 00:00:00,1994-08-02 00:00:00,1993
RGI60_01_Alaska,USA,East Nunatak Glacier,75.014,-138.774708678,59.7619301891,,1996-07-04 00:00:00,1996-08-14 00:00:00,1996
RGI60_01_Alaska,USA,East Nunatak Glacier,75.014,-138.774708678,59.7619301891,,1997-06-30 00:00:00,1997-09-25 00:00:00,1997
RGI60_01_Alaska,USA,East Nunatak Glacier,75.014,-138.774708678,59.7619301891,,1998-07-28 00:00:00,1998-08-04 00:00:00,1998
RGI60_01_Alaska,USA,East Nunatak Glacier,75.014,-138.774708678,59.7619301891,,2000-07-07 00:00:00,2000-09-09 00:00:00,2000
RGI60_01_Alaska,USA,East Nunatak Glacier,75.014,-138.774708678,59.7619301891,,2001-07-19 00:00:00,2001-08-13 00:00:00,2001
RGI60_01_Alaska,USA,East Nunatak Glacier,75.014,-138.774708678,59.7619301891,,2003-07-10 00:00:00,2003-08-09 00:00:00,2003
RGI60_01_Alaska,USA,East Nunatak Glacier,75.014,-138.774708678,59.7619301891,,2004-07-12 00:00:00,2004-08-13 00:00:00,2004
RGI60_01_Alaska,USA,East Nunatak Glacier,75.014,-138.774708678,59.7619301891,,2005-07-05 00:00:00,2005-08-14 00:00:00,2005
RGI60_01_Alaska,USA,East Nunatak Glacier,75.014,-138.774708678,59.7619301891,,2007-07-19 00:00:00,2007-08-28 00:00:00,2007
RGI60_01_Alaska,USA,East Nunatak Glacier,75.014,-138.774708678,59.7619301891,,2009-07-25 00:00:00,2009-08-03 00:00:00,2009
RGI60_01_Alaska,USA,East Nunatak Glacier,75.014,-138.774708678,59.7619301891,,2010-08-04 00:00:00,2010-08-14 00:00:00,2010
RGI60_01_Alaska,USA,East Nunatak Glacier,75.014,-138.774708678,59.7619301891,,2011-07-22 00:00:00,2011-09-25 00:00:00,2011
RGI60_01_Alaska,USA,East Nunatak Glacier,75.014,-138.774708678,59.7619301891,,2013-07-29 00:00:00,2013-08-06 00:00:00,2013
RGI60_01_Alaska,USA,East Nunatak Glacier,75.014,-138.774708678,59.7619301891,,2014-08-23 00:00:00,2014-09-24 00:00:00,2014
RGI60_01_Alaska,USA,East Nunatak Glacier,75.014,-138.774708678,59.7619301891,,2015-08-04 00:00:00,2015-10-05 00:00:00,2015
RGI60_01_Alaska,USA,East Nunatak Glacier,75.014,-138.774708678,59.7619301891,,2016-08-20 00:00:00,2016-09-30 00:00:00,2016
RGI60_01_Alaska,USA,East Nunatak Glacier,75.014,-138.774708678,59.7619301891,,2017-08-15 00:00:00,2017-09-25 00:00:00,2017
RGI60_01_Alaska,USA,East Nunatak Glacier,75.014,-138.774708678,59.7619301891,,2018-08-01 00:00:00,2018-08-19 00:00:00,2018
RGI60_01_Alaska,USA,East Nunatak Glacier,75.014,-138.774708678,59.7619301891,,2019-07-07 00:00:00,2019-08-03 00:00:00,2019
RGI60_01_Alaska,USA,East Nunatak Glacier,75.014,-138.774708678,59.7619301891,,2019-09-27 00:00:00,2019-10-20 00:00:00,2019
RGI60_01_Alaska,USA,East Nunatak Glacier,75.014,-138.774708678,59.7619301891,,2020-09-06 00:00:00,2020-10-14 00:00:00,2020
RGI60_01_Alaska,USA,East Nunatak Glacier,75.014,-138.758795772,59.7790063687,,1988-07-23 00:00:00,1988-09-09 00:00:00,1988
RGI60_01_Alaska,USA,East Nunatak Glacier,75.014,-138.758795772,59.7790063687,,1989-08-11 00:00:00,1989-08-27 00:00:00,1989
RGI60_01_Alaska,USA,East Nunatak Glacier,75.014,-138.758795772,59.7790063687,,1990-07-20 00:00:00,1990-08-23 00:00:00,1990
RGI60_01_Alaska,USA,East Nunatak Glacier,75.014,-138.758795772,59.7790063687,,1991-06-23 00:00:00,1992-09-04 00:00:00,1991
RGI60_01_Alaska,USA,East Nunatak Glacier,75.014,-138.758795772,59.7790063687,,1993-07-12 00:00:00,1994-08-02 00:00:00,1993
RGI60_01_Alaska,USA,East Nunatak Glacier,75.014,-138.758795772,59.7790063687,,1996-07-04 00:00:00,1996-08-14 00:00:00,1996
RGI60_01_Alaska,USA,East Nunatak Glacier,75.014,-138.758795772,59.7790063687,,1997-06-30 00:00:00,1997-09-25 00:00:00,1997
RGI60_01_Alaska,USA,East Nunatak Glacier,75.014,-138.758795772,59.7790063687,,1998-07-28 00:00:00,1998-08-04 00:00:00,1998
RGI60_01_Alaska,USA,East Nunatak Glacier,75.014,-138.758795772,59.7790063687,,2000-07-07 00:00:00,2000-09-09 00:00:00,2000
RGI60_01_Alaska,USA,East Nunatak Glacier,75.014,-138.758795772,59.7790063687,,2001-07-19 00:00:00,2001-08-13 00:00:00,2001
RGI60_01_Alaska,USA,East Nunatak Glacier,75.014,-138.758795772,59.7790063687,,2003-10-14 00:00:00,2003-10-20 00:00:00,2003
RGI60_01_Alaska,USA,East Nunatak Glacier,75.014,-138.758795772,59.7790063687,,2004-08-13 00:00:00,2004-10-15 00:00:00,2004
RGI60_01_Alaska,USA,East Nunatak Glacier,75.014,-138.758795772,59.7790063687,,2005-09-08 00:00:00,2005-10-02 00:00:00,2005
RGI60_01_Alaska,USA,East Nunatak Glacier,75.014,-138.758795772,59.7790063687,,2007-07-19 00:00:00,2007-08-28 00:00:00,2007
RGI60_01_Alaska,USA,East Nunatak Glacier,75.014,-138.758795772,59.7790063687,,2009-08-03 00:00:00,2009-09-28 00:00:00,2009
RGI60_01_Alaska,USA,East Nunatak Glacier,75.014,-138.758795772,59.7790063687,,2010-08-04 00:00:00,2010-08-14 00:00:00,2010
RGI60_01_Alaska,USA,East Nunatak Glacier,75.014,-138.758795772,59.7790063687,,2011-07-22 00:00:00,2011-09-25 00:00:00,2011
RGI60_01_Alaska,USA,East Nunatak Glacier,75.014,-138.758795772,59.7790063687,,2013-07-29 00:00:00,2013-08-06 00:00:00,2013
RGI60_01_Alaska,USA,East Nunatak Glacier,75.014,-138.758795772,59.7790063687,,2014-08-23 00:00:00,2014-09-24 00:00:00,2014
RGI60_01_Alaska,USA,East Nunatak Glacier,75.014,-138.758795772,59.7790063687,,2015-08-04 00:00:00,2015-10-05 00:00:00,2015
RGI60_01_Alaska,USA,East Nunatak Glacier,75.014,-138.758795772,59.7790063687,,2016-08-20 00:00:00,2016-09-30 00:00:00,2016
RGI60_01_Alaska,USA,East Nunatak Glacier,75.014,-138.758795772,59.7790063687,,2017-08-15 00:00:00,2017-09-25 00:00:00,2017
RGI60_01_Alaska,USA,East Nunatak Glacier,75.014,-138.758795772,59.7790063687,,2018-08-01 00:00:00,2018-08-19 00:00:00,2018
RGI60_01_Alaska,USA,East Nunatak Glacier,75.014,-138.758795772,59.7790063687,,2019-07-07 00:00:00,2019-08-03 00:00:00,2019
RGI60_01_Alaska,USA,East Nunatak Glacier,75.014,-138.758795772,59.7790063687,,2019-09-27 00:00:00,2019-10-20 00:00:00,2019
RGI60_01_Alaska,USA,East Nunatak Glacier,75.014,-138.758795772,59.7790063687,,2020-09-06 00:00:00,2020-10-14 00:00:00,2020
RGI60_01_Alaska,USA,Bering Glacier (west arm),534.228,-143.421218574,60.4262790701,,2011-07-20 00:00:00,2011-10-08 00:00:00,2011
RGI60_01_Alaska,USA,Bering Glacier (west arm),534.228,-143.421218574,60.4262790701,,2019-06-05 00:00:00,2019-07-17 00:00:00,2019
RGI60_01_Alaska,USA,Bering Glacier (west arm),534.228,-143.421218574,60.4262790701,,2015-06-13 00:00:00,2015-08-23 00:00:00,2015
RGI60_01_Alaska,USA,Bering Glacier (west arm),534.228,-143.421218574,60.4262790701,,2023-07-07 00:00:00,2023-09-22 00:00:00,2023
RGI60_01_Alaska,USA,Bering Glacier (west arm),534.228,-143.384545263,60.435447546,,2000-09-30 00:00:00,2001-09-10 00:00:00,2000
RGI60_01_Alaska,USA,Bering Glacier (west arm),534.228,-143.384545263,60.435447546,,2003-08-23 00:00:00,2003-09-15 00:00:00,2003
RGI60_01_Alaska,USA,Bering Glacier (west arm),534.228,-143.384545263,60.435447546,,2023-07-07 00:00:00,2023-09-22 00:00:00,2023
RGI60_01_Alaska,USA,Bering Glacier (west arm),534.228,-143.318237465,60.4399946558,,2007-08-10 00:00:00,2007-09-27 00:00:00,2007
RGI60_01_Alaska,USA,Bering Glacier (west arm),534.228,-143.286635883,60.4348315113,,2001-08-02 00:00:00,2001-09-10 00:00:00,2001
RGI60_01_Alaska,USA,Bering Glacier (west arm),534.228,-143.286635883,60.4348315113,,2003-07-13 00:00:00,2003-09-15 00:00:00,2003
RGI60_01_Alaska,USA,Bering Glacier (west arm),534.228,-143.286635883,60.4348315113,,2006-08-07 00:00:00,2006-09-24 00:00:00,2006
RGI60_01_Alaska,USA,Bering Glacier (west arm),534.228,-143.286635883,60.4348315113,,2007-08-10 00:00:00,2007-09-27 00:00:00,2007
RGI60_01_Alaska,USA,Bering Glacier (west arm),534.228,-143.286635883,60.4348315113,,2018-06-13 00:00:00,2018-07-03 00:00:00,2018
RGI60_01_Alaska,USA,Bering Glacier (west arm),534.228,-143.286635883,60.4348315113,,2020-07-04 00:00:00,2020-07-29 00:00:00,2020
RGI60_02_WesternCanadaUSA,Canada,Bridge Glacier,81.977,-123.49692523,50.84428432,,1964,1970,1964
RGI60_02_WesternCanadaUSA,Canada,Cumberland Glacier,2.958,-124.41,51.206,1983-07-19,,,1983
RGI60_02_WesternCanadaUSA,Canada,Cumberland Glacier,"﻿3,315",-124.518871,51.237632,1982-07-20,,,1982
RGI60_02_WesternCanadaUSA,Canada,Cumberland Glacier,"﻿3,315",-124.518871,51.237632,1983-08-08,,,1983
RGI60_02_WesternCanadaUSA,Canada,Mount Macoun,13.452,-117.3789,51.2133,,,1949,1949
RGI60_02_WesternCanadaUSA,Canada,Diadem Glacier,6.191,-124.516792,51.252753,1997-08-12,,,1997
RGI60_02_WesternCanadaUSA,Canada,Ottarasko East Fork,0.698,-124.6189,51.5994,1993-09-03,,,1993
RGI60_02_WesternCanadaUSA,Canada,Fyles Glacier,18.082,-126.176691,52.096488,1984-10-20,,,1984
RGI60_02_WesternCanadaUSA,Canada,﻿RGI60-02.06482,"﻿66,339",-125.914194,52.032243,2018-07-10,,,2018
RGI60_02_WesternCanadaUSA,USA,Whitewater Glacier,3.017,-121.792813,44.696499,1934-08-21,,,1934
RGI60_02_WesternCanadaUSA,USA,Whitewater Glacier,3.017,-121.798835,44.698029,1957,,,1957
RGI60_02_WesternCanadaUSA,USA,Waldo Glacier,0.364,-121.790023,44.657097,,,1937,1937
RGI60_02_WesternCanadaUSA,USA,Eugene Glacier,0.095,-121.780375,44.11229,,1933,1949,1933
RGI60_02_WesternCanadaUSA,USA,Eugene Glacier,0.095,-121.779871,44.113823,1933-08-12,,,1933
RGI60_02_WesternCanadaUSA,USA,East Bend Glacier,0.812,-121.6858,44.0814,1966-10-07,,,1966
RGI60_02_WesternCanadaUSA,USA,Nisqually Glacier,4.444,-121.743,46.796,1926-10-01,,,1926
RGI60_02_WesternCanadaUSA,USA,Nisqually Glacier,4.444,-121.743,46.796,1932-10-14,,,1932
RGI60_02_WesternCanadaUSA,USA,Nisqually Glacier,4.444,-121.743,46.796,1934-10-24,,,1934
RGI60_02_WesternCanadaUSA,USA,Nisqually Glacier,4.444,-121.743,46.796,1947-10-01,,,1947
RGI60_02_WesternCanadaUSA,USA,Nisqually Glacier,4.444,-121.743,46.796,1955-10-25,,,1955
RGI60_02_WesternCanadaUSA,USA,Nisqually Glacier,4.444,-121.743,46.796,1968-06-02,,,1968
RGI60_02_WesternCanadaUSA,USA,Nisqually Glacier,4.444,-121.743,46.796,1970-07-04,,,1970
RGI60_02_WesternCanadaUSA,USA,Nisqually Glacier,4.444,-121.743,46.796,1972-07-14,,,1972
RGI60_02_WesternCanadaUSA,USA,Nisqually Glacier,4.444,-121.743,46.796,1986-06-22,,,1986
RGI60_02_WesternCanadaUSA,USA,Kautz Glacier,1.659,-121.77,46.827,1947-10-02,,,1947
RGI60_02_WesternCanadaUSA,USA,Kautz Glacier,1.659,-121.77,46.827,1961-08-23,,,1961
RGI60_02_WesternCanadaUSA,USA,Kautz Glacier,1.659,-121.77,46.827,1975-10-01,,,1975
RGI60_02_WesternCanadaUSA,USA,Kautz Glacier,1.659,-121.77,46.827,1985-07-20,,,1985
RGI60_02_WesternCanadaUSA,USA,Kautz Glacier,1.659,-121.77,46.827,1986-09-03,,,1986
RGI60_02_WesternCanadaUSA,USA,South Tahoma Glacier,2.82,-121.805,46.824,1967-08-29,,,1967
RGI60_02_WesternCanadaUSA,USA,South Tahoma Glacier,2.82,-121.805,46.824,1967-08-31,,,1967
RGI60_02_WesternCanadaUSA,USA,South Tahoma Glacier,2.82,-121.805,46.824,1967-09-15,,,1967
RGI60_02_WesternCanadaUSA,USA,South Tahoma Glacier,2.82,-121.805,46.824,1968,,,1968
RGI60_02_WesternCanadaUSA,USA,South Tahoma Glacier,2.82,-121.805,46.824,1970-08-21,,,1970
RGI60_02_WesternCanadaUSA,USA,South Tahoma Glacier,2.82,-121.805,46.824,1971-08-10,,,1971
RGI60_02_WesternCanadaUSA,USA,South Tahoma Glacier,2.82,-121.805,46.824,1986-10-26,,,1986
RGI60_02_WesternCanadaUSA,USA,South Tahoma Glacier,2.82,-121.805,46.824,1987-06-29,,,1987
RGI60_02_WesternCanadaUSA,USA,South Tahoma Glacier,2.82,-121.805,46.824,1987-08-28,,,1987
RGI60_02_WesternCanadaUSA,USA,South Tahoma Glacier,2.82,-121.805,46.824,1987-08-31,,,1987
RGI60_02_WesternCanadaUSA,USA,South Tahoma Glacier,2.82,-121.805,46.824,1987-09-26,,,1987
RGI60_02_WesternCanadaUSA,USA,South Tahoma Glacier,2.82,-121.805,46.824,1988-07-26,,,1988
RGI60_02_WesternCanadaUSA,USA,South Tahoma Glacier,2.82,-121.805,46.824,2015-08-13,,,2015
RGI60_02_WesternCanadaUSA,USA,South Tahoma Glacier,2.82,-121.805,46.824,2015-09-12,,,2015
RGI60_02_WesternCanadaUSA,USA,South Tahoma Glacier,2.82,-121.805,46.824,2019-08-05,,,2019
RGI60_02_WesternCanadaUSA,USA,SnowKing Mountain,0.989,-121.2847,48.3925,,,1955,1955
RGI60_02_WesternCanadaUSA,USA,SnowKing Mountain,0.989,-121.2847,48.3925,1980,,,1980
RGI60_02_WesternCanadaUSA,USA,Conness Glacier,0.264,-119.318611,37.970278,1939,,,1939
RGI60_02_WesternCanadaUSA,USA,Diller Glacier,0.657,-121.7739,44.1408,1970-09-07,,,1970
RGI60_02_WesternCanadaUSA,Canada,Patience Mountain,,-117.6775,51.1311,,1951,1966,1951
RGI60_02_WesternCanadaUSA,USA,Jack Glacier,,-121.838696,44.483785,,,1960,1960
RGI60_02_WesternCanadaUSA,USA,Jack Glacier,,-121.838696,44.483785,,1979,1988,1979
RGI60_05_GreenlandPeriphery,Greenland,,238.201,-51.815633,65.77412,2016,,,2016
RGI60_05_GreenlandPeriphery,Greenland,,238.201,-51.815633,65.77412,1936,1948,,1936
RGI60_05_GreenlandPeriphery,Greenland,Amitsulooq Ice Cap,99.221,-50.905196,66.148593,,2009-10-09 00:00:00,2011-06-22 00:00:00,2009
RGI60_05_GreenlandPeriphery,Greenland,Edward Bailey Glacier,561.29,-26.515788,71.078096,,1966,1972,1966
RGI60_05_GreenlandPeriphery,Greenland,Edward Bailey Glacier,561.29,-26.515788,71.078096,,1988,1989,1988
RGI60_05_GreenlandPeriphery,Greenland,Edward Bailey Glacier,561.29,-26.515788,71.078096,,2003,2004,2003
RGI60_05_GreenlandPeriphery,Greenland,Edward Bailey Glacier,561.29,-26.515788,71.078096,,2011,2012,2011
RGI60_05_GreenlandPeriphery,Greenland,A.P. Olsen Glacier,35.228,-21.399192,74.649167,1999-06,1999-06-19 00:00:00,1999-06-20 00:00:00,1999
RGI60_05_GreenlandPeriphery,Greenland,A.P. Olsen Glacier,35.228,-21.399192,74.649167,2019,,,2019
RGI60_05_GreenlandPeriphery,Greenland,Kangiata Nunaata Sermia,,-49.633333,64.216667,2004,,,2004
RGI60_05_GreenlandPeriphery,Greenland,Kangiata Nunaata Sermia,,-49.633333,64.216667,2009,,,2009
RGI60_05_GreenlandPeriphery,Greenland,Russell Glacier,,-50.074816,67.136675,1945,,,1945
RGI60_05_GreenlandPeriphery,Greenland,Russell Glacier,,-50.074816,67.136675,1953,,,1953
RGI60_05_GreenlandPeriphery,Greenland,Russell Glacier,,-50.074816,67.136675,1974,,1974-07-24 00:00:00,1974
RGI60_05_GreenlandPeriphery,Greenland,Russell Glacier,,-50.074816,67.136675,1968,,,1968
RGI60_05_GreenlandPeriphery,Greenland,Russell Glacier,,-50.074816,67.136675,1982,,,1982
RGI60_05_GreenlandPeriphery,Greenland,Russell Glacier,,-50.074816,67.136675,1983,,,1983
RGI60_05_GreenlandPeriphery,Greenland,Russell Glacier,,-50.074816,67.136675,1987-07-17 00:00:00,1987-07-17 00:00:00,1987-07-19 00:00:00,1987
RGI60_05_GreenlandPeriphery,Greenland,Russell Glacier,,-50.074816,67.136675,2018-09-12 00:00:00,2018-09-12 00:00:00,2018-09-13 00:00:00,2018
RGI60_05_GreenlandPeriphery,Greenland,Jakobshavn Glacier,,-50.422564,68.774215,,1945,1985,1945
RGI60_05_GreenlandPeriphery,Greenland,Jakobshavn Glacier,,-50.422564,68.774215,,1945,1985,1945
RGI60_05_GreenlandPeriphery,Greenland,Jakobshavn Glacier,,-50.422564,68.774215,,1945,1985,1945
RGI60_05_GreenlandPeriphery,Greenland,Jakobshavn Glacier,,-50.422564,68.774215,,1945,1985,1945
RGI60_05_GreenlandPeriphery,Greenland,Jakobshavn Glacier,,-50.422564,68.774215,,1945,1985,1945
RGI60_05_GreenlandPeriphery,Greenland,Jakobshavn Glacier,,-50.422564,68.774215,1993,,,1993
RGI60_05_GreenlandPeriphery,Greenland,Jakobshavn Glacier,,-50.422564,68.774215,2003,,,2003
RGI60_05_GreenlandPeriphery,Greenland,Jakobshavn Glacier,,-50.422564,68.774215,2010,2010-06-21 00:00:00,2010-07-07 00:00:00,2010
RGI60_05_GreenlandPeriphery,Greenland,Jakobshavn Glacier,,-50.422564,68.774215,2015,,,2015
RGI60_05_GreenlandPeriphery,Greenland,Sydgletscher & Kiagtût Sermiat glacier,,-45.16351,61.389181,1981,,,1981
RGI60_05_GreenlandPeriphery,Greenland,Sydgletscher & Kiagtût Sermiat glacier,,-45.16351,61.389181,1957,,,1957
RGI60_05_GreenlandPeriphery,Greenland,Sydgletscher & Kiagtût Sermiat glacier,,-45.16351,61.389181,1960-06,1960-06-12 00:00:00,1960-06-30 00:00:00,1960
RGI60_05_GreenlandPeriphery,Greenland,Sydgletscher & Kiagtût Sermiat glacier,,-45.16351,61.389181,2012,2012-08-14 00:00:00,2012-10-03 00:00:00,2012
RGI60_05_GreenlandPeriphery,Greenland,Sydgletscher & Kiagtût Sermiat glacier,,-45.16351,61.389181,,2013-09-13 00:00:00,2014-10-25 00:00:00,2013
RGI60_05_GreenlandPeriphery,Greenland,Sydgletscher & Kiagtût Sermiat glacier,,-45.16351,61.389181,2016,2016-06-15 00:00:00,2016-11-17 00:00:00,2016
RGI60_05_GreenlandPeriphery,Greenland,Sydgletscher & Kiagtût Sermiat glacier,,-45.04036,61.368879,2012,2012-06-15 00:00:00,2012-08-15 00:00:00,2012
RGI60_05_GreenlandPeriphery,Greenland,Sermilik Bræ,,-48.454648,61.954559,1942,,,1942
RGI60_05_GreenlandPeriphery,Greenland,Sermilik Bræ,,-48.454648,61.954559,1943,,,1943
RGI60_05_GreenlandPeriphery,Greenland,Sermilik Bræ,,-48.454648,61.954559,1944,,,1944
RGI60_05_GreenlandPeriphery,Greenland,Sermilik Bræ,,-48.454648,61.954559,1945,,,1945
RGI60_05_GreenlandPeriphery,Greenland,Sermilik Bræ,,-48.454648,61.954559,1946,,,1946
RGI60_05_GreenlandPeriphery,Greenland,Sermilik Bræ,,-48.454648,61.954559,1947,,,1947
RGI60_05_GreenlandPeriphery,Greenland,Sermilik Bræ,,-48.454648,61.954559,1948,,,1948
RGI60_05_GreenlandPeriphery,Greenland,Sermilik Bræ,,-48.454648,61.954559,1949,,,1949
RGI60_05_GreenlandPeriphery,Greenland,Sermilik Bræ,,-48.454648,61.954559,1950,,,1950
RGI60_05_GreenlandPeriphery,Greenland,Sermilik Bræ,,-48.454648,61.954559,1951,,,1951
RGI60_05_GreenlandPeriphery,Greenland,Sermilik Bræ,,-48.454648,61.954559,1952,,,1952
RGI60_05_GreenlandPeriphery,Greenland,Sermilik Bræ,,-48.454648,61.954559,1953,,,1953
RGI60_05_GreenlandPeriphery,Greenland,Sermilik Bræ,,-48.454648,61.954559,1954,,,1954
RGI60_05_GreenlandPeriphery,Greenland,Sermilik Bræ,,-48.454648,61.954559,1955,,,1955
RGI60_05_GreenlandPeriphery,Greenland,Sermilik Bræ,,-48.454648,61.954559,1956,,,1956
RGI60_05_GreenlandPeriphery,Greenland,Sermilik Bræ,,-48.454648,61.954559,1957,,,1957
RGI60_05_GreenlandPeriphery,Greenland,Sermilik Bræ,,-48.454648,61.954559,1958,,,1958
RGI60_05_GreenlandPeriphery,Greenland,Sermilik Bræ,,-48.454648,61.954559,1959,,,1959
RGI60_05_GreenlandPeriphery,Greenland,Sermilik Bræ,,-48.454648,61.954559,1960,,,1960
RGI60_05_GreenlandPeriphery,Greenland,Sermilik Bræ,,-48.454648,61.954559,1961,,,1961
RGI60_05_GreenlandPeriphery,Greenland,Sermilik Bræ,,-48.454648,61.954559,1962,,,1962
RGI60_05_GreenlandPeriphery,Greenland,Sermilik Bræ,,-48.454648,61.954559,1963,,,1963
RGI60_05_GreenlandPeriphery,Greenland,Sermilik Bræ,,-48.454648,61.954559,1964,1964-07-02 00:00:00,1964-07-08 00:00:00,1964
RGI60_05_GreenlandPeriphery,Greenland,Sermilik Bræ,,-48.454648,61.954559,1965,1965-08-04 00:00:00,1965-08-08 00:00:00,1965
RGI60_05_GreenlandPeriphery,Greenland,Sermiligårssuk Bræ,,-47.965525,61.676943,1942,,1942-07-24 00:00:00,1942
RGI60_05_GreenlandPeriphery,Greenland,Sermiligårssuk Bræ,,-47.965525,61.676943,1943,,,1943
RGI60_05_GreenlandPeriphery,Greenland,Sermiligårssuk Bræ,,-47.965525,61.676943,1944,,,1944
RGI60_05_GreenlandPeriphery,Greenland,Sermiligårssuk Bræ,,-47.965525,61.676943,1945,,,1945
RGI60_05_GreenlandPeriphery,Greenland,Sermiligårssuk Bræ,,-47.965525,61.676943,1946,,1946-08-06 00:00:00,1946
RGI60_05_GreenlandPeriphery,Greenland,Sermiligårssuk Bræ,,-47.965525,61.676943,1947,,,1947
RGI60_05_GreenlandPeriphery,Greenland,Sermiligårssuk Bræ,,-47.965525,61.676943,1948,,1948-06-23 00:00:00,1948
RGI60_05_GreenlandPeriphery,Greenland,Sermiligårssuk Bræ,,-47.965525,61.676943,1949,,,1949
RGI60_05_GreenlandPeriphery,Greenland,Sermiligårssuk Bræ,,-47.965525,61.676943,1950,,,1950
RGI60_05_GreenlandPeriphery,Greenland,Sermiligårssuk Bræ,,-47.965525,61.676943,1951,,,1951
RGI60_05_GreenlandPeriphery,Greenland,Sermiligårssuk Bræ,,-47.965525,61.676943,1952,,,1952
RGI60_05_GreenlandPeriphery,Greenland,Sermiligårssuk Bræ,,-47.965525,61.676943,1953,,,1953
RGI60_05_GreenlandPeriphery,Greenland,Sermiligårssuk Bræ,,-47.965525,61.676943,1954,,,1954
RGI60_05_GreenlandPeriphery,Greenland,Sermiligårssuk Bræ,,-47.965525,61.676943,1955,,,1955
RGI60_05_GreenlandPeriphery,Greenland,Sermiligårssuk Bræ,,-47.965525,61.676943,1956,,,1956
RGI60_05_GreenlandPeriphery,Greenland,Sermiligårssuk Bræ,,-47.965525,61.676943,1957,,,1957
RGI60_05_GreenlandPeriphery,Greenland,Sermiligårssuk Bræ,,-47.965525,61.676943,1958,,1958-08-01 00:00:00,1958
RGI60_05_GreenlandPeriphery,Greenland,Sermiligårssuk Bræ,,-47.965525,61.676943,1959,,,1959
RGI60_05_GreenlandPeriphery,Greenland,Sermiligårssuk Bræ,,-47.965525,61.676943,1960,,1960-08-16 00:00:00,1960
RGI60_05_GreenlandPeriphery,Greenland,Sermiligårssuk Bræ,,-47.965525,61.676943,1961,,,1961
RGI60_05_GreenlandPeriphery,Greenland,Sermiligårssuk Bræ,,-47.965525,61.676943,1962,,,1962
RGI60_05_GreenlandPeriphery,Greenland,Sermiligårssuk Bræ,,-47.965525,61.676943,1963,,,1963
RGI60_05_GreenlandPeriphery,Greenland,Sermiligårssuk Bræ,,-47.965525,61.676943,1964,,,1964
RGI60_05_GreenlandPeriphery,Greenland,Sermiligårssuk Bræ,,-47.965525,61.676943,1965,,1965-08-19 00:00:00,1965
RGI60_05_GreenlandPeriphery,Greenland,Sermiligårssuk Bræ,,-47.965525,61.676943,1967,,1967-08-04 00:00:00,1967
RGI60_05_GreenlandPeriphery,Greenland,Narsap Sermia,,-49.869889,64.618541,2000,,,2000
RGI60_05_GreenlandPeriphery,Greenland,Narsap Sermia,,-49.869889,64.618541,2005,,,2005
RGI60_05_GreenlandPeriphery,Greenland,Narsap Sermia,,-49.869889,64.618541,2007,,,2007
RGI60_05_GreenlandPeriphery,Greenland,Narsap Sermia,,-49.869889,64.618541,2009,2009-06-22 00:00:00,2009-07-02 00:00:00,2009
RGI60_05_GreenlandPeriphery,Greenland,Narsap Sermia,,-49.637983,64.748407,2002,,,2002
RGI60_05_GreenlandPeriphery,Greenland,Narsap Sermia,,-49.637983,64.748407,,2003-05-28 00:00:00,2003-07-17 00:00:00,2003
RGI60_05_GreenlandPeriphery,Greenland,Narsap Sermia,,-49.637983,64.748407,2009,2009-07-17 00:00:00,2009-08-02 00:00:00,2009
RGI60_05_GreenlandPeriphery,Greenland,Narsap Sermia,,-49.64338,64.633723,,2003,2005,2003
RGI60_05_GreenlandPeriphery,Greenland,Narsap Sermia,,-49.64338,64.633723,2009,2009-08-25 00:00:00,2009-09-09 00:00:00,2009
RGI60_05_GreenlandPeriphery,Greenland,Isunguata Sermia,,-50.189693,67.177883,,2010,2012,2010
RGI60_06_Iceland,Iceland,Hofsárjökull,"﻿0,828",-18.512698,65.845185,2003-07-31,,,2003
RGI60_06_Iceland,Iceland,Illviðrajökull,"﻿77,307",,,1998-08-23,,,1998
RGI60_06_Iceland,Iceland,Nauthagajökull,264.536,-18.783593,64.8,1989,,,1989
RGI60_06_Iceland,Iceland,Nauthagajökull,264.536,-18.797171,64.683889,1991,,,1991
RGI60_06_Iceland,Iceland,Nauthagajökull,264.536,-18.783593,64.8,2000-08-08,,,2000
RGI60_06_Iceland,Iceland,Nauthagajökull,264.536,-18.797171,64.683889,2002-07-17,,,2002
RGI60_06_Iceland,Iceland,Nauthagajökull,264.536,-18.797171,64.683889,2003,,,2003
RGI60_06_Iceland,Iceland,Nauthagajökull,264.536,-18.797171,64.683889,2004,,,2004
RGI60_06_Iceland,Iceland,Sátujökull,103.558,-18.86376,64.8272,2013-08-21,,,2013
RGI60_06_Iceland,Iceland,Blágnípujökull,68.11,-19.12248,64.72396,,,2013,2013
RGI60_06_Iceland,Iceland,Blágnípujökull,68.11,-19.12248,64.72396,2017,,,2017
RGI60_06_Iceland,Iceland,Múlajökull V,77.758,-18.74465,64.657403,,1986,1987,1986
RGI60_06_Iceland,Iceland,Vestri-Hagafellsjökull,126.529,-20.526323,64.490062,1927,,,1927
RGI60_06_Iceland,Iceland,Vestri-Hagafellsjökull,126.529,-20.342279,64.499693,1998-09-04,,,1998
RGI60_06_Iceland,Iceland,Langjökull,77.882,-20.476799,64.695804,2017-07-31,2017-07-27,2017-08-20,2017
RGI60_06_Iceland,Iceland,Langjökull,77.882,-20.476799,64.695804,2020-08-18,2020-08-17,2020-08-18,2020
RGI60_06_Iceland,Iceland,Eystri-Hagafellsjökull,131.173,-20.287224,64.479227,1708,,,1708
RGI60_06_Iceland,Iceland,Eystri-Hagafellsjökull,131.173,-20.287224,64.479227,1929-08-16,,,1929
RGI60_06_Iceland,Iceland,Eystri-Hagafellsjökull,131.173,-20.287224,64.479227,1939-08-13,1939-08-13,1939-08-15,1939
RGI60_06_Iceland,Iceland,Langjökull,157.045,-20.05904,64.54826,2019-08-07,,,2019
RGI60_06_Iceland,Iceland,Eyjafjallajökull,7.841,-19.61667,63.63333,1612,,,1612
RGI60_06_Iceland,Iceland,Gígjökull,7.841,-19.63634,63.62942,1821,,,1821
RGI60_06_Iceland,Iceland,Gígjökull,7.841,-19.63634,63.62942,2007-09-24,,,2007
RGI60_06_Iceland,Iceland,Gígjökull,7.841,-19.62795562,63.67760894,2010-04-14,,,2010
RGI60_06_Iceland,Iceland,Gígjökull,7.841,-19.63634,63.62942,2010-04-14,,,2010
RGI60_06_Iceland,Iceland,Eyjafjallajökull,7.841,-19.63402,63.62543,2010-04-14,,,2010
RGI60_06_Iceland,Iceland,Gígjökull,7.841,-19.63634,63.62942,2010-04-15,,,2010
RGI60_06_Iceland,Iceland,Gígjökull,7.841,-19.63634,63.62942,2010-04-16,,,2010
RGI60_06_Iceland,Iceland,Gígjökull,7.841,-19.63634,63.62942,2010-04-28,,,2010
RGI60_06_Iceland,Iceland,Gígjökull,7.841,-19.63635,63.62943,2010-05-03,2010-04-20,2010-05-16,2010
RGI60_06_Iceland,Iceland,Steinsholtsjökull,10.889,-19.566996,63.669065,1967-01-15,,,1967
RGI60_06_Iceland,Iceland,﻿RGI60-06.00327,0.176,-19.68333,63.98333,1845,,,1845
RGI60_06_Iceland,Iceland,﻿RGI60-06.00327,0.176,-19.68333,63.98333,1947,,,1947
RGI60_06_Iceland,Iceland,Mýrdalsjökull,145.022,-19.15,63.63,,1100,1200,1100
RGI60_06_Iceland,Iceland,Kötlujökull,145.022,-19.15,63.63,1179,,,1179
RGI60_06_Iceland,Iceland,Mýrdalsjökull,145.022,-19.15,63.63,1245,,,1245
RGI60_06_Iceland,Iceland,Mýrdalsjökull,145.022,-19.15,63.63,1262,,,1262
RGI60_06_Iceland,Iceland,Mýrdalsjökull,145.022,-19.15,63.63,1311,,,1311
RGI60_06_Iceland,Iceland,Sólheimajökull,145.022,-19.15,63.63,1357,,,1357
RGI60_06_Iceland,Iceland,Mýrdalsjökull,145.022,-19.15,63.63,,1400,1500,1400
RGI60_06_Iceland,Iceland,Kötlujökull,145.022,-19.15,63.63,1416,,,1416
RGI60_06_Iceland,Iceland,Kötlujökull,145.022,-19.15,63.63,1440,,,1440
RGI60_06_Iceland,Iceland,Kötlujökull,145.022,-19.15,63.63,1500,,,1500
RGI60_06_Iceland,Iceland,Kötlujökull,145.022,-19.15,63.63,1580-08-11,,,1580
RGI60_06_Iceland,Iceland,Kötlujökull,145.022,-19.15,63.63,1612,,,1612
RGI60_06_Iceland,Iceland,Mýrdalsjökull,145.022,-19.15,63.63,1612-10-12,,,1612
RGI60_06_Iceland,Iceland,Kötlujökull,145.022,-19.15,63.63,1625-09-02,,,1625
RGI60_06_Iceland,Iceland,Mýrdalsjökull,145.022,-19.15,63.63,1660-11-03,,,1660
RGI60_06_Iceland,Iceland,Kötlujökull,145.022,-19.15,63.63,1660,,,1660
RGI60_06_Iceland,Iceland,Kötlujökull,145.022,-19.15,63.63,1721-05-11,,,1721
RGI60_06_Iceland,Iceland,Kötlujökull,145.022,-19.15,63.63,1755-10-17,,,1755
RGI60_06_Iceland,Iceland,Kötlujökull,145.022,-19.15,63.63,1823-06-26,,,1823
RGI60_06_Iceland,Iceland,Kötlujökull,145.022,-19.15,63.63,1860-05-08,,,1860
RGI60_06_Iceland,Iceland,Kötlujökull,145.022,-19.15,63.63,1918-10-12,,,1918
RGI60_06_Iceland,Iceland,Kötlujökull,145.022,-19.15,63.63,1955,,,1955
RGI60_06_Iceland,Iceland,Mýrdalsjökull,145.022,-19.15,63.63,1955-06-25,,,1955
RGI60_06_Iceland,Iceland,Kötlujökull,145.022,-18.859958,63.576103,1988-08-12,,,1988
RGI60_06_Iceland,Iceland,Sandfellsjökull/Kötlujökull,"﻿145,022",,,1995-08-07,,,1995
RGI60_06_Iceland,Iceland,Sandfellsjökull/Kötlujökull,"﻿145,022",,,1996-07-24,1996-07-24,1996-07-25,1996
RGI60_06_Iceland,Iceland,Sandfellsjökull/Kötlujökull,"﻿145,022",,,1998-07-26,,,1998
RGI60_06_Iceland,Iceland,Sandfellsjökull/Kötlujökull,"﻿145,022",,,1999-09-20,,,1999
RGI60_06_Iceland,Iceland,Sandfellsjökull/Kötlujökull,"﻿145,022",,,2000-08-02,,,2000
RGI60_06_Iceland,Iceland,Kötlujökull,145.022,-19.15,63.63,2005-07-06,2005-07-06,2005-07-07,2005
RGI60_06_Iceland,Iceland,Kötlujökull,145.022,-19.15,63.63,2007-09-13,,,2007
RGI60_06_Iceland,Iceland,Entujökull,145.022,-19.15,63.63,2009-08-12,,,2009
RGI60_06_Iceland,Iceland,Sandfellsjökull/Kötlujökull,"﻿145,022",,,2010-03-06,,,2010
RGI60_06_Iceland,Iceland,Kötlujökull,145.022,-19.15,63.63,2010-09-06,,,2010
RGI60_06_Iceland,Iceland,Kötlujökull,145.022,-19.05598,63.63525,2011-07-09,,,2011
RGI60_06_Iceland,Iceland,Entujökull,145.022,-19.15,63.63,2011-07-25,,,2011
RGI60_06_Iceland,Iceland,Sólheimajökull,145.022,-19.15,63.63,2011-09-05,,,2011
RGI60_06_Iceland,Iceland,Sólheimajökull,145.022,-19.15,63.63,2011-10-05,,,2011
RGI60_06_Iceland,Iceland,Sólheimajökull,145.022,-19.15,63.63,2012-06-06,,,2012
RGI60_06_Iceland,Iceland,Kötlujökull,145.022,-19.05741,63.6381,2012,2012-07-12,2012-11-27,2012
RGI60_06_Iceland,Iceland,Sandfellsjökull,145.022,-19.04813,63.64963,2012-07-12,,,2012
RGI60_06_Iceland,Iceland,Sléttjökull,145.022,-19.15,63.63,2012-08-11,,,2012
RGI60_06_Iceland,Iceland,Sandfellsjökull,145.022,-19.15,63.63,2012-11-21,,,2012
RGI60_06_Iceland,Iceland,Sólheimajökull,145.022,-19.15,63.63,2014-07-06,,,2014
RGI60_06_Iceland,Iceland,Kötlujökull,145.022,-19.05598,63.63525,2017-07-29,,,2017
RGI60_06_Iceland,Iceland,Sólheimajökull,145.022,-19.15,63.63,2017-11-24,,,2017
RGI60_06_Iceland,Iceland,Sólheimajökull,145.022,-19.15,63.63,2018-11-22, 2018-11-17,,2018
RGI60_06_Iceland,Iceland,Merkurjökull,111.562,-18.933489,63.771883,1984-07-01,,,1984
RGI60_06_Iceland,Iceland,Entujökull,"﻿106,223",,,1896-08-10,1896-08-10,1896-08-13,1896
RGI60_06_Iceland,Iceland,Entujökull,106.223,-19.280466,63.736527,1986-09-01,,,1986
RGI60_06_Iceland,Iceland,Entujökull,106.223,-19.280466,63.736527,1988-08-25,1988-08-25,1988-08-26,1988
RGI60_06_Iceland,Iceland,Entujökull,106.223,-19.280466,63.736527,1998-07-13,,,1998
RGI60_06_Iceland,Iceland,Entujökull,106.223,-19.280466,63.736527,1999-08-15,,,1999
RGI60_06_Iceland,Iceland,Entujökull,106.223,-19.280466,63.736527,2000-07-25,,,2000
RGI60_06_Iceland,Iceland,Entujökull,106.223,-19.2476,63.66222,2010-08-17,2010-08-17,2010-08-29,2010
RGI60_06_Iceland,Iceland,Entujökull,106.223,-19.2476,63.66222,2011-07-20,2011-07-20,2011-08-03,2011
RGI60_06_Iceland,Iceland,Entujökull,106.223,-19.2476,63.66222,2012-07-18,2012-07-14,2012-07-21,2012
RGI60_06_Iceland,Iceland,Entujökull,106.223,-19.2476,63.66222,2013-08-12,2013-08-12,2013-08-22,2013
RGI60_06_Iceland,Iceland,Entujökull,106.223,-19.2476,63.66222,2014-07-13,2014-07-13,2014-07-19,2014
RGI60_06_Iceland,Iceland,Entujökull,106.223,-19.2476,63.66222,2015-07-21,2015-07-21,2015-07-28,2015
RGI60_06_Iceland,Iceland,Entujökull,106.223,-19.2476,63.66222,2016-07-09,2016-07-09,2016-07-21,2016
RGI60_06_Iceland,Iceland,Entujökull,106.223,-19.2476,63.66222,2017-08-01,2017-08-01,2017-08-11,2017
RGI60_06_Iceland,Iceland,Entujökull,106.223,-19.2476,63.66222,2018-08-07,2018-08-07,2018-08-11,2018
RGI60_06_Iceland,Iceland,Entujökull,106.223,-19.2476,63.66222,2019-07-14,2019-07-14,2019-07-16,2019
RGI60_06_Iceland,Iceland,Sólheimajökull,"﻿55,095",-19.326755,63.540267,,,1939,1939
RGI60_06_Iceland,Iceland,Sólheimajökull,55.095,-19.325689,63.541707,1933-09-10,1933-09-10,1933-09-12,1933
RGI60_06_Iceland,Iceland,Sólheimajökull,55.095,-19.325689,63.541707,1933-12-10,1933-12-10,1933-12-12,1933
RGI60_06_Iceland,Iceland,Sólheimajökull,55.095,-19.360725,63.536495,1984,1984,1988,1984
RGI60_06_Iceland,Iceland,Sólheimajökull,55.095,-19.360725,63.536495,1985,1984,1988,1985
RGI60_06_Iceland,Iceland,Sólheimajökull,55.095,-19.360725,63.536495,1986,1984,1988,1986
RGI60_06_Iceland,Iceland,Sólheimajökull,55.095,-19.360725,63.536495,1987,1984,1988,1987
RGI60_06_Iceland,Iceland,Sólheimajökull,55.095,-19.360725,63.536495,1988,1984,1988,1988
RGI60_06_Iceland,Iceland,Sólheimajökull,55.095,-19.325689,63.541707,1989-12-16,,,1989
RGI60_06_Iceland,Iceland,Sólheimajökull,55.095,-19.314995,63.556731,1999-07-17,1999-07-17,1999-07-18,1999
RGI60_06_Iceland,Iceland,Sólheimajökull,55.095,-19.325689,63.541707,1999-09-17,,,1999
RGI60_06_Iceland,Iceland,Sólheimajökull,55.095,-19.325689,63.541707,1999-09-22,,,1999
RGI60_06_Iceland,Iceland,Sólheimajökull,55.095,-19.325689,63.541707,1999-09-25,1999-09-25,1999-09-26,1999
RGI60_06_Iceland,Iceland,Klifurárjökull,22.132,-19.212685,63.545302,1945-09-12,,,1945
RGI60_06_Iceland,Iceland,Hafursárjökull,9.343,-19.094747,63.534704,1973-10-09,,,1973
RGI60_06_Iceland,Iceland,Brúarjökull,1428.724,-16.221377,64.77991,1976-09-27,,,1976
RGI60_06_Iceland,Iceland,Brúarjökull,1428.724,-16.221377,64.77991,1979-09-03,1979-09-03,1979-09-04,1979
RGI60_06_Iceland,Iceland,Brúarjökull,1428.724,-16.221377,64.77991,1980-09-11,1980-09-11,1980-09-16,1980
RGI60_06_Iceland,Iceland,Brúarjökull,1428.724,-16.221377,64.77991,1982-08-27,1982-08-27,1982-08-28,1982
RGI60_06_Iceland,Iceland,Brúarjökull,1428.724,-16.221377,64.77991,1984-07-07,1984-07-07,1984-07-09,1984
RGI60_06_Iceland,Iceland,Brúarjökull,1428.724,-16.221377,64.77991,1986-08-24,1986-08-24,1986-08-26,1986
RGI60_06_Iceland,Iceland,Brúarjökull,1428.724,-16.221377,64.77991,1987-07-22,1987-07-22,1987-07-24,1987
RGI60_06_Iceland,Iceland,Brúarjökull,1428.724,-16.221377,64.77991,,1990-07-25 00:00:00,1990-09-11 00:00:00,1990
RGI60_06_Iceland,Iceland,Brúarjökull,1428.724,-16.221377,64.77991,1991-07-11,1991-07-05 00:00:00,1991-07-30 00:00:00,1991
RGI60_06_Iceland,Iceland,Brúarjökull,1428.724,-16.221377,64.77991,,1994-07-06 00:00:00,1994-08-07 00:00:00,1994
RGI60_06_Iceland,Iceland,Brúarjökull,1428.724,-16.535632,64.646849,,1987-09-28 00:00:00,1988-06-10 00:00:00,1987
RGI60_06_Iceland,Iceland,Brúarjökull,1428.724,-16.535632,64.646849,,1990-07-25 00:00:00,1990-09-29 00:00:00,1990
RGI60_06_Iceland,Iceland,Brúarjökull,1428.724,-16.535632,64.646849,1991-07-13,1991-07-13,1991-07-14,1991
RGI60_06_Iceland,Iceland,Brúarjökull,1428.724,-16.29814073,64.74515005,,1984-07-17 00:00:00,1984-08-25 00:00:00,1984
RGI60_06_Iceland,Iceland,Brúarjökull,1428.724,-16.29814073,64.74515005,,1985-07-04 00:00:00,1985-08-05 00:00:00,1985
RGI60_06_Iceland,Iceland,Brúarjökull,1428.724,-16.29814073,64.74515005,,1986-07-30 00:00:00,1986-08-24 00:00:00,1986
RGI60_06_Iceland,Iceland,Brúarjökull,1428.724,-16.29814073,64.74515005,,1987-08-11 00:00:00,1987-08-27 00:00:00,1987
RGI60_06_Iceland,Iceland,Brúarjökull,1428.724,-16.29814073,64.74515005,,1987-07-10 00:00:00,1987-08-11 00:00:00,1987
RGI60_06_Iceland,Iceland,Brúarjökull,1428.724,-16.29814073,64.74515005,,1988-07-05 00:00:00,1988-08-04 00:00:00,1988
RGI60_06_Iceland,Iceland,Brúarjökull,1428.724,-16.29814073,64.74515005,,1989-07-24 00:00:00,1989-08-07 00:00:00,1989
RGI60_06_Iceland,Iceland,Brúarjökull,1428.724,-16.29814073,64.74515005,,1990-07-02 00:00:00,1990-08-03 00:00:00,1990
RGI60_06_Iceland,Iceland,Brúarjökull,1428.724,-16.29814073,64.74515005,1991-07,1991-07-05 00:00:00,1991-07-30 00:00:00,1991
RGI60_06_Iceland,Iceland,Brúarjökull,1428.724,-16.29814073,64.74515005,1992,1992-06-05 00:00:00,1992-07-14 00:00:00,1992
RGI60_06_Iceland,Iceland,Brúarjökull,1428.724,-16.29814073,64.74515005,,1993-09-05 00:00:00,1993-09-05 00:00:00,1993
RGI60_06_Iceland,Iceland,Brúarjökull,1428.724,-16.535632,64.646849,1994-08-15,1994-08-15,1994-08-16,1994
RGI60_06_Iceland,Iceland,Brúarjökull,1428.724,-16.29814073,64.74515005,,1994-07-06 00:00:00,1994-07-07 00:00:00,1994
RGI60_06_Iceland,Iceland,Brúarjökull,1428.724,-16.29814073,64.74515005,1995,1995-06-30,1995-08-01,1995
RGI60_06_Iceland,Iceland,Brúarjökull,1428.724,-16.29814073,64.74515005,1995,1995-08-17,1995-08-24,1995
RGI60_06_Iceland,Iceland,Brúarjökull,1428.724,-16.535632,64.646849,1995,1995-08-01,1995-09-18,1995
RGI60_06_Iceland,Iceland,Brúarjökull,1428.724,-16.29814073,64.74515005,1996,1996-06-25,1996-08-12,1996
RGI60_06_Iceland,Iceland,Brúarjökull,1428.724,-16.221377,64.77991,1996-08-10,1996-08-10,1996-08-12,1996
RGI60_06_Iceland,Iceland,Brúarjökull,1428.724,-16.29814073,64.74515005,1998,1998-06-29,1998-08-25,1998
RGI60_06_Iceland,Iceland,Brúarjökull,1428.724,-16.221377,64.77991,1999,1999-07-28,1999-08-04,1999
RGI60_06_Iceland,Iceland,Brúarjökull,1428.724,-16.29814073,64.74515005,1999-07-30,1999-07-30,1999-08-01,1999
RGI60_06_Iceland,Iceland,Brúarjökull,1428.724,-16.29814073,64.74515005,2000,2000-06-03,2000-07-14,2000
RGI60_06_Iceland,Iceland,Brúarjökull,1428.724,-16.221377,64.77991,2000,2000-08-13,2000-09-14,2000
RGI60_06_Iceland,Iceland,Brúarjökull,1428.724,-16.29814073,64.74515005,2001,2001-06-29,2001-07-17,2001
RGI60_06_Iceland,Iceland,Brúarjökull,1428.724,-16.29814073,64.74515005,2002,2002-07-27,2002-08-19,2002
RGI60_06_Iceland,Iceland,Brúarjökull,1428.724,-16.221377,64.77991,2002-05-24,,,2002
RGI60_06_Iceland,Iceland,Brúarjökull,1428.724,-16.221377,64.77991,,2004-08-17 00:00:00,2005-06-24 00:00:00,2004
RGI60_06_Iceland,Iceland,Brúarjökull,1428.724,-16.427921,64.716718,2002-08-04,,,2002
RGI60_06_Iceland,Iceland,Brúarjökull,1428.724,-16.29814073,64.74515005,2003,2003-04-18,2003-08-15,2003
RGI60_06_Iceland,Iceland,Brúarjökull,1428.724,-16.29814073,64.74515005,2004,2004-06-21,2004-08-17,2004
RGI60_06_Iceland,Iceland,Brúarjökull,1428.724,-16.29814073,64.74515005,2005,2005-06-24,2005-07-26,2005
RGI60_06_Iceland,Iceland,Brúarjökull,1428.724,-16.29814073,64.74515005,2006,2006-06-19,2006-06-28,2006
RGI60_06_Iceland,Iceland,Brúarjökull,1428.724,-16.29814073,64.74515005,2007,2007-04-28,2007-07-09,2007
RGI60_06_Iceland,Iceland,Brúarjökull,1428.724,-16.29814073,64.74515005,2008,2008-07-20,2008-08-12,2008
RGI60_06_Iceland,Iceland,Brúarjökull,1428.724,-16.29814073,64.74515005,2009,2009-06-29,2009-08-15,2009
RGI60_06_Iceland,Iceland,Brúarjökull,1428.724,-16.29814073,64.74515005,2010,2010-06-06,2010-08-09,2010
RGI60_06_Iceland,Iceland,Brúarjökull,1428.724,-16.29814073,64.74515005,2014,2014-06-02,2014-07-27,2014
RGI60_06_Iceland,Iceland,Brúarjökull,1428.724,-16.29814073,64.74515005,2017,2017-05-08,2017-07-07,2017
RGI60_06_Iceland,Iceland,Fjallsárjökull,"﻿63,469",-16.433359,64.261492,,1880,1939,1880
RGI60_06_Iceland,Iceland,Axarfellsjökull,"﻿30,587",-15.240006,64.600717,,1880,,1880
RGI60_06_Iceland,Iceland,Kverkjökull,26.1,-16.685572,64.667917,1985-01-30,,,1985
RGI60_06_Iceland,Iceland,Kverkjökull,26.1,-16.685572,64.667917,1987-11-14,1987-11-14,1987-11-15,1987
RGI60_06_Iceland,Iceland,Kverkjökull,26.1,-16.698146,64.651054,1997-09-28,1997-09-28,1997-09-29,1997
RGI60_06_Iceland,Iceland,Kverkjökull,26.1,-16.698146,64.651054,2002-01-08,,,2002
RGI60_06_Iceland,Iceland,Kverkjökull,26.1,-16.685572,64.667917,2013-08-15,,,2013
RGI60_06_Iceland,Iceland,Kverkjökull,26.1,-16.630925,64.709897,2018-08-30,,,2018
RGI60_06_Iceland,Iceland,Síðujökull,757.308,-17.867161,64.140187,1753,,,1753
RGI60_06_Iceland,Iceland,Skaftárjökull,757.308,-17.51142,64.486,1970-01-25,,,1970
RGI60_06_Iceland,Iceland,Skaftárjökull,757.308,-17.51142,64.486,1974-12-29,,,1974
RGI60_06_Iceland,Iceland,Skaftárjökull,757.308,-17.51142,64.486,1977-02-06,,,1977
RGI60_06_Iceland,Iceland,Skaftárjökull,757.308,-17.51142,64.486,1979-09-17,,,1979
RGI60_06_Iceland,Iceland,Skaftárjökull,757.308,-17.51142,64.486,1982-01-05,,,1982
RGI60_06_Iceland,Iceland,Skaftárjökull,757.308,-17.51142,64.486,1984-08-18,,,1984
RGI60_06_Iceland,Iceland,Skaftárjökull,757.308,-17.51142,64.486,1986-11-28,,,1986
RGI60_06_Iceland,Iceland,Skaftárjökull,757.308,-17.51142,64.486,1989-07-17,,,1989
RGI60_06_Iceland,Iceland,Skaftárjökull,757.308,-17.61414,64.49656,1994-08-13,1994-08-13,1994-08-20,1994
RGI60_06_Iceland,Iceland,Skaftárjökull,757.308,-17.51142,64.486,1995-07-25,,,1995
RGI60_06_Iceland,Iceland,Síðujökull/Vatnajökull east of Síðujökull,"﻿757,308",,,1998-02-24,1998-02-24,1998-02-27,1998
RGI60_06_Iceland,Iceland,Skaftárjökull,757.308,-17.61414,64.49656,1998-09-13,,,1998
RGI60_06_Iceland,Iceland,Skaftárjökull,757.308,-17.51142,64.486,2000,,,2000
RGI60_06_Iceland,Iceland,Skaftárjökull,757.308,-17.61414,64.49656,2000-08-05,,,2000
RGI60_06_Iceland,Iceland,Skaftárjökull,757.308,-17.51142,64.486,2000-08-11,,,2000
RGI60_06_Iceland,Iceland,Skaftárjökull,757.308,-17.61414,64.49656,2002-07-08,,,2002
RGI60_06_Iceland,Iceland,Skaftárjökull,757.308,-17.51142,64.486,2002-09-17,,,2002
RGI60_06_Iceland,Iceland,Skaftárjökull,757.308,-17.61414,64.49656,2003-09-06,,,2003
RGI60_06_Iceland,Iceland,Skaftárjökull,757.308,-17.51142,64.486,2003-10-05,,,2003
RGI60_06_Iceland,Iceland,Skaftárjökull,757.308,-17.61414,64.49656,2005-07-30,2005-07-30,2005-08-05,2005
RGI60_06_Iceland,Iceland,Skaftárjökull,757.308,-17.51142,64.486,2006-04-20,2006-04-20,2006-04-29,2006
RGI60_06_Iceland,Iceland,Skaftárjökull,757.308,-17.61414,64.49656,2006-10-30,2006-10-30,2006-11-05,2006
RGI60_06_Iceland,Iceland,Síðujökull,757.308,-17.867161,64.140187,2007-08-26,,,2007
RGI60_06_Iceland,Iceland,Skaftárjökull,757.308,-17.61414,64.49656,2008-08-10,,,2008
RGI60_06_Iceland,Iceland,Skaftárjökull,757.308,-17.61414,64.49656,2010-06-20,,,2010
RGI60_06_Iceland,Iceland,Skaftárjökull,757.308,-17.51142,64.486,2010-06-27,,,2010
RGI60_06_Iceland,Iceland,Skaftárjökull,757.308,-17.61414,64.49656,2011-07-29,2011-07-29,2011-08-07,2011
RGI60_06_Iceland,Iceland,Skaftárjökull,757.308,-17.61414,64.49656,2014-01-16,,,2014
RGI60_06_Iceland,Iceland,Skaftárjökull,757.308,-17.51142,64.486,2015-09-30,,,2015
RGI60_06_Iceland,Iceland,Skaftárjökull,757.308,-17.61414,64.49656,2015-06-15,,,2015
RGI60_06_Iceland,Iceland,Skaftárjökull,757.308,-17.51142,64.486,2015-09-28,2015-09-27,,2015
RGI60_06_Iceland,Iceland,Skaftárjökull,757.308,-17.61414,64.49656,2016-09-06,,,2016
RGI60_06_Iceland,Iceland,Skaftárjökull,757.308,-17.61414,64.49656,2018-08-04,,,2018
RGI60_06_Iceland,Iceland,Skaftárjökull,757.308,-17.51142,64.486,2018-08-03,,,2018
RGI60_06_Iceland,Iceland,Skaftárjökull,757.308,-17.61414,64.49656,2019-09-15,,,2019
RGI60_06_Iceland,Iceland,Skaftárjökull,757.308,-17.61414,64.49656,2021-09-01,,,2021
RGI60_06_Iceland,Iceland,Köldukvíslarjökull,319.463,-17.963871,64.516428,1989,,,1989
RGI60_06_Iceland,Iceland,Köldukvíslarjökull,319.463,-17.963871,64.516428,1998-08-23,,,1998
RGI60_06_Iceland,Iceland,Koeldukvislarjoekull,319.463,-17.92481549,64.5001799,2001,2001-06-29,2001-08-09,2001
RGI60_06_Iceland,Iceland,Köldukvíslarjökull or Sylgjujökull,"﻿319,463",-17.864972,64.584462,2010-10-23,,,2010
RGI60_06_Iceland,Iceland,Köldukvíslarjökull,319.463,-17.73882,64.49417,2011-07-12,,,2011
RGI60_06_Iceland,Iceland,Kotárjökull,"﻿7,119",-16.736642,63.953528,2000-09-27,,,2000
RGI60_06_Iceland,Iceland,Hoffellsjökull,240.05,-15.45695,64.45494,1951-06-15,,,1951
RGI60_06_Iceland,Iceland,Hoffellsjökull,240.05,-15.45695,64.45494,1951-10-11,,,1951
RGI60_06_Iceland,Iceland,Hoffellsjökull,240.05,-15.45695,64.45494,1976,,,1976
RGI60_06_Iceland,Iceland,Brókarjökull,"﻿9,924",-16.131769,64.255184,,1880,1939,1880
RGI60_06_Iceland,Iceland,Lambatungnajökull,38.496,-15.28,64.5,,1880,,1880
RGI60_06_Iceland,Iceland,Heinabergsjökull,93.266,-15.806308,64.33715,1899,,,1899
RGI60_06_Iceland,Iceland,Heinabergsjökull,93.266,-15.806308,64.33715,1900,,,1900
RGI60_06_Iceland,Iceland,Heinabergsjökull,93.266,-15.806308,64.33715,1901,,,1901
RGI60_06_Iceland,Iceland,Heinabergsjökull,93.266,-15.806308,64.33715,1902,,,1902
RGI60_06_Iceland,Iceland,Heinabergsjökull,93.266,-15.806308,64.33715,1903,,,1903
RGI60_06_Iceland,Iceland,Heinabergsjökull,93.266,-15.806308,64.33715,1904,,,1904
RGI60_06_Iceland,Iceland,Heinabergsjökull,93.266,-15.806308,64.33715,1905,,,1905
RGI60_06_Iceland,Iceland,Heinabergsjökull,93.266,-15.806308,64.33715,1906,,,1906
RGI60_06_Iceland,Iceland,Heinabergsjökull,93.266,-15.806308,64.33715,1907,,,1907
RGI60_06_Iceland,Iceland,Heinabergsjökull,93.266,-15.806308,64.33715,1908,,,1908
RGI60_06_Iceland,Iceland,Heinabergsjökull,93.266,-15.806308,64.33715,1909,,,1909
RGI60_06_Iceland,Iceland,Heinabergsjökull,93.266,-15.806308,64.33715,1910,,,1910
RGI60_06_Iceland,Iceland,Heinabergsjökull,93.266,-15.806308,64.33715,1911,,,1911
RGI60_06_Iceland,Iceland,Heinabergsjökull,93.266,-15.806308,64.33715,1912,,,1912
RGI60_06_Iceland,Iceland,Heinabergsjökull,93.266,-15.806308,64.33715,1913,,,1913
RGI60_06_Iceland,Iceland,Heinabergsjökull,93.266,-15.806308,64.33715,1914,,,1914
RGI60_06_Iceland,Iceland,Heinabergsjökull,93.266,-15.806308,64.33715,1915,,,1915
RGI60_06_Iceland,Iceland,Heinabergsjökull,93.266,-15.806308,64.33715,1916,,,1916
RGI60_06_Iceland,Iceland,Heinabergsjökull,93.266,-15.806308,64.33715,1917,,,1917
RGI60_06_Iceland,Iceland,Heinabergsjökull,93.266,-15.806308,64.33715,1918,,,1918
RGI60_06_Iceland,Iceland,Heinabergsjökull,93.266,-15.806308,64.33715,1919,,,1919
RGI60_06_Iceland,Iceland,Heinabergsjökull,93.266,-15.806308,64.33715,1920,,,1920
RGI60_06_Iceland,Iceland,Heinabergsjökull,93.266,-15.806308,64.33715,1921,,,1921
RGI60_06_Iceland,Iceland,Heinabergsjökull,93.266,-15.806308,64.33715,1922,,,1922
RGI60_06_Iceland,Iceland,Heinabergsjökull,93.266,-15.806308,64.33715,1923,,,1923
RGI60_06_Iceland,Iceland,Heinabergsjökull,93.266,-15.806308,64.33715,1924,,,1924
RGI60_06_Iceland,Iceland,Heinabergsjökull,93.266,-15.806308,64.33715,1925,,,1925
RGI60_06_Iceland,Iceland,Heinabergsjökull,93.266,-15.806308,64.33715,1926,,,1926
RGI60_06_Iceland,Iceland,Heinabergsjökull,93.266,-15.806308,64.33715,1927,,,1927
RGI60_06_Iceland,Iceland,Heinabergsjökull,93.266,-15.806308,64.33715,1928,,,1928
RGI60_06_Iceland,Iceland,Heinabergsjökull,93.266,-15.806308,64.33715,1929,,,1929
RGI60_06_Iceland,Iceland,Heinabergsjökull,93.266,-15.806308,64.33715,1930,,,1930
RGI60_06_Iceland,Iceland,Heinabergsjökull,93.266,-15.806308,64.33715,1931,,,1931
RGI60_06_Iceland,Iceland,Heinabergsjökull,93.266,-15.806308,64.33715,1932,,,1932
RGI60_06_Iceland,Iceland,Heinabergsjökull,93.266,-15.806308,64.33715,1933,,,1933
RGI60_06_Iceland,Iceland,Heinabergsjökull,93.266,-15.806308,64.33715,1934,,,1934
RGI60_06_Iceland,Iceland,Heinabergsjökull,93.266,-15.806308,64.33715,1935,,,1935
RGI60_06_Iceland,Iceland,Heinabergsjökull,93.266,-15.806308,64.33715,1936,,,1936
RGI60_06_Iceland,Iceland,Heinabergsjökull,93.266,-15.806308,64.33715,1937,,,1937
RGI60_06_Iceland,Iceland,Heinabergsjökull,93.266,-15.806308,64.33715,1938-07-05,,,1938
RGI60_06_Iceland,Iceland,Heinabergsjökull,93.266,-15.806308,64.33715,1939,,,1939
RGI60_06_Iceland,Iceland,Heinabergsjökull,93.266,-15.806308,64.33715,1940,,,1940
RGI60_06_Iceland,Iceland,Heinabergsjökull,93.266,-15.806308,64.33715,1941,,,1941
RGI60_06_Iceland,Iceland,Heinabergsjökull,93.266,-15.806308,64.33715,1942,,,1942
RGI60_06_Iceland,Iceland,Heinabergsjökull,93.266,-15.806308,64.33715,1943,,,1943
RGI60_06_Iceland,Iceland,Heinabergsjökull,93.266,-15.806308,64.33715,1944,,,1944
RGI60_06_Iceland,Iceland,Heinabergsjökull,93.266,-15.806308,64.33715,1945,,,1945
RGI60_06_Iceland,Iceland,Heinabergsjökull,93.266,-15.806308,64.33715,1946,,,1946
RGI60_06_Iceland,Iceland,Heinabergsjökull,93.266,-15.806308,64.33715,1947,,,1947
RGI60_06_Iceland,Iceland,Heinabergsjökull,93.266,-15.806308,64.33715,1948,,,1948
RGI60_06_Iceland,Iceland,Heinabergsjökull,93.266,-15.806308,64.33715,1949,,,1949
RGI60_06_Iceland,Iceland,Heinabergsjökull,93.266,-15.806308,64.33715,1950,,,1950
RGI60_06_Iceland,Iceland,Heinabergsjökull,93.266,-15.806308,64.33715,1951,,,1951
RGI60_06_Iceland,Iceland,Heinabergsjökull,93.266,-15.806308,64.33715,1952,,,1952
RGI60_06_Iceland,Iceland,Heinabergsjökull,93.266,-15.806308,64.33715,1953,,,1953
RGI60_06_Iceland,Iceland,Heinabergsjökull,93.266,-15.806308,64.33715,1970-10-08,,,1970
RGI60_06_Iceland,Iceland,Heinabergsjökull,93.266,-15.806308,64.33715,1971-08-11,1971-08-11,1971-08-14,1971
RGI60_06_Iceland,Iceland,Heinabergsjökull,93.266,-15.806308,64.33715,1971-12-07,1971-12-07,1971-12-15,1971
RGI60_06_Iceland,Iceland,Heinabergsjökull,93.266,-15.806308,64.33715,1972-07-11,1972-07-11,1972-07-13,1972
RGI60_06_Iceland,Iceland,Heinabergsjökull,93.266,-15.806308,64.33715,1973-05-03,1973-05-03,1973-05-15,1973
RGI60_06_Iceland,Iceland,Heinabergsjökull,93.266,-15.806308,64.33715,1973-07-11,1973-07-11,1973-07-13,1973
RGI60_06_Iceland,Iceland,Heinabergsjökull,93.266,-15.806308,64.33715,1974-05-17,1974-05-17,1974-05-23,1974
RGI60_06_Iceland,Iceland,Heinabergsjökull,93.266,-15.806308,64.33715,1974-06-24,1974-06-24,1974-06-30,1974
RGI60_06_Iceland,Iceland,Heinabergsjökull,93.266,-15.806308,64.33715,1975-07-21,1975-07-21,1975-07-24,1975
RGI60_06_Iceland,Iceland,Heinabergsjökull,93.266,-15.806308,64.33715,1975-08-06,1975-08-06,1975-08-11,1975
RGI60_06_Iceland,Iceland,Heinabergsjökull,93.266,-15.806308,64.33715,1976-05-24,1976-05-24,1976-05-27,1976
RGI60_06_Iceland,Iceland,Heinabergsjökull,93.266,-15.806308,64.33715,1976-06-04,,,1976
RGI60_06_Iceland,Iceland,Heinabergsjökull,93.266,-15.806308,64.33715,1976-06-24,1976-06-24,1976-06-27,1976
RGI60_06_Iceland,Iceland,Heinabergsjökull,93.266,-15.806308,64.33715,1977-07-27,1977-07-27,1977-07-30,1977
RGI60_06_Iceland,Iceland,Heinabergsjökull,93.266,-15.806308,64.33715,1977-11-15,1977-11-15,1977-11-22,1977
RGI60_06_Iceland,Iceland,Heinabergsjökull,93.266,-15.806308,64.33715,1978-07-18,1978-07-18,1978-07-22,1978
RGI60_06_Iceland,Iceland,Heinabergsjökull,93.266,-15.806308,64.33715,1979-09-02,1979-09-02,1979-09-07,1979
RGI60_06_Iceland,Iceland,Heinabergsjökull,93.266,-15.806308,64.33715,1980-07-21,1980-07-21,1980-07-26,1980
RGI60_06_Iceland,Iceland,Heinabergsjökull,93.266,-15.806308,64.33715,1985,1985-07-04 00:00:00,1985-08-05 00:00:00,1985
RGI60_06_Iceland,Iceland,Heinabergsjökull,93.266,-15.806308,64.33715,1986,1986-06-30 00:00:00,1986-08-08,1986
RGI60_06_Iceland,Iceland,Heinabergsjökull,93.266,-15.806308,64.33715,1987,1987-06-17 00:00:00,1987-08-04,1987
RGI60_06_Iceland,Iceland,Heinabergsjökull,93.266,-15.806308,64.33715,1988,1988-07-05 00:00:00,1988-08-22,1988
RGI60_06_Iceland,Iceland,Heinabergsjökull,93.266,-15.806308,64.33715,1989-06-22,1989-05-28 00:00:00,1989-06-29,1989
RGI60_06_Iceland,Iceland,Heinabergsjökull,93.266,-15.806308,64.33715,1990,1990-05-24 00:00:00,1990-07-02,1990
RGI60_06_Iceland,Iceland,Heinabergsjökull,93.266,-15.806308,64.33715,1991,1991-07-05 00:00:00,1991-08-06,1991
RGI60_06_Iceland,Iceland,Heinabergsjökull,93.266,-15.806308,64.33715,,1992-10-19 00:00:00,1993-10-07,1992
RGI60_06_Iceland,Iceland,Heinabergsjökull,93.266,-15.806308,64.33715,1994,1994-07-06 00:00:00,1994-08-30,1994
RGI60_06_Iceland,Iceland,Heinabergsjökull,93.266,-15.806308,64.33715,,1995-08-17 00:00:00,1996-04-22,1995
RGI60_06_Iceland,Iceland,Heinabergsjökull,93.266,-15.806308,64.33715,1996,1996-06-25 00:00:00,1996-09-29,1996
RGI60_06_Iceland,Iceland,Heinabergsjökull,93.266,-15.806308,64.33715,1997,1997-07-21 00:00:00,1997-09-07,1997
RGI60_06_Iceland,Iceland,Heinabergsjökull,93.266,-15.806308,64.33715,1998,1998-07-08 00:00:00,1998-08-19,1998
RGI60_06_Iceland,Iceland,Heinabergsjökull,93.266,-15.806308,64.33715,2000,2000-07-05 00:00:00,2000-08-06,2000
RGI60_06_Iceland,Iceland,Heinabergsjökull,93.266,-15.806308,64.33715,2001,2001-09-03,2001-11-06,2001
RGI60_06_Iceland,Iceland,Eyjabakkajökull,129.639,-15.64954,64.66871,1972-12-25,1972-12-25,1972-12-26,1972
RGI60_06_Iceland,Iceland,Eyjabakkajökull,129.639,-15.64954,64.66871,1974-06-30,1974-06-30,1974-07-01,1974
RGI60_06_Iceland,Iceland,Eyjabakkajökull,129.639,-15.64954,64.66871,1975-07-13,1975-07-13,1975-07-15,1975
RGI60_06_Iceland,Iceland,Eyjabakkajökull,129.639,-15.64954,64.66871,1976-06-25,1976-06-25,1976-06-26,1976
RGI60_06_Iceland,Iceland,Eyjabakkajökull,129.639,-15.64954,64.66871,1977-08-16,1977-08-16,1977-08-19,1977
RGI60_06_Iceland,Iceland,Eyjabakkajökull,129.639,-15.64954,64.66871,1978-06-21,1978-06-21,1978-06-26,1978
RGI60_06_Iceland,Iceland,Eyjabakkajökull,129.639,-15.64954,64.66871,1980-07-25,1980-07-25,1980-07-29,1980
RGI60_06_Iceland,Iceland,Eyjabakkajökull,129.639,-15.64954,64.66871,1983-07-12,1983-07-12,1983-07-13,1983
RGI60_06_Iceland,Iceland,Eyjabakkajökull,129.639,-15.64954,64.66871,1984-06-13,1984-06-13,1984-06-15,1984
RGI60_06_Iceland,Iceland,Eyjabakkajökull,129.639,-15.64954,64.66871,1985-07-01,1985-07-01,1985-07-03,1985
RGI60_06_Iceland,Iceland,Eyjabakkajökull,129.639,-15.64954,64.66871,1986-06-12,1986-06-12,1986-06-15,1986
RGI60_06_Iceland,Iceland,Eyjabakkajökull,129.639,-15.64954,64.66871,1988-06-22,1988-06-22,1988-06-25,1988
RGI60_06_Iceland,Iceland,Eyjabakkajökull,129.639,-15.64954,64.66871,1990-06-22,1990-06-22,1990-06-23,1990
RGI60_06_Iceland,Iceland,Eyjabakkajökull,129.639,-15.64954,64.66871,1992-06-12,1992-06-12,1992-06-13,1992
RGI60_06_Iceland,Iceland,Eyjabakkajökull,129.639,-15.64954,64.66871,1994,1994-07-06,1994-08-07,1994
RGI60_06_Iceland,Iceland,Eyjabakkajökull,129.639,-15.64954,64.66871,1995-07-01,1995-07-01,1995-07-02,1995
RGI60_06_Iceland,Iceland,Eyjabakkajökull,129.639,-15.64954,64.66871,1996-06-29,1996-06-29,1996-06-30,1996
RGI60_06_Iceland,Iceland,Eyjabakkajökull,129.639,-15.64954,64.66871,1998,1998-05-28,1998-07-01,1998
RGI60_06_Iceland,Iceland,Eyjabakkajökull,129.639,-15.64954,64.66871,,2000-05-11 00:00:00,2000-06-03 00:00:00,2000
RGI60_06_Iceland,Iceland,Eyjabakkajökull,129.639,-15.64954,64.66871,2005-04-08,2005-04-08,2005-04-15,2005
RGI60_06_Iceland,Iceland,Sylgjujökull,181.416,-17.859686,64.492954,1972-08-01,1972-08-01,1972-08-03,1972
RGI60_06_Iceland,Iceland,Sylgjujökull,181.416,-17.859686,64.492954,1975,,,1975
RGI60_06_Iceland,Iceland,Sylgjujökull,181.416,-17.859686,64.492954,1988-08-07,1988-08-07,1988-08-12,1988
RGI60_06_Iceland,Iceland,Sylgjujökull,181.416,-17.859686,64.492954,1992,1992-06-21,1992-07-07,1992
RGI60_06_Iceland,Iceland,Sylgjujökull,181.416,-17.859686,64.492954,1993,1993-06-22,1993-08-18,1993
RGI60_06_Iceland,Iceland,Sylgjujökull,181.416,-17.859686,64.492954,2000,1999-10-21,2000-06-26,2000
RGI60_06_Iceland,Iceland,Sylgjujökull,181.416,-17.859686,64.492954,2000,2000-06-26,2000-08-06,2000
RGI60_06_Iceland,Iceland,Sylgjujökull,181.416,-17.859686,64.492954,2001,2001-06-29,2001-08-09,2001
RGI60_06_Iceland,Iceland,Sylgjujökull,181.416,-17.859686,64.492954,2002,2002-06-09,2002-07-02,2002
RGI60_06_Iceland,Iceland,Sylgjujökull,181.416,-17.859686,64.492954,2006,2006-07-22,2006-08-21,2006
RGI60_06_Iceland,Iceland,Eyjabakkajökull,129.639,-15.578247,64.681909,1989-01-03,1989-01-03,1989-01-05,1989
RGI60_06_Iceland,Iceland,Sylgjujökull,181.416,-18.02321,64.39451,2008,,,2008
RGI60_06_Iceland,Iceland,Svínafellsjökull,32.229,-15.541384,64.445886,1992-09-20,,,1992
RGI60_06_Iceland,Iceland,Svínafellsjökull,32.229,-15.541384,64.445886,1999-10-15,1999-10-15,1999-10-17,1999
RGI60_06_Iceland,Iceland,Svínafellsjökull í Lóni,32.229,-16.86112,64.004116,2013-08-24,,,2013
RGI60_06_Iceland,Iceland,Skeiðarárjökull,1561.218,-17.28979,64.41522,1629,,,1629
RGI60_06_Iceland,Iceland,Skeiðarárjökull,1561.218,-17.28979,64.41522,1659,,,1659
RGI60_06_Iceland,Iceland,Skeiðarárjökull,1561.218,-17.28979,64.41522,1684,1684-12,,1684
RGI60_06_Iceland,Iceland,Skeiðarárjökull,1561.218,-17.28979,64.41522,1784-04-08,,,1784
RGI60_06_Iceland,Iceland,Skeiðarárjökull,1561.218,-17.34175,64.1622,1785,,,1785
RGI60_06_Iceland,Iceland,Skeiðarárjökull,1561.218,-17.28979,64.41522,1861-05-23,,,1861
RGI60_06_Iceland,Iceland,Skeiðarárjökull,1561.218,-17.28979,64.41522,1867-08-27,,,1867
RGI60_06_Iceland,Iceland,Skeiðarárjökull,1561.218,-17.28979,64.41522,1873-01-06,,,1873
RGI60_06_Iceland,Iceland,Skeiðarárjökull,1561.218,-17.34175,64.1622,1887,,,1887
RGI60_06_Iceland,Iceland,Skeiðarárjökull,1561.218,-17.28979,64.41522,1892-03-12,,,1892
RGI60_06_Iceland,Iceland,Skeiðarárjökull,1561.218,-17.28979,64.41522,1897-01-13,,,1897
RGI60_06_Iceland,Iceland,Skeiðarárjökull,1561.218,-17.28979,64.41522,,1902,1905,1902
RGI60_06_Iceland,Iceland,Dyngjujökull,1561.218,-17.28979,64.41522,,1902,1905,1902
RGI60_06_Iceland,Iceland,Skeiðarárjökull,1561.218,-17.28979,64.41522,1903-05-27,,,1903
RGI60_06_Iceland,Iceland,Skeiðarárjökull,1561.218,-17.34175,64.1622,1913,,,1913
RGI60_06_Iceland,Iceland,Skeiðarárjökull,1561.218,-17.28979,64.41522,1913-04-14,,,1913
RGI60_06_Iceland,Iceland,Skeiðarárjökull,1561.218,-17.28979,64.41522,1922-09-22,1922-09-28,1922-10-09,1922
RGI60_06_Iceland,Iceland,Dyngjujökull,1561.218,-17.28979,64.41522,1933,,,1933
RGI60_06_Iceland,Iceland,Skeiðarárjökull,1561.218,-17.28979,64.41522,1934,,,1934
RGI60_06_Iceland,Iceland,Skeiðarárjökull,1561.218,-17.28979,64.41522,1934-03-23,1934-03-22,1934-04-01,1934
RGI60_06_Iceland,Iceland,Skeiðarárjökull,1561.218,-17.34175,64.1622,1935-09-05,,,1935
RGI60_06_Iceland,Iceland,Skeiðarárjökull,1561.218,-17.28979,64.41522,1938-05-23,,,1938
RGI60_06_Iceland,Iceland,Skeiðarárjökull,1561.218,-17.34175,64.1622,1939-07-23,,,1939
RGI60_06_Iceland,Iceland,Skeiðarárjökull,1561.218,-17.28979,64.41522,1939-07-05,,,1939
RGI60_06_Iceland,Iceland,Skeiðarárjökull,1561.218,-17.28979,64.41522,1941-05-01,,,1941
RGI60_06_Iceland,Iceland,Skeiðarárjökull,1561.218,-17.34175,64.1622,1943,,,1943
RGI60_06_Iceland,Iceland,Skeiðarárjökull,1561.218,-17.28979,64.41522,1945-09-16,,,1945
RGI60_06_Iceland,Iceland,Skeiðarárjökull,1561.218,-17.34175,64.1622,1946,,,1946
RGI60_06_Iceland,Iceland,Skeiðarárjökull,1561.218,-17.28979,64.41522,1948-02-11,,,1948
RGI60_06_Iceland,Iceland,Skeiðarárjökull,1561.218,-17.34175,64.1622,1949,,,1949
RGI60_06_Iceland,Iceland,Skeiðarárjökull,1561.218,-17.34175,64.1622,1951-10-15,,,1951
RGI60_06_Iceland,Iceland,Skeiðarárjökull,1561.218,-17.28979,64.41522,1954-07-08,1954-07-04,1954-07-28,1954
RGI60_06_Iceland,Iceland,Skeiðarárjökull,1561.218,-17.28979,64.41522,1960-01-16,1960-01-05,1960-02-10,1960
RGI60_06_Iceland,Iceland,Skeiðarárjökull,1561.218,-17.28979,64.41522,1965-08-31,1965-08-22,1965-09-18,1965
RGI60_06_Iceland,Iceland,Skeiðarárjökull,1561.218,-17.34175,64.1622,1969-08-12,1969-08-12,1969-08-13,1969
RGI60_06_Iceland,Iceland,Skeiðarárjökull,1561.218,-17.34175,64.1622,1970-10-18,1970-10-18,1970-10-19,1970
RGI60_06_Iceland,Iceland,Skeiðarárjökull,1561.218,-17.28979,64.41522,1972-03-13,1972-03-01,1972-04-05,1972
RGI60_06_Iceland,Iceland,Skeiðarárjökull,1561.218,-17.34175,64.1622,1973-08-06,,,1973
RGI60_06_Iceland,Iceland,Skeiðarárjökull,1561.218,-17.34175,64.1622,1975-10-22,1975-10-22,1975-10-25,1975
RGI60_06_Iceland,Iceland,Skeiðarárjökull,1561.218,-17.34175,64.1622,1976-08-01,1976-08-01,1976-08-05,1976
RGI60_06_Iceland,Iceland,Skeiðarárjökull,1561.218,-17.28979,64.41522,1976-09-07,,,1976
RGI60_06_Iceland,Iceland,Skeiðarárjökull,1561.218,-17.34175,64.1622,1977-08-24,1977-08-24,1977-08-25,1977
RGI60_06_Iceland,Iceland,Skeiðarárjökull,1561.218,-17.34175,64.1622,1977-09-15,,,1977
RGI60_06_Iceland,Iceland,Skeiðarárjökull,1561.218,-17.34175,64.1622,1978-07-20,1978-07-20,1978-07-21,1978
RGI60_06_Iceland,Iceland,Skeiðarárjökull,1561.218,-17.34175,64.1622,1979-07-31,1979-07-31,1979-08-02,1979
RGI60_06_Iceland,Iceland,Skeiðarárjökull,1561.218,-17.34175,64.1622,1980-08-05,,,1980
RGI60_06_Iceland,Iceland,Skeiðarárjökull,1561.218,-17.34175,64.1622,1981-07-11,,,1981
RGI60_06_Iceland,Iceland,Skeiðarárjökull,1561.218,-17.28979,64.41522,1982-01-28,1982-01-28,1982-02-21,1982
RGI60_06_Iceland,Iceland,Skeiðarárjökull,1561.218,-17.34175,64.1622,1983-08-16,1983-08-16,1983-08-18,1983
RGI60_06_Iceland,Iceland,Skeiðarárjökull,1561.218,-17.28979,64.41522,1983-12-06,1983-12-06,1983-12-11,1983
RGI60_06_Iceland,Iceland,Skeiðarárjökull,1561.218,-17.34175,64.1622,1984-08-15,1984-08-15,1984-08-16,1984
RGI60_06_Iceland,Iceland,Skeiðarárjökull,1561.218,-17.28979,64.41522,1986-08-14,,1986-08-21,1986
RGI60_06_Iceland,Iceland,Skeiðarárjökull,1561.218,-17.34175,64.1622,1986-08-29,1986-08-28,1986-09-10,1986
RGI60_06_Iceland,Iceland,Skeiðarárjökull,1561.218,-17.34175,64.1622,1987-08-10,1987-08-10,1987-08-11,1987
RGI60_06_Iceland,Iceland,Skeiðarárjökull,1561.218,-17.34175,64.1622,1988-08-20,1988-08-20,1988-08-21,1988
RGI60_06_Iceland,Iceland,Skeiðarárjökull,1561.218,-17.34175,64.1622,1989-08-01,1989-08-01,1989-08-02,1989
RGI60_06_Iceland,Iceland,Skeiðarárjökull,1561.218,-17.1148912,64.11896907,1990,1990-07-02 00:00:00,1990-09-04 00:00:00,1990
RGI60_06_Iceland,Iceland,Skeiðarárjökull,1561.218,-17.11329888,64.1105885,1990,1990-07-02 00:00:00,1990-09-04 00:00:00,1990
RGI60_06_Iceland,Iceland,Skeiðarárjökull,1561.218,-17.11074658,64.10064922,1990,1990-07-02 00:00:00,1990-09-04 00:00:00,1990
RGI60_06_Iceland,Iceland,Skeiðarárjökull,1561.218,-17.1344019,64.10067287,1990,1990-07-02 00:00:00,1990-09-04 00:00:00,1990
RGI60_06_Iceland,Iceland,Skeiðarárjökull,1561.218,-17.34175,64.1622,1990-07-11,1990-07-11,1990-07-12,1990
RGI60_06_Iceland,Iceland,Skeiðarárjökull,1561.218,-17.1148912,64.11896907,1991,1991-08-06 00:00:00,1991-08-29 00:00:00,1991
RGI60_06_Iceland,Iceland,Skeiðarárjökull,1561.218,-17.11329888,64.1105885,1991,1991-08-06 00:00:00,1991-08-29 00:00:00,1991
RGI60_06_Iceland,Iceland,Skeiðarárjökull,1561.218,-17.11074658,64.10064922,1991,1991-08-06 00:00:00,1991-08-29 00:00:00,1991
RGI60_06_Iceland,Iceland,Skeiðarárjökull,1561.218,-17.1344019,64.10067287,1991,1991-08-06 00:00:00,1991-08-29 00:00:00,1991
RGI60_06_Iceland,Iceland,Súlujökull,1561.218,-17.284609,64.04684,1991-08-16,,,1991
RGI60_06_Iceland,Iceland,Súlujökull,1561.218,-17.284609,64.04684,1991-09-15,,,1991
RGI60_06_Iceland,Iceland,Skeiðarárjökull,1561.218,-17.28979,64.41522,1991-09-21,1991-09-21,1991-10-30,1991
RGI60_06_Iceland,Iceland,Súlujökull,1561.218,-17.284609,64.04684,1991-09-30,1991-09-30,1991-10-02,1991
RGI60_06_Iceland,Iceland,Skeiðarárjökull,1561.218,-17.28979,64.41522,1991,1991-10,1991-12,1991
RGI60_06_Iceland,Iceland,Skeiðarárjökull,1561.218,-17.28979,64.41522,1991-11-06,,,1991
RGI60_06_Iceland,Iceland,Skeiðarárjökull,1561.218,-17.1148912,64.11896907,1992,1992-06-21 00:00:00,1992-07-14 00:00:00,1992
RGI60_06_Iceland,Iceland,Skeiðarárjökull,1561.218,-17.11329888,64.1105885,1992,1992-06-21 00:00:00,1992-07-14 00:00:00,1992
RGI60_06_Iceland,Iceland,Skeiðarárjökull,1561.218,-17.11074658,64.10064922,1992,1992-06-21 00:00:00,1992-07-14 00:00:00,1992
RGI60_06_Iceland,Iceland,Skeiðarárjökull,1561.218,-17.1344019,64.10067287,1992,1992-06-21 00:00:00,1992-07-14 00:00:00,1992
RGI60_06_Iceland,Iceland,Skeiðarárjökull,1561.218,-17.34175,64.1622,1992,1992-06-21,1992-07-14,1992
RGI60_06_Iceland,Iceland,Skeiðarárjökull,1561.218,-17.34175,64.1622,1992-10-03,1992-10-03,1992-10-06,1992
RGI60_06_Iceland,Iceland,Skeiðarárjökull,1561.218,-17.34175,64.1622,,1993-07-26,1993-09-03 00:00:00,1993
RGI60_06_Iceland,Iceland,Skeiðarárjökull,1561.218,-17.34175,64.1622,1994,1994-09-01,1995-04-27 00:00:00,1994
RGI60_06_Iceland,Iceland,Skeiðarárjökull,1561.218,-17.1148912,64.11896907,,1994-08-30 00:00:00,1995-07-23 00:00:00,1994
RGI60_06_Iceland,Iceland,Skeiðarárjökull,1561.218,-17.11329888,64.1105885,,1994-08-30 00:00:00,1995-07-23 00:00:00,1994
RGI60_06_Iceland,Iceland,Skeiðarárjökull,1561.218,-17.11074658,64.10064922,,1994-08-30 00:00:00,1995-07-23 00:00:00,1994
RGI60_06_Iceland,Iceland,Skeiðarárjökull,1561.218,-17.1344019,64.10067287,,1994-08-30 00:00:00,1995-07-23 00:00:00,1994
RGI60_06_Iceland,Iceland,Skeiðarárjökull,1561.218,-17.34175,64.1622,1995-08-10,,,1995
RGI60_06_Iceland,Iceland,Skeiðarárjökull,1561.218,-17.254449,64.072003,1996,,,1996
RGI60_06_Iceland,Iceland,Skeiðarárjökull,1561.218,-17.28979,64.41522,1996-03-21,,,1996
RGI60_06_Iceland,Iceland,Skeiðarárjökull,1561.218,-17.28979,64.41522,1996-11-05,,,1996
RGI60_06_Iceland,Iceland,Skeiðarárjökull,1561.218,-17.1148912,64.11896907,1997,1997-06-26 00:00:00,1997-08-13 00:00:00,1997
RGI60_06_Iceland,Iceland,Skeiðarárjökull,1561.218,-17.11329888,64.1105885,1997,1997-06-26 00:00:00,1997-08-13 00:00:00,1997
RGI60_06_Iceland,Iceland,Skeiðarárjökull,1561.218,-17.11074658,64.10064922,1997,1997-06-26 00:00:00,1997-08-13 00:00:00,1997
RGI60_06_Iceland,Iceland,Skeiðarárjökull,1561.218,-17.1344019,64.10067287,1997,1997-06-26 00:00:00,1997-08-13 00:00:00,1997
RGI60_06_Iceland,Iceland,Skeiðarárjökull,1561.218,-17.28979,64.41522,1998-02-16,,,1998
RGI60_06_Iceland,Iceland,Skeiðarárjökull,1561.218,-17.28979,64.41522,1999-01-27,,,1999
RGI60_06_Iceland,Iceland,Skeiðarárjökull,1561.218,-17.1148912,64.11896907,1999,1999-07-26 00:00:00,1999-08-04 00:00:00,1999
RGI60_06_Iceland,Iceland,Skeiðarárjökull,1561.218,-17.11329888,64.1105885,1999,1999-07-26 00:00:00,1999-08-04 00:00:00,1999
RGI60_06_Iceland,Iceland,Skeiðarárjökull,1561.218,-17.11074658,64.10064922,1999,1999-07-26 00:00:00,1999-08-04 00:00:00,1999
RGI60_06_Iceland,Iceland,Skeiðarárjökull,1561.218,-17.1344019,64.10067287,1999,1999-07-26 00:00:00,1999-08-04 00:00:00,1999
RGI60_06_Iceland,Iceland,Skeiðarárjökull,1561.218,-17.089449,64.087675,1999-08-06,,,1999
RGI60_06_Iceland,Iceland,Skeiðarárjökull,1561.218,-17.28979,64.41522,1999-11-04,1999-11-04,1999-11-18,1999
RGI60_06_Iceland,Iceland,Skeiðarárjökull,1561.218,-17.28979,64.41522,2000-02-13,,,2000
RGI60_06_Iceland,Iceland,Skeiðarárjökull,1561.218,-17.28979,64.41522,2000-08-04,2000-08-04,2000-08-07,2000
RGI60_06_Iceland,Iceland,Skeiðarárjökull,1561.218,-17.28979,64.41522,2000-09-22,,,2000
RGI60_06_Iceland,Iceland,Skeiðarárjökull,1561.218,-17.34175,64.1622,2001-09-25,2001-09-25,2001-09-26,2001
RGI60_06_Iceland,Iceland,Skeiðarárjökull,1561.218,-17.28979,64.41522,2001-12-11,,,2001
RGI60_06_Iceland,Iceland,Skeiðarárjökull,1561.218,-17.28979,64.41522,2002-04-11,,,2002
RGI60_06_Iceland,Iceland,Skeiðarárjökull,1561.218,-17.34175,64.1622,2002-06-24,2002-06-24,2002-06-25,2002
RGI60_06_Iceland,Iceland,Skeiðarárjökull,1561.218,-17.34175,64.1622,2002-09-14,,,2002
RGI60_06_Iceland,Iceland,Skeiðarárjökull,1561.218,-17.254449,64.072003,2003-01-11,,,2003
RGI60_06_Iceland,Iceland,Skeiðarárjökull,1561.218,-17.34175,64.1622,2003-09-03,2003-09-03,2003-09-04,2003
RGI60_06_Iceland,Iceland,Skeiðarárjökull,1561.218,-17.089449,64.087675,2003-10-13,2003-10-13,2003-10-19,2003
RGI60_06_Iceland,Iceland,Skeiðarárjökull,1561.218,-17.28979,64.41522,2004-01-21,,,2004
RGI60_06_Iceland,Iceland,Skeiðarárjökull,1561.218,-17.28979,64.41522,2004-10-29,2004-10-29,2004-11-07,2004
RGI60_06_Iceland,Iceland,Skeiðarárjökull,1561.218,-17.1148912,64.11896907,2004,2004-06-21 00:00:00,2004-08-17 00:00:00,2004
RGI60_06_Iceland,Iceland,Skeiðarárjökull,1561.218,-17.11329888,64.1105885,2004,2004-06-21 00:00:00,2004-08-17 00:00:00,2004
RGI60_06_Iceland,Iceland,Skeiðarárjökull,1561.218,-17.11074658,64.10064922,2004,2004-06-21 00:00:00,2004-08-17 00:00:00,2004
RGI60_06_Iceland,Iceland,Skeiðarárjökull,1561.218,-17.1344019,64.10067287,2004,2004-06-21 00:00:00,2004-08-17 00:00:00,2004
RGI60_06_Iceland,Iceland,Skeiðarárjökull,1561.218,-17.28979,64.41522,2005-03-04,2005-03-04,2005-03-15,2005
RGI60_06_Iceland,Iceland,Skeiðarárjökull,1561.218,-17.34175,64.1622,2005-08-10,,,2005
RGI60_06_Iceland,Iceland,Skeiðarárjökull,1561.218,-17.34175,64.1622,2006,,,2006
RGI60_06_Iceland,Iceland,Skeiðarárjökull,1561.218,-17.34175,64.1622,2007-10-13,,,2007
RGI60_06_Iceland,Iceland,Skeiðarárjökull,1561.218,-17.28979,64.41522,2007-12-08, 2007-12-01,,2007
RGI60_06_Iceland,Iceland,Skeiðarárjökull,1561.218,-17.34175,64.1622,2008-07-09,,,2008
RGI60_06_Iceland,Iceland,Skeiðarárjökull,1561.218,-17.34175,64.1622,2008,,,2008
RGI60_06_Iceland,Iceland,Skeiðarárjökull,1561.218,-17.34175,64.1622,2008-09-15,,,2008
RGI60_06_Iceland,Iceland,Skeiðarárjökull,1561.218,-17.1148912,64.11896907,2009-07-21,,,2009
RGI60_06_Iceland,Iceland,Skeiðarárjökull,1561.218,-17.11329888,64.1105885,2009-07-21,,,2009
RGI60_06_Iceland,Iceland,Skeiðarárjökull,1561.218,-17.11074658,64.10064922,2009-07-21,,,2009
RGI60_06_Iceland,Iceland,Skeiðarárjökull,1561.218,-17.1344019,64.10067287,2009-07-21,,,2009
RGI60_06_Iceland,Iceland,Skeiðarárjökull,1561.218,-17.28979,64.41522,2010-10-31,2010-10-31,2010-11-06,2010
RGI60_06_Iceland,Iceland,Skeiðarárjökull,1561.218,-17.34175,64.1622,2011,2011-05-15,2011-07-11,2011
RGI60_06_Iceland,Iceland,Skeiðarárjökull,1561.218,-17.34175,64.1622,2011,2011-07-11,2011-08-09,2011
RGI60_06_Iceland,Iceland,Skeiðarárjökull,1561.218,-17.1148912,64.11896907,2011,2011-07-11 00:00:00,2011-08-12 00:00:00,2011
RGI60_06_Iceland,Iceland,Skeiðarárjökull,1561.218,-17.11329888,64.1105885,2011,2011-07-11 00:00:00,2011-08-12 00:00:00,2011
RGI60_06_Iceland,Iceland,Skeiðarárjökull,1561.218,-17.11074658,64.10064922,2011,2011-07-11 00:00:00,2011-08-12 00:00:00,2011
RGI60_06_Iceland,Iceland,Skeiðarárjökull,1561.218,-17.1344019,64.10067287,2011,2011-07-11 00:00:00,2011-08-12 00:00:00,2011
RGI60_06_Iceland,Iceland,Skeiðarárjökull,1561.218,-17.34175,64.1622,2012,2012-06-23,2012-07-04,2012
RGI60_06_Iceland,Iceland,Skeiðarárjökull,1561.218,-17.1148912,64.11896907,2012,2012-07-16 00:00:00,2012-08-30 00:00:00,2012
RGI60_06_Iceland,Iceland,Skeiðarárjökull,1561.218,-17.11329888,64.1105885,2012,2012-07-16 00:00:00,2012-08-30 00:00:00,2012
RGI60_06_Iceland,Iceland,Skeiðarárjökull,1561.218,-17.11074658,64.10064922,2012,2012-07-16 00:00:00,2012-08-30 00:00:00,2012
RGI60_06_Iceland,Iceland,Skeiðarárjökull,1561.218,-17.1344019,64.10067287,2012,2012-07-16 00:00:00,2012-08-30 00:00:00,2012
RGI60_06_Iceland,Iceland,Skeiðarárjökull,1561.218,-17.28979,64.41522,2012-01-31,2012-01-27,,2012
RGI60_06_Iceland,Iceland,Skeiðarárjökull,1561.218,-17.28979,64.41522,2012-11-22,,,2012
RGI60_06_Iceland,Iceland,Skeiðarárjökull,1561.218,-17.1148912,64.11896907,2013,2013-07-27 00:00:00,2013-08-12 00:00:00,2013
RGI60_06_Iceland,Iceland,Skeiðarárjökull,1561.218,-17.11329888,64.1105885,2013,2013-07-27 00:00:00,2013-08-12 00:00:00,2013
RGI60_06_Iceland,Iceland,Skeiðarárjökull,1561.218,-17.11074658,64.10064922,2013,2013-07-27 00:00:00,2013-08-12 00:00:00,2013
RGI60_06_Iceland,Iceland,Skeiðarárjökull,1561.218,-17.1344019,64.10067287,2013,2013-07-27 00:00:00,2013-08-12 00:00:00,2013
RGI60_06_Iceland,Iceland,Skeiðarárjökull,1561.218,-17.34175,64.1622,2014,2014-05-15,2014-06-18,2014
RGI60_06_Iceland,Iceland,Skeiðarárjökull,1561.218,-17.1148912,64.11896907,2014,2014-07-20 00:00:00,2014-08-12 00:00:00,2014
RGI60_06_Iceland,Iceland,Skeiðarárjökull,1561.218,-17.11329888,64.1105885,2014,2014-07-20 00:00:00,2014-08-12 00:00:00,2014
RGI60_06_Iceland,Iceland,Skeiðarárjökull,1561.218,-17.11074658,64.10064922,2014,2014-07-20 00:00:00,2014-08-12 00:00:00,2014
RGI60_06_Iceland,Iceland,Skeiðarárjökull,1561.218,-17.1344019,64.10067287,2014,2014-07-20 00:00:00,2014-08-12 00:00:00,2014
RGI60_06_Iceland,Iceland,Skeiðarárjökull,1561.218,-17.28979,64.41522,2015-05-13,2015-05-07,,2015
RGI60_06_Iceland,Iceland,Skeiðarárjökull,1561.218,-17.34175,64.1622,2015,2015-06-05,2015-07-07,2015
RGI60_06_Iceland,Iceland,Skeiðarárjökull,1561.218,-17.34175,64.1622,2016,2016-05-14,2016-06-06,2016
RGI60_06_Iceland,Iceland,Skeiðarárjökull,1561.218,-17.1148912,64.11896907,2016,2016-07-26 00:00:00,2016-09-27 00:00:00,2016
RGI60_06_Iceland,Iceland,Skeiðarárjökull,1561.218,-17.11329888,64.1105885,2016,2016-08-22 00:00:00,2016-09-27 00:00:00,2016
RGI60_06_Iceland,Iceland,Skeiðarárjökull,1561.218,-17.11074658,64.10064922,2016,2016-07-26 00:00:00,2016-09-27 00:00:00,2016
RGI60_06_Iceland,Iceland,Skeiðarárjökull,1561.218,-17.1344019,64.10067287,2016,2016-07-26 00:00:00,2016-09-27 00:00:00,2016
RGI60_06_Iceland,Iceland,Skeiðarárjökull,1561.218,-17.1148912,64.11896907,2017-10,2017-10-03 00:00:00,2017-10-12 00:00:00,2017
RGI60_06_Iceland,Iceland,Skeiðarárjökull,1561.218,-17.11329888,64.1105885,2017-10,2017-10-03 00:00:00,2017-10-12 00:00:00,2017
RGI60_06_Iceland,Iceland,Skeiðarárjökull,1561.218,-17.28979,64.41522,2018-06-06,,,2018
RGI60_06_Iceland,Iceland,Skeiðarárjökull,1561.218,-17.1148912,64.11896907,2018-08,2018-08-04 00:00:00,2018-08-11 00:00:00,2018
RGI60_06_Iceland,Iceland,Skeiðarárjökull,1561.218,-17.11329888,64.1105885,2018-08,2018-08-04 00:00:00,2018-08-11 00:00:00,2018
RGI60_06_Iceland,Iceland,Skeiðarárjökull,1561.218,-17.11074658,64.10064922,2018-08,2018-08-04 00:00:00,2018-08-11 00:00:00,2018
RGI60_06_Iceland,Iceland,Skeiðarárjökull,1561.218,-17.1344019,64.10067287,2018-08,2018-08-04 00:00:00,2018-08-11 00:00:00,2018
RGI60_06_Iceland,Iceland,Skeiðarárjökull,1561.218,-17.16034861,64.10358774,2018-08,2018-08-04 00:00:00,2018-08-11 00:00:00,2018
RGI60_06_Iceland,Iceland,Skeiðarárjökull,1561.218,-17.34175,64.1622,2019,2019-04-27,2019-05-04,2019
RGI60_06_Iceland,Iceland,Skeiðarárjökull,1561.218,-17.34175,64.1622,,2024-04-26 00:00:00,2024-05-08 00:00:00,2024
RGI60_06_Iceland,Iceland,Skeiðarárjökull,1561.218,-17.1148912,64.11896907,2019-07,2019-07-07 00:00:00,2019-07-29 00:00:00,2019
RGI60_06_Iceland,Iceland,Skeiðarárjökull,1561.218,-17.11329888,64.1105885,2019-07,2019-07-07 00:00:00,2019-07-29 00:00:00,2019
RGI60_06_Iceland,Iceland,Skeiðarárjökull,1561.218,-17.11074658,64.10064922,2019-07,2019-07-07 00:00:00,2019-07-29 00:00:00,2019
RGI60_06_Iceland,Iceland,Skeiðarárjökull,1561.218,-17.1344019,64.10067287,2019-07,2019-07-07 00:00:00,2019-07-29 00:00:00,2019
RGI60_06_Iceland,Iceland,Skeiðarárjökull,1561.218,-17.16034861,64.10358774,2019-07,2019-07-07 00:00:00,2019-07-29 00:00:00,2019
RGI60_06_Iceland,Iceland,Skeiðarárjökull,1561.218,-17.1148912,64.11896907,2020,2020-07-28 00:00:00,2020-08-12 00:00:00,2020
RGI60_06_Iceland,Iceland,Skeiðarárjökull,1561.218,-17.11329888,64.1105885,2020,2020-07-28 00:00:00,2020-08-12 00:00:00,2020
RGI60_06_Iceland,Iceland,Skeiðarárjökull,1561.218,-17.11074658,64.10064922,2020,2020-07-28 00:00:00,2020-08-12 00:00:00,2020
RGI60_06_Iceland,Iceland,Skeiðarárjökull,1561.218,-17.1344019,64.10067287,2020,2020-07-28 00:00:00,2020-08-12 00:00:00,2020
RGI60_06_Iceland,Iceland,Skeiðarárjökull,1561.218,-17.16034861,64.10358774,2020,2020-07-28 00:00:00,2020-08-12 00:00:00,2020
RGI60_06_Iceland,Iceland,Skeiðarárjökull,1561.218,-17.1148912,64.11896907,2021,2021-07-20 00:00:00,2021-08-08 00:00:00,2021
RGI60_06_Iceland,Iceland,Skeiðarárjökull,1561.218,-17.11329888,64.1105885,2021,2021-07-20 00:00:00,2021-08-08 00:00:00,2021
RGI60_06_Iceland,Iceland,Skeiðarárjökull,1561.218,-17.11074658,64.10064922,2021,2021-07-20 00:00:00,2021-08-08 00:00:00,2021
RGI60_06_Iceland,Iceland,Skeiðarárjökull,1561.218,-17.1344019,64.10067287,2021,2021-07-20 00:00:00,2021-08-08 00:00:00,2021
RGI60_06_Iceland,Iceland,Skeiðarárjökull,1561.218,-17.16034861,64.10358774,2021,2021-07-20 00:00:00,2021-08-08 00:00:00,2021
RGI60_06_Iceland,Iceland,Skeiðarárjökull,1561.218,-17.1148912,64.11896907,2022-07,2022-07-02 00:00:00,2022-07-31 00:00:00,2022
RGI60_06_Iceland,Iceland,Skeiðarárjökull,1561.218,-17.11329888,64.1105885,2022-07,2022-07-02 00:00:00,2022-07-31 00:00:00,2022
RGI60_06_Iceland,Iceland,Skeiðarárjökull,1561.218,-17.11074658,64.10064922,2022-07,2022-07-02 00:00:00,2022-07-31 00:00:00,2022
RGI60_06_Iceland,Iceland,Skeiðarárjökull,1561.218,-17.1344019,64.10067287,2022-07,2022-07-02 00:00:00,2022-07-31 00:00:00,2022
RGI60_06_Iceland,Iceland,Skeiðarárjökull,1561.218,-17.16034861,64.10358774,2022-07,2022-07-02 00:00:00,2022-07-31 00:00:00,2022
RGI60_06_Iceland,Iceland,Skeiðarárjökull,1561.218,-17.1148912,64.11896907,2023-07,2023-07-20 00:00:00,2023-08-01 00:00:00,2023
RGI60_06_Iceland,Iceland,Skeiðarárjökull,1561.218,-17.11329888,64.1105885,2023-07,2023-07-20 00:00:00,2023-08-01 00:00:00,2023
RGI60_06_Iceland,Iceland,Skeiðarárjökull,1561.218,-17.11074658,64.10064922,2023-07,2023-07-20 00:00:00,2023-08-01 00:00:00,2023
RGI60_06_Iceland,Iceland,Skeiðarárjökull,1561.218,-17.1344019,64.10067287,2023-07,2023-07-20 00:00:00,2023-08-01 00:00:00,2023
RGI60_06_Iceland,Iceland,Skeiðarárjökull,1561.218,-17.16034861,64.10358774,2023-07,2023-07-20 00:00:00,2023-08-01 00:00:00,2023
RGI60_06_Iceland,Iceland,Skeiðarárjökull,1561.218,-17.1148912,64.11896907,,2024-08-08 00:00:00,2024-09-03 00:00:00,2024
RGI60_06_Iceland,Iceland,Skeiðarárjökull,1561.218,-17.11329888,64.1105885,,2024-08-08 00:00:00,2024-09-03 00:00:00,2024
RGI60_06_Iceland,Iceland,Skeiðarárjökull,1561.218,-17.11074658,64.10064922,,2024-08-08 00:00:00,2024-09-03 00:00:00,2024
RGI60_06_Iceland,Iceland,Skeiðarárjökull,1561.218,-17.1344019,64.10067287,,2024-08-08 00:00:00,2024-09-03 00:00:00,2024
RGI60_06_Iceland,Iceland,Skeiðarárjökull,1561.218,-17.16034861,64.10358774,,2024-08-08 00:00:00,2024-09-03 00:00:00,2024
RGI60_06_Iceland,Iceland,Skeiðarárjökull,1561.218,-17.1148912,64.11896907,,2025-05-16 00:00:00,2025-05-29 00:00:00,2025
RGI60_06_Iceland,Iceland,Skeiðarárjökull,1561.218,-17.11329888,64.1105885,,2025-05-16 00:00:00,2025-05-29 00:00:00,2025
RGI60_06_Iceland,Iceland,Skeiðarárjökull,1561.218,-17.11074658,64.10064922,,2025-05-16 00:00:00,2025-05-29 00:00:00,2025
RGI60_06_Iceland,Iceland,Skeiðarárjökull,1561.218,-17.1344019,64.10067287,,2025-05-16 00:00:00,2025-05-29 00:00:00,2025
RGI60_06_Iceland,Iceland,Skeiðarárjökull,1561.218,-17.16034861,64.10358774,,2025-05-12 00:00:00,2025-05-19 00:00:00,2025
RGI60_06_Iceland,Iceland,Skeiðarárjökull,1561.218,-17.1148912,64.11896907,,2025-08-22 00:00:00,2025-09-17 00:00:00,2025
RGI60_06_Iceland,Iceland,Skeiðarárjökull,1561.218,-17.11329888,64.1105885,,2025-08-22 00:00:00,2025-09-17 00:00:00,2025
RGI60_06_Iceland,Iceland,Skeiðarárjökull,1561.218,-17.11074658,64.10064922,,2025-08-22 00:00:00,2025-09-17 00:00:00,2025
RGI60_06_Iceland,Iceland,Skeiðarárjökull,1561.218,-17.1344019,64.10067287,,2025-08-22 00:00:00,2025-09-17 00:00:00,2025
RGI60_06_Iceland,Iceland,Falljökull,25.754,-16.63333,64.0,1362,,,1362
RGI60_06_Iceland,Iceland,Öræfajökull,25.754,-16.63333,64.0,1727-08-04,,,1727
RGI60_06_Iceland,Iceland,Dyngjujökull,1060.639,-16.877665,64.751075,1655,,,1655
RGI60_06_Iceland,Iceland,Dyngjujökull,1060.639,-16.877665,64.751075,1655,,,1655
RGI60_06_Iceland,Iceland,Dyngjujökull,1060.639,-16.877665,64.751075,,1684,1685,1684
RGI60_06_Iceland,Iceland,Dyngjujökull,1060.639,-16.877665,64.751075,1707,,,1707
RGI60_06_Iceland,Iceland,Dyngjujökull,1060.639,-16.877665,64.751075,1717,1717-08,1717-09,1717
RGI60_06_Iceland,Iceland,Dyngjujökull,1060.639,-16.877665,64.751075,,1719,1720,1719
RGI60_06_Iceland,Iceland,Dyngjujökull,1060.639,-16.877665,64.751075,1725-11-10,1725-11-10,1725-11-13,1725
RGI60_06_Iceland,Iceland,Dyngjujökull,1060.639,-16.877665,64.751075,1726-03-18,1726-03-18,1726-03-23,1726
RGI60_06_Iceland,Iceland,Dyngjujökull,1060.639,-16.877665,64.751075,1726-03-24,1726-03-24,1726-03-25,1726
RGI60_06_Iceland,Iceland,Dyngjujökull,1060.639,-16.877665,64.751075,1726-04-05,1726-04-05,1726-04-07,1726
RGI60_06_Iceland,Iceland,Dyngjujökull,1060.639,-16.877665,64.751075,1729,,,1729
RGI60_06_Iceland,Iceland,Dyngjujökull,1060.639,-16.69906,64.67116,2019,,,2019
RGI60_06_Iceland,Iceland,Breiðamerkurjökull,1067.745,-16.463584,64.055585,1900,,,1900
RGI60_06_Iceland,Iceland,Breiðamerkurjökull,1067.745,-16.463584,64.055585,1932-05-29,1932-05-29,1932-06-02,1932
RGI60_06_Iceland,Iceland,Breiðamerkurjökull,1067.745,-16.463584,64.055585,1936-02-18,1936-02-18,1936-02-22,1936
RGI60_06_Iceland,Iceland,Breiðamerkurjökull,1067.745,-16.463584,64.055585,1936-07-09,1936-07-09,1936-07-10,1936
RGI60_06_Iceland,Iceland,Breiðamerkurjökull,1067.745,-16.463584,64.055585,1937-06-13,,,1937
RGI60_06_Iceland,Iceland,Breiðamerkurjökull,1067.745,-16.463584,64.055585,1939-06-26,1939-06-26,1939-06-28,1939
RGI60_06_Iceland,Iceland,Breiðamerkurjökull,1067.745,-16.463584,64.055585,1940-04-27,1940-04-27,1940-05-05,1940
RGI60_06_Iceland,Iceland,Breiðamerkurjökull,1067.745,-16.463584,64.055585,1940-06-26,1940-06-26,1940-06-30,1940
RGI60_06_Iceland,Iceland,Breiðamerkurjökull,1067.745,-16.463584,64.055585,1941-07-06,1941-07-06,1941-07-09,1941
RGI60_06_Iceland,Iceland,Breiðamerkurjökull,1067.745,-16.463584,64.055585,1942-05-14,1942-05-14,1942-05-17,1942
RGI60_06_Iceland,Iceland,Breiðamerkurjökull,1067.745,-16.463584,64.055585,1943-01-15,1943-01-15,1943-01-18,1943
RGI60_06_Iceland,Iceland,Breiðamerkurjökull,1067.745,-16.463584,64.055585,1943-10-06,1943-10-06,1943-10-10,1943
RGI60_06_Iceland,Iceland,Breiðamerkurjökull,1067.745,-16.463584,64.055585,1944-06-24,1944-06-24,1944-06-25,1944
RGI60_06_Iceland,Iceland,Breiðamerkurjökull,1067.745,-16.212945,64.138214,1984,1984,1988,1984
RGI60_06_Iceland,Iceland,Breiðamerkurjökull,1067.745,-16.212945,64.138214,1985,,,1985
RGI60_06_Iceland,Iceland,Breiðamerkurjökull,1067.745,-16.212945,64.138214,1986,,,1986
RGI60_06_Iceland,Iceland,Breiðamerkurjökull,1067.745,-16.212945,64.138214,1987,,,1987
RGI60_06_Iceland,Iceland,Breiðamerkurjökull,1067.745,-16.212945,64.138214,1988,,,1988
RGI60_06_Iceland,Iceland,Breiðamerkurjökull,1067.745,-16.212945,64.138214,1990-05,1990-05-24 00:00:00,1990-05-24-00_00_1990-05-24-23_59_Landsat_4-5_TM_L2_False_color,1990
RGI60_06_Iceland,Iceland,Breiðamerkurjökull,1067.745,-16.212945,64.138214,1990,1990-07-02,1990-09-04,1990
RGI60_06_Iceland,Iceland,Breiðamerkurjökull,1067.745,-16.24977299,64.17160553,1986,1986-08-01 00:00:00,1986-08-01-00_00_1986-08-01-23_59_Landsat_4-5_TM_L2_False_color,1986
RGI60_06_Iceland,Iceland,Breiðamerkurjökull,1067.745,-16.24977299,64.17160553,1987-07-04,1987-08-27 00:00:00,"LT05_L1TP_217015_19870827_20201014_02_T1_[-16.27458001597551,64.16086149957103,-16.203735365706965,64.18207548948415]_B4-B3-B2-B1-B5",1987
RGI60_06_Iceland,Iceland,Breiðamerkurjökull,1067.745,-16.24977299,64.17160553,,1988-10-09 00:00:00,1988-10-09-00_00_1988-10-09-23_59_Landsat_4-5_TM_L2_False_color,1988
RGI60_06_Iceland,Iceland,Breiðamerkurjökull,1067.745,-16.24977299,64.17160553,1990-07-11,1990-07-02 00:00:00,1990-07-02-00_00_1990-07-02-23_59_Landsat_4-5_TM_L2_False_color,1990
RGI60_06_Iceland,Iceland,Breiðamerkurjökull,1067.745,-16.24977299,64.17160553,,1991-09-07 00:00:00,"LT05_L1TP_217015_19910907_20241107_02_T1_[-16.27440835983725,64.16126541781753,-16.211030979466162,64.18184363476132]_B4-B3-B2-B1-B5",1991
RGI60_06_Iceland,Iceland,Breiðamerkurjökull,1067.745,-16.24977299,64.17160553,,1993-09-21 00:00:00,"LT05_L1TP_216015_19930921_20241104_02_T1_[-16.27801324875326,64.16258184951357,-16.206052799534522,64.181888178383]_B4-B3-B2-B1-B5",1993
RGI60_06_Iceland,Iceland,Breiðamerkurjökull,1067.745,-16.24977299,64.17160553,1995,1995-06-30 00:00:00,1995-06-30-00_00_1995-06-30-23_59_Landsat_4-5_TM_L2_False_color,1995
RGI60_06_Iceland,Iceland,Breiðamerkurjökull,1067.745,-16.24977299,64.17160553,1997,1997-08-13 00:00:00,1997-08-13-00_00_1997-08-13-23_59_Landsat_4-5_TM_L2_False_color,1997
RGI60_06_Iceland,Iceland,Breiðamerkurjökull,1067.745,-16.24977299,64.17160553,,1999-10-07 00:00:00,1999-10-07-00_00_1999-10-07-23_59_Landsat_7_ETM+_L2_NDWI,1999
RGI60_06_Iceland,Iceland,Breiðamerkurjökull,1067.745,-16.24977299,64.17160553,,2001-05-14 00:00:00,"LE07_L1TP_216015_20010514_20200917_02_T1_[-16.277927418064785,64.16258184951357,-16.205280323338233,64.18241150199012]_B4-B5-B3-B2-B1",2001
RGI60_06_Iceland,Iceland,Breiðamerkurjökull,1067.745,-16.24977299,64.17160553,,2002-05-17 00:00:00,"LE07_L1TP_216015_20020517_20200916_02_T1_[-16.276296634983733,64.1635544051823,-16.204164524388037,64.181888178383]_B4-B5-B3-B2-B1",2002
RGI60_06_Iceland,Iceland,Breiðamerkurjökull,1067.745,-16.24977299,64.17160553,2003,,,2003
RGI60_06_Iceland,Iceland,Breiðamerkurjökull,1067.745,-16.24977299,64.17160553,2004-07-26,2004-06-21 00:00:00,"LE07_L1TP_218015_20040621_20200915_02_T1_[-16.27458001597551,64.16086149957103,-16.210172667342707,64.18237453073442]_B5-B4-B1-B3-B2",2004
RGI60_06_Iceland,Iceland,Breiðamerkurjökull,1067.745,-16.24977299,64.17160553,,2005-07-28 00:00:00,"LE07_L1TP_216015_20050728_20200914_02_T1_[-16.285326019220513,64.16187899558977,-16.207872405939273,64.18200819566397]_B4-B5-B3-B2-B1",2005
RGI60_06_Iceland,Iceland,Breiðamerkurjökull,1067.745,-16.24977299,64.17160553,,2006-08-16 00:00:00,"LE07_L1TP_216015_20060816_20200914_02_T1_[-16.286149991734412,64.16187899558977,-16.215391172154344,64.18271841509004]_B4-B5-B3-B2-B1",2006
RGI60_06_Iceland,Iceland,Breiðamerkurjökull,1067.745,-16.24977299,64.17160553,2009,2009-07-13 00:00:00,2009-07-13-00_00_2009-07-13-23_59_Landsat_4-5_TM_L2_False_color,2009
RGI60_06_Iceland,Iceland,Breiðamerkurjökull,1067.745,-16.24977299,64.17160553,2011,2011-05-15 00:00:00,2868712_2011-05-15_RE2_3A_Analytic_SR_clip,2011
RGI60_06_Iceland,Iceland,Breiðamerkurjökull,1067.745,-16.24977299,64.17160553,2012,2012-05-17 00:00:00,2868712_2012-05-17_RE3_3A_Analytic_SR_clip,2012
RGI60_06_Iceland,Iceland,Breiðamerkurjökull,1067.745,-16.24977299,64.17160553,,2012-09-12 00:00:00,2868712_2012-09-12_RE2_3A_Analytic_SR_clip,2012
RGI60_06_Iceland,Iceland,Breiðamerkurjökull,1067.745,-16.24977299,64.17160553,,2013-10-14 00:00:00,"LC08_L1TP_216015_20131014_20200913_02_T1_[-16.2734444877285,64.16442756990085,-16.21989034178706,64.18124386384008]_B5-B6-B4-B3-B2",2013
RGI60_06_Iceland,Iceland,Breiðamerkurjökull,1067.745,-16.24977299,64.17160553,,2014-09-06 00:00:00,2868712_2014-09-06_RE2_3A_Analytic_SR_clip,2014
RGI60_06_Iceland,Iceland,Breiðamerkurjökull,1067.745,-16.24977299,64.17160553,,2015-08-17 00:00:00,"LC08_L1TP_216015_20150817_20200908_02_T1_[-16.270889288512983,64.16259185844262,-16.213760382262997,64.17984217126767]_B5-B6-B4-B3-B2",2015
RGI60_06_Iceland,Iceland,Breiðamerkurjökull,1067.745,-16.24977299,64.17160553,2016,2016-07-31 00:00:00,2868712_2016-07-31_RE1_3A_Analytic_SR_clip,2016
RGI60_06_Iceland,Iceland,Breiðamerkurjökull,1067.745,-16.24977299,64.17160553,2017-10,2017-10-02 00:00:00,804994_2868712_2017-10-02_0e0f_BGRN_Analytic_clip,2017
RGI60_06_Iceland,Iceland,Breiðamerkurjökull,1067.745,-16.24977299,64.17160553,2018,2018-07-25 00:00:00,1587503_2868712_2018-07-25_1008_BGRN_SR_clip,2018
RGI60_06_Iceland,Iceland,Breiðamerkurjökull,1067.745,-16.24977299,64.17160553,2019,2019-07-13 00:00:00,T28WDS_20190713T124309_B8A_clip,2019
RGI60_06_Iceland,Iceland,Breiðamerkurjökull,1067.745,-16.24977299,64.17160553,,2019-10-27 00:00:00,2788424_2868712_2019-10-27_0e26_BGRN_SR_clip,2019
RGI60_06_Iceland,Iceland,Breiðamerkurjökull,1067.745,-16.24977299,64.17160553,2020,2020-08-14 00:00:00,T28WDS_20200814T125311_B8A_clip,2020
RGI60_06_Iceland,Iceland,Breiðamerkurjökull,1067.745,-16.24977299,64.17160553,2021,2021-06-30 00:00:00,4641114_2868712_2021-06-30_2449_BGRN_SR_clip,2021
RGI60_06_Iceland,Iceland,Breiðamerkurjökull,1067.745,-16.24977299,64.17160553,2022,2022-09-23 00:00:00,5955288_2868712_2022-09-23_2421_BGREN_Analytic_clip,2022
RGI60_06_Iceland,Iceland,Breiðamerkurjökull,1067.745,-16.24977299,64.17160553,,2023-06-07 00:00:00,20230607_114001_49_24d0_3B_AnalyticMS_SR_clip,2023
RGI60_06_Iceland,Iceland,Breiðamerkurjökull,1067.745,-16.24977299,64.17160553,,2024-06-04 00:00:00,20240604_124024_47_2478_3B_AnalyticMS_SR_clip,2024
RGI60_06_Iceland,Iceland,Breiðamerkurjökull,1067.745,-16.24977299,64.17160553,,2024-11-01 00:00:00,20241101_124906_67_251b_3B_AnalyticMS_SR_clip,2024
RGI60_06_Iceland,Iceland,Breiðamerkurjökull,1067.745,-16.24977299,64.17160553,,2025-07-26 00:00:00,20250726_125700_28_2532_3B_AnalyticMS_SR_clip,2025
RGI60_06_Iceland,Iceland,Breiðamerkurjökull,1067.745,-16.46067385,64.21138399,2005,2005-07-28,2005-08-20,2005
RGI60_06_Iceland,Iceland,Breiðamerkurjökull,1067.745,-16.46067385,64.21138399,2009,2009-08-30 00:00:00,2009-09-15 00:00:00,2009
RGI60_06_Iceland,Iceland,Breiðamerkurjökull,1067.745,-16.46067385,64.21138399,2010,2010-06-06 00:00:00,2010-09-19 00:00:00,2010
RGI60_06_Iceland,Iceland,Breiðamerkurjökull,1067.745,-16.46067385,64.21138399,,2011-09-22 00:00:00,2012-04-02 00:00:00,2011
RGI60_06_Iceland,Iceland,Breiðamerkurjökull,1067.745,-16.46067385,64.21138399,2012-08,2012-08-07 00:00:00,2012-08-30 00:00:00,2012
RGI60_06_Iceland,Iceland,Breiðamerkurjökull,1067.745,-16.46067385,64.21138399,,2013-10-14 00:00:00,2014-02-26 00:00:00,2013
RGI60_06_Iceland,Iceland,Breiðamerkurjökull,1067.745,-16.46067385,64.21138399,,2014-06-27 00:00:00,2014-08-14 00:00:00,2014
RGI60_06_Iceland,Iceland,Breiðamerkurjökull,1067.745,-16.46067385,64.21138399,,2014-10-08 00:00:00,2014-11-09 00:00:00,2014
RGI60_06_Iceland,Iceland,Breiðamerkurjökull,1067.745,-16.46067385,64.21138399,2015-09,2015-09-02 00:00:00,2015-09-18 00:00:00,2015
RGI60_06_Iceland,Iceland,Breiðamerkurjökull,1067.745,-16.46067385,64.21138399,2016-09,2016-09-01 00:00:00,2016-10-01 00:00:00,2016
RGI60_06_Iceland,Iceland,Breiðamerkurjökull,1067.745,-16.46067385,64.21138399,2017-08,2017-08-02 00:00:00,2017-08-09 00:00:00,2017
RGI60_06_Iceland,Iceland,Breiðamerkurjökull,1067.745,-16.46067385,64.21138399,2017,2017-10-26 00:00:00,2017-11-03 00:00:00,2017
RGI60_06_Iceland,Iceland,Breiðamerkurjökull,1067.745,-16.46067385,64.21138399,2018-08,2018-08-10 00:00:00,2018-08-20 00:00:00,2018
RGI60_06_Iceland,Iceland,Breiðamerkurjökull,1067.745,-16.46067385,64.21138399,2019-07,2019-07-06 00:00:00,2019-07-13 00:00:00,2019
RGI60_06_Iceland,Iceland,Breiðamerkurjökull,1067.745,-16.46067385,64.21138399,2019-10,2019-10-21 00:00:00,2019-10-27 00:00:00,2019
RGI60_06_Iceland,Iceland,Breiðamerkurjökull,1067.745,-16.46067385,64.21138399,2020,2020-07-29 00:00:00,2020-08-08 00:00:00,2020
RGI60_06_Iceland,Iceland,Breiðamerkurjökull,1067.745,-16.46067385,64.21138399,2021-07,2021-07-10 00:00:00,2021-07-15 00:00:00,2021
RGI60_06_Iceland,Iceland,Breiðamerkurjökull,1067.745,-16.46067385,64.21138399,2021-08,2021-08-26 00:00:00,2021-08-31 00:00:00,2021
RGI60_06_Iceland,Iceland,Breiðamerkurjökull,1067.745,-16.46067385,64.21138399,2022-07,2022-07-15 00:00:00,2022-07-25 00:00:00,2022
RGI60_06_Iceland,Iceland,Breiðamerkurjökull,1067.745,-16.46067385,64.21138399,2023-07,2023-07-11 00:00:00,2023-07-17 00:00:00,2023
RGI60_06_Iceland,Iceland,Breiðamerkurjökull,1067.745,-16.46067385,64.21138399,,2023-09-21 00:00:00,2023-10-07 00:00:00,2023
RGI60_06_Iceland,Iceland,Breiðamerkurjökull,1067.745,-16.46067385,64.21138399,,2024-07-20 00:00:00,2024-08-08 00:00:00,2024
RGI60_06_Iceland,Iceland,Breiðamerkurjökull,1067.745,-16.46067385,64.21138399,,2025-07-08 00:00:00,2025-07-26 00:00:00,2025
RGI60_06_Iceland,Iceland,Breiðamerkurjökull,1067.745,-16.46067385,64.21138399,,2025-09-16 00:00:00,2025-09-20 00:00:00,2025
RGI60_06_Iceland,Iceland,Kaldalónsjökull,41.863,-22.296,66.161,1998-09-01,1998-09-01,1998-09-02,1998
RGI60_06_Iceland,Iceland,Kaldalónsjökull,41.863,-22.267515,66.13458,2008-07-27,,,2008
RGI60_06_Iceland,Iceland,﻿RGI60-06.00562,9.182,-17.53333,64.63333,1477,,,1477
RGI60_06_Iceland,Iceland,﻿RGI60-06.00562,9.182,-17.53333,64.63333,,1902,1905,1902
RGI60_06_Iceland,Iceland,﻿RGI60-06.00562,9.182,-17.53333,64.63333,1933,,,1933
RGI60_06_Iceland,Iceland,﻿RGI60-06.00562,9.182,-17.53333,64.63333,1934,,,1934
RGI60_06_Iceland,Iceland,Bárðarbunga,9.182,-17.53333,64.63333,1984,,,1984
RGI60_06_Iceland,Iceland,Bárðarbunga,9.182,-17.53333,64.63333,1985,,,1985
RGI60_06_Iceland,Iceland,Bárðarbunga,9.182,-17.53333,64.63333,1986,,,1986
RGI60_06_Iceland,Iceland,Bárðarbunga,9.182,-17.53333,64.63333,1987,,,1987
RGI60_06_Iceland,Iceland,Bárðarbunga,9.182,-17.53333,64.63333,1988,,,1988
RGI60_07_Svalbard,Spitsbergen (North),,,17.28102183,79.87252318,,2013,2020,2013
RGI60_07_Svalbard,Spitsbergen (North),,,17.26949165,79.87997177,,2013,2020,2013
RGI60_07_Svalbard,Nordaustlandet,Amenfonna,,22.13935812,79.9431486,,1936,1990,1936
RGI60_07_Svalbard,Nordaustlandet,Backabreen,8.6,18.76642075,79.88162445,,2008,2013,2008
RGI60_07_Svalbard,Svalbard / Norway,Gåsbreen,11.18,15.873484,76.921901,1938,,,1938
RGI60_07_Svalbard,Svalbard / Norway,Gåsbreen,11.18,15.873484,76.921901,1961,,,1961
RGI60_07_Svalbard,Svalbard / Norway,Gåsbreen,11.18,15.873484,76.921901,1991-07-24,,,1991
RGI60_07_Svalbard,Spitsbergen (South),Gåsbreen,11.18,15.873484,76.921901,1938,,,1938
RGI60_07_Svalbard,Spitsbergen (South),Gåsbreen,11.18,15.873484,76.921901,1961,,,1961
RGI60_07_Svalbard,Spitsbergen (South),Gåsbreen,11.18,15.873484,76.921901,1991-07-24,,,1991
RGI60_07_Svalbard,Spitsbergen (South),Gåsbreen,11.18,15.87188525,76.91258743,,2013,2020,2013
RGI60_07_Svalbard,Spitsbergen (North),Erikkabreen,10.772,11.97915488,78.72855308,,2008,2013,2008
RGI60_07_Svalbard,Spitsbergen (North),Vestgötabreen,10.772,12.81985841,78.43143143,,1936,1990,1936
RGI60_07_Svalbard,Spitsbergen (North),Erikkabreen,10.772,11.97915488,78.72855308,,2013,2020,2013
RGI60_07_Svalbard,Spitsbergen (North),Comfortlessbreen,,12.04041432,78.82341474,,2008,2013,2008
RGI60_07_Svalbard,Spitsbergen (North),Comfortlessbreen,,11.99829468,78.82585951,,2013,2020,2013
RGI60_07_Svalbard,Spitsbergen (North),Førstebreen,24.343,11.13284943,79.25157876,,2008,2013,2008
RGI60_07_Svalbard,Spitsbergen (North),Førstebreen,24.343,11.1048551,79.25407025,,2008,2013,2008
RGI60_07_Svalbard,Spitsbergen (North),Førstebreen,24.343,11.07781512,79.2659859,,2013,2020,2013
RGI60_07_Svalbard,Nordaustlandet,Etonbreen,641.022,21.75982535,79.75509492,,1990,2008,1990
RGI60_07_Svalbard,Svalbard / Norway,Knivseggbreen,1.861,10.851459,79.508976,1999,,,1999
RGI60_07_Svalbard,Svalbard / Norway,Knivseggbreen,1.861,10.851459,79.508976,2018,,,2018
RGI60_07_Svalbard,Svalbard / Norway,Knivseggbreen,1.861,10.851459,79.508976,2019,,,2019
RGI60_07_Svalbard,Svalbard / Norway,Knivseggbreen,1.861,10.851459,79.508976,2020,,,2020
RGI60_07_Svalbard,Svalbard / Norway,Knivseggbreen,1.861,10.851459,79.508976,2021,,,2021
RGI60_07_Svalbard,Svalbard / Norway,Knivseggbreen,1.861,10.851459,79.508976,2022-08-01 00:00:00,2022-08-01 00:00:00,2022-08-16 00:00:00,2022
RGI60_07_Svalbard,Spitsbergen (North),Knivseggbreen,1.861,10.851459,79.508976,1999,,,1999
RGI60_07_Svalbard,Spitsbergen (North),Knivseggbreen,1.861,10.851459,79.508976,2018,,,2018
RGI60_07_Svalbard,Spitsbergen (North),Knivseggbreen,1.861,10.851459,79.508976,2019,,,2019
RGI60_07_Svalbard,Spitsbergen (North),Knivseggbreen,1.861,10.851459,79.508976,2020,,,2020
RGI60_07_Svalbard,Spitsbergen (North),Knivseggbreen,1.861,10.851459,79.508976,2021,,,2021
RGI60_07_Svalbard,Spitsbergen (North),Knivseggbreen,1.861,10.851459,79.508976,2022-08-01 00:00:00,2022-08-01 00:00:00,2022-08-16 00:00:00,2022
RGI60_07_Svalbard,Spitsbergen (North),Abrahamsenbreen,119.248,14.54353178,79.16968933,,1990,2008,1990
RGI60_07_Svalbard,Spitsbergen (North),Royal Societybreen,77.586,16.31540869,79.31894994,,2013,2020,2013
RGI60_07_Svalbard,Spitsbergen (North),Gullfaksebreen,127.358,17.16807364,79.53550666,,1990,2008,1990
RGI60_07_Svalbard,Spitsbergen (North),Nordbreen,117.553,16.13394422,79.62318942,,1990,2008,1990
RGI60_07_Svalbard,Spitsbergen (North),Dunébreen,184.77,16.93686967,79.81542697,,1936,1990,1936
RGI60_07_Svalbard,Spitsbergen (North),Skinfaksebreen,183.001,17.11699975,79.49762894,,1990,2008,1990
RGI60_07_Svalbard,Spitsbergen (North),Balderfonna N,63.146,18.41056099,79.4623008,,1990,2008,1990
RGI60_07_Svalbard,Spitsbergen (North),Skinfaksebreen,183.001,17.38749107,79.49096118,,1990,2008,1990
RGI60_07_Svalbard,Spitsbergen (North),Skinfaksebreen,183.001,17.38749107,79.49096118,,2008,2013,2008
RGI60_07_Svalbard,Spitsbergen (North),Veteranen,317.587,17.25159424,79.15222186,,1990,2008,1990
RGI60_07_Svalbard,Spitsbergen (North),Kantbreen,108.712,17.68137778,79.31635138,,2013,2020,2013
RGI60_07_Svalbard,Spitsbergen (North),Kantbreen,108.712,17.92024422,79.3657194,,1990,2008,1990
RGI60_07_Svalbard,Spitsbergen (North),Veteranen,317.587,17.25564459,79.15878458,,1990,2008,1990
RGI60_07_Svalbard,Spitsbergen (North),Veteranen,317.587,17.37447978,79.18243799,,1990,2008,1990
RGI60_07_Svalbard,Spitsbergen (North),Veteranen,317.587,17.36840873,79.1919119,,2008,2013,2008
RGI60_07_Svalbard,Spitsbergen (North),Veteranen,317.587,17.34634396,79.21939813,,1990,2008,1990
RGI60_07_Svalbard,Spitsbergen (North),Veteranen,317.587,17.38014154,79.31272206,,1990,2008,1990
RGI60_07_Svalbard,Spitsbergen (North),Veteranen,317.587,17.24727627,79.33845174,,1936,1990,1936
RGI60_07_Svalbard,Spitsbergen (North),Sistebreen,17.559,17.32786853,79.37497854,,1990,2008,1990
RGI60_07_Svalbard,Spitsbergen (North),Ganskijbreen,19.859,20.67438444,78.70745274,,1936,1990,1936
RGI60_07_Svalbard,Spitsbergen (South),Fridtjovbreen,50.408,14.51298475,77.83612124,,2008,2013,2008
RGI60_07_Svalbard,Spitsbergen (South),Fridtjovbreen,50.408,14.53778423,77.81704678,,2013,2020,2013
RGI60_07_Svalbard,Spitsbergen (North),Formidablebreen,326.504,16.89311845,78.91241019,,1990,2008,1990
RGI60_07_Svalbard,Spitsbergen (North),Chydeniusbreen,318.818,18.54541409,79.26991555,,1936,1990,1936
RGI60_07_Svalbard,Spitsbergen (North),Negribreen,963.857,19.13013097,78.66301551,,2008,2013,2008
RGI60_07_Svalbard,Edgeøya,Albrechtbreen,66.48,23.05693322,77.9410934,,2008,2013,2008
RGI60_07_Svalbard,Spitsbergen (South),Austre Torellbreen,141.099,15.02324281,77.18851108,,2013,2020,2013
RGI60_07_Svalbard,Barentsøya,Barentsjøkulen,37.046,21.02007877,78.48910707,,1990,2008,1990
RGI60_07_Svalbard,Spitsbergen (South),Bratteggbreen,0.651,15.26187115,77.05335347,,1990,2008,1990
RGI60_07_Svalbard,Spitsbergen (South),Crammerbreane S,5.143,14.46859816,77.46550302,,2013,2020,2013
RGI60_07_Svalbard,Spitsbergen (South),Crammerbreane,5.143,14.47867765,77.46096423,,2013,2020,2013
RGI60_07_Svalbard,Spitsbergen (South),Crollbreen,16.565,17.36630758,77.21639254,,1990,2008,1990
RGI60_07_Svalbard,Spitsbergen (North),Dronningbreen,7.64,11.25788084,79.25171828,,2008,2013,2008
RGI60_07_Svalbard,Nordaustlandet,Austfonna Schweigaardbre,472.613,24.45836574,80.14608344,,1990,2008,1990
RGI60_07_Svalbard,Nordaustlandet,Austfonna Duvebreen,356.465,23.81376676,80.13910601,,2013,2020,2013
RGI60_07_Svalbard,Nordaustlandet,Austfonna Winsnesbreen,242.701,22.58783682,79.84947065,,1990,2008,1990
RGI60_07_Svalbard,Nordaustlandet,Fonndalsbreen wrong??? Coordinates say Austfonna,328.261,23.24283431,80.01918745,,1936,1990,1936
RGI60_07_Svalbard,Nordaustlandet,Fonndalsbreen wrong??? Coordinates say Austfonna,328.261,23.33454118,80.0886032,,1936,1990,1936
RGI60_07_Svalbard,Nordaustlandet,Fonndalsbreen wrong??? Coordinates say Austfonna,328.261,23.56814585,80.09629433,,1936,1990,1936
RGI60_07_Svalbard,Nordaustlandet,Franklinbreen,331.46,19.41823267,80.11610237,,2008,2013,2008
RGI60_07_Svalbard,Spitsbergen (North),Gullybreen,10.352,10.94448008,79.51831214,,1936,1990,1936
RGI60_07_Svalbard,Spitsbergen (North),Harrietbreen,9.752,13.60753894,78.28128018,,1936,1990,1936
RGI60_07_Svalbard,Spitsbergen (North),Harrietbreen,9.752,13.55769514,78.28191197,,1990,2008,1990
RGI60_07_Svalbard,Spitsbergen (South),Heuglinbreen,69.869,18.93333959,78.37370243,,2013,2020,2013
RGI60_07_Svalbard,Spitsbergen (North),Holmströmbreen,111.779,13.8519431,78.86353479,,2013,2020,2013
RGI60_07_Svalbard,Spitsbergen (North),Holmströmbreen,111.779,13.97175875,78.85545499,,2013,2020,2013
RGI60_07_Svalbard,Spitsbergen (South),Inglefieldbreen,75.12,18.09650993,77.85589008,,2013,2020,2013
RGI60_07_Svalbard,Spitsbergen (North),Kapitolbreen,1.958,14.88596108,78.70878368,,2013,2020,2013
RGI60_07_Svalbard,Spitsbergen (North),Kongsvegen,108.297,12.86589485,78.82794513,,1990,2008,1990
RGI60_07_Svalbard,Edgeøya,Kuhrbreen,87.276,21.72985077,77.58541637,,1936,1990,1936
RGI60_07_Svalbard,Edgeøya,Kuhrbreen,87.276,21.72985077,77.58541637,,2008,2013,2008
RGI60_07_Svalbard,Edgeøya,Kuhrbreen,87.276,21.72985077,77.58541637,,2013,2020,2013
RGI60_07_Svalbard,Spitsbergen (South),Kvalbreen,32.71,17.92705128,77.53398987,,1990,2008,1990
RGI60_07_Svalbard,Spitsbergen (South),Kvalbreen,32.71,17.98497943,77.54226252,,2013,2020,2013
RGI60_07_Svalbard,Spitsbergen (South),Kvitskarvbreen,19.533,16.02157763,77.68409621,,2013,2020,2013
RGI60_07_Svalbard,Nordaustlandet,Lindhagenbreen,16.277,20.3383116,80.26929153,,1936,1990,1936
RGI60_07_Svalbard,Spitsbergen (South),Medalsbreen,1.625,15.53337231,78.03102991,,2013,2020,2013
RGI60_07_Svalbard,Spitsbergen (North),Mittag-Lefflerbreen,326.504,16.56309076,78.80375194,,1990,2008,1990
RGI60_07_Svalbard,Spitsbergen (North),Mittag-Lefflerbreen,326.504,16.5750039,78.8082332,,2008,2013,2008
RGI60_07_Svalbard,Spitsbergen (North),Mittag-Lefflerbreen,326.504,16.36070929,78.87104668,,1990,2008,1990
RGI60_07_Svalbard,Spitsbergen (North),Mittag-Lefflerbreen,326.504,16.35356692,78.85035785,,2008,2020,2008
RGI60_07_Svalbard,Spitsbergen (North),Mittag-Lefflerbreen,326.504,16.36555582,78.86192786,,2008,2020,2008
RGI60_07_Svalbard,Spitsbergen (North),Mittag-Lefflerbreen,326.504,16.3678713,78.88529299,,2008,2020,2008
RGI60_07_Svalbard,Spitsbergen (South),nd,0.409,14.01570645,77.98677025,,2008,2013,2008
RGI60_07_Svalbard,Spitsbergen (South),Recherchebreen,136.418,14.86149758,77.47054572,,1936,1990,1936
RGI60_07_Svalbard,Edgeøya,Kvitkaapa SW,9.815,22.77130931,77.40398625,,2013,2020,2013
RGI60_07_Svalbard,Nordaustlandet,nd,54.782,18.84253209,79.89006567,,1990,2008,1990
RGI60_07_Svalbard,Nordaustlandet,DeGeerfonna,1.397,19.22209348,80.00128437,,2008,2013,2008
RGI60_07_Svalbard,Nordaustlandet,nd,2.36,22.40989532,80.36597826,,1990,2008,1990
RGI60_07_Svalbard,Nordaustlandet,nd,2.812,23.05585761,80.29242267,,1936,1990,1936
RGI60_07_Svalbard,Nordaustlandet,nd,2.812,23.03169065,80.26442135,,1936,1990,1936
RGI60_07_Svalbard,Nordaustlandet,Austfonna,111.673,22.87200007,79.91226825,,1936,1990,1936
RGI60_07_Svalbard,Nordaustlandet,Austfonna,328.261,23.17473425,79.99973011,,1936,1990,1936
RGI60_07_Svalbard,Spitsbergen (North),Nordenskiöldbreen,206.313,16.90777749,78.67231373,,2008,2013,2008
RGI60_07_Svalbard,Spitsbergen (North),Orsabreen,134.647,14.44628964,78.82472127,,2008,2013,2008
RGI60_07_Svalbard,Spitsbergen (North),Vintervegen,29.338,13.36014487,78.5729058,,2008,2013,2008
RGI60_07_Svalbard,Spitsbergen (North),Vintervegen,29.338,13.36014487,78.5729058,,2013,2020,2013
RGI60_07_Svalbard,Spitsbergen (North),Osbornebreen E,74.429,13.38192939,78.59792611,,1990,2008,1990
RGI60_07_Svalbard,Spitsbergen (North),Osbornebreen E,74.429,13.38192939,78.59792611,,2013,2020,2013
RGI60_07_Svalbard,Spitsbergen (South),Passbreen,11.512,18.01671233,78.04247914,,1990,2008,1990
RGI60_07_Svalbard,Spitsbergen (North),Paulbreen,2.181,13.35288336,78.56593175,,2013,2020,2013
RGI60_07_Svalbard,Spitsbergen (South),Penckbreen,80.444,15.61473161,77.51160386,,2013,2020,2013
RGI60_07_Svalbard,Spitsbergen (South),Rabotbreen,69.908,17.94943537,78.27543643,,2013,2020,2013
RGI60_07_Svalbard,Spitsbergen (South),Rabotbreen,69.908,18.00070083,78.26886276,,2008,2013,2008
RGI60_07_Svalbard,Spitsbergen (South),Raudfjellbreen,3.062,15.01586737,77.20761486,,2013,2020,2013
RGI60_07_Svalbard,Barentsøya,Reymondbreen,31.623,21.92491111,78.3919567,,1936,1990,1936
RGI60_07_Svalbard,Barentsøya,Reymondbreen,31.623,21.92491111,78.3919567,,2013,2020,2013
RGI60_07_Svalbard,Spitsbergen (South),Richterbreen,6.643,15.43403079,77.63991401,,1990,2008,1990
RGI60_07_Svalbard,Nordaustlandet,Sabinebreen,67.387,20.75261635,80.18632065,,1990,2008,1990
RGI60_07_Svalbard,Spitsbergen (South),Sagabreen,2.435,14.47084902,77.78212521,,2013,2020,2013
RGI60_07_Svalbard,Spitsbergen (South),Scheelebreen,46.903,17.05266182,77.76963498,,1990,2008,1990
RGI60_07_Svalbard,Nordaustlandet,Schweigaardbreen,472.613,24.76158862,80.2197428,,1990,2008,1990
RGI60_07_Svalbard,Spitsbergen (South),Skarvisen,1.36,15.72845231,77.68348823,,1936,1990,1936
RGI60_07_Svalbard,Spitsbergen (South),Skarvisen,1.36,15.73570098,77.68497958,,2013,2020,2013
RGI60_07_Svalbard,Spitsbergen (South),Skruisbreen,17.492,17.95843418,78.14974216,,1990,2008,1990
RGI60_07_Svalbard,Spitsbergen (South),Skruisbreen,17.492,17.96688776,78.14654678,,1990,2008,1990
RGI60_07_Svalbard,Spitsbergen (North),Søre Vasskilbreen,4.919,15.69042656,78.89283838,,1936,1990,1936
RGI60_07_Svalbard,Spitsbergen (North),Søre Vasskilbreen,4.919,15.58326309,78.89200261,,2013,2020,2013
RGI60_07_Svalbard,Edgeøya,Storskavlen,4.065,22.07320342,77.98713998,,2008,2013,2008
RGI60_07_Svalbard,Edgeøya,Storskavlen,4.065,22.19723428,77.97185958,,2008,2013,2008
RGI60_07_Svalbard,Spitsbergen (North),Tredjebreen,37.943,10.91048536,79.36823983,,2013,2020,2013
RGI60_07_Svalbard,Spitsbergen (North),Universitetsbreen,20.125,15.40175546,79.01487947,3 GLOFs,2013,2020,2013
RGI60_07_Svalbard,Spitsbergen (North),Uversbreen,66.139,12.11491501,78.82618214,,1990,2008,1990
RGI60_07_Svalbard,Spitsbergen (North),Barmfjellbreen,38.459,14.87535058,78.93974875,,2008,2013,2008
RGI60_07_Svalbard,Spitsbergen (North),Venernbreen,49.328,13.06949833,78.35354377,,2013,2020,2013
RGI60_07_Svalbard,Spitsbergen (South),Vestre Grønfjordbreen,18.1,14.28015558,77.94197767,,2013,2020,2013
RGI60_07_Svalbard,Spitsbergen (South),Vestre Grønfjordbreen,18.1,14.26956312,77.94105009,,2013,2020,2013
RGI60_07_Svalbard,Spitsbergen (South),Vestre Torellbreen,312.535,14.66161134,77.30669905,,1936,1990,1936
RGI60_07_Svalbard,Spitsbergen (South),Vestre Torellbreen,312.535,14.94204118,77.18902237,,2013,2020,2013
RGI60_08_Scandinavia,Sweden,Sälkaglaciären,1.701,18.168898,67.92214,1952,,1952-07-29,1952
RGI60_08_Scandinavia,Sweden,Sälkaglaciären,1.701,18.168898,67.92214,1960,,1960-07-06,1960
RGI60_08_Scandinavia,Sweden,Sälkaglaciären,1.701,18.168898,67.92214,1964,1964-07-22,1964-08-11,1964
RGI60_08_Scandinavia,Sweden,Sälkaglaciären,1.701,18.168898,67.92214,1965,1965-07-22,1965-08-11,1965
RGI60_08_Scandinavia,Sweden,Sälkaglaciären,1.701,18.168898,67.92214,1966,1966-07-22,1966-08-11,1966
RGI60_08_Scandinavia,Sweden,Sälkaglaciären,1.701,18.168898,67.92214,1967,1967-07-22,1967-08-11,1967
RGI60_08_Scandinavia,Sweden,Sälkaglaciären,1.701,18.168898,67.92214,1968,1968-07-22,1968-08-11,1968
RGI60_08_Scandinavia,Sweden,Sälkaglaciären,1.701,18.168898,67.92214,1969,1969-07-22,1969-08-11,1969
RGI60_08_Scandinavia,Sweden,Sälkaglaciären,1.701,18.168898,67.92214,1970,1970-07-22,1970-08-11,1970
RGI60_08_Scandinavia,Sweden,Sälkaglaciären,1.701,18.168898,67.92214,1971,1971-07-22,1971-08-11,1971
RGI60_08_Scandinavia,Sweden,Sälkaglaciären,1.701,18.168898,67.92214,1972,1972-07-22,1972-08-11,1972
RGI60_08_Scandinavia,Sweden,Sälkaglaciären,1.701,18.168898,67.92214,1973,1973-07-22,1973-08-11,1973
RGI60_08_Scandinavia,Sweden,Sälkaglaciären,1.701,18.168898,67.92214,1974,1974-07-22,1974-08-11,1974
RGI60_08_Scandinavia,Sweden,Sälkaglaciären,1.701,18.168898,67.92214,1975,1975-07-22,1975-08-11,1975
RGI60_08_Scandinavia,Sweden,Sälkaglaciären,1.701,18.168898,67.92214,1976,1976-07-22,1976-08-11,1976
RGI60_08_Scandinavia,Sweden,Sälkaglaciären,1.701,18.168898,67.92214,1977,1977-07-22,1977-08-11,1977
RGI60_08_Scandinavia,Sweden,Sälkaglaciären,1.701,18.168898,67.92214,1978,1978-07-22,1978-08-11,1978
RGI60_08_Scandinavia,Sweden,Sälkaglaciären,1.701,18.168898,67.92214,1979,1979-07-22,1979-08-11,1979
RGI60_08_Scandinavia,Sweden,Sälkaglaciären,1.701,18.168898,67.92214,1980,,1980-07-28,1980
RGI60_08_Scandinavia,Sweden,Sälkaglaciären,1.701,18.168898,67.92214,1982,1982-07-22,1982-08-11,1982
RGI60_08_Scandinavia,Sweden,Sälkaglaciären,1.701,18.168898,67.92214,1981,1981-07-22,1981-08-11,1981
RGI60_08_Scandinavia,Sweden,Sälkaglaciären,1.701,18.168898,67.92214,1983,1983-07-22,1983-08-11,1983
RGI60_08_Scandinavia,Sweden,Sälkaglaciären,1.701,18.168898,67.92214,1984,1984-07-22,1984-08-11,1984
RGI60_08_Scandinavia,Sweden,Sälkaglaciären,1.701,18.168898,67.92214,1985,1985-07-22,1985-08-11,1985
RGI60_08_Scandinavia,Sweden,Sälkaglaciären,1.701,18.168898,67.92214,1986,1986-07-22,1986-08-11,1986
RGI60_08_Scandinavia,Sweden,Sälkaglaciären,1.701,18.168898,67.92214,1987,1987-07-22,1987-08-11,1987
RGI60_08_Scandinavia,Sweden,Sälkaglaciären,1.701,18.168898,67.92214,1988,1988-07-22,1988-08-11,1988
RGI60_08_Scandinavia,Sweden,Sälkaglaciären,1.701,18.168898,67.92214,1989,1989-07-22,1989-08-11,1989
RGI60_08_Scandinavia,Sweden,Sälkaglaciären,1.701,18.168898,67.92214,1990-08-11,,,1990
RGI60_08_Scandinavia,Sweden,Sälkaglaciären,1.701,18.168898,67.92214,1992,1992-07-22,1992-08-11,1992
RGI60_08_Scandinavia,Sweden,Sälkaglaciären,1.701,18.168898,67.92214,1993-07-25,,,1993
RGI60_08_Scandinavia,Sweden,Sälkaglaciären,1.701,18.168898,67.92214,1994-07-27,,,1994
RGI60_08_Scandinavia,Sweden,Sälkaglaciären,1.701,18.168898,67.92214,2000,,2000-07-11,2000
RGI60_08_Scandinavia,Sweden,Sälkaglaciären,1.701,18.168898,67.92214,2002,,2002-07-04,2002
RGI60_08_Scandinavia,Sweden,Sälkaglaciären,1.701,18.168898,67.92214,2003-07-14,,,2003
RGI60_08_Scandinavia,Norway,Austerdalsisen,55.448,14.053917,66.518323,1941,,,1941
RGI60_08_Scandinavia,Norway,Brenndalsbreen,20.044,6.87212,61.686697,1904-10-08,,,1904
RGI60_08_Scandinavia,Norway,Fortundalsbreen,"﻿2,669",7.720964,61.740508,2017,2017-07-20 00:00:00,2017-08-22,2017
RGI60_08_Scandinavia,Norway,Fortundalsbreen,"﻿2,669",7.720964,61.740508,2018-06-20,2018-06-13,2018-06-26,2018
RGI60_08_Scandinavia,Norway,Fortundalsbreen,"﻿2,669",7.720964,61.740508,2019,2019-06-28,2019-07-10,2019
RGI60_08_Scandinavia,Norway,Fortundalsbreen,"﻿2,669",7.720964,61.740508,2023-07-02,,,2023
RGI60_08_Scandinavia,Norway,Tunsbergdalsbreen,47.472,7.115536,61.554355,1900-08-06,,,1900
RGI60_08_Scandinavia,Norway,Tunsbergdalsbreen,47.472,7.115536,61.554355,1903-08-22,,,1903
RGI60_08_Scandinavia,Norway,Tunsbergdalsbreen,47.472,7.115536,61.554355,1926-08-14,,,1926
RGI60_08_Scandinavia,Norway,Tunsbergdalsbreen,47.472,7.115536,61.554355,1970-06-21,,,1970
RGI60_08_Scandinavia,Norway,Tunsbergdalsbreen,47.472,7.115536,61.554355,1973-08-11,,,1973
RGI60_08_Scandinavia,Norway,Tunsbergdalsbreen,47.472,7.115536,61.554355,1999,,,1999
RGI60_08_Scandinavia,Norway,Koppangsbreen,4.141,20.17725,69.687142,2010-09-06,,,2010
RGI60_08_Scandinavia,Norway,Koppangsbreen,4.141,20.17725,69.687142,2011,,,2011
RGI60_08_Scandinavia,Norway,Koppangsbreen,4.141,20.17725,69.687142,2012,2012-09,2012-10,2012
RGI60_08_Scandinavia,Norway,Koppangsbreen,4.141,20.17725,69.687142,2012,,,2012
RGI60_08_Scandinavia,Norway,Koppangsbreen,4.141,20.17725,69.687142,2013-06-04,,,2013
RGI60_08_Scandinavia,Norway,Koppangsbreen,4.141,20.17725,69.687142,2013-06-09,,,2013
RGI60_08_Scandinavia,Norway,Koppangsbreen,4.141,20.17725,69.687142,2013-06-19,,,2013
RGI60_08_Scandinavia,Norway,Koppangsbreen,4.141,20.17725,69.687142,2013-06-23,,,2013
RGI60_08_Scandinavia,Norway,Koppangsbreen,4.141,20.17725,69.687142,2013-06-26,,,2013
RGI60_08_Scandinavia,Norway,Koppangsbreen,4.141,20.17725,69.687142,2013-06-30,,,2013
RGI60_08_Scandinavia,Norway,Koppangsbreen,4.141,20.17725,69.687142,2013-07-03,,,2013
RGI60_08_Scandinavia,Norway,Koppangsbreen,4.141,20.17725,69.687142,2013-08-12,,,2013
RGI60_08_Scandinavia,Norway,Koppangsbreen,4.141,20.17725,69.687142,2013-09-03,,,2013
RGI60_08_Scandinavia,Norway,Koppangsbreen,4.141,20.17725,69.687142,2014-06-17,,,2014
RGI60_08_Scandinavia,Norway,Illstigbreen,0.978,7.633953,62.249704,1932,,,1932
RGI60_08_Scandinavia,Norway,Illstigbreen,0.978,7.633953,62.249704,1934,,,1934
RGI60_08_Scandinavia,Norway,Vestre Memurubrean,"﻿8,563",8.451044,61.520321,2017,2017-07-20,2017-08-22,2017
RGI60_08_Scandinavia,Norway,Vestre Memurubrean,"﻿8,563",8.451044,61.520321,2018-07-20,2018-07-13,2018-07-28,2018
RGI60_08_Scandinavia,Norway,Vestre Memurubrean,"﻿8,563",8.451044,61.520321,2023-07-05,,,2023
RGI60_08_Scandinavia,Norway,Marabreen,2.524,6.690159,61.505358,2004,2004-07,2004-08,2004
RGI60_08_Scandinavia,Norway,Marabreen,2.524,6.690159,61.505358,2015-09-21,,,2015
RGI60_08_Scandinavia,Norway,Marabreen,2.524,6.690159,61.505358,2018-08-23,,,2018
RGI60_08_Scandinavia,Norway,Marabreen,2.524,6.690159,61.505358,2025,2025-07-24,2025-08-17,2025
RGI60_08_Scandinavia,Norway,Brenndalsbreen,"﻿0,721",6.87212,61.686697,1904-09-15,,,1904
RGI60_08_Scandinavia,Norway,Supphellebreen,12.823,6.799722,61.475309,,1700,1800,1700
RGI60_08_Scandinavia,Norway,Supphellebreen,12.823,6.799722,61.475309,1924,,,1924
RGI60_08_Scandinavia,Norway,Supphellebreen,12.823,6.799722,61.475309,2004-05-08,,,2004
RGI60_08_Scandinavia,Norway,Bre ved Stegholtbreen,1.626,7.310349,61.777615,2017-08-27,,,2017
RGI60_08_Scandinavia,Norway,Harbardsbreen,11.314,7.666783,61.700983,1996,1996-08-05,1996-09-04,1996
RGI60_08_Scandinavia,Norway,Harbardsbreen,11.314,7.666783,61.700983,1997,1997-09-24,1998-05-15,1997
RGI60_08_Scandinavia,Norway,Harbardsbreen,11.314,7.666783,61.700983,1998,1998-09-23,1999-05-08,1998
RGI60_08_Scandinavia,Norway,Harbardsbreen,11.314,7.666783,61.700983,2000,2000-09-13,2001-02-16,2000
RGI60_08_Scandinavia,Norway,Harbardsbreen,11.314,7.666783,61.700983,2010-08-04,,,2010
RGI60_08_Scandinavia,Norway,Harbardsbreen,11.314,7.666783,61.700983,2011-07-21,2011-07-14,2011-07-29,2011
RGI60_08_Scandinavia,Norway,Harbardsbreen,11.314,7.666783,61.700983,2012,,,2012
RGI60_08_Scandinavia,Norway,Harbardsbreen,11.314,7.666783,61.700983,2013-06-26,2013-06-15,2013-07-08,2013
RGI60_08_Scandinavia,Norway,Harbardsbreen,11.314,7.666783,61.700983,2014-06-20,2014-06-14,2014-06-27,2014
RGI60_08_Scandinavia,Norway,Harbardsbreen,11.314,7.666783,61.700983,2015-08-21,,,2015
RGI60_08_Scandinavia,Norway,Harbardsbreen,11.314,7.666783,61.700983,2017-06-11,2017-05-29,2017-06-25,2017
RGI60_08_Scandinavia,Norway,Harbardsbreen,11.314,7.666783,61.700983,2018-05-23,2018-05-21,2018-05-26,2018
RGI60_08_Scandinavia,Norway,Harbardsbreen,11.314,7.666783,61.700983,2019-06-10,2019-06-06,2019-06-15,2019
RGI60_08_Scandinavia,Norway,Harbardsbreen,11.314,7.666783,61.700983,2020-06-24,,,2020
RGI60_08_Scandinavia,Norway,Harbardsbreen,11.314,7.666783,61.700983,2023-06-17,,,2023
RGI60_08_Scandinavia,Norway,Harbardsbreen,11.314,7.666783,61.700983,2024-05-23,,,2024
RGI60_08_Scandinavia,Norway,Svartisheibreen,5.621,13.73188,66.54881,1989,,,1989
RGI60_08_Scandinavia,Norway,Svartisheibreen,5.621,13.73188,66.54881,1991,,,1991
RGI60_08_Scandinavia,Norway,Svartisheibreen,5.621,13.73188,66.54881,1999,,,1999
RGI60_08_Scandinavia,Norway,Svartisheibreen,5.621,13.73188,66.54881,2014,,,2014
RGI60_08_Scandinavia,Norway,Svartisheibreen,5.621,13.73188,66.54881,2025-09-18,,,2025
RGI60_08_Scandinavia,Norway,Vestre Svartisen,"﻿2,168",13.976498,66.752372,1971-08-26,,,1971
RGI60_08_Scandinavia,Norway,Storskavlen,5.836,7.296638,60.757181,2023-08-22,,,2023
RGI60_08_Scandinavia,Norway,Rembesdalskåka,17.383,7.315178,60.545041,1813,,,1813
RGI60_08_Scandinavia,Norway,Rembesdalskåka,17.383,7.315178,60.545041,1842,,,1842
RGI60_08_Scandinavia,Norway,Rembesdalskåka,17.383,7.315178,60.545041,1861-09-17,,,1861
RGI60_08_Scandinavia,Norway,Rembesdalskåka,17.383,7.315178,60.545041,1897-08-17,,,1897
RGI60_08_Scandinavia,Norway,Rembesdalskåka,17.383,7.315178,60.545041,1937-08-10,,,1937
RGI60_08_Scandinavia,Norway,Rembesdalskåka,17.383,7.315178,60.545041,1938-08-23,,,1938
RGI60_08_Scandinavia,Norway,Rembesdalskåka,17.383,7.315178,60.545041,2014-08-25,,,2014
RGI60_08_Scandinavia,Norway,Rembesdalskåka,17.383,7.315178,60.545041,2016-01-25,,,2016
RGI60_08_Scandinavia,Norway,Rembesdalskåka,17.383,7.315178,60.545041,2016-09-06,,,2016
RGI60_08_Scandinavia,Norway,Rembesdalskåka,17.383,7.315178,60.545041,2017-10-27,,,2017
RGI60_08_Scandinavia,Norway,Rembesdalskåka,17.383,7.315178,60.545041,2018-08-11,,,2018
RGI60_08_Scandinavia,Norway,Rembesdalskåka,17.383,7.315178,60.545041,2019-08-24,,,2019
RGI60_08_Scandinavia,Norway,Rembesdalskåka,17.383,7.315178,60.545041,2020-09-06,,,2020
RGI60_08_Scandinavia,Norway,Vetlefjordbreen/Jostefonn (S),"﻿1,677",6.608862,61.421439,1760,,,1760
RGI60_08_Scandinavia,Norway,Vetlefjordbreen/Jostefonn (S),1.949,6.554375,61.401485,1741-08-14,,,1741
RGI60_08_Scandinavia,Norway,Vetlefjordbreen/Jostefonn (S),1.949,6.554375,61.401485,1820,,,1820
RGI60_08_Scandinavia,Norway,Vetlefjordbreen/Jostefonn (S),1.949,6.554375,61.401485,1848,,,1848
RGI60_08_Scandinavia,Norway,Frostisen,11.442,17.26103,68.205457,2018-08-05,,,2018
RGI60_08_Scandinavia,Norway,Oksfjellbreen,3.542,14.20017862,65.97738995,2023-06-23,,,2023
RGI60_08_Scandinavia,Norway,Oksfjellbreen,3.542,14.20017862,65.97738995,2024-05-30,,,2024
RGI60_08_Scandinavia,Norway,Oksfjellbreen,3.542,14.20017862,65.97738995,2025-06-24,,,2025
RGI60_08_Scandinavia,Norway,Rundvassbreen,11.123,16.095657,67.311671,2001-09-05,,,2001
RGI60_08_Scandinavia,Norway,Rundvassbreen,11.123,16.095657,67.311671,2005-08-29,,,2005
RGI60_08_Scandinavia,Norway,Rundvassbreen,11.123,16.095657,67.311671,2007-08-29,,,2007
RGI60_08_Scandinavia,Norway,Rundvassbreen,11.123,16.095657,67.311671,2009-09-06,,,2009
RGI60_08_Scandinavia,Norway,Rundvassbreen,11.123,16.095657,67.311671,2010-09-08,,,2010
RGI60_08_Scandinavia,Norway,Rundvassbreen,11.123,16.095657,67.311671,2011-09-22,,,2011
RGI60_08_Scandinavia,Norway,Rundvassbreen,11.123,16.095657,67.311671,2014-08-11,,,2014
RGI60_08_Scandinavia,Norway,Rundvassbreen,11.123,16.095657,67.311671,2016-09-28,,,2016
RGI60_08_Scandinavia,Norway,Rundvassbreen,11.123,16.095657,67.311671,2018-08-25,,,2018
RGI60_08_Scandinavia,Norway,Rundvassbreen,11.123,16.095657,67.311671,2019-09-09,,,2019
RGI60_08_Scandinavia,Norway,Rundvassbreen,11.123,16.095657,67.311671,2020-09-04,,,2020
RGI60_08_Scandinavia,Norway,Rundvassbreen,11.123,16.095657,67.311671,2023-08-28 00:00:00,2023-08-26 00:00:00,2023-08-29 00:00:00,2023
RGI60_08_Scandinavia,Norway,Rundvassbreen,11.123,16.095657,67.311671,2024-08-12 00:00:00,2024-08-09 00:00:00,2024-08-13 00:00:00,2024
RGI60_08_Scandinavia,Norway,Strupbreen,9.511,20.210724,69.719416,1898,,,1898
RGI60_08_Scandinavia,Norway,Strupbreen,9.511,20.210724,69.719416,1905-05-10,,,1905
RGI60_08_Scandinavia,Norway,Strupbreen,9.511,20.210724,69.719416,1969-07-19,,,1969
RGI60_08_Scandinavia,Norway,Tystigbreen,5.95,7.376032,61.927239,2014-08-16,,,2014
RGI60_08_Scandinavia,Norway,Tystigbreen,5.95,7.352986,61.916877,2018-06-15,,,2018
RGI60_08_Scandinavia,Norway,Sandåbreen,"﻿5,091",7.583957,61.939808,2018-07-23,2018-07-20,2018-07-26,2018
RGI60_08_Scandinavia,Norway,Sandåbreen,"﻿5,091",7.583957,61.939808,2019-08-03,2019-08-02,2019-08-05,2019
RGI60_08_Scandinavia,Norway,Sandåbreen,"﻿5,091",7.583957,61.939808,2022,2022-08-14 00:00:00,2022-08-28 00:00:00,2022
RGI60_08_Scandinavia,Norway,Sandåbreen,"﻿5,091",7.583957,61.939808,2023,2023-06-28 00:00:00,2023-07-14 00:00:00,2023
RGI60_08_Scandinavia,Norway,Sandåbreen,"﻿5,091",7.583957,61.939808,2024,2024-06-27 00:00:00,2024-07-12 00:00:00,2024
RGI60_08_Scandinavia,Norway,Sandåbreen,"﻿5,091",7.583957,61.939808,2024,2024-08-12 00:00:00,2024-09-01 00:00:00,2024
RGI60_08_Scandinavia,Norway,Sandåbreen,"﻿5,091",7.583957,61.939808,2025,2025-07-12 00:00:00,2025-07-21 00:00:00,2025
RGI60_08_Scandinavia,Norway,Sandåbreen,"﻿5,091",7.583957,61.939808,2025,2025-08-18 00:00:00,2025-08-25 00:00:00,2025
RGI60_08_Scandinavia,Norway,Sauanutbreen,7.614,6.43058637,59.96835277,1938-07-30,,,1938
RGI60_08_Scandinavia,Norway,Sauanutbreen,7.614,6.43058637,59.96835277,1944-08-19,,,1944
RGI60_08_Scandinavia,Norway,Sauanutbreen,7.614,6.43058637,59.96835277,1948-09-27,,,1948
RGI60_08_Scandinavia,Norway,Sauanutbreen,7.614,6.43058637,59.96835277,1962-10-18,,,1962
RGI60_08_Scandinavia,Norway,Sauanutbreen,7.614,6.43058637,59.96835277,2016-09-13,,,2016
RGI60_08_Scandinavia,Norway,Nordre Folgefonna,5.413,6.437441,60.225311,2009-09-12,,,2009
RGI60_08_Scandinavia,Norway,Svartenutbreen,7.092,6.434469,60.010196,1966-09-07,,,1966
RGI60_08_Scandinavia,Norway,Midtre Folgefonna,3.098,6.50328,60.16484,1849-02-19,,,1849
RGI60_08_Scandinavia,Norway,Midtre Folgefonna,3.098,6.50328,60.16484,1943-02-19,,,1943
RGI60_08_Scandinavia,Norway,Mjølkedalsbreen,3.206,8.20863343,61.44201148,1855-08-11,,,1855
RGI60_08_Scandinavia,Norway,Mjølkedalsbreen,3.206,8.20863343,61.44201148,1865,,,1865
RGI60_08_Scandinavia,Norway,Mjølkedalsbreen,3.206,8.20863343,61.44201148,1875,,,1875
RGI60_08_Scandinavia,Norway,Mjølkedalsbreen,3.206,8.20863343,61.44201148,1879,,,1879
RGI60_08_Scandinavia,Norway,Mjølkedalsbreen,3.206,8.20863343,61.44201148,1894,,,1894
RGI60_08_Scandinavia,Norway,Mjølkedalsbreen,3.206,8.20863343,61.44201148,1899-08-02,,,1899
RGI60_08_Scandinavia,Norway,Mjølkedalsbreen,3.206,8.20863343,61.44201148,1916-08-02,,,1916
RGI60_08_Scandinavia,Norway,Mjølkedalsbreen,3.206,8.20863343,61.44201148,1921-08-03,,,1921
RGI60_08_Scandinavia,Norway,Mjølkedalsbreen,3.206,8.20863343,61.44201148,1925-03-30,,,1925
RGI60_08_Scandinavia,Norway,Mjølkedalsbreen,3.206,8.20863343,61.44201148,1927-08-18,,,1927
RGI60_08_Scandinavia,Norway,Mjølkedalsbreen,3.206,8.20863343,61.44201148,1929-08-13,,,1929
RGI60_08_Scandinavia,Norway,Mjølkedalsbreen,3.206,8.20863343,61.44201148,1931-11-14,,,1931
RGI60_08_Scandinavia,Norway,Mjølkedalsbreen,3.206,8.20863343,61.44201148,1932-07-15,,,1932
RGI60_08_Scandinavia,Norway,Mjølkedalsbreen,3.206,8.20863343,61.44201148,1936-01-04,,,1936
RGI60_08_Scandinavia,Norway,Mjølkedalsbreen,3.206,8.20863343,61.44201148,1937-01-30,,,1937
RGI60_08_Scandinavia,Norway,Nupsfonn,1.15,7.1315,59.895395,2019-08-24,,,2019
RGI60_08_Scandinavia,Norway,Nupsfonn,1.15,7.1315,59.895395,2025-09-20,,,2025
RGI60_08_Scandinavia,Norway,Austre Okstindbreen,14.152,14.2747201,66.03921809,1976-07-31,,,1976
RGI60_08_Scandinavia,Norway,Austre Okstindbreen,14.152,14.2747201,66.03921809,1977-08-05,,,1977
RGI60_08_Scandinavia,Norway,Austre Okstindbreen,14.152,14.2747201,66.03921809,1979,,,1979
RGI60_08_Scandinavia,Norway,Austre Okstindbreen,14.152,14.2747201,66.03921809,1979-06-30,,,1979
RGI60_08_Scandinavia,Norway,Austre Okstindbreen,14.152,14.2747201,66.03921809,1982-07-19,,,1982
RGI60_08_Scandinavia,Norway,Austre Okstindbreen,14.152,14.2747201,66.03921809,1984-07-29,,,1984
RGI60_08_Scandinavia,Norway,Austre Okstindbreen,14.152,14.2747201,66.03921809,1986,1986-06,1986-07,1986
RGI60_08_Scandinavia,Norway,Austre Okstindbreen,14.152,14.2747201,66.03921809,1987-07-16,,,1987
RGI60_08_Scandinavia,Norway,Ruteflotbreen,6.038,6.981872,61.727017,,2025-09-03 00:00:00,2025-09-09 00:00:00,2025
RGI60_10_NorthAsia,Mongolia,,2.222,90.97671,48.62438,,2021-07-27 00:00:00,2021-07-28 00:00:00,2021
RGI60_11_CentralEurope,Switzerland,Gornergletscher,56.46,7.8076,45.96856,1900-08-23,,,1900
RGI60_11_CentralEurope,Switzerland,Aletsch Glacier,82.21,8.09196,46.440842,1900-09-09,,,1900
RGI60_11_CentralEurope,Switzerland,Aletsch Glacier,82.21,8.09196,46.440842,1901-08-31,,,1901
RGI60_11_CentralEurope,Switzerland,Allalingletscher,9.28,7.960059,46.041675,1902-03-19,,,1902
RGI60_11_CentralEurope,Switzerland,Glacier de Plan Névé,"﻿0,661",6.948981,46.169935,1476,,,1476
RGI60_11_CentralEurope,Switzerland,Glacier de Plan Névé,"﻿0,661",6.948981,46.169935,1560,,,1560
RGI60_11_CentralEurope,Switzerland,Lower Grindelwald Glacier,18.84,8.056129,46.596996,1575,,,1575
RGI60_11_CentralEurope,Italy,Rutor,8.11,6.985926,45.673072,1594,,,1594
RGI60_11_CentralEurope,Italy,Rutor,8.11,6.985926,45.673072,1595,,,1595
RGI60_11_CentralEurope,Italy,Rutor,8.11,6.985926,45.673072,1596,,,1596
RGI60_11_CentralEurope,Italy,Rutor,8.11,6.985926,45.673072,1597,,,1597
RGI60_11_CentralEurope,Italy,Rutor,8.11,6.985926,45.673072,1598,,,1598
RGI60_11_CentralEurope,Italy,Rutor,8.11,6.985926,45.673072,1599,,,1599
RGI60_11_CentralEurope,Switzerland,Lower Grindelwald Glacier,18.84,8.056129,46.596996,1600,,,1600
RGI60_11_CentralEurope,Italy,Rutor,8.11,6.985926,45.673072,1600,,,1600
RGI60_11_CentralEurope,Italy,Rutor,8.11,6.985926,45.673072,1601,,,1601
RGI60_11_CentralEurope,Italy,Rutor,8.11,6.985926,45.673072,1602,,,1602
RGI60_11_CentralEurope,Italy,Rutor,8.11,6.985926,45.673072,1603,,,1603
RGI60_11_CentralEurope,Italy,Rutor,8.11,6.985926,45.673072,1604,,,1604
RGI60_11_CentralEurope,Italy,Rutor,8.11,6.985926,45.673072,1605,,,1605
RGI60_11_CentralEurope,France,Argentière,13.8,6.992929,45.946911,1904-06-04,,,1904
RGI60_11_CentralEurope,Switzerland,Allalingletscher,9.28,7.960059,46.041675,1626,,,1626
RGI60_11_CentralEurope,Switzerland,Allalingletscher,9.28,7.960059,46.041675,1629,,,1629
RGI60_11_CentralEurope,Italy,Rutor,8.11,6.985926,45.673072,1629,,,1629
RGI60_11_CentralEurope,Switzerland,Allalingletscher,9.28,7.960059,46.041675,1630,,,1630
RGI60_11_CentralEurope,Italy,Rutor,8.11,6.985926,45.673072,1630,,,1630
RGI60_11_CentralEurope,Italy,Rutor,8.11,6.985926,45.673072,1631,,,1631
RGI60_11_CentralEurope,Italy,Rutor,8.11,6.985926,45.673072,1632,,,1632
RGI60_11_CentralEurope,Italy,Rutor,8.11,6.985926,45.673072,1633,,,1633
RGI60_11_CentralEurope,Italy,Rutor,8.11,6.985926,45.673072,1634,,,1634
RGI60_11_CentralEurope,Switzerland,Glacier de Plan Névé,"﻿0,661",6.948981,46.169935,1635,,,1635
RGI60_11_CentralEurope,Italy,Rutor,8.11,6.985926,45.673072,1635,,,1635
RGI60_11_CentralEurope,Switzerland,Glacier de Plan Névé,"﻿0,661",6.948981,46.169935,1636,,,1636
RGI60_11_CentralEurope,Italy,Rutor,8.11,6.985926,45.673072,1636,,,1636
RGI60_11_CentralEurope,Italy,Rutor,8.11,6.985926,45.673072,1637,,,1637
RGI60_11_CentralEurope,Italy,Rutor,8.11,6.985926,45.673072,1638,,,1638
RGI60_11_CentralEurope,Italy,Rutor,8.11,6.985926,45.673072,1639,,,1639
RGI60_11_CentralEurope,Italy,Rutor,8.11,6.985926,45.673072,1640,,,1640
RGI60_11_CentralEurope,Italy,Rutor,8.11,6.985926,45.673072,1641,,,1641
RGI60_11_CentralEurope,Italy,Rutor,8.11,6.985926,45.673072,1642,,,1642
RGI60_11_CentralEurope,Italy,Rutor,8.11,6.985926,45.673072,1643,,,1643
RGI60_11_CentralEurope,Italy,Rutor,8.11,6.985926,45.673072,1644,,,1644
RGI60_11_CentralEurope,Italy,Rutor,8.11,6.985926,45.673072,1645,,,1645
RGI60_11_CentralEurope,Italy,Rutor,8.11,6.985926,45.673072,1646,,,1646
RGI60_11_CentralEurope,Italy,Rutor,8.11,6.985926,45.673072,1678,,,1678
RGI60_11_CentralEurope,Italy,Rutor,8.11,6.985926,45.673072,1679,,,1679
RGI60_11_CentralEurope,Switzerland,Allalingletscher,9.28,7.960059,46.041675,1680,,,1680
RGI60_11_CentralEurope,Italy,Rutor,8.11,6.985926,45.673072,1680,,,1680
RGI60_11_CentralEurope,Switzerland,Triftgletscher,"﻿1,787",7.985757,46.135621,1699,,,1699
RGI60_11_CentralEurope,Switzerland,Minstigergletscher,2.37,8.221239,46.515726,1707,,,1707
RGI60_11_CentralEurope,France,Glacier de Triolet,3.65,7.025,45.9,1717,,,1717
RGI60_11_CentralEurope,Switzerland,Allalingletscher,9.28,7.960059,46.041675,1719,,,1719
RGI60_11_CentralEurope,Switzerland,Allalingletscher,9.28,7.960059,46.041675,1724,,,1724
RGI60_11_CentralEurope,Switzerland,Allalingletscher,9.28,7.960059,46.041675,1733,,,1733
RGI60_11_CentralEurope,Italy,Rutor,8.11,6.985926,45.673072,1738,,,1738
RGI60_11_CentralEurope,Italy,Rutor,8.11,6.985926,45.673072,1739,,,1739
RGI60_11_CentralEurope,Switzerland,Allalingletscher,9.28,7.960059,46.041675,1740,,,1740
RGI60_11_CentralEurope,Italy,Rutor,8.11,6.985926,45.673072,1740,,,1740
RGI60_11_CentralEurope,Italy,Rutor,8.11,6.985926,45.673072,1741,,,1741
RGI60_11_CentralEurope,Italy,Rutor,8.11,6.985926,45.673072,1742,,,1742
RGI60_11_CentralEurope,Italy,Rutor,8.11,6.985926,45.673072,1743,,,1743
RGI60_11_CentralEurope,Italy,Rutor,8.11,6.985926,45.673072,1744,,,1744
RGI60_11_CentralEurope,Italy,Rutor,8.11,6.985926,45.673072,1745,,,1745
RGI60_11_CentralEurope,Italy,Rutor,8.11,6.985926,45.673072,1746,,,1746
RGI60_11_CentralEurope,Italy,Rutor,8.11,6.985926,45.673072,1747,,,1747
RGI60_11_CentralEurope,Italy,Rutor,8.11,6.985926,45.673072,1748,,,1748
RGI60_11_CentralEurope,Italy,Rutor,8.11,6.985926,45.673072,1749,,,1749
RGI60_11_CentralEurope,Italy,Rutor,8.11,6.985926,45.673072,1750,,,1750
RGI60_11_CentralEurope,Switzerland,Allalingletscher,9.28,7.960059,46.041675,1752,,,1752
RGI60_11_CentralEurope,Italy,Rutor,8.11,6.985926,45.673072,1752,,,1752
RGI60_11_CentralEurope,Switzerland,Hohbalmgletscher,1.73,7.896879,46.115378,1755,,,1755
RGI60_11_CentralEurope,Switzerland,Allalingletscher,9.28,7.960059,46.041675,1764,,,1764
RGI60_11_CentralEurope,Switzerland,Allalingletscher,9.28,7.960059,46.041675,1766,,,1766
RGI60_11_CentralEurope,Switzerland,Lower Grindelwald Glacier,18.84,8.056129,46.596996,1776,,,1776
RGI60_11_CentralEurope,Switzerland,Allalingletscher,9.28,7.960059,46.041675,1790,,,1790
RGI60_11_CentralEurope,Switzerland,Allalingletscher,9.28,7.960059,46.041675,1793,,,1793
RGI60_11_CentralEurope,Switzerland,Allalingletscher,9.28,7.960059,46.041675,1798,,,1798
RGI60_11_CentralEurope,Switzerland,Allalingletscher,9.28,7.960059,46.041675,1808,,,1808
RGI60_11_CentralEurope,Switzerland,Glacier de Mont Durand,6.9,7.36927736775,45.9361852218999,1818,,,1818
RGI60_11_CentralEurope,Switzerland,Bisgletscher,4.01,7.722082,46.10129,1819,,,1819
RGI60_11_CentralEurope,Switzerland,Aletsch Glacier,82.21,8.09196,46.440842,1827,,,1827
RGI60_11_CentralEurope,Switzerland,Allalingletscher,9.28,7.960059,46.041675,1827,,,1827
RGI60_11_CentralEurope,Switzerland,Allalingletscher,9.28,7.960059,46.041675,1828,,,1828
RGI60_11_CentralEurope,Switzerland,Allalingletscher,9.28,7.960059,46.041675,1834,,,1834
RGI60_11_CentralEurope,Switzerland,Allalingletscher,9.28,7.960059,46.041675,1837,,,1837
RGI60_11_CentralEurope,Switzerland,Allalingletscher,9.28,7.960059,46.041675,1839,,,1839
RGI60_11_CentralEurope,Switzerland,Aletsch Glacier,82.21,8.09196,46.440842,1840,,,1840
RGI60_11_CentralEurope,Switzerland,Lower Grindelwald Glacier,18.84,8.056129,46.596996,1842,,,1842
RGI60_11_CentralEurope,Switzerland,Allalingletscher,9.28,7.960059,46.041675,1850,,,1850
RGI60_11_CentralEurope,Switzerland,Aletsch Glacier,82.21,8.09196,46.440842,1859,,,1859
RGI60_11_CentralEurope,Switzerland,Fieschergletscher,31.33,8.14601,46.499539,1860,,,1860
RGI60_11_CentralEurope,Italy,Mont Velan,0.15,7.248362,45.891284,1863,,,1863
RGI60_11_CentralEurope,Italy,Macugnana-Gletscher,,,,1866,,,1866
RGI60_11_CentralEurope,Switzerland,Aletsch Glacier,82.21,8.09196,46.440842,1871,,,1871
RGI60_11_CentralEurope,Switzerland,Aletsch Glacier,82.21,8.09196,46.440842,1873,,,1873
RGI60_11_CentralEurope,Switzerland,Aletsch Glacier,82.21,8.09196,46.440842,1874,,,1874
RGI60_11_CentralEurope,Switzerland,Aletsch Glacier,82.21,8.09196,46.440842,1875,,,1875
RGI60_11_CentralEurope,Switzerland,Aletsch Glacier,82.21,8.09196,46.440842,1876,,,1876
RGI60_11_CentralEurope,Switzerland,Glacier de Valsorey,1.89,7.257995,45.916154,1879,,,1879
RGI60_11_CentralEurope,Switzerland,Aletsch Glacier,82.21,8.09196,46.440842,1892,,,1892
RGI60_11_CentralEurope,Austria,Schwenser-Ferner,,,,1893,,,1893
RGI60_11_CentralEurope,Switzerland,Rhonegletscher,15.84,8.38,46.58,1900,,,1900
RGI60_11_CentralEurope,Italy,Belvedere Glacier,4.45,7.911803,45.953396,1904,,,1904
RGI60_11_CentralEurope,Switzerland,Aletsch Glacier,82.21,8.09196,46.440842,1909,,,1909
RGI60_11_CentralEurope,Switzerland,Aletsch Glacier,82.21,8.09196,46.440842,1910,,,1910
RGI60_11_CentralEurope,Switzerland,Aletsch Glacier,82.21,8.09196,46.440842,1911,,,1911
RGI60_11_CentralEurope,Switzerland,Aletsch Glacier,82.21,8.09196,46.440842,1912,,,1912
RGI60_11_CentralEurope,Switzerland,Aletsch Glacier,82.21,8.09196,46.440842,1913,,,1913
RGI60_11_CentralEurope,Italy,Miage Glacier,"﻿10,986",6.871334,45.779394,1916,,,1916
RGI60_11_CentralEurope,Switzerland,Allalingletscher,9.28,7.959348,46.055967,1920,,,1920
RGI60_11_CentralEurope,Switzerland,Mellichgletscher,4.83,7.849974,46.042344,1920,,,1920
RGI60_11_CentralEurope,Switzerland,Allalingletscher,9.28,7.959348,46.055967,1921,,,1921
RGI60_11_CentralEurope,Switzerland,Allalingletscher,9.28,7.959348,46.055967,1922,,,1922
RGI60_11_CentralEurope,Italy,Brenva Glacier,7.82,6.914101,45.819929,1925,,,1925
RGI60_11_CentralEurope,Switzerland,Glacier de Crête Sèche/Glacier d'Otemma,"﻿11,614",7.395755,45.924579,1926,,,1926
RGI60_11_CentralEurope,Switzerland,Uistere Stampbachgletscher,0.27,7.84866,46.41019,1928,,,1928
RGI60_11_CentralEurope,Italy,Galambra,,6.87567,45.102,1932,,,1932
RGI60_11_CentralEurope,Italy,Rutor,8.11,6.988721,45.661102,1933,,,1933
RGI60_11_CentralEurope,France,Bossons,11.42,6.855992,45.888773,1933,,,1933
RGI60_11_CentralEurope,Italy,Galambra,,6.87567,45.102,1933,,,1933
RGI60_11_CentralEurope,France,Fond de Chauvet,0.04,6.828005,44.553656,1936,,,1936
RGI60_11_CentralEurope,Switzerland,Brunnifirn,2.42,8.793167,46.739421,1942,,,1942
RGI60_11_CentralEurope,Switzerland,Gornergletscher,56.46,7.8076,45.96856,1944,,,1944
RGI60_11_CentralEurope,Switzerland,Uistere Stampbachgletscher,0.27,7.84866,46.41019,1945,,,1945
RGI60_11_CentralEurope,Switzerland,Gornergletscher,56.46,7.8076,45.96856,1953,,,1953
RGI60_11_CentralEurope,Switzerland,Gornergletscher,56.46,7.8076,45.96856,1955,,,1955
RGI60_11_CentralEurope,France,Fond de Chauvet,0.04,6.828005,44.553656,1956,,,1956
RGI60_11_CentralEurope,Italy,Miage Glacier,"﻿10,986",6.871334,45.779394,1959,,,1959
RGI60_11_CentralEurope,Italy,Miage Glacier,"﻿10,986",6.871334,45.779394,1960,,,1960
RGI60_11_CentralEurope,Switzerland,Glacier du Trient,6.02,7.019776,46.024472,1961,,,1961
RGI60_11_CentralEurope,Italy,Miage Glacier,"﻿10,986",6.871334,45.779394,1961,,,1961
RGI60_11_CentralEurope,Italy,Miage Glacier,"﻿10,986",6.871334,45.779394,1962,,,1962
RGI60_11_CentralEurope,Italy,Miage Glacier,"﻿10,986",6.871334,45.779394,1964,,,1964
RGI60_11_CentralEurope,Switzerland,Rottalgletscher (BE),4.11,7.928143,46.52357,1967,,,1967
RGI60_11_CentralEurope,Switzerland,Glacier du Trient,6.02,7.019776,46.024472,1967,,,1967
RGI60_11_CentralEurope,Switzerland,Gornergletscher,56.46,7.8076,45.96856,1967,,,1967
RGI60_11_CentralEurope,Italy,Miage Glacier,"﻿10,986",6.871334,45.779394,1967,,,1967
RGI60_11_CentralEurope,Italy,Miage Glacier,"﻿10,986",6.871334,45.779394,1968,,,1968
RGI60_11_CentralEurope,Switzerland,Glacier du Trient,6.02,7.019776,46.024472,1971,,,1971
RGI60_11_CentralEurope,Italy,Miage Glacier,"﻿10,986",6.871334,45.779394,1975,,,1975
RGI60_11_CentralEurope,Italy,Miage Glacier,"﻿10,986",6.871334,45.779394,1980,,,1980
RGI60_11_CentralEurope,Switzerland,Petit Plan Névé (VD),0.214,7.14,46.24,1983,,,1983
RGI60_11_CentralEurope,Switzerland,Glacier de Tortin,0.68,7.308046,46.089692,1984,,,1984
RGI60_11_CentralEurope,Switzerland,Gornergletscher,56.46,7.8076,45.96856,1984,,,1984
RGI60_11_CentralEurope,Switzerland,Glacier de Tortin,0.68,7.308046,46.089692,1988,,,1988
RGI60_11_CentralEurope,Switzerland,Glacier du Grand Désert,1.21,7.35,46.07,1905-06-10,,,1905
RGI60_11_CentralEurope,Switzerland,Glacier du Grand Désert,1.21,7.335394,46.089152,1988,,,1988
RGI60_11_CentralEurope,Switzerland,Gornergletscher,56.46,7.8076,45.96856,1991,,,1991
RGI60_11_CentralEurope,Switzerland,Gornergletscher,56.46,7.8076,45.96856,1995,1995-07-15 00:00:00,1995-07-22 00:00:00,1995
RGI60_11_CentralEurope,Switzerland,Mälligagletscher,0.26,8.0,46.13,2011,,,2011
RGI60_11_CentralEurope,Switzerland,Gornergletscher,56.46,7.8076,45.96856,2016,2016-05-21 00:00:00,2016-06-15 00:00:00,2016
RGI60_11_CentralEurope,Switzerland,Gornergletscher,56.46,7.8076,45.96856,2017,2017-05-20 00:00:00,2017-06-04 00:00:00,2017
RGI60_11_CentralEurope,Switzerland,Gornergletscher,56.46,7.8076,45.96856,2019,2019-05-30 00:00:00,2019-05-31 00:00:00,2019
RGI60_11_CentralEurope,Switzerland,Aletsch Glacier,82.21,8.09196,46.440842,1907-08-15,,,1907
RGI60_11_CentralEurope,France,Tour Glacier,8.12,6.979105,45.996093,1910-07-20,,,1910
RGI60_11_CentralEurope,Switzerland,Glacier du Trient,6.02,7.019776,46.024472,1911-07-17,,,1911
RGI60_11_CentralEurope,Switzerland,Glacier du Trient,6.02,7.019776,46.024472,1918-08-02,,,1918
RGI60_11_CentralEurope,Switzerland,Bisgletscher,4.01,7.722082,46.10129,1918-12-25,,,1918
RGI60_11_CentralEurope,France,Bossons,11.42,6.855992,45.888773,1920-05-14,,,1920
RGI60_11_CentralEurope,Switzerland,Glacier d' Orny,1.3,7.063569,46.000007,1920-06-24,,,1920
RGI60_11_CentralEurope,Switzerland,Glacier d' Orny,1.3,7.063569,46.000007,1920-06-30,,,1920
RGI60_11_CentralEurope,Switzerland,Glacier d' Orny,1.3,7.063569,46.000007,1920-07-04,,,1920
RGI60_11_CentralEurope,France,Bossons,11.42,6.855992,45.888773,1920-09-24,,,1920
RGI60_11_CentralEurope,France,Mer de Glace,24.18,6.923984,45.923892,1920-09-25,,,1920
RGI60_11_CentralEurope,Switzerland,Glacier du Trient,6.02,7.019776,46.024472,1921-07-20,,,1921
RGI60_11_CentralEurope,Switzerland,Gruebengletscher (BE),1.95,8.26623,46.603943,1921-10-03,,,1921
RGI60_11_CentralEurope,Italy,Scerscen,"﻿4,667",9.875459,46.350699,1924-08-07,,,1924
RGI60_11_CentralEurope,Switzerland,Rhonegletscher,15.84,8.383169,46.580604,1926-09-06,,,1926
RGI60_11_CentralEurope,Switzerland,Hohberggletscher,3.23,7.82085468645,46.114076232,1926-09-10,,,1926
RGI60_11_CentralEurope,Switzerland,Glacier de Plan Névé,0.661,6.95,46.17,1926-09-21,,,1926
RGI60_11_CentralEurope,Switzerland,Upper Grindelwaldgletscher,9.02,8.091002,46.618406,1927-07-27,,,1927
RGI60_11_CentralEurope,Italy,Scerscen,"﻿4,667",9.875459,46.350699,1927-08-10,,,1927
RGI60_11_CentralEurope,Switzerland,Rhonegletscher,15.84,8.383169,46.580604,1927-08-13,,,1927
RGI60_11_CentralEurope,Switzerland,Albigna,2.59,9.647177,46.318298,1927-09-24,,,1927
RGI60_11_CentralEurope,Switzerland,Glacier d' Orny,1.3,7.06,46.0,1928-08-03,,,1928
RGI60_11_CentralEurope,Switzerland,Glacier de Saleina,6.97,7.082166,45.988683,1928-08-03,,,1928
RGI60_11_CentralEurope,Italy,Planpincieux Glacier,1.68,6.97566,45.85139,1929-06-17,,,1929
RGI60_11_CentralEurope,Italy,Brenva Glacier,7.82,6.914101,45.819929,1929-07-22,,,1929
RGI60_11_CentralEurope,Switzerland,Glacier du Trient,6.02,7.019776,46.024472,1930-06-20,,,1930
RGI60_11_CentralEurope,Switzerland,Glacier des Grands,1.02,7.001193,46.01285,1930-08-24,,,1930
RGI60_11_CentralEurope,Austria,Marzellferner/Schalfferner,"﻿7,148",10.92,46.8,1932-08-24,,,1932
RGI60_11_CentralEurope,Austria,Hochalmkees Glacier,2.33,13.35167,47.02556,1932-10-12,,,1932
RGI60_11_CentralEurope,Switzerland,Glacier du Trient,6.02,7.019776,46.024472,1933-07-18,,,1933
RGI60_11_CentralEurope,Switzerland,Rhonegletscher,15.84,8.38,46.58,1934-07-17,,,1934
RGI60_11_CentralEurope,France,Nantillons Glacier,0.57,6.904729,45.911825,1934-08-23,,,1934
RGI60_11_CentralEurope,Switzerland,Rottalgletscher (BE),4.11,7.928143,46.52357,1939-08-07,,,1939
RGI60_11_CentralEurope,Switzerland,Glacier du Trient,6.02,7.019776,46.024472,1942-07-06,,,1942
RGI60_11_CentralEurope,France,Bossons,11.42,6.855992,45.888773,1942-08-25,,,1942
RGI60_11_CentralEurope,Switzerland,Gruebengletscher (BE),1.95,8.26623,46.603943,1942-09-14,,,1942
RGI60_11_CentralEurope,Switzerland,Findelengletscher,14.31,7.816446,46.009747,1943-07-23,,,1943
RGI60_11_CentralEurope,Switzerland,Glacier du Trient,6.02,7.02,46.02,1943-07-31,,,1943
RGI60_11_CentralEurope,Switzerland,Glacier du Mont-Miné,9.18,7.56,46.05,1943-08-23,,,1943
RGI60_11_CentralEurope,France,Bossons,11.42,6.855992,45.888773,1944-08-27,,,1944
RGI60_11_CentralEurope,France,Nantillons Glacier,0.57,6.904729,45.911825,1944-09-02,,,1944
RGI60_11_CentralEurope,Switzerland,Bisgletscher,4.01,7.722082,46.10129,1946-01-02,,,1946
RGI60_11_CentralEurope,Switzerland,Rhonegletscher,15.84,8.38,46.58,1947-08-09,,,1947
RGI60_11_CentralEurope,France,Bossons,11.42,6.855992,45.888773,1949-07-15,,,1949
RGI60_11_CentralEurope,Italy,Miage Glacier,"﻿10,986",6.871334,45.779394,1950-08-10,,,1950
RGI60_11_CentralEurope,Switzerland,Tennbachgletscher,0.34,7.77832,46.435816,1951-06-17,,,1951
RGI60_11_CentralEurope,Switzerland,Lower Grindelwald Glacier,18.84,8.056129,46.613937,1951-07-02,,,1951
RGI60_11_CentralEurope,Switzerland,Gornergletscher,56.46,7.8076,45.96856,1951-08-07,,,1951
RGI60_11_CentralEurope,Switzerland,Glacier du Mont-Miné,9.18,7.56,46.05,1952-08-04,,,1952
RGI60_11_CentralEurope,Switzerland,Gornergletscher,56.46,7.8076,45.96856,1952-08-30,,,1952
RGI60_11_CentralEurope,Switzerland,Rottalgletscher (VS),"﻿0,145",8.00045,46.112746,1953-07-21,,,1953
RGI60_11_CentralEurope,Switzerland,Gornergletscher,56.46,7.8076,45.96856,1954-08-20,,,1954
RGI60_11_CentralEurope,Switzerland,Vadret da Tschierva,"﻿7,803",9.84802,46.398701,1954-08-21,,,1954
RGI60_11_CentralEurope,Italy,Miage Glacier,"﻿10,986",6.871334,45.779394,1955-07-20,,,1955
RGI60_11_CentralEurope,Switzerland,Steingletscher,8.05,8.433497,46.72502,1956-07-29,,,1956
RGI60_11_CentralEurope,Switzerland,Gornergletscher,56.46,7.8076,45.96856,1956-09-02,,,1956
RGI60_11_CentralEurope,Switzerland,Gornergletscher,56.46,7.8076,45.96856,1957-08-07,,,1957
RGI60_11_CentralEurope,Switzerland,Bächenfirn,"﻿0,086",8.763268,46.749965,1957-08-13,,,1957
RGI60_11_CentralEurope,France,Glacier Noir,4.15,6.380385,44.915416,1958-08-02,,,1958
RGI60_11_CentralEurope,Switzerland,Grubengletscher (VS),1.14,7.974113,46.174511,1958-08-09,,,1958
RGI60_11_CentralEurope,Switzerland,Gornergletscher,56.46,7.8076,45.96856,1958-08-14,,,1958
RGI60_11_CentralEurope,Switzerland,Gornergletscher,56.46,7.8076,45.96856,1959-09-07,,,1959
RGI60_11_CentralEurope,Switzerland,Glacier du Trient,6.02,7.019776,46.024472,1960-08-05,,,1960
RGI60_11_CentralEurope,Switzerland,Gornergletscher,56.46,7.8076,45.96856,1960-09-16,,,1960
RGI60_11_CentralEurope,Switzerland,Gornergletscher,56.46,7.8076,45.96856,1961-09-14,,,1961
RGI60_11_CentralEurope,Switzerland,Gornergletscher,56.46,7.8076,45.96856,1962-08-17,,,1962
RGI60_11_CentralEurope,France,Bossons,11.42,6.855992,45.888773,1963-07-28,,,1963
RGI60_11_CentralEurope,Switzerland,Gornergletscher,56.46,7.8076,45.96856,1963-08-03,,,1963
RGI60_11_CentralEurope,Switzerland,Gornergletscher,56.46,7.8076,45.96856,1964-08-26,,,1964
RGI60_11_CentralEurope,Switzerland,Gornergletscher,56.46,7.8076,45.96856,1965-07-29,,,1965
RGI60_11_CentralEurope,Switzerland,Gornergletscher,56.46,7.8076,45.96856,1966-08-02,,,1966
RGI60_11_CentralEurope,Switzerland,Hohberggletscher,3.23,7.82085468645,46.114076232,1966-09-15,,,1966
RGI60_11_CentralEurope,Switzerland,Grubengletscher (VS),1.14,7.974113,46.174511,1968-07-02,,,1968
RGI60_11_CentralEurope,Switzerland,Gornergletscher,56.46,7.8076,45.96856,1968-07-20,,,1968
RGI60_11_CentralEurope,Switzerland,Glacier de Saleina,6.97,7.082166,45.988683,1969-07-16,,,1969
RGI60_11_CentralEurope,France,Mer de Glace,24.18,6.923984,45.923892,1969-07-25,,,1969
RGI60_11_CentralEurope,Switzerland,Gornergletscher,56.46,7.8076,45.96856,1969-07-29,,,1969
RGI60_11_CentralEurope,Switzerland,Grubengletscher (VS),1.14,7.974113,46.174511,1970-07-08,,,1970
RGI60_11_CentralEurope,Italy,Belvedere Glacier,4.45,7.914983,45.943292,1970-07-13,,,1970
RGI60_11_CentralEurope,Switzerland,Gornergletscher,56.46,7.8076,45.96856,1970-07-26,,,1970
RGI60_11_CentralEurope,France,Bossons,11.42,6.855992,45.888773,1970-09-04,,,1970
RGI60_11_CentralEurope,Switzerland,Gornergletscher,56.46,7.8076,45.96856,1971-07-28,,,1971
RGI60_11_CentralEurope,Switzerland,Grubengletscher (VS),1.14,7.974113,46.174511,1971-09-22,,,1971
RGI60_11_CentralEurope,Italy,Lys / Garstelet Glacier,10.4,7.847549,45.897169,1971-12-09,,,1971
RGI60_11_CentralEurope,Switzerland,Gornergletscher,56.46,7.8076,45.96856,1972-07-15,,,1972
RGI60_11_CentralEurope,Switzerland,Gornergletscher,56.46,7.8076,45.96856,1973-07-06,,,1973
RGI60_11_CentralEurope,Switzerland,Bas d'Arolla,"﻿0,247",7.477624,45.988911,1974-06-10,,,1974
RGI60_11_CentralEurope,Switzerland,Gornergletscher,56.46,7.8076,45.96856,1974-08-01,,,1974
RGI60_11_CentralEurope,Italy,Grandes Jorasses Glacier,1.68,6.98279,45.855614,1974-08-22,,,1974
RGI60_11_CentralEurope,Switzerland,Gornergletscher,56.46,7.8076,45.96856,1975-07-19,,,1975
RGI60_11_CentralEurope,Switzerland,Allalingletscher,9.28,7.944741,46.05307,1976-03-15,,,1976
RGI60_11_CentralEurope,Switzerland,Gornergletscher,56.46,7.8076,45.96856,1976-06-26,,,1976
RGI60_11_CentralEurope,Switzerland,Uistere Stampbachgletscher,0.27,7.84866,46.41019,1976-07-11,,,1976
RGI60_11_CentralEurope,Switzerland,Gornergletscher,56.46,7.8076,45.96856,1977-09-17,,,1977
RGI60_11_CentralEurope,Switzerland,Gornergletscher,56.46,7.8076,45.96856,1978-07-13,,,1978
RGI60_11_CentralEurope,Italy,Belvedere Glacier,4.45,7.914983,45.943292,1978-08-02,,,1978
RGI60_11_CentralEurope,Switzerland,Kingletscher,1.25,7.82525,46.088326,1978-08-28,,,1978
RGI60_11_CentralEurope,Switzerland,Gornergletscher,56.46,7.8076,45.96856,1979-06-30,,,1979
RGI60_11_CentralEurope,Italy,Belvedere Glacier,4.45,7.914983,45.943292,1979-07-19,,,1979
RGI60_11_CentralEurope,Switzerland,Bisgletscher,4.01,7.722082,46.10129,1980-02-05,,,1980
RGI60_11_CentralEurope,Switzerland,Gornergletscher,56.46,7.8076,45.96856,1980-08-14,,,1980
RGI60_11_CentralEurope,Switzerland,Glacier de Tsijiore Nouve,2.87,7.47286,46.018412,1981-06-16,,,1981
RGI60_11_CentralEurope,Switzerland,Gornergletscher,56.46,7.8076,45.96856,1981-07-10,,,1981
RGI60_11_CentralEurope,Italy,Pra' Sec Glacier,"﻿0,127",6.995694,45.857319,1981-08-01,,,1981
RGI60_11_CentralEurope,Switzerland,Upper Grindelwaldgletscher,9.02,8.091002,46.618406,1981-10-21,,,1981
RGI60_11_CentralEurope,Switzerland,Findelengletscher,14.31,7.816446,46.009747,1982-05-30,,,1982
RGI60_11_CentralEurope,Switzerland,Bidergletscher,1.3,7.898472,46.135251,1982-06-11,,,1982
RGI60_11_CentralEurope,Switzerland,Gornergletscher,56.46,7.8076,45.96856,1982-07-05,,,1982
RGI60_11_CentralEurope,Switzerland,Gornergletscher,56.46,7.8076,45.96856,1983-07-11,,,1983
RGI60_11_CentralEurope,Switzerland,Challifirn,18.84,8.021358,46.578335,1983-09-03,,,1983
RGI60_11_CentralEurope,Italy,Freney Glacier,"﻿1,053",6.891895,45.805256,1984-04-20,,,1984
RGI60_11_CentralEurope,Switzerland,Gornergletscher,56.46,7.8076,45.96856,1985-07-14,,,1985
RGI60_11_CentralEurope,Italy,Miage Glacier,"﻿10,986",6.871334,45.779394,1986-07-08,,,1986
RGI60_11_CentralEurope,Switzerland,Gornergletscher,56.46,7.8076,45.96856,1986-07-24,,,1986
RGI60_11_CentralEurope,Switzerland,Glacier de Tsijiore Nouve,2.87,7.47286,46.018412,1986-09-18,,,1986
RGI60_11_CentralEurope,Switzerland,Gornergletscher,56.46,7.8076,45.96856,1987-08-04,,,1987
RGI60_11_CentralEurope,Switzerland,Sidelengletscher,1.01,8.425502,46.596615,1987-08-24,,,1987
RGI60_11_CentralEurope,Switzerland,Minstigergletscher,2.37,8.22,46.52,1987-08-24,,,1987
RGI60_11_CentralEurope,Switzerland,Gornergletscher,56.46,7.8076,45.96856,1988-06-27,,,1988
RGI60_11_CentralEurope,Switzerland,Uistere Stampbachgletscher,0.27,7.85,46.41,1988-08-19,,,1988
RGI60_11_CentralEurope,Switzerland,Gornergletscher,56.46,7.8076,45.96856,1989-06-29,,,1989
RGI60_11_CentralEurope,Switzerland,Uistere Stampbachgletscher,0.27,7.84866,46.41019,1989-08-20,,,1989
RGI60_11_CentralEurope,Switzerland,Gornergletscher,56.46,7.8076,45.96856,1990-07-04,,,1990
RGI60_11_CentralEurope,Switzerland,Glacier du Dolent,1.46,7.06847,45.920237,1990-07-10,,,1990
RGI60_11_CentralEurope,Italy,Miage Glacier,"﻿10,986",6.871334,45.779394,1990-08-09,,,1990
RGI60_11_CentralEurope,Switzerland,Glacier du Dolent,1.46,7.07,45.92,1991-07-10,,,1991
RGI60_11_CentralEurope,Italy,Rochefort,"﻿0,641",6.95709,45.852331,1991-07-12,,,1991
RGI60_11_CentralEurope,France,Fond de Chauvet,0.04,6.828005,44.553656,1991-07-14,,,1991
RGI60_11_CentralEurope,Switzerland,Gornergletscher,56.46,7.8076,45.96856,1992-06-24,,,1992
RGI60_11_CentralEurope,Switzerland,Gornergletscher,56.46,7.8076,45.96856,1993-06-22,,,1993
RGI60_11_CentralEurope,Switzerland,Griessernuhorngletscher,"﻿0,067",7.993581,46.212131,1993-08-01,,,1993
RGI60_11_CentralEurope,Switzerland,Griessernuhorngletscher,"﻿0,067",7.993581,46.212131,1993-09-24,,,1993
RGI60_11_CentralEurope,Italy,Southern Mulinet glacier,0.27,7.16776,45.36468,1993-09-24,,,1993
RGI60_11_CentralEurope,Switzerland,Gornergletscher,56.46,7.8076,45.96856,1994-06-24,,,1994
RGI60_11_CentralEurope,Switzerland,Gornergletscher,56.46,7.8076,45.96856,1996-07-23,,,1996
RGI60_11_CentralEurope,Switzerland,Gornergletscher,56.46,7.8076,45.96856,1997-06-24,,,1997
RGI60_11_CentralEurope,France,Fond de Chauvet,0.04,6.828005,44.553656,1997-07-25,,,1997
RGI60_11_CentralEurope,France,Bossons,11.42,6.855992,45.888773,1997-07-31,,,1997
RGI60_11_CentralEurope,Switzerland,Glacier de l' A Neuve,1.04,7.058266,45.943644,1997-08-05,,,1997
RGI60_11_CentralEurope,Switzerland,Gornergletscher,56.46,7.8076,45.96856,1998-06-13,,,1998
RGI60_11_CentralEurope,Switzerland,Steingletscher,8.05,8.433497,46.72502,1998-08-23,,,1998
RGI60_11_CentralEurope,Switzerland,Gornergletscher,56.46,7.8076,45.96856,1999-06-16,,,1999
RGI60_11_CentralEurope,Switzerland,Glacier du Tournelon Blanc,"﻿0,405",7.32529,45.9784,2000-06-20,,,2000
RGI60_11_CentralEurope,Switzerland,Gornergletscher,56.46,7.8076,45.96856,2000-06-21,,,2000
RGI60_11_CentralEurope,Switzerland,Gornergletscher,56.46,7.8076,45.96856,2001-06-22,,,2001
RGI60_11_CentralEurope,Switzerland,Weingartengletscher,"﻿0,669",7.838983,46.063376,2001-06-25,,,2001
RGI60_11_CentralEurope,Switzerland,Gornergletscher,56.46,7.8076,45.96856,2002-07-15,,,2002
RGI60_11_CentralEurope,Italy,Belvedere Glacier,4.45,7.911803,45.953396,2003-06-18,,,2003
RGI60_11_CentralEurope,Switzerland,Gornergletscher,56.46,7.8076,45.96856,2003-06-21,,,2003
RGI60_11_CentralEurope,Switzerland,Upper Grindelwaldgletscher,9.02,8.091002,46.618406,2003-07-14,,,2003
RGI60_11_CentralEurope,Switzerland,Gornergletscher,56.46,7.8076,45.96856,2004-07-07,,,2004
RGI60_11_CentralEurope,Switzerland,Gornergletscher,56.46,7.8076,45.96856,2005-06-12,,,2005
RGI60_11_CentralEurope,Switzerland,Gornergletscher,56.46,7.8076,45.96856,2006-07-07,,,2006
RGI60_11_CentralEurope,Switzerland,Vadret da l'Alp Ota,"﻿0,152",9.836194,46.415751,2006-07-11,,,2006
RGI60_11_CentralEurope,Switzerland,Gornergletscher,56.46,7.8076,45.96856,2007-07-06,,,2007
RGI60_11_CentralEurope,Switzerland,Lower Grindelwald Glacier,18.84,8.045844,46.613937,2008-05-30,,,2008
RGI60_11_CentralEurope,Switzerland,Gornergletscher,56.46,7.8076,45.96856,2008-06-20,,,2008
RGI60_11_CentralEurope,Switzerland,Minstigergletscher,2.37,8.22,46.52,2008-08-21,,,2008
RGI60_11_CentralEurope,Switzerland,Hohberggletscher,3.23,7.82,46.11,2008-09-03,,,2008
RGI60_11_CentralEurope,Switzerland,Gornergletscher,56.46,7.8076,45.96856,2009-06-18,,,2009
RGI60_11_CentralEurope,Switzerland,Upper Grindelwaldgletscher,9.02,8.091002,46.618406,2009-08-26,,,2009
RGI60_11_CentralEurope,Switzerland,Gornergletscher,56.46,7.8076,45.96856,2010-06-22,,,2010
RGI60_11_CentralEurope,Switzerland,Upper Grindelwaldgletscher,9.02,8.09,46.62,2010-08-26,2010-08-26,2010-08-29,2010
RGI60_11_CentralEurope,Switzerland,Gornergletscher,56.46,7.8076,45.96856,2011-06-07,,,2011
RGI60_11_CentralEurope,Switzerland,Upper Grindelwaldgletscher,9.02,8.09,46.62,2011-06-29,2011-06-29 00:00:00,2011-07-07,2011
RGI60_11_CentralEurope,Switzerland,Glacier de la Plaine Morte,7.72,7.539623,46.380339,2011-07-11,,,2011
RGI60_11_CentralEurope,Switzerland,Upper Grindelwaldgletscher,9.02,8.091002,46.618406,2011-08-25,2011-08-25 00:00:00,2011-08-27,2011
RGI60_11_CentralEurope,Switzerland,Gornergletscher,56.46,7.8076,45.96856,2012-06-21,,,2012
RGI60_11_CentralEurope,Switzerland,Glacier de la Plaine Morte,7.72,7.539623,46.380339,2012-07-10,,,2012
RGI60_11_CentralEurope,Switzerland,Glacier de Pro,0.077,7.24,45.89,2012-09-09,,,2012
RGI60_11_CentralEurope,Switzerland,Gornergletscher,56.46,7.8076,45.96856,2013-06-04,,,2013
RGI60_11_CentralEurope,Switzerland,Glacier de la Plaine Morte,7.72,7.539623,46.380339,2013-07-29,,,2013
RGI60_11_CentralEurope,Switzerland,Gornergletscher,56.46,7.8076,45.96856,2014-06-01,,,2014
RGI60_11_CentralEurope,Switzerland,Rottalgletscher (BE),4.11,7.928143,46.52357,2014-07-31,,,2014
RGI60_11_CentralEurope,Switzerland,Glacier de la Plaine Morte,7.72,7.539623,46.380339,2014-08-02,,,2014
RGI60_11_CentralEurope,Switzerland,Gornergletscher,56.46,7.8076,45.96856,2015-05-17,,,2015
RGI60_11_CentralEurope,Switzerland,Glacier de la Plaine Morte,7.72,7.539623,46.380339,2015-07-24,,,2015
RGI60_11_CentralEurope,Switzerland,Glacier de la Plaine Morte,7.72,7.539623,46.380339,2016-08-27,,,2016
RGI60_11_CentralEurope,Switzerland,Feegletscher,7.41,7.878285,46.079748,2017-05-30,,,2017
RGI60_11_CentralEurope,Switzerland,Glacier de la Plaine Morte,7.72,7.539623,46.380339,2017-07-17,,,2017
RGI60_11_CentralEurope,Switzerland,Findelengletscher,14.31,7.82,46.1,2017-08-04,,,2017
RGI60_11_CentralEurope,Spain,Maladeta Glacier,,0.639262,42.651691,2017-08-06,,,2017
RGI60_11_CentralEurope,Switzerland,Feegletscher,7.41,7.878285,46.079748,2017-12-17,,,2017
RGI60_11_CentralEurope,Switzerland,Glacier de la Plaine Morte,7.72,7.539623,46.380339,2018-07-27,,,2018
RGI60_11_CentralEurope,Italy,Miage Glacier,"﻿10,986",6.871334,45.779394,2018-09-25,,,2018
RGI60_11_CentralEurope,Switzerland,Claridenfirn,"﻿1,047",8.871204,46.8565,2019-06-16,,,2019
RGI60_11_CentralEurope,Switzerland,Triftgletscher (VS),1.787,7.99,46.14,2019-07-26,,,2019
RGI60_11_CentralEurope,Italy,Miage Glacier,"﻿10,986",6.871334,45.779394,2019-08-01 00:00:00,2019-07-02 00:00:00,2019-08-28 00:00:00,2019
RGI60_11_CentralEurope,Switzerland,Glacier de la Plaine Morte,7.72,7.539623,46.380339,2019-08-24,,,2019
RGI60_11_CentralEurope,Switzerland,Glacier du Tournelon Blanc,0.405,7.33,45.98,2022-08-27,,,2022
RGI60_11_CentralEurope,Switzerland,Allalingletscher,9.28,7.960059,46.041675,1589-09-08,,,1589
RGI60_11_CentralEurope,Switzerland,Glacier du Giétro,5.42,7.360574,45.998944,1595-05-25,,,1595
RGI60_11_CentralEurope,Austria,Vernagtferner,8.56,10.854578,46.837356,1600-07-20,,,1600
RGI60_11_CentralEurope,Switzerland,Allalingletscher,9.28,7.959348,46.055967,1633-08-04,,,1633
RGI60_11_CentralEurope,France,Bossons,11.42,6.855992,45.888773,1643-05-06,,,1643
RGI60_11_CentralEurope,France,Bossons,11.42,6.855992,45.888773,1643-05-29,,,1643
RGI60_11_CentralEurope,Austria,Vernagtferner,8.56,10.854578,46.837356,1678-07-16,,,1678
RGI60_11_CentralEurope,Austria,Vernagtferner,8.56,10.854578,46.837356,1680-06-14,,,1680
RGI60_11_CentralEurope,Switzerland,Allalingletscher,9.28,7.960059,46.041675,1755-12-24,,,1755
RGI60_11_CentralEurope,Switzerland,Allalingletscher,9.28,7.960059,46.041675,1772-09-17,,,1772
RGI60_11_CentralEurope,Austria,Vernagtferner,8.56,10.854578,46.837356,1774-07-04,,,1774
RGI60_11_CentralEurope,Switzerland,Bisgletscher,4.01,7.722082,46.10129,1787-02-12,,,1787
RGI60_11_CentralEurope,France,Séguret Foran,0.92,6.463625,44.929176,1807-09-01,,,1807
RGI60_11_CentralEurope,Switzerland,Glacier du Giétro,5.42,7.360574,45.998944,1817-05-27,,,1817
RGI60_11_CentralEurope,Switzerland,Glacier du Giétro,5.42,7.360574,45.998944,1818-06-16,,,1818
RGI60_11_CentralEurope,France,Mer de Glace,24.18,6.923984,45.923892,1819-08-13,,,1819
RGI60_11_CentralEurope,Switzerland,Grubengletscher (VS),1.14,7.979137,46.173171,1829-06-24,,,1829
RGI60_11_CentralEurope,Italy,Gran Neyron,"﻿0,198",7.26,45.56,1832-08-20,,,1832
RGI60_11_CentralEurope,Switzerland,Glacier de Saleina,6.97,7.082166,45.988683,1834-06-26,,,1834
RGI60_11_CentralEurope,Switzerland,Glacier de Zinal,14.03,7.632229,46.080867,1834-08-27,,,1834
RGI60_11_CentralEurope,Switzerland,Glacier de Plan Névé,"﻿0,661",6.948981,46.169935,1835-08-26,,,1835
RGI60_11_CentralEurope,Switzerland,Aletsch Glacier,82.21,8.09196,46.440842,1844-07-14,,,1844
RGI60_11_CentralEurope,Austria,Vernagtferner,8.56,10.854578,46.837356,1845-06-14,,,1845
RGI60_11_CentralEurope,Austria,Vernagtferner,8.56,10.854578,46.837356,1847-05-28,,,1847
RGI60_11_CentralEurope,Austria,Vernagtferner,8.56,10.854578,46.837356,1848-06-13,,,1848
RGI60_11_CentralEurope,Switzerland,Aletsch Glacier,82.21,8.09196,46.440842,1848-08-18,,,1848
RGI60_11_CentralEurope,Switzerland,Bisgletscher,4.01,7.722082,46.10129,1857-01-31,,,1857
RGI60_11_CentralEurope,Switzerland,Bisgletscher,4.01,7.722082,46.10129,1858-01-31,,,1858
RGI60_11_CentralEurope,Switzerland,Aletsch Glacier,82.21,8.09196,46.440842,1864-08-06,,,1864
RGI60_11_CentralEurope,Switzerland,Grubengletscher (VS),1.14,7.979137,46.173171,1868-06-20,,,1868
RGI60_11_CentralEurope,Switzerland,Triftgletscher,"﻿1,787",7.985757,46.135621,1868-08-17,,,1868
RGI60_11_CentralEurope,Switzerland,Aletsch Glacier,82.21,8.09196,46.440842,1872-08-02,,,1872
RGI60_11_CentralEurope,Austria,Madatsch,0.3,10.781,46.998,1874-08-05,,,1874
RGI60_11_CentralEurope,Switzerland,Aletsch Glacier,82.21,8.09196,46.440842,1878-07-18,,,1878
RGI60_11_CentralEurope,France,Mer de Glace,24.18,6.923984,45.923892,1878-08-16,,,1878
RGI60_11_CentralEurope,Switzerland,Aletsch Glacier,82.21,8.09196,46.440842,1882-06-09,,,1882
RGI60_11_CentralEurope,Switzerland,Aletsch Glacier,82.21,8.09196,46.440842,1887-09-04,,,1887
RGI60_11_CentralEurope,Italy,Cevedale / Zufallferner,"﻿4,151",10.616,46.44,1888-06-16,,,1888
RGI60_11_CentralEurope,Italy,Cevedale / Zufallferner,"﻿4,151",10.616,46.44,1889-06-05,,,1889
RGI60_11_CentralEurope,Switzerland,Aletsch Glacier,82.21,8.09196,46.440842,1889-06-24,,,1889
RGI60_11_CentralEurope,Switzerland,Aletsch Glacier,82.21,8.09196,46.440842,1890-07-24,,,1890
RGI60_11_CentralEurope,Austria,Gallruthferner / Gallrittferner,"﻿0,091",10.797714,47.041753,1890-08-08,,,1890
RGI60_11_CentralEurope,Italy,Cevedale / Zufallferner,"﻿4,151",10.616,46.44,1891-06-17,,,1891
RGI60_11_CentralEurope,Austria,Schwenser-Ferner,,,,1891-07-27,,,1891
RGI60_11_CentralEurope,Switzerland,Aletsch Glacier,82.21,8.09196,46.440842,1891-09-05,,,1891
RGI60_11_CentralEurope,France,Tête Rousse,0.08,6.818907,45.856832,1892-07-11,,,1892
RGI60_11_CentralEurope,France,Bossons,11.42,6.855992,45.888773,1892-08-11,,,1892
RGI60_11_CentralEurope,Switzerland,Glacier de Crête Sèche/Glacier d'Otemma,"﻿11,614",7.395755,45.924579,1894-06-28,,,1894
RGI60_11_CentralEurope,Switzerland,Aletsch Glacier,82.21,8.09196,46.440842,1894-07-11,,,1894
RGI60_11_CentralEurope,Switzerland,Glacier de Crête Sèche/Glacier d'Otemma,"﻿11,614",7.395755,45.924579,1895-06-18,,,1895
RGI60_11_CentralEurope,Switzerland,Aletsch Glacier,82.21,8.09196,46.440842,1895-09-23,,,1895
RGI60_11_CentralEurope,Switzerland,Glacier de Crête Sèche/Glacier d'Otemma,"﻿11,614",7.395755,45.924579,1896-06-25,,,1896
RGI60_11_CentralEurope,Switzerland,Aletsch Glacier,82.21,8.09196,46.440842,1896-09-16,,,1896
RGI60_11_CentralEurope,Switzerland,Glacier de Crête Sèche/Glacier d'Otemma,"﻿11,614",7.395755,45.924579,1898-06-17,,,1898
RGI60_11_CentralEurope,Switzerland,Glacier de l' A Neuve,1.04,7.058266,45.943644,1898-06-22,,,1898
RGI60_11_CentralEurope,Switzerland,Glacier du Dolent,1.46,7.06847,45.920237,1898-06-22,,,1898
RGI60_11_CentralEurope,Switzerland,Hohberggletscher,3.23,7.82085468645,46.114076232,1898-08-21,,,1898
RGI60_11_CentralEurope,Switzerland,Glacier de Crête Sèche/Glacier d'Otemma,"﻿11,614",7.395755,45.924579,1899-06-08,,,1899
RGI60_11_CentralEurope,Switzerland,Festigletscher,1.88,7.819058,46.09962,1899-08-01,,,1899
RGI60_11_CentralEurope,France,Réchasse,0.36,6.79873,45.37517,1899-09-05,,,1899
RGI60_11_CentralEurope,Switzerland,Uistere Stampbachgletscher,0.27,7.84866,46.41019,,1930,1939,1930
RGI60_11_CentralEurope,Switzerland,Bidergletscher,1.3,7.898472,46.135251,,1970,1979,1970
RGI60_12_CaucasusAndMiddleEast,Russia,Birdzhalychiran,20.975,42.53,43.394,1909-08-02,,,1909
RGI60_12_CaucasusAndMiddleEast,Russia,Bashkara,3.655,42.7248,43.2091,1958,,,1958
RGI60_12_CaucasusAndMiddleEast,Russia,Bashkara,3.655,42.7248,43.2091,1959,,,1959
RGI60_12_CaucasusAndMiddleEast,Russia,SU4G09301077 77,0.604,46.554,42.22,1969-08-28,,,1969
RGI60_12_CaucasusAndMiddleEast,Russia,SU4G09301077 79,0.604,46.554,42.22,1974-08-02,,,1974
RGI60_12_CaucasusAndMiddleEast,Russia,SU4G09301077 80,0.604,46.554,42.22,1974-08-06,,,1974
RGI60_12_CaucasusAndMiddleEast,Russia,SU4G09301077 81,0.604,46.554,42.22,1975-07-14,,,1975
RGI60_12_CaucasusAndMiddleEast,Russia,SU4G09301077 82,0.604,46.554,42.22,1975-07-24,,,1975
RGI60_12_CaucasusAndMiddleEast,Russia,Malyi Azau,11.813,42.4471,43.2836,1978-07-19,,,1978
RGI60_12_CaucasusAndMiddleEast,Russia,Birdzhalychiran,20.975,42.531,43.3721,1993,1993-06-01,1993-10-31,1993
RGI60_12_CaucasusAndMiddleEast,Russia,Birdzhalychiran,20.975,42.531,43.3721,2003,2003-06-01,2003-11-24,2003
RGI60_12_CaucasusAndMiddleEast,Russia,Birdzhalychiran,20.975,42.531,43.3721,2006-08-11,,,2006
RGI60_12_CaucasusAndMiddleEast,Russia,Passionaria,"﻿0,149",43.9029,42.764,2007-08-02,,,2007
RGI60_12_CaucasusAndMiddleEast,Russia,Rakyt,,43.159,43.18,2007-08-02,,,2007
RGI60_12_CaucasusAndMiddleEast,Russia,Malyi Azau,11.813,42.4471,43.2836,2011-11-08,,,2011
RGI60_12_CaucasusAndMiddleEast,Russia,Bashkara,3.655,42.7248,43.2091,2017-09-01,,,2017
RGI60_13_CentralAsia,Kyrgyzstan,Engilchek,373.922,79.846401,42.206778,1902-08-21,,,1902
RGI60_13_CentralAsia,Kyrgyzstan,Kuturgansuu,"2,297",74.609,42.522,1846,,,1846
RGI60_13_CentralAsia,Kyrgyzstan,Aksay,3.584,74.5405,42.528,1877,,,1877
RGI60_13_CentralAsia,Kyrgyzstan,Kuturgansuu,"2,297",74.609,42.522,1882,,,1882
RGI60_13_CentralAsia,Kyrgyzstan,Aksay,3.584,74.5405,42.528,1885,,,1885
RGI60_13_CentralAsia,Kyrgyzstan,Kuturgansuu,"2,297",74.609,42.522,1902,,,1902
RGI60_13_CentralAsia,Kyrgyzstan,Kuturgansuu,"2,297",74.609,42.522,1904,,,1904
RGI60_13_CentralAsia,Kyrgyzstan,Teztor,0.263,74.431,42.537,1910,,,1910
RGI60_13_CentralAsia,Tajikistan,glacier of the Russian Geographical Society,81.383,72.09,38.69,1910,,,1910
RGI60_13_CentralAsia,Kyrgyzstan,Aksay,3.584,74.5405,42.528,1916,,,1916
RGI60_13_CentralAsia,Kyrgyzstan,Aksay,3.584,74.5405,42.528,1918,,,1918
RGI60_13_CentralAsia,Kyrgyzstan,Aksay,3.584,74.5405,42.528,1922,,,1922
RGI60_13_CentralAsia,Kyrgyzstan,Aksay,3.584,74.5405,42.528,1924,,,1924
RGI60_13_CentralAsia,Kyrgyzstan,Aksay,3.584,74.5405,42.528,1928,,,1928
RGI60_13_CentralAsia,Kyrgyzstan,Kuturgansuu,"2,297",74.609,42.522,1928,,,1928
RGI60_13_CentralAsia,Kyrgyzstan,Topkaragay,"﻿2,330",74.50522,42.50533,1928,,,1928
RGI60_13_CentralAsia,Kyrgyzstan,Aksay,3.584,74.5405,42.528,1934,,,1934
RGI60_13_CentralAsia,Kyrgyzstan,Teztor,0.263,74.431,42.537,1934,,,1934
RGI60_13_CentralAsia,Kyrgyzstan,Aksay,3.584,74.5405,42.528,1936,,,1936
RGI60_13_CentralAsia,Kyrgyzstan,Salyk,"5,234",74.717,42.518,1938,,,1938
RGI60_13_CentralAsia,Kyrgyzstan,Aksay,3.584,74.5405,42.528,1941,,,1941
RGI60_13_CentralAsia,Kyrgyzstan,Aksay,3.584,74.5405,42.528,1943,,,1943
RGI60_13_CentralAsia,Kyrgyzstan,Aksay,3.584,74.5405,42.528,1950,,,1950
RGI60_13_CentralAsia,Kyrgyzstan,Topkaragay,"﻿2,330",74.50522,42.50533,1953,,,1953
RGI60_13_CentralAsia,Kyrgyzstan,Aksay,3.584,74.5405,42.528,1955,,,1955
RGI60_13_CentralAsia,Kyrgyzstan,Salyk,"5,234",74.717,42.518,1956,,,1956
RGI60_13_CentralAsia,Kyrgyzstan,Kuturgansuu,"2,297",74.609,42.522,1956,,,1956
RGI60_13_CentralAsia,Kyrgyzstan,Kuturgansuu,"2,297",74.609,42.522,1958,,,1958
RGI60_13_CentralAsia,Kyrgyzstan,Salyk,"5,234",74.717,42.518,1961,,,1961
RGI60_13_CentralAsia,Kyrgyzstan,Kuturgansuu,"2,297",74.609,42.522,1966,,,1966
RGI60_13_CentralAsia,Kyrgyzstan,Teztor,0.263,74.431,42.537,1966,,,1966
RGI60_13_CentralAsia,Kyrgyzstan,Aksay,3.584,74.5405,42.528,1973,,,1973
RGI60_13_CentralAsia,Kyrgyzstan,Adygene/ Teztor  / Uchitel,"﻿2,330",74.50522,42.50533,1974,,,1974
RGI60_13_CentralAsia,Kyrgyzstan,Aksay,3.584,74.5405,42.528,1975,,,1975
RGI60_13_CentralAsia,Kyrgyzstan,Salyk,"5,234",74.717,42.518,1975,,,1975
RGI60_13_CentralAsia,Kyrgyzstan,Aksay,3.584,74.5405,42.528,1977,,,1977
RGI60_13_CentralAsia,Tajikistan,Bol'shoy Saukdara,,,,1977,,,1977
RGI60_13_CentralAsia,Kyrgyzstan,Salyk,"5,234",74.717,42.518,1980,,,1980
RGI60_13_CentralAsia,Kyrgyzstan,Kuturgansuu,"2,297",74.609,42.522,1980,,,1980
RGI60_13_CentralAsia,Kyrgyzstan,Teztor,0.263,74.431,42.537,1980,,,1980
RGI60_13_CentralAsia,Kyrgyzstan,Kuturgansuu,"2,297",74.609,42.522,1982,,,1982
RGI60_13_CentralAsia,Kyrgyzstan,Teztor,0.263,74.431,42.537,1982,,,1982
RGI60_13_CentralAsia,Kyrgyzstan,Kuturgansuu,"2,297",74.609,42.522,1984,,,1984
RGI60_13_CentralAsia,Kyrgyzstan,Suuk-Tor,0.348,76.867,41.975,1985,,,1985
RGI60_13_CentralAsia,Kyrgyzstan,Kuturgansuu,"2,297",74.609,42.522,1988,,,1988
RGI60_13_CentralAsia,Kyrgyzstan,Topkaragay,"﻿2,330",74.50522,42.50533,1988,,,1988
RGI60_13_CentralAsia,Tajikistan,Medvezhiy Glacier,23.401,72.146101,38.631723,1988,,,1988
RGI60_13_CentralAsia,China,CN5Y542H0034 Monuomaha Glacier,83.94,91.071,36.059,1990,1990-08-17 00:00:00,1990-12-07 00:00:00,1990
RGI60_13_CentralAsia,China,CN5Z611A0010,33.595,89.12,33.844,1990,1990-06-30 00:00:00,1991-02-09 00:00:00,1990
RGI60_13_CentralAsia,China,CN5Z213A0017,6.269,90.847,33.382,1991,1991-10-16 00:00:00,1992-03-08 00:00:00,1991
RGI60_13_CentralAsia,China,CN5Z611A0003,6.191,89.044,33.958,1991,1991-10-14 00:00:00,1992-06-15 00:00:00,1991
RGI60_13_CentralAsia,China,RGI60-13.00604,9.855,78.0,35.585,1991,1991-08-28 00:00:00,1991-11-16 00:00:00,1991
RGI60_13_CentralAsia,China,CN5Z611A0006,17.916,89.077,33.914,1991,1991-08-20 00:00:00,1991-09-28 00:00:00,1991
RGI60_13_CentralAsia,China,CN5Z611A0006,17.916,89.062,33.939,1991,1991-08-20 00:00:00,1991-10-14 00:00:00,1991
RGI60_13_CentralAsia,China,CN5Z211I0008,12.904,89.807,35.609,1991,1991-08-20 00:00:00,1991-10-14 00:00:00,1991
RGI60_13_CentralAsia,China,CN5Z122B0001,2.835,90.739,35.785,1991,1991-06-17 00:00:00,1991-08-20 00:00:00,1991
RGI60_13_CentralAsia,China,CN5Z122B0001,2.835,90.748,35.781,1991,1991-06-17 00:00:00,1991-08-20 00:00:00,1991
RGI60_13_CentralAsia,China,CN5Y542H0034 Monuomaha Glacier,83.94,91.071,36.059,1991,1991-06-07 00:00:00,1991-08-20 00:00:00,1991
RGI60_13_CentralAsia,China,CN5Z141E0002,9.075,87.608,36.367,1991,1991-05-14 00:00:00,1991-12-08 00:00:00,1991
RGI60_13_CentralAsia,China,CN5Z141E0014 Binglinchuan Glacier,62.465,87.501,36.362,1991,1991-05-14 00:00:00,1991-08-20 00:00:00,1991
RGI60_13_CentralAsia,China,CN5Z141E0014 Binglinchuan Glacier,12.684,87.482,36.338,1991,1991-05-14 00:00:00,1991-12-08 00:00:00,1991
RGI60_13_CentralAsia,China,CN5Y624E0034 Muztag Glacier,48.862,87.181,36.412,1991,1991-05-14 00:00:00,1991-12-08 00:00:00,1991
RGI60_13_CentralAsia,China,RGI60-13.00604,9.855,78.0,35.585,1992,1992-07-29 00:00:00,1992-11-18 00:00:00,1992
RGI60_13_CentralAsia,China,CN5Z611A0007,18.916,89.077,33.914,1992,1992-07-05 00:00:00,1992-11-01 00:00:00,1992
RGI60_13_CentralAsia,China,CN5Z611A0005,5.081,89.054,33.952,1992,1992-07-05 00:00:00,1992-11-01 00:00:00,1992
RGI60_13_CentralAsia,China,CN5Z611A0015,11.787,89.021,33.764,1992,1991-10-14 00:00:00,1993-07-15 00:00:00,1992
RGI60_13_CentralAsia,China,CN5Z413B0006,10.114,81.984,34.257,1993,1993-07-27 00:00:00,1993-10-15 00:00:00,1993
RGI60_13_CentralAsia,China,CN5Y624E0020,9.436,87.394,36.525,1993,1993-07-22 00:00:00,1993-08-23 00:00:00,1993
RGI60_13_CentralAsia,China,CN5Y624E0032 Yulinchuan,96.644,87.292,36.449,1993,1993-07-22 00:00:00,1993-08-23 00:00:00,1993
RGI60_13_CentralAsia,China,CN5Z611A0010,13.239,89.125,33.795,1993,1993-07-15 00:00:00,1993-10-28 00:00:00,1993
RGI60_13_CentralAsia,China,CN5Z611A0008,19.916,89.077,33.914,1993,1993-07-15 00:00:00,1993-10-28 00:00:00,1993
RGI60_13_CentralAsia,China,CN5Z122B0001,2.835,90.739,35.785,1993,1993-07-08 00:00:00,1993-09-10 00:00:00,1993
RGI60_13_CentralAsia,China,CN5Z122B0001,2.835,90.748,35.781,1993,1993-07-08 00:00:00,1993-09-10 00:00:00,1993
RGI60_13_CentralAsia,China,CN5Z611A0008,48.076,89.084,33.892,1993,1993-05-05 00:00:00,1993-07-15 00:00:00,1993
RGI60_13_CentralAsia,Kyrgyzstan,Aksay,3.584,74.5405,42.528,1993,,,1993
RGI60_13_CentralAsia,Kyrgyzstan,Kuturgansuu,"2,297",74.609,42.522,1993,,,1993
RGI60_13_CentralAsia,Kyrgyzstan,Teztor,0.263,74.431,42.537,1993,,,1993
RGI60_13_CentralAsia,China,G082129E30336N,9.081,82.1181,30.35557,1994,1994-04,1994-10,1994
RGI60_13_CentralAsia,China,CN5Z211I0008,12.904,89.807,35.609,1994,1994-09-04 00:00:00,1994-10-15 00:00:00,1994
RGI60_13_CentralAsia,China,CN5Z611A0007,18.916,89.062,33.939,1994,1994-08-28 00:00:00,1994-10-22 00:00:00,1994
RGI60_13_CentralAsia,China,CN5Y542F0065,6.237,90.824,35.893,1994,1994-08-28 00:00:00,1994-09-29 00:00:00,1994
RGI60_13_CentralAsia,China,CN5Z523C0028,42.521,82.099,35.424,1994,1994-08-23 00:00:00,1994-09-15 00:00:00,1994
RGI60_13_CentralAsia,China,CN5Z413G0019,47.89,80.812,34.331,1994,1994-08-22 00:00:00,1994-09-23 00:00:00,1994
RGI60_13_CentralAsia,China,CN5Z611A0010,33.595,89.12,33.844,1994,1994-08-03 00:00:00,1994-08-28 00:00:00,1994
RGI60_13_CentralAsia,China,CN5Z611A0008,48.076,89.098,33.851,1994,1994-08-03 00:00:00,1994-10-22 00:00:00,1994
RGI60_13_CentralAsia,China,CN5Z611A0009,20.916,89.077,33.914,1994,1994-08-03 00:00:00,1994-10-22 00:00:00,1994
RGI60_13_CentralAsia,China,CN5Z523J0009,30.679,82.362,34.729,1994,1994-07-30 00:00:00,1994-09-16 00:00:00,1994
RGI60_13_CentralAsia,China,CN5Z413B0006,10.114,81.984,34.257,1994,1994-07-30 00:00:00,1994-09-16 00:00:00,1994
RGI60_13_CentralAsia,China,CN5Z611A0010,13.239,89.125,33.795,1994,1994-07-18 00:00:00,1994-08-28 00:00:00,1994
RGI60_13_CentralAsia,China,CN5Z514A0009,18.289,85.918,34.45,1994,1994-07-16 00:00:00,1994-10-20 00:00:00,1994
RGI60_13_CentralAsia,China,RGI60-13.00604,9.855,78.0,35.585,1994,1994-07-03 00:00:00,1994-08-20 00:00:00,1994
RGI60_13_CentralAsia,China,CN5Z211I0008,12.904,89.802,35.612,1994,1994-07-02 00:00:00,1994-10-15 00:00:00,1994
RGI60_13_CentralAsia,China,CN5Z611A0005,5.081,89.054,33.952,1994,1994-06-25 00:00:00,1994-07-18 00:00:00,1994
RGI60_13_CentralAsia,China,CN5Z122B0001,2.835,90.739,35.785,1994,1994-06-25 00:00:00,1994-09-29 00:00:00,1994
RGI60_13_CentralAsia,China,CN5Z413G0011,5.252,80.797,34.425,1994,1994-06-19 00:00:00,1994-09-23 00:00:00,1994
RGI60_13_CentralAsia,China,CN5Z141E0002,9.075,87.608,36.367,1994,1994-06-07 00:00:00,1994-10-13 00:00:00,1994
RGI60_13_CentralAsia,China,CN5Z141E0014 Binglinchuan Glacier,12.684,87.482,36.338,1994,1994-06-07 00:00:00,1994-10-13 00:00:00,1994
RGI60_13_CentralAsia,China,CN5Y624E0017,6.99,87.401,36.54,1994,1994-06-07 00:00:00,1994-10-13 00:00:00,1994
RGI60_13_CentralAsia,China,CN5Y624E0020,9.436,87.394,36.525,1994,1994-06-07 00:00:00,1994-10-13 00:00:00,1994
RGI60_13_CentralAsia,China,CN5Y624E0034 Muztag Glacier,17.616,87.195,36.318,1994,1994-06-07 00:00:00,1994-10-13 00:00:00,1994
RGI60_13_CentralAsia,China,CN5Z611A0010,33.595,89.109,33.827,1995,1994-10-22 00:00:00,1995-10-02 00:00:00,1995
RGI60_13_CentralAsia,China,CN5Y624E0026 Shetouchuan Glacier,16.65,87.32,36.485,1995,1994-10-13 00:00:00,1996-11-03 00:00:00,1995
RGI60_13_CentralAsia,China,CN5Y624E0034 Muztag Glacier,48.862,87.181,36.412,1996,1996-10-02 00:00:00,1996-11-03 00:00:00,1996
RGI60_13_CentralAsia,China,CN5Z631G0005,36.947,85.653,34.469,1996,1996-09-07 00:00:00,1996-11-10 00:00:00,1996
RGI60_13_CentralAsia,China,RGI60-13.00604,9.855,78.0,35.585,1996,1996-08-25 00:00:00,1996-09-10 00:00:00,1996
RGI60_13_CentralAsia,China,CN5Z523C0028,42.521,82.099,35.424,1996,1996-08-11 00:00:00,1996-09-12 00:00:00,1996
RGI60_13_CentralAsia,China,G090781E35848N,10.075,90.778,35.863,1996,1996-07-16 00:00:00,1996-11-05 00:00:00,1996
RGI60_13_CentralAsia,China,CN5Z413G0019,47.89,80.815,34.321,1996,1996-06-24 00:00:00,1996-08-27 00:00:00,1996
RGI60_13_CentralAsia,China,CN5Z413G0019,47.89,80.812,34.331,1996,1996-06-24 00:00:00,1996-08-27 00:00:00,1996
RGI60_13_CentralAsia,China,CN5Z141E0014 Binglinchuan Glacier,12.684,87.482,36.338,1996,1996-02-21 00:00:00,1996-11-03 00:00:00,1996
RGI60_13_CentralAsia,China,CN5Y624E0022,12,87.377,36.525,1996,1995-12-03 00:00:00,1996-10-02 00:00:00,1996
RGI60_13_CentralAsia,China,CN5Y542F0065,6.237,90.835,35.894,1997,1997-09-05 00:00:00,1997-10-23 00:00:00,1997
RGI60_13_CentralAsia,China,CN5Z611A0015,11.787,89.021,33.764,1997,1997-08-11 00:00:00,1998-09-08 00:00:00,1997
RGI60_13_CentralAsia,China,CN5Z611A0008,48.076,89.11,33.862,1997,1997-07-26 00:00:00,1998-08-30 00:00:00,1997
RGI60_13_CentralAsia,China,CN5Z611A0010,21.916,89.077,33.914,1997,1997-07-26 00:00:00,1998-09-08 00:00:00,1997
RGI60_13_CentralAsia,China,CN5Z122B0001,2.835,90.739,35.785,1997,1997-07-19 00:00:00,1998-01-27 00:00:00,1997
RGI60_13_CentralAsia,China,CN5Z122B0001,2.835,90.748,35.781,1997,1997-07-19 00:00:00,1998-01-27 00:00:00,1997
RGI60_13_CentralAsia,China,G090781E35848N,10.075,90.778,35.863,1997,1997-07-19 00:00:00,1997-09-05 00:00:00,1997
RGI60_13_CentralAsia,China,RGI60-13.00604,9.855,78.0,35.585,1997,1997-06-25 00:00:00,1997-09-13 00:00:00,1997
RGI60_13_CentralAsia,China,CN5Y624E0032 Yulinchuan,96.644,87.292,36.449,1997,1996-11-03 00:00:00,1997-09-03 00:00:00,1997
RGI60_13_CentralAsia,China,CN5Y624E0022,12,87.377,36.525,1998,1998-09-06 00:00:00,1998-10-24 00:00:00,1998
RGI60_13_CentralAsia,China,CN5Z611A0008,19.916,89.062,33.939,1998,1998-08-30 00:00:00,1998-12-04 00:00:00,1998
RGI60_13_CentralAsia,China,RGI60-13.00604,9.855,78.0,35.585,1998,1998-07-30 00:00:00,1998-08-31 00:00:00,1998
RGI60_13_CentralAsia,China,CN5Z122B0001,2.835,90.739,35.785,1998,1998-06-20 00:00:00,1998-09-08 00:00:00,1998
RGI60_13_CentralAsia,China,CN5Z122B0001,2.835,90.748,35.781,1998,1998-06-20 00:00:00,1998-09-08 00:00:00,1998
RGI60_13_CentralAsia,China,G090781E35848N,10.075,90.778,35.863,1998,1998-06-20 00:00:00,1998-08-23 00:00:00,1998
RGI60_13_CentralAsia,China,CN5Y542F0065,6.237,90.824,35.893,1998,1998-06-20 00:00:00,1998-09-08 00:00:00,1998
RGI60_13_CentralAsia,China,CN5Y542F0065,6.237,90.835,35.894,1998,1998-06-20 00:00:00,1998-08-23 00:00:00,1998
RGI60_13_CentralAsia,China,CN5Z413B0006,10.114,81.984,34.257,1998,1998-05-22 00:00:00,1998-09-27 00:00:00,1998
RGI60_13_CentralAsia,China,CN5Z213B0013,34.994,91.061,33.358,1998,1997-09-30 00:00:00,1998-12-06 00:00:00,1998
RGI60_13_CentralAsia,China,CN5Z141E0027,3.918,87.606,36.536,1999,1999-08-24 00:00:00,2000-05-22 00:00:00,1999
RGI60_13_CentralAsia,China,CN5Y624E0034 Muztag Glacier,17.616,87.195,36.318,1999,1999-08-24 00:00:00,1999-12-24 00:00:00,1999
RGI60_13_CentralAsia,China,CN5Z611A0009,20.916,89.062,33.939,1999,1999-08-17 00:00:00,1999-09-18 00:00:00,1999
RGI60_13_CentralAsia,China,CN5Z611A0003,6.191,89.035,33.974,1999,1999-08-17 00:00:00,1999-09-18 00:00:00,1999
RGI60_13_CentralAsia,China,CN5Z431G0017,5.453,82.317,34.678,1999,1999-08-05 00:00:00,1999-09-22 00:00:00,1999
RGI60_13_CentralAsia,China,CN5Z413B0006,10.114,81.984,34.257,1999,1999-08-05 00:00:00,1999-09-22 00:00:00,1999
RGI60_13_CentralAsia,China,CN5Z211I0008,12.904,89.802,35.612,1999,1999-07-25 00:00:00,1999-08-25 00:00:00,1999
RGI60_13_CentralAsia,China,CN5Z211I0008,12.904,89.807,35.609,1999,1999-07-25 00:00:00,1999-08-25 00:00:00,1999
RGI60_13_CentralAsia,China,G090781E35848N,10.075,90.778,35.863,1999,1999-07-25 00:00:00,1999-12-16 00:00:00,1999
RGI60_13_CentralAsia,China,G090781E35848N,10.075,90.769,35.855,1999,1999-07-25 00:00:00,1999-12-16 00:00:00,1999
RGI60_13_CentralAsia,China,G090781E35848N,10.075,90.767,35.859,1999,1999-07-25 00:00:00,1999-12-16 00:00:00,1999
RGI60_13_CentralAsia,China,CN5Z213B0016,23.09,91.087,33.233,1999,1999-07-10 00:00:00,1999-09-28 00:00:00,1999
RGI60_13_CentralAsia,China,RGI60-13.00604,9.855,78.0,35.585,1999,1999-07-09 00:00:00,1999-10-29 00:00:00,1999
RGI60_13_CentralAsia,China,CN5Z631G0005,36.947,85.653,34.469,1999,1999-07-06 00:00:00,1999-11-11 00:00:00,1999
RGI60_13_CentralAsia,China,CN5Z514A0009,18.289,85.918,34.45,1999,1999-07-06 00:00:00,1999-11-11 00:00:00,1999
RGI60_13_CentralAsia,China,CN5Z141E0014 Binglinchuan Glacier,12.684,87.482,36.338,1999,1999-01-28 00:00:00,1999-08-24 00:00:00,1999
RGI60_13_CentralAsia,China,CN5Z141E0002,9.075,87.608,36.367,1999,1998-11-25 00:00:00,1999-08-24 00:00:00,1999
RGI60_13_CentralAsia,Kyrgyzstan,Kuturgansuu,"2,297",74.609,42.522,1999,,,1999
RGI60_13_CentralAsia,China,CN5Z213B0016,23.09,91.107,33.237,2000,2000-08-29 00:00:00,2000-11-01 00:00:00,2000
RGI60_13_CentralAsia,China,CN5Z413B0006,10.114,81.984,34.257,2000,2000-08-07 00:00:00,2000-10-10 00:00:00,2000
RGI60_13_CentralAsia,China,CN5Z413B0005,16.236,81.988,34.291,2000,2000-08-07 00:00:00,2000-10-10 00:00:00,2000
RGI60_13_CentralAsia,China,CN5Y542F0065,6.237,90.835,35.894,2000,2000-07-19 00:00:00,2000-08-28 00:00:00,2000
RGI60_13_CentralAsia,China,CN5Z514A0009,18.289,85.918,34.45,2000,2000-07-08 00:00:00,2000-07-24 00:00:00,2000
RGI60_13_CentralAsia,China,RGI60-13.00604,9.855,78.0,35.585,2000,2000-06-25 00:00:00,2000-08-28 00:00:00,2000
RGI60_13_CentralAsia,China,CN5Z122B0001,2.835,90.739,35.785,2000,2000-06-17 00:00:00,2000-10-07 00:00:00,2000
RGI60_13_CentralAsia,China,CN5Z122B0001,2.835,90.748,35.781,2000,2000-06-17 00:00:00,2000-10-07 00:00:00,2000
RGI60_13_CentralAsia,China,CN5Z141E0014 Binglinchuan Glacier,62.465,87.501,36.362,2000,2000-05-22 00:00:00,2000-08-26 00:00:00,2000
RGI60_13_CentralAsia,China,CN5Y624E0018,7.99,87.401,36.54,2000,2000-05-22 00:00:00,2000-09-19 00:00:00,2000
RGI60_13_CentralAsia,China,CN5Y624E0020,9.436,87.394,36.525,2000,2000-05-22 00:00:00,2000-09-19 00:00:00,2000
RGI60_13_CentralAsia,China,CN5Y624E0022,12,87.377,36.525,2000,2000-05-22 00:00:00,2000-09-19 00:00:00,2000
RGI60_13_CentralAsia,China,CN5Y624E0034 Muztag Glacier,17.616,87.195,36.318,2000,2000-05-22 00:00:00,2000-09-19 00:00:00,2000
RGI60_13_CentralAsia,Kyrgyzstan,Kuturgansuu,"2,297",74.609,42.522,2000,,,2000
RGI60_13_CentralAsia,China,CN5Z611A0010,13.239,89.125,33.795,2001,2001-08-14 00:00:00,2001-09-15 00:00:00,2001
RGI60_13_CentralAsia,China,CN5Z611A0008,48.076,89.11,33.862,2001,2001-08-14 00:00:00,2001-09-24 00:00:00,2001
RGI60_13_CentralAsia,China,CN5Z413B0006,10.114,81.984,34.257,2001,2001-07-25 00:00:00,2001-09-27 00:00:00,2001
RGI60_13_CentralAsia,China,CN5Z122B0001,2.835,90.739,35.785,2001,2001-07-22 00:00:00,2001-10-26 00:00:00,2001
RGI60_13_CentralAsia,China,G090781E35848N,10.075,90.778,35.863,2001,2001-07-22 00:00:00,2001-09-24 00:00:00,2001
RGI60_13_CentralAsia,China,G090781E35848N,10.075,90.769,35.855,2001,2001-07-22 00:00:00,2001-09-24 00:00:00,2001
RGI60_13_CentralAsia,China,G090781E35848N,10.075,90.767,35.859,2001,2001-07-22 00:00:00,2001-09-24 00:00:00,2001
RGI60_13_CentralAsia,China,CN5Y542F0065,6.237,90.824,35.893,2001,2001-07-22 00:00:00,2001-10-02 00:00:00,2001
RGI60_13_CentralAsia,China,CN5Z611A0008,48.076,89.084,33.892,2001,2001-07-21 00:00:00,2002-04-11 00:00:00,2001
RGI60_13_CentralAsia,China,CN5Z141E0002,9.075,87.608,36.367,2001,2001-07-20 00:00:00,2001-09-30 00:00:00,2001
RGI60_13_CentralAsia,China,CN5Z141E0014 Binglinchuan Glacier,12.684,87.482,36.338,2001,2001-07-20 00:00:00,2001-09-30 00:00:00,2001
RGI60_13_CentralAsia,China,CN5Y624E0016,5.99,87.411,36.548,2001,2001-07-20 00:00:00,2001-09-30 00:00:00,2001
RGI60_13_CentralAsia,China,CN5Y624E0022,12,87.377,36.525,2001,2001-07-20 00:00:00,2001-10-24 00:00:00,2001
RGI60_13_CentralAsia,China,CN5Z132D0003,37.225,87.372,36.329,2001,2001-07-20 00:00:00,2001-10-24 00:00:00,2001
RGI60_13_CentralAsia,China,CN5Z631G0005,36.947,85.653,34.469,2001,2001-07-11 00:00:00,2001-11-16 00:00:00,2001
RGI60_13_CentralAsia,China,CN5Z514A0009,18.289,85.918,34.45,2001,2001-07-11 00:00:00,2001-09-13 00:00:00,2001
RGI60_13_CentralAsia,China,RGI60-13.00604,9.855,78.0,35.585,2001,2001-06-12 00:00:00,2001-10-02 00:00:00,2001
RGI60_13_CentralAsia,China,CN5Z631A0002,3.488,86.635,34.164,2001,2001-05-09 00:00:00,2001-11-17 00:00:00,2001
RGI60_13_CentralAsia,China,CN5Z631G0005,36.947,85.653,34.469,2002,2002-08-31 00:00:00,2003-05-14 00:00:00,2002
RGI60_13_CentralAsia,China,CN5Z611A0010,21.916,89.062,33.939,2002,2002-08-26 00:00:00,2002-10-04 00:00:00,2002
RGI60_13_CentralAsia,China,CN5Z211I0008,12.904,89.802,35.612,2002,2002-08-26 00:00:00,2002-10-04 00:00:00,2002
RGI60_13_CentralAsia,China,CN5Y542F0065,6.237,90.824,35.893,2002,2002-08-10 00:00:00,2002-08-26 00:00:00,2002
RGI60_13_CentralAsia,China,CN5Y542F0065,6.237,90.835,35.894,2002,2002-08-10 00:00:00,2002-08-26 00:00:00,2002
RGI60_13_CentralAsia,China,CN5Y624E0034 Muztag Glacier,48.862,87.181,36.412,2002,2002-08-08 00:00:00,2002-10-11 00:00:00,2002
RGI60_13_CentralAsia,China,RGI60-13.00604,9.855,78.0,35.585,2002,2002-08-02 00:00:00,2002-10-05 00:00:00,2002
RGI60_13_CentralAsia,China,CN5Z631A0002,3.488,86.635,34.164,2002,2002-07-07 00:00:00,2002-10-03 00:00:00,2002
RGI60_13_CentralAsia,China,CN5Z413G0019,47.89,80.812,34.331,2002,2002-07-03 00:00:00,2002-09-05 00:00:00,2002
RGI60_13_CentralAsia,China,CN5Z413G0019,47.89,80.815,34.321,2002,2002-07-03 00:00:00,2002-09-05 00:00:00,2002
RGI60_13_CentralAsia,China,CN5Z213B0016,23.09,91.087,33.233,2002,2002-06-24 00:00:00,2002-11-23 00:00:00,2002
RGI60_13_CentralAsia,China,CN5Z213B0013,34.994,91.061,33.358,2002,2002-06-24 00:00:00,2002-08-27 00:00:00,2002
RGI60_13_CentralAsia,China,CN5Z211I0008,12.904,89.807,35.609,2002,2002-04-11 00:00:00,2002-08-06 00:00:00,2002
RGI60_13_CentralAsia,China,CN5Z141E0027,3.918,87.606,36.536,2003,2003-09-20 00:00:00,2004-05-17 00:00:00,2003
RGI60_13_CentralAsia,China,CN5Z631G0005,36.947,85.653,34.469,2003,2003-08-02 00:00:00,2003-11-22 00:00:00,2003
RGI60_13_CentralAsia,China,CN5Z514A0009,18.289,85.918,34.45,2003,2003-08-02 00:00:00,2003-11-22 00:00:00,2003
RGI60_13_CentralAsia,China,CN5Y624E0020,9.436,87.394,36.525,2003,2003-07-26 00:00:00,2003-09-20 00:00:00,2003
RGI60_13_CentralAsia,China,CN5Y624E0022,12,87.377,36.525,2003,2003-07-26 00:00:00,2003-09-20 00:00:00,2003
RGI60_13_CentralAsia,China,CN5Y624E0034 Muztag Glacier,17.616,87.195,36.318,2003,2003-07-26 00:00:00,2003-09-20 00:00:00,2003
RGI60_13_CentralAsia,China,RGI60-13.00604,9.855,78.0,35.585,2003,2003-07-20 00:00:00,2003-11-20 00:00:00,2003
RGI60_13_CentralAsia,China,CN5Z122B0001,2.835,90.739,35.785,2003,2003-07-04 00:00:00,2003-09-22 00:00:00,2003
RGI60_13_CentralAsia,China,CN5Z122B0001,2.835,90.748,35.781,2003,2003-07-04 00:00:00,2003-09-22 00:00:00,2003
RGI60_13_CentralAsia,Kyrgyzstan,Kuturgansuu,"2,297",74.609,42.522,2003,,,2003
RGI60_13_CentralAsia,China,CN5Z211I0008,12.904,89.802,35.612,2004,2004-09-15 00:00:00,2004-10-01 00:00:00,2004
RGI60_13_CentralAsia,China,RGI60-13.00604,9.855,78.0,35.585,2004,2004-09-08 00:00:00,2004-09-24 00:00:00,2004
RGI60_13_CentralAsia,China,CN5Z413B0006,10.114,81.984,34.257,2004,2004-09-03 00:00:00,2004-10-05 00:00:00,2004
RGI60_13_CentralAsia,China,CN5Z631G0005,36.947,85.653,34.469,2004,2004-08-04 00:00:00,2004-09-15 00:00:00,2004
RGI60_13_CentralAsia,China,CN5Z611A0010,13.239,89.125,33.795,2004,2004-07-29 00:00:00,2004-08-30 00:00:00,2004
RGI60_13_CentralAsia,China,CN5Z611A0003,6.191,89.035,33.974,2004,2004-07-29 00:00:00,2004-09-15 00:00:00,2004
RGI60_13_CentralAsia,China,CN5Z523C0028,42.521,82.099,35.424,2004,2004-07-08 00:00:00,2004-09-19 00:00:00,2004
RGI60_13_CentralAsia,China,CN5Z141E0014 Binglinchuan Glacier,62.465,87.501,36.362,2004,2004-05-17 00:00:00,2004-09-22 00:00:00,2004
RGI60_13_CentralAsia,China,CN5Y624E0020,9.436,87.394,36.525,2004,2004-05-17 00:00:00,2004-07-28 00:00:00,2004
RGI60_13_CentralAsia,China,CN5Z141E0014 Binglinchuan Glacier,12.684,87.482,36.338,2004,2004-05-07 00:00:00,2004-09-22 00:00:00,2004
RGI60_13_CentralAsia,China,RGI60-13.00604,9.855,78.0,35.585,2005,2005-08-10 00:00:00,2005-08-26 00:00:00,2005
RGI60_13_CentralAsia,China,CN5Z611A0003,6.191,89.035,33.974,2005,2005-08-02 00:00:00,2005-10-04 00:00:00,2005
RGI60_13_CentralAsia,China,G090781E35848N,10.075,90.778,35.863,2005,2005-08-02 00:00:00,2005-10-29 00:00:00,2005
RGI60_13_CentralAsia,China,G090781E35848N,10.075,90.769,35.855,2005,2005-08-02 00:00:00,2005-10-29 00:00:00,2005
RGI60_13_CentralAsia,China,G090781E35848N,10.075,90.767,35.859,2005,2005-08-02 00:00:00,2005-10-29 00:00:00,2005
RGI60_13_CentralAsia,China,CN5Z631G0005,36.947,85.653,34.469,2005,2005-07-22 00:00:00,2005-09-08 00:00:00,2005
RGI60_13_CentralAsia,China,CN5Z514A0009,18.289,85.918,34.45,2005,2005-07-22 00:00:00,2005-09-08 00:00:00,2005
RGI60_13_CentralAsia,China,CN5Z213B0016,23.09,91.087,33.233,2005,2005-07-10 00:00:00,2005-08-27 00:00:00,2005
RGI60_13_CentralAsia,China,CN5Y624E0020,9.436,87.394,36.525,2005,2005-06-29 00:00:00,2005-11-20 00:00:00,2005
RGI60_13_CentralAsia,China,CN5Z141E0027,3.918,87.606,36.536,2005,2004-09-22 00:00:00,2006-07-10 00:00:00,2005
RGI60_13_CentralAsia,Kyrgyzstan,Kashka-Suu,0.232,76.99497,41.85897,2006,2006-07-26,2006-08-11,2006
RGI60_13_CentralAsia,China,CN5Z141E0002,9.075,87.608,36.367,2006,2006-09-04 00:00:00,2006-10-06 00:00:00,2006
RGI60_13_CentralAsia,China,CN5Z141E0014 Binglinchuan Glacier,12.684,87.482,36.338,2006,2006-09-04 00:00:00,2006-10-06 00:00:00,2006
RGI60_13_CentralAsia,China,CN5Z611A0006,17.916,89.062,33.939,2006,2006-08-20 00:00:00,2006-12-10 00:00:00,2006
RGI60_13_CentralAsia,China,CN5Z611A0003,6.191,89.035,33.974,2006,2006-08-20 00:00:00,2006-09-29 00:00:00,2006
RGI60_13_CentralAsia,China,CN5Z211I0008,12.904,89.807,35.609,2006,2006-08-20 00:00:00,2006-09-14 00:00:00,2006
RGI60_13_CentralAsia,China,CN5Z611A0015,11.787,89.021,33.764,2006,2006-08-04 00:00:00,2006-09-05 00:00:00,2006
RGI60_13_CentralAsia,China,CN5Y542F0065,6.237,90.835,35.894,2006,2006-07-28 00:00:00,2006-09-14 00:00:00,2006
RGI60_13_CentralAsia,China,RGI60-13.00604,9.855,78.0,35.585,2006,2006-07-28 00:00:00,2006-09-14 00:00:00,2006
RGI60_13_CentralAsia,China,CN5Z631G0005,36.947,85.653,34.469,2006,2006-07-25 00:00:00,2006-09-19 00:00:00,2006
RGI60_13_CentralAsia,China,CN5Z141E0014 Binglinchuan Glacier,62.465,87.501,36.362,2006,2006-07-10 00:00:00,2006-10-04 00:00:00,2006
RGI60_13_CentralAsia,China,CN5Y624E0019,8.99,87.401,36.54,2006,2006-07-10 00:00:00,2006-09-04 00:00:00,2006
RGI60_13_CentralAsia,China,CN5Y624E0034 Muztag Glacier,17.616,87.195,36.318,2006,2006-07-10 00:00:00,2006-09-04 00:00:00,2006
RGI60_13_CentralAsia,China,CN5Z514A0009,18.289,85.918,34.45,2006,2006-07-09 00:00:00,2006-07-30 00:00:00,2006
RGI60_13_CentralAsia,China,CN5Z413B0006,10.114,81.984,34.257,2006,2006-07-07 00:00:00,2006-09-09 00:00:00,2006
RGI60_13_CentralAsia,China,CN5Z611A0008,48.076,89.098,33.851,2006,2006-07-03 00:00:00,2006-08-04 00:00:00,2006
RGI60_13_CentralAsia,China,CN5Z122B0001,2.835,90.739,35.785,2006,2006-06-26 00:00:00,2006-09-14 00:00:00,2006
RGI60_13_CentralAsia,China,CN5Z122B0001,2.835,90.748,35.781,2006,2006-06-26 00:00:00,2006-09-14 00:00:00,2006
RGI60_13_CentralAsia,China,CN5Z122B0001,22.615,90.809,35.81,2006,2006-06-26 00:00:00,2006-09-14 00:00:00,2006
RGI60_13_CentralAsia,China,CN5Z611A0010,13.239,89.125,33.795,2006,2006-06-10 00:00:00,2006-07-03 00:00:00,2006
RGI60_13_CentralAsia,China,CN5Z413G0011,5.252,80.797,34.425,2006,2006-03-24 00:00:00,2006-10-02 00:00:00,2006
RGI60_13_CentralAsia,China,CN5Z611A0007,18.916,89.062,33.939,2007,2007-09-17 00:00:00,2008-06-15 00:00:00,2007
RGI60_13_CentralAsia,China,CN5Z141E0014 Binglinchuan Glacier,12.684,87.482,36.338,2007,2007-09-15 00:00:00,2008-03-25 00:00:00,2007
RGI60_13_CentralAsia,China,CN5Z413G0019,47.89,80.83,34.325,2007,2007-08-18 00:00:00,2007-11-22 00:00:00,2007
RGI60_13_CentralAsia,China,CN5Z413G0019,47.89,80.833,34.325,2007,2007-08-18 00:00:00,2007-11-22 00:00:00,2007
RGI60_13_CentralAsia,China,CN5Z213B0014,14.985,91.127,33.344,2007,2007-08-01 00:00:00,2008-01-16 00:00:00,2007
RGI60_13_CentralAsia,China,G090781E35848N,10.075,90.769,35.855,2007,2007-07-31 00:00:00,2007-09-17 00:00:00,2007
RGI60_13_CentralAsia,China,G090781E35848N,10.075,90.767,35.859,2007,2007-07-31 00:00:00,2007-09-17 00:00:00,2007
RGI60_13_CentralAsia,China,CN5Z631G0005,36.947,85.653,34.469,2007,2007-07-20 00:00:00,2007-09-14 00:00:00,2007
RGI60_13_CentralAsia,China,CN5Z514A0009,18.289,85.918,34.45,2007,2007-07-20 00:00:00,2007-09-14 00:00:00,2007
RGI60_13_CentralAsia,China,CN5Z523C0028,42.521,82.099,35.424,2007,2007-07-18 00:00:00,2007-08-19 00:00:00,2007
RGI60_13_CentralAsia,China,CN5Y624E0020,9.99,87.401,36.54,2007,2007-07-13 00:00:00,2008-03-25 00:00:00,2007
RGI60_13_CentralAsia,China,CN5Y624E0034 Muztag Glacier,48.862,87.181,36.412,2007,2007-07-13 00:00:00,2007-09-15 00:00:00,2007
RGI60_13_CentralAsia,China,CN5Y624E0034 Muztag Glacier,17.616,87.195,36.318,2007,2007-07-13 00:00:00,2007-09-15 00:00:00,2007
RGI60_13_CentralAsia,China,CN5Z132D0003,37.225,87.37,36.332,2007,2007-07-13 00:00:00,2007-09-15 00:00:00,2007
RGI60_13_CentralAsia,China,CN5Z132D0003,37.225,87.372,36.329,2007,2007-07-13 00:00:00,2007-09-15 00:00:00,2007
RGI60_13_CentralAsia,China,RGI60-13.00604,9.855,78.0,35.585,2007,2007-06-13 00:00:00,2007-09-17 00:00:00,2007
RGI60_13_CentralAsia,China,CN5Z514A0009,18.289,85.918,34.45,2008,2008-08-07 00:00:00,2009-09-02 00:00:00,2008
RGI60_13_CentralAsia,China,CN5Z413G0019,47.89,80.836,34.347,2008,2008-07-27 00:00:00,2008-09-19 00:00:00,2008
RGI60_13_CentralAsia,China,CN5Z413G0011,5.252,80.797,34.425,2008,2008-07-27 00:00:00,2008-10-31 00:00:00,2008
RGI60_13_CentralAsia,China,CN5Z413G0019,47.89,80.815,34.321,2008,2008-07-27 00:00:00,2008-10-31 00:00:00,2008
RGI60_13_CentralAsia,China,CN5Z413G0019,47.89,80.812,34.331,2008,2008-07-27 00:00:00,2008-10-31 00:00:00,2008
RGI60_13_CentralAsia,China,RGI60-13.00604,9.855,78.0,35.585,2008,2008-07-09 00:00:00,2008-09-03 00:00:00,2008
RGI60_13_CentralAsia,China,CN5Z413B0005,16.236,81.988,34.291,2008,2008-07-04 00:00:00,2008-11-25 00:00:00,2008
RGI60_13_CentralAsia,China,CN5Z122B0001,2.835,90.739,35.785,2008,2008-06-15 00:00:00,2008-09-03 00:00:00,2008
RGI60_13_CentralAsia,China,CN5Z122B0001,2.835,90.748,35.781,2008,2008-06-15 00:00:00,2008-09-03 00:00:00,2008
RGI60_13_CentralAsia,China,RGI60-13.00604,9.855,78.0,35.585,2009,2009-08-29 00:00:00,2009-09-14 00:00:00,2009
RGI60_13_CentralAsia,China,CN5Z211I0008,12.904,89.802,35.612,2009,2009-08-28 00:00:00,2009-09-21 00:00:00,2009
RGI60_13_CentralAsia,China,CN5Z211I0008,12.904,89.807,35.609,2009,2009-08-28 00:00:00,2009-09-21 00:00:00,2009
RGI60_13_CentralAsia,China,CN5Z431G0017,5.453,82.317,34.678,2009,2009-08-16 00:00:00,2009-10-03 00:00:00,2009
RGI60_13_CentralAsia,China,CN5Z413G0019,47.89,80.812,34.331,2009,2009-08-15 00:00:00,2009-10-02 00:00:00,2009
RGI60_13_CentralAsia,China,CN5Z611A0010,13.239,89.125,33.795,2009,2009-08-12 00:00:00,2009-09-21 00:00:00,2009
RGI60_13_CentralAsia,China,CN5Y542H0034 Monuomaha Glacier,83.94,91.071,36.059,2009,2009-07-28 00:00:00,2009-08-05 00:00:00,2009
RGI60_13_CentralAsia,China,CN5Z611A0003,6.191,89.035,33.974,2009,2009-07-27 00:00:00,2009-09-29 00:00:00,2009
RGI60_13_CentralAsia,China,CN5Y624E0021,10.99,87.401,36.54,2009,2009-07-26 00:00:00,2009-09-28 00:00:00,2009
RGI60_13_CentralAsia,China,CN5Y624E0034 Muztag Glacier,17.616,87.195,36.318,2009,2009-07-26 00:00:00,2009-09-28 00:00:00,2009
RGI60_13_CentralAsia,China,CN5Z523C0028,42.521,82.099,35.424,2009,2009-07-07 00:00:00,2009-09-21 00:00:00,2009
RGI60_13_CentralAsia,China,CN5Z514A0012,13.783,85.871,34.484,2009,2009-06-23 00:00:00,2009-08-10 00:00:00,2009
RGI60_13_CentralAsia,China,CN5Z631G0005,36.947,85.653,34.469,2009,2009-06-23 00:00:00,2009-08-10 00:00:00,2009
RGI60_13_CentralAsia,China,CN5Z631G0005,36.947,85.664,34.461,2009,2009-06-23 00:00:00,2009-09-27 00:00:00,2009
RGI60_13_CentralAsia,China,CN5Z514A0009,18.289,85.918,34.45,2009,2009-06-23 00:00:00,2009-08-10 00:00:00,2009
RGI60_13_CentralAsia,Kyrgyzstan,Engilchek,373.922,79.846401,42.206778,2009,,,2009
RGI60_13_CentralAsia,Tajikistan,RGI60-13.21748,0.301,71.636755,37.094258,2009,,,2009
RGI60_13_CentralAsia,China,CN5Z141E0002,9.075,87.588,36.375,2010,2010-09-07 00:00:00,2010-11-26 00:00:00,2010
RGI60_13_CentralAsia,China,G090781E35848N,10.075,90.778,35.863,2010,2010-09-01 00:00:00,2010-11-12 00:00:00,2010
RGI60_13_CentralAsia,China,CN5Y542H0034 Monuomaha Glacier,83.94,91.071,36.059,2010,2010-09-01 00:00:00,2010-11-12 00:00:00,2010
RGI60_13_CentralAsia,China,CN5Z431G0017,5.453,82.317,34.678,2010,2010-08-27 00:00:00,2010-09-28 00:00:00,2010
RGI60_13_CentralAsia,China,CN5Z413B0005,16.236,81.988,34.291,2010,2010-08-27 00:00:00,2010-09-28 00:00:00,2010
RGI60_13_CentralAsia,China,CN5Z611A0010,13.239,89.125,33.795,2010,2010-08-15 00:00:00,2010-10-18 00:00:00,2010
RGI60_13_CentralAsia,China,CN5Z611A0009,8.511,89.128,33.865,2010,2010-08-15 00:00:00,2010-10-18 00:00:00,2010
RGI60_13_CentralAsia,China,CN5Z611A0008,48.076,89.083,33.88,2010,2010-08-15 00:00:00,2010-10-18 00:00:00,2010
RGI60_13_CentralAsia,China,CN5Z611A0008,19.916,89.062,33.939,2010,2010-08-15 00:00:00,2010-10-18 00:00:00,2010
RGI60_13_CentralAsia,China,CN5Z611A0003,6.191,89.035,33.974,2010,2010-08-15 00:00:00,2010-10-18 00:00:00,2010
RGI60_13_CentralAsia,China,CN5Z631G0005,36.947,85.653,34.469,2010,2010-08-13 00:00:00,2010-09-30 00:00:00,2010
RGI60_13_CentralAsia,China,CN5Z631G0005,36.947,85.664,34.461,2010,2010-08-13 00:00:00,2010-09-30 00:00:00,2010
RGI60_13_CentralAsia,China,CN5Y542F0065,6.237,90.835,35.894,2010,2010-08-08 00:00:00,2010-09-01 00:00:00,2010
RGI60_13_CentralAsia,China,CN5Z141E0002,9.075,87.608,36.367,2010,2010-08-06 00:00:00,2010-09-07 00:00:00,2010
RGI60_13_CentralAsia,China,CN5Z141E0014 Binglinchuan Glacier,62.465,87.501,36.362,2010,2010-08-06 00:00:00,2010-09-07 00:00:00,2010
RGI60_13_CentralAsia,China,CN5Z141E0014 Binglinchuan Glacier,12.684,87.482,36.338,2010,2010-08-06 00:00:00,2010-11-26 00:00:00,2010
RGI60_13_CentralAsia,China,CN5Z141E0027,3.918,87.606,36.536,2010,2010-08-06 00:00:00,2010-09-07 00:00:00,2010
RGI60_13_CentralAsia,China,CN5Y624E0022,11.99,87.401,36.54,2010,2010-08-06 00:00:00,2010-09-07 00:00:00,2010
RGI60_13_CentralAsia,China,CN5Z132D0003,37.225,87.37,36.332,2010,2010-08-06 00:00:00,2010-09-07 00:00:00,2010
RGI60_13_CentralAsia,China,CN5Z132D0003,37.225,87.372,36.329,2010,2010-08-06 00:00:00,2010-09-07 00:00:00,2010
RGI60_13_CentralAsia,China,CN5Z213B0013,34.994,91.061,33.358,2010,2010-08-01 00:00:00,2010-10-20 00:00:00,2010
RGI60_13_CentralAsia,China,CN5Z611A0015,11.787,89.021,33.764,2010,2010-07-30 00:00:00,2010-08-15 00:00:00,2010
RGI60_13_CentralAsia,China,CN5Z413G0019,47.89,80.815,34.321,2010,2010-07-17 00:00:00,2010-09-27 00:00:00,2010
RGI60_13_CentralAsia,China,CN5Z523C0028,42.521,82.099,35.424,2010,2010-07-17 00:00:00,2010-08-27 00:00:00,2010
RGI60_13_CentralAsia,China,CN5Z413G0019,47.89,80.812,34.331,2010,2010-07-17 00:00:00,2010-09-27 00:00:00,2010
RGI60_13_CentralAsia,China,RGI60-13.00604,9.855,78.0,35.585,2010,2010-07-15 00:00:00,2010-09-17 00:00:00,2010
RGI60_13_CentralAsia,China,CN5Y624E0016,5.99,87.411,36.548,2010,2009-07-18 00:00:00,2010-08-06 00:00:00,2010
RGI60_13_CentralAsia,Kyrgyzstan,Engilchek,373.922,79.846401,42.206778,2010,,,2010
RGI60_13_CentralAsia,Kyrgyzstan,Kuturgansuu,"2,297",74.609,42.522,2010,,,2010
RGI60_13_CentralAsia,China,CN5Z631G0005,36.947,85.653,34.469,2011,2011-09-09 00:00:00,2011-09-25 00:00:00,2011
RGI60_13_CentralAsia,China,CN5Y624E0034 Muztag Glacier,17.616,87.195,36.318,2011,2011-08-25 00:00:00,2011-12-07 00:00:00,2011
RGI60_13_CentralAsia,China,RGI60-13.00604,9.855,78.0,35.585,2011,2011-08-11 00:00:00,2011-08-12 00:00:00,2011
RGI60_13_CentralAsia,China,CN5Z413G0019,47.89,80.81,34.328,2011,2011-08-05 00:00:00,2011-09-22 00:00:00,2011
RGI60_13_CentralAsia,China,CN5Z413G0019,47.89,80.812,34.331,2011,2011-08-05 00:00:00,2011-09-22 00:00:00,2011
RGI60_13_CentralAsia,China,G090781E35848N,10.075,90.778,35.863,2011,2011-07-26 00:00:00,2011-09-28 00:00:00,2011
RGI60_13_CentralAsia,China,CN5Z514A0009,18.289,85.918,34.45,2011,2011-07-15 00:00:00,2011-09-15 00:00:00,2011
RGI60_13_CentralAsia,China,CN5Z523C0028,42.521,82.099,35.424,2011,2011-07-13 00:00:00,2011-08-30 00:00:00,2011
RGI60_13_CentralAsia,Kyrgyzstan,Engilchek,373.922,79.846401,42.206778,2011,,,2011
RGI60_13_CentralAsia,China,CN5Z611A0008,48.076,89.11,33.862,2012,2012-09-29 00:00:00,2012-11-16 00:00:00,2012
RGI60_13_CentralAsia,China,CN5Z611A0009,20.916,89.062,33.939,2012,2012-09-29 00:00:00,2012-11-16 00:00:00,2012
RGI60_13_CentralAsia,China,CN5Z141E0014 Binglinchuan Glacier,12.684,87.482,36.338,2012,2012-09-04 00:00:00,2012-11-07 00:00:00,2012
RGI60_13_CentralAsia,China,CN5Z413G0011,5.252,80.797,34.425,2012,2012-07-30 00:00:00,2012-09-16 00:00:00,2012
RGI60_13_CentralAsia,China,RGI60-13.00604,9.855,78.0,35.585,2012,2012-07-28 00:00:00,2012-09-30 00:00:00,2012
RGI60_13_CentralAsia,China,CN5Y636I0041,25.53,82.282,35.591,2012,2012-07-07 00:00:00,2012-08-24 00:00:00,2012
RGI60_13_CentralAsia,China,G090781E35848N,10.075,90.769,35.855,2012,2012-07-04 00:00:00,2012-09-22 00:00:00,2012
RGI60_13_CentralAsia,China,G090781E35848N,10.075,90.767,35.859,2012,2012-07-04 00:00:00,2012-09-22 00:00:00,2012
RGI60_13_CentralAsia,China,CN5Y542H0034 Monuomaha Glacier,83.94,91.085,36.056,2012,2012-07-04 00:00:00,2012-09-22 00:00:00,2012
RGI60_13_CentralAsia,Kyrgyzstan,Engilchek,373.922,79.846401,42.206778,2012,,,2012
RGI60_13_CentralAsia,China,CN5Z213B0016,23.09,91.087,33.233,2013,2013-09-10 00:00:00,2013-11-29 00:00:00,2013
RGI60_13_CentralAsia,China,CN5Z611A0015,11.787,89.021,33.764,2013,2013-08-15 00:00:00,2013-10-11 00:00:00,2013
RGI60_13_CentralAsia,China,CN5Z611A0010,33.595,89.12,33.844,2013,2013-08-15 00:00:00,2013-10-26 00:00:00,2013
RGI60_13_CentralAsia,China,CN5Z213B0014,14.985,91.127,33.344,2013,2013-08-09 00:00:00,2013-09-10 00:00:00,2013
RGI60_13_CentralAsia,China,CN5Z413G0019,47.89,80.83,34.325,2013,2013-08-02 00:00:00,2013-09-11 00:00:00,2013
RGI60_13_CentralAsia,China,CN5Z211F0001,4.205,89.616,34.928,2013,2013-07-31 00:00:00,2013-12-29 00:00:00,2013
RGI60_13_CentralAsia,China,CN5Z211F0008,4.778,89.572,34.923,2013,2013-07-31 00:00:00,2013-12-29 00:00:00,2013
RGI60_13_CentralAsia,China,CN5Y542F0065,6.237,90.824,35.893,2013,2013-07-31 00:00:00,2013-10-03 00:00:00,2013
RGI60_13_CentralAsia,China,CN5Y542F0065,6.237,90.835,35.894,2013,2013-07-31 00:00:00,2013-10-03 00:00:00,2013
RGI60_13_CentralAsia,China,CN5Y542H0034 Monuomaha Glacier,83.94,91.071,36.059,2013,2013-07-31 00:00:00,2013-10-03 00:00:00,2013
RGI60_13_CentralAsia,China,CN5Y542H0034 Monuomaha Glacier,83.94,91.085,36.056,2013,2013-07-31 00:00:00,2013-10-03 00:00:00,2013
RGI60_13_CentralAsia,China,CN5Z141E0002,9.075,87.608,36.367,2013,2013-07-29 00:00:00,2013-08-30 00:00:00,2013
RGI60_13_CentralAsia,China,CN5Z141E0014 Binglinchuan Glacier,12.684,87.482,36.338,2013,2013-07-29 00:00:00,2013-08-30 00:00:00,2013
RGI60_13_CentralAsia,China,CN5Y624E0034 Muztag Glacier,48.862,87.181,36.412,2013,2013-07-29 00:00:00,2013-08-30 00:00:00,2013
RGI60_13_CentralAsia,China,CN5Z631G0005,36.947,85.664,34.461,2013,2013-07-28 00:00:00,2013-08-13 00:00:00,2013
RGI60_13_CentralAsia,China,RGI60-13.00604,9.855,78.0,35.585,2013,2013-07-23 00:00:00,2013-08-08 00:00:00,2013
RGI60_13_CentralAsia,China,CN5Z523J0009,30.679,82.362,34.729,2013,2013-07-18 00:00:00,2013-09-12 00:00:00,2013
RGI60_13_CentralAsia,China,CN5Z431G0017,5.453,82.317,34.678,2013,2013-07-18 00:00:00,2013-09-12 00:00:00,2013
RGI60_13_CentralAsia,China,CN5Z413B0006,10.114,81.984,34.257,2013,2013-07-18 00:00:00,2013-09-12 00:00:00,2013
RGI60_13_CentralAsia,China,CN5Z413B0005,16.236,81.988,34.291,2013,2013-07-18 00:00:00,2013-09-18 00:00:00,2013
RGI60_13_CentralAsia,China,CN5Y636I0041,25.53,82.282,35.591,2013,2013-07-14 00:00:00,2013-08-10 00:00:00,2013
RGI60_13_CentralAsia,China,CN5Z413G0011,5.252,80.797,34.425,2013,2013-07-09 00:00:00,2013-08-02 00:00:00,2013
RGI60_13_CentralAsia,China,CN5Z413G0019,47.89,80.812,34.331,2013,2013-07-09 00:00:00,2013-08-02 00:00:00,2013
RGI60_13_CentralAsia,China,CN5Z523C0028,42.521,82.099,35.424,2013,2013-07-02 00:00:00,2013-08-10 00:00:00,2013
RGI60_13_CentralAsia,China,G090781E35848N,10.075,90.778,35.863,2013,2013-06-29 00:00:00,2013-07-31 00:00:00,2013
RGI60_13_CentralAsia,China,CN5Y624E0020,9.436,87.394,36.525,2013,2013-06-11 00:00:00,2013-07-29 00:00:00,2013
RGI60_13_CentralAsia,China,CN5Y624E0034 Muztag Glacier,17.616,87.195,36.318,2013,2013-06-11 00:00:00,2013-07-29 00:00:00,2013
RGI60_13_CentralAsia,China,CN5Z514A0009,18.289,85.918,34.45,2013,2013-06-10 00:00:00,2013-07-12 00:00:00,2013
RGI60_13_CentralAsia,China,CN5Z122B0001,22.615,90.809,35.81,2013,2013-04-05 00:00:00,2013-06-13 00:00:00,2013
RGI60_13_CentralAsia,China,CN5Y542F0065,6.237,90.835,35.894,2014,2014-08-19 00:00:00,2014-11-15 00:00:00,2014
RGI60_13_CentralAsia,China,CN5Y542H0034 Monuomaha Glacier,83.94,91.085,36.056,2014,2014-08-19 00:00:00,2014-08-27 00:00:00,2014
RGI60_13_CentralAsia,China,CN5Z141E0002,9.075,87.608,36.367,2014,2014-08-17 00:00:00,2014-10-04 00:00:00,2014
RGI60_13_CentralAsia,China,CN5Y624E0016,5.99,87.411,36.548,2014,2014-08-17 00:00:00,2014-10-04 00:00:00,2014
RGI60_13_CentralAsia,China,CN5Z523J0009,30.679,82.38,34.724,2014,2014-08-06 00:00:00,2014-11-10 00:00:00,2014
RGI60_13_CentralAsia,China,CN5Z431G0017,5.453,82.317,34.678,2014,2014-08-06 00:00:00,2014-11-10 00:00:00,2014
RGI60_13_CentralAsia,China,CN5Z413B0006,10.114,81.984,34.257,2014,2014-08-06 00:00:00,2014-11-10 00:00:00,2014
RGI60_13_CentralAsia,China,CN5Z431G0003,5.281,82.35,35.195,2014,2014-08-06 00:00:00,2014-11-10 00:00:00,2014
RGI60_13_CentralAsia,China,CN5Z523C0009,4.581,82.397,35.198,2014,2014-08-06 00:00:00,2014-11-10 00:00:00,2014
RGI60_13_CentralAsia,China,CN5Y636K0025,9.811,81.895,35.566,2014,2014-08-01 00:00:00,2014-08-22 00:00:00,2014
RGI60_13_CentralAsia,China,CN5Z611A0010,13.239,89.125,33.795,2014,2014-07-25 00:00:00,2014-10-13 00:00:00,2014
RGI60_13_CentralAsia,China,CN5Z611A0015,11.787,89.021,33.764,2014,2014-07-25 00:00:00,2014-09-19 00:00:00,2014
RGI60_13_CentralAsia,China,CN5Z611A0010,33.595,89.12,33.844,2014,2014-07-25 00:00:00,2014-10-13 00:00:00,2014
RGI60_13_CentralAsia,China,CN5Z611A0009,8.511,89.128,33.865,2014,2014-07-25 00:00:00,2014-11-14 00:00:00,2014
RGI60_13_CentralAsia,China,CN5Z611A0008,48.076,89.083,33.88,2014,2014-07-25 00:00:00,2014-10-13 00:00:00,2014
RGI60_13_CentralAsia,China,CN5Z611A0010,21.916,89.062,33.939,2014,2014-07-25 00:00:00,2014-10-13 00:00:00,2014
RGI60_13_CentralAsia,China,CN5Z611A0003,6.191,89.035,33.974,2014,2014-07-25 00:00:00,2014-10-13 00:00:00,2014
RGI60_13_CentralAsia,China,CN5Z211F0001,2.344,89.618,34.885,2014,2014-07-25 00:00:00,2014-10-13 00:00:00,2014
RGI60_13_CentralAsia,China,CN5Z211F0001,4.205,89.616,34.928,2014,2014-07-25 00:00:00,2014-10-13 00:00:00,2014
RGI60_13_CentralAsia,China,CN5Z211I0008,12.904,89.807,35.609,2014,2014-07-25 00:00:00,2014-09-19 00:00:00,2014
RGI60_13_CentralAsia,China,CN5Z631G0005,36.947,85.664,34.461,2014,2014-07-23 00:00:00,2014-09-17 00:00:00,2014
RGI60_13_CentralAsia,China,G090781E35848N,10.075,90.769,35.855,2014,2014-07-18 00:00:00,2014-08-27 00:00:00,2014
RGI60_13_CentralAsia,China,CN5Y542F0065,6.237,90.824,35.893,2014,2014-07-18 00:00:00,2014-08-19 00:00:00,2014
RGI60_13_CentralAsia,China,RGI60-13.00604,9.855,78.0,35.585,2014,2014-07-10 00:00:00,2014-08-19 00:00:00,2014
RGI60_13_CentralAsia,China,CN5Z213A0017,6.269,90.847,33.382,2014,2014-07-03 00:00:00,2014-11-16 00:00:00,2014
RGI60_13_CentralAsia,China,G090781E35848N,10.075,90.778,35.863,2014,2014-07-02 00:00:00,2014-08-03 00:00:00,2014
RGI60_13_CentralAsia,China,CN5Y624E0020,9.436,87.394,36.525,2014,2014-06-30 00:00:00,2014-08-17 00:00:00,2014
RGI60_13_CentralAsia,China,CN5Y624E0034 Muztag Glacier,17.616,87.195,36.318,2014,2014-06-30 00:00:00,2014-08-20 00:00:00,2014
RGI60_13_CentralAsia,China,CN5Z132D0003,37.225,87.37,36.332,2014,2014-06-30 00:00:00,2014-08-17 00:00:00,2014
RGI60_13_CentralAsia,China,CN5Z611A0006,17.916,89.062,33.939,2015,2015-09-07 00:00:00,2015-09-30 00:00:00,2015
RGI60_13_CentralAsia,China,CN5Z141E0002,9.075,87.608,36.367,2015,2015-08-20 00:00:00,2015-10-07 00:00:00,2015
RGI60_13_CentralAsia,China,CN5Y624E0034 Muztag Glacier,48.862,87.181,36.412,2015,2015-08-20 00:00:00,2015-09-05 00:00:00,2015
RGI60_13_CentralAsia,China,CN5Z611A0010,13.239,89.125,33.795,2015,2015-08-13 00:00:00,2015-09-07 00:00:00,2015
RGI60_13_CentralAsia,China,CN5Z611A0015,11.787,89.021,33.764,2015,2015-08-13 00:00:00,2015-09-07 00:00:00,2015
RGI60_13_CentralAsia,China,CN5Z611A0003,6.191,89.035,33.974,2015,2015-08-13 00:00:00,2015-09-30 00:00:00,2015
RGI60_13_CentralAsia,China,CN5Z211F0008,4.778,89.572,34.923,2015,2015-08-13 00:00:00,2015-09-14 00:00:00,2015
RGI60_13_CentralAsia,China,CN5Z631G0005,36.947,85.664,34.461,2015,2015-08-11 00:00:00,2015-09-12 00:00:00,2015
RGI60_13_CentralAsia,China,CN5Z213B0016,23.09,91.087,33.233,2015,2015-08-07 00:00:00,2015-09-08 00:00:00,2015
RGI60_13_CentralAsia,China,CN5Z213A0017,6.269,90.847,33.382,2015,2015-07-30 00:00:00,2015-10-02 00:00:00,2015
RGI60_13_CentralAsia,China,G090781E35848N,10.075,90.778,35.863,2015,2015-07-29 00:00:00,2015-08-14 00:00:00,2015
RGI60_13_CentralAsia,China,CN5Z132D0003,37.225,87.37,36.332,2015,2015-07-29 00:00:00,2015-08-20 00:00:00,2015
RGI60_13_CentralAsia,China,CN5Z132D0003,37.225,87.372,36.329,2015,2015-07-29 00:00:00,2015-08-20 00:00:00,2015
RGI60_13_CentralAsia,China,CN5Z631G0005,36.947,85.653,34.469,2015,2015-07-26 00:00:00,2015-08-11 00:00:00,2015
RGI60_13_CentralAsia,China,CN5Z523J0009,30.679,82.38,34.724,2015,2015-07-24 00:00:00,2015-09-10 00:00:00,2015
RGI60_13_CentralAsia,China,CN5Z523C0028,42.521,82.099,35.424,2015,2015-07-24 00:00:00,2015-09-10 00:00:00,2015
RGI60_13_CentralAsia,China,CN5Y636I0041,25.53,82.282,35.591,2015,2015-07-24 00:00:00,2015-08-25 00:00:00,2015
RGI60_13_CentralAsia,China,CN5Z431G0003,5.281,82.35,35.195,2015,2015-07-24 00:00:00,2015-09-10 00:00:00,2015
RGI60_13_CentralAsia,China,CN5Z523C0009,4.581,82.397,35.198,2015,2015-07-24 00:00:00,2015-09-10 00:00:00,2015
RGI60_13_CentralAsia,China,CN5Z611A0008,48.076,89.084,33.892,2015,2015-07-21 00:00:00,2015-08-13 00:00:00,2015
RGI60_13_CentralAsia,China,CN5Z211F0001,4.205,89.616,34.928,2015,2015-07-21 00:00:00,2015-09-30 00:00:00,2015
RGI60_13_CentralAsia,China,CN5Y542F0065,6.237,90.824,35.893,2015,2015-07-21 00:00:00,2015-08-22 00:00:00,2015
RGI60_13_CentralAsia,China,CN5Y542H0034 Monuomaha Glacier,83.94,91.085,36.056,2015,2015-07-21 00:00:00,2015-08-22 00:00:00,2015
RGI60_13_CentralAsia,China,CN5Z141E0014 Binglinchuan Glacier,12.684,87.482,36.338,2015,2015-07-19 00:00:00,2015-10-07 00:00:00,2015
RGI60_13_CentralAsia,China,CN5Y624E0034 Muztag Glacier,17.616,87.195,36.318,2015,2015-07-19 00:00:00,2015-08-20 00:00:00,2015
RGI60_13_CentralAsia,China,CN5Z413G0019,47.89,80.812,34.331,2015,2015-07-15 00:00:00,2015-09-09 00:00:00,2015
RGI60_13_CentralAsia,China,CN5Z514A0009,18.289,85.918,34.45,2015,2015-07-08 00:00:00,2015-08-11 00:00:00,2015
RGI60_13_CentralAsia,China,CN5Y542H0034 Monuomaha Glacier,83.94,91.072,36.062,2015,2015-07-05 00:00:00,2015-08-22 00:00:00,2015
RGI60_13_CentralAsia,China,CN5Y542H0034 Monuomaha Glacier,83.94,91.051,36.065,2015,2015-07-05 00:00:00,2015-08-22 00:00:00,2015
RGI60_13_CentralAsia,China,RGI60-13.00604,9.855,78.0,35.585,2015,2015-07-05 00:00:00,2015-08-14 00:00:00,2015
RGI60_13_CentralAsia,China,CN5Y542H0034 Monuomaha Glacier,83.94,91.071,36.055,2015,2015-07-05 00:00:00,2015-08-22 00:00:00,2015
RGI60_13_CentralAsia,Kyrgyzstan,Engilchek,373.922,79.846401,42.206778,2015,,,2015
RGI60_13_CentralAsia,China,CN5Z611A0007,18.916,89.062,33.939,2016,2016-09-20 00:00:00,2016-10-02 00:00:00,2016
RGI60_13_CentralAsia,China,CN5Z631A0002,3.488,86.635,34.164,2016,2016-08-22 00:00:00,2016-10-25 00:00:00,2016
RGI60_13_CentralAsia,China,CN5Z413G0011,5.252,80.797,34.425,2016,2016-08-18 00:00:00,2016-09-19 00:00:00,2016
RGI60_13_CentralAsia,China,CN5Z141E0014 Binglinchuan Glacier,12.684,87.482,36.338,2016,2016-08-06 00:00:00,2016-12-12 00:00:00,2016
RGI60_13_CentralAsia,China,CN5Y624E0034 Muztag Glacier,48.862,87.181,36.412,2016,2016-08-06 00:00:00,2016-09-07 00:00:00,2016
RGI60_13_CentralAsia,China,CN5Y636I0041,25.53,82.282,35.591,2016,2016-08-03 00:00:00,2016-09-19 00:00:00,2016
RGI60_13_CentralAsia,China,CN5Z213B0016,23.09,91.087,33.233,2016,2016-08-01 00:00:00,2016-09-02 00:00:00,2016
RGI60_13_CentralAsia,China,RGI60-13.00604,9.855,78.0,35.585,2016,2016-07-31 00:00:00,2016-09-01 00:00:00,2016
RGI60_13_CentralAsia,China,CN5Y542F0065,6.237,90.835,35.894,2016,2016-07-29 00:00:00,2016-09-09 00:00:00,2016
RGI60_13_CentralAsia,China,CN5Z413G0019,47.89,80.836,34.347,2016,2016-07-21 00:00:00,2016-11-18 00:00:00,2016
RGI60_13_CentralAsia,China,CN5Y636K0025,9.811,81.895,35.566,2016,2016-07-21 00:00:00,2016-10-30 00:00:00,2016
RGI60_13_CentralAsia,China,CN5Y636J0044,2.448,82.079,35.496,2016,2016-07-21 00:00:00,2016-10-13 00:00:00,2016
RGI60_13_CentralAsia,China,G090781E35848N,10.075,90.778,35.863,2016,2016-07-15 00:00:00,2016-07-29 00:00:00,2016
RGI60_13_CentralAsia,China,CN5Z611A0010,13.239,89.125,33.795,2016,2016-07-14 00:00:00,2016-09-20 00:00:00,2016
RGI60_13_CentralAsia,China,CN5Z611A0015,11.787,89.021,33.764,2016,2016-07-14 00:00:00,2016-09-09 00:00:00,2016
RGI60_13_CentralAsia,China,CN5Z611A0010,33.595,89.12,33.844,2016,2016-07-14 00:00:00,2016-09-09 00:00:00,2016
RGI60_13_CentralAsia,China,CN5Z611A0003,6.191,89.035,33.974,2016,2016-07-14 00:00:00,2016-09-20 00:00:00,2016
RGI60_13_CentralAsia,China,CN5Z211F0002,2.344,89.618,34.885,2016,2016-07-14 00:00:00,2016-09-20 00:00:00,2016
RGI60_13_CentralAsia,China,CN5Z211F0001,4.205,89.616,34.928,2016,2016-07-14 00:00:00,2016-09-20 00:00:00,2016
RGI60_13_CentralAsia,China,CN5Z213A0017,6.269,90.847,33.382,2016,2016-06-30 00:00:00,2016-11-21 00:00:00,2016
RGI60_13_CentralAsia,China,CN5Z611A0008,48.076,89.084,33.892,2016,2016-06-28 00:00:00,2016-07-14 00:00:00,2016
RGI60_13_CentralAsia,China,CN5Z631G0005,36.947,85.653,34.469,2016,2016-06-26 00:00:00,2016-07-20 00:00:00,2016
RGI60_13_CentralAsia,China,CN5Z514A0009,18.289,85.918,34.45,2016,2016-06-26 00:00:00,2016-09-14 00:00:00,2016
RGI60_13_CentralAsia,China,CN5Z141E0002,9.075,87.588,36.375,2016,2016-06-25 00:00:00,2016-12-12 00:00:00,2016
RGI60_13_CentralAsia,China,CN5Z141E0002,9.075,87.608,36.367,2016,2016-06-25 00:00:00,2016-12-12 00:00:00,2016
RGI60_13_CentralAsia,China,CN5Y624E0016,5.99,87.411,36.548,2016,2016-06-25 00:00:00,2016-08-06 00:00:00,2016
RGI60_13_CentralAsia,China,CN5Y624E0023,12.99,87.401,36.54,2016,2016-06-25 00:00:00,2016-12-12 00:00:00,2016
RGI60_13_CentralAsia,China,CN5Y624E0034 Muztag Glacier,17.616,87.195,36.318,2016,2016-06-25 00:00:00,2016-08-06 00:00:00,2016
RGI60_13_CentralAsia,China,CN5Z132D0003,37.225,87.37,36.332,2016,2016-06-25 00:00:00,2016-12-12 00:00:00,2016
RGI60_13_CentralAsia,China,CN5Z523J0009,30.679,82.38,34.724,2016,2016-06-24 00:00:00,2016-08-03 00:00:00,2016
RGI60_13_CentralAsia,China,CN5Z413B0006,10.114,81.984,34.257,2016,2016-06-24 00:00:00,2016-10-06 00:00:00,2016
RGI60_13_CentralAsia,China,CN5Z523C0028,42.521,82.099,35.424,2016,2016-06-24 00:00:00,2016-07-21 00:00:00,2016
RGI60_13_CentralAsia,China,CN5Y542F0065,6.237,90.824,35.893,2016,2016-06-21 00:00:00,2016-07-15 00:00:00,2016
RGI60_13_CentralAsia,Kyrgyzstan,Engilchek,373.922,79.846401,42.206778,2016,2016-06-07 00:00:00,2016-07-11 00:00:00,2016
RGI60_13_CentralAsia,China,CN5Z413B0005,16.236,81.988,34.291,2016,2016-06-04 00:00:00,2016-10-30 00:00:00,2016
RGI60_13_CentralAsia,China,CN5Y624E0034 Muztag Glacier,48.862,87.181,36.412,2016,2016-03-31 00:00:00,2016-06-25 00:00:00,2016
RGI60_13_CentralAsia,China,CN5Z213B0014,14.985,91.127,33.344,2017,2017-10-17 00:00:00,2018-05-25 00:00:00,2017
RGI60_13_CentralAsia,China,CN5Y636I0041,25.53,82.282,35.591,2017,2017-08-21 00:00:00,2017-10-01 00:00:00,2017
RGI60_13_CentralAsia,China,CN5Z611A0010,33.595,89.12,33.844,2017,2017-08-18 00:00:00,2017-09-28 00:00:00,2017
RGI60_13_CentralAsia,China,CN5Z611A0008,48.076,89.11,33.862,2017,2017-08-18 00:00:00,2017-09-28 00:00:00,2017
RGI60_13_CentralAsia,China,CN5Z611A0008,19.916,89.062,33.939,2017,2017-08-18 00:00:00,2017-10-10 00:00:00,2017
RGI60_13_CentralAsia,China,CN5Z631G0005,36.947,85.664,34.461,2017,2017-08-16 00:00:00,2017-10-03 00:00:00,2017
RGI60_13_CentralAsia,China,CN5Y636J0044,2.448,82.079,35.496,2017,2017-08-15 00:00:00,2017-10-01 00:00:00,2017
RGI60_13_CentralAsia,China,CN5Z431G0017,5.453,82.317,34.678,2017,2017-08-14 00:00:00,2017-10-01 00:00:00,2017
RGI60_13_CentralAsia,China,CN5Z413B0006,10.114,81.984,34.257,2017,2017-08-14 00:00:00,2017-09-15 00:00:00,2017
RGI60_13_CentralAsia,China,CN5Z211F0008,4.778,89.572,34.923,2017,2017-08-11 00:00:00,2017-10-10 00:00:00,2017
RGI60_13_CentralAsia,China,CN5Y542F0065,6.237,90.835,35.894,2017,2017-08-11 00:00:00,2017-09-28 00:00:00,2017
RGI60_13_CentralAsia,China,CN5Z523C0028,42.521,82.099,35.424,2017,2017-07-29 00:00:00,2017-08-20 00:00:00,2017
RGI60_13_CentralAsia,China,CN5Z211F0001,4.205,89.616,34.928,2017,2017-07-27 00:00:00,2017-10-10 00:00:00,2017
RGI60_13_CentralAsia,China,CN5Z141E0002,9.075,87.608,36.367,2017,2017-07-27 00:00:00,2017-10-03 00:00:00,2017
RGI60_13_CentralAsia,China,CN5Y624E0025,12.905,87.32,36.504,2017,2017-07-24 00:00:00,2017-10-03 00:00:00,2017
RGI60_13_CentralAsia,China,CN5Y624E0034 Muztag Glacier,17.616,87.195,36.318,2017,2017-07-24 00:00:00,2017-10-03 00:00:00,2017
RGI60_13_CentralAsia,China,RGI60-13.00604,9.855,78.0,35.585,2017,2017-07-18 00:00:00,2017-08-19 00:00:00,2017
RGI60_13_CentralAsia,China,CN5Z611A0008,48.076,89.084,33.892,2017,2017-07-10 00:00:00,2017-08-02 00:00:00,2017
RGI60_13_CentralAsia,China,G090781E35848N,10.075,90.778,35.863,2017,2017-07-10 00:00:00,2017-08-03 00:00:00,2017
RGI60_13_CentralAsia,China,G090781E35848N,10.075,90.769,35.855,2017,2017-07-10 00:00:00,2017-08-03 00:00:00,2017
RGI60_13_CentralAsia,China,CN5Y542G0008,1.523,90.748,35.853,2017,2017-07-10 00:00:00,2017-08-03 00:00:00,2017
RGI60_13_CentralAsia,China,CN5Y542H0034 Monuomaha Glacier,83.94,91.071,36.055,2017,2017-07-10 00:00:00,2017-09-28 00:00:00,2017
RGI60_13_CentralAsia,China,CN5Z213A0017,6.269,90.847,33.382,2017,2017-07-09 00:00:00,2017-09-27 00:00:00,2017
RGI60_13_CentralAsia,China,CN5Y542F0065,6.237,90.824,35.893,2017,2017-07-02 00:00:00,2017-08-03 00:00:00,2017
RGI60_13_CentralAsia,China,CN5Z213B0016,23.09,91.087,33.233,2017,2017-06-25 00:00:00,2017-07-11 00:00:00,2017
RGI60_13_CentralAsia,China,CN5Z433C0027 Gongxing Glacier,108.183,80.729,35.256,2018,2018-08-31 00:00:00,2018-09-25 00:00:00,2018
RGI60_13_CentralAsia,China,CN5Z413G0019,47.89,80.83,34.325,2018,2018-08-30 00:00:00,2018-11-12 00:00:00,2018
RGI60_13_CentralAsia,China,CN5Y636J0044,2.448,82.079,35.496,2018,2018-08-30 00:00:00,2018-09-02 00:00:00,2018
RGI60_13_CentralAsia,China,CN5Z141E0014 Binglinchuan Glacier,12.684,87.482,36.338,2018,2018-08-28 00:00:00,2018-12-17 00:00:00,2018
RGI60_13_CentralAsia,China,CN5Z631A0002,3.488,86.635,34.164,2018,2018-08-28 00:00:00,2018-09-29 00:00:00,2018
RGI60_13_CentralAsia,China,CN5Y542F0065,6.237,90.835,35.894,2018,2018-08-18 00:00:00,2018-11-26 00:00:00,2018
RGI60_13_CentralAsia,China,CN5Y636K0025,9.811,81.895,35.566,2018,2018-07-23 00:00:00,2018-08-30 00:00:00,2018
RGI60_13_CentralAsia,China,CN5Y636J0075,21.289,81.853,35.292,2018,2018-07-23 00:00:00,2018-09-02 00:00:00,2018
RGI60_13_CentralAsia,China,CN5Y636I0041,25.53,82.282,35.591,2018,2018-07-23 00:00:00,2018-09-02 00:00:00,2018
RGI60_13_CentralAsia,China,CN5Z611A0010,13.239,89.125,33.795,2018,2018-07-22 00:00:00,2018-11-24 00:00:00,2018
RGI60_13_CentralAsia,China,CN5Z611A0015,11.787,89.021,33.764,2018,2018-07-22 00:00:00,2018-08-22 00:00:00,2018
RGI60_13_CentralAsia,China,CN5Z611A0010,33.595,89.12,33.844,2018,2018-07-22 00:00:00,2018-11-24 00:00:00,2018
RGI60_13_CentralAsia,China,CN5Z611A0008,48.076,89.11,33.862,2018,2018-07-22 00:00:00,2018-10-01 00:00:00,2018
RGI60_13_CentralAsia,China,CN5Z611A0009,8.511,89.128,33.865,2018,2018-07-22 00:00:00,2018-11-24 00:00:00,2018
RGI60_13_CentralAsia,China,CN5Z611A0008,48.076,89.083,33.88,2018,2018-07-22 00:00:00,2018-10-01 00:00:00,2018
RGI60_13_CentralAsia,China,CN5Z611A0009,20.916,89.062,33.939,2018,2018-07-22 00:00:00,2018-11-24 00:00:00,2018
RGI60_13_CentralAsia,China,CN5Z611A0003,6.191,89.035,33.974,2018,2018-07-22 00:00:00,2018-11-24 00:00:00,2018
RGI60_13_CentralAsia,China,RGI60-13.00604,9.855,78.0,35.585,2018,2018-07-13 00:00:00,2018-08-14 00:00:00,2018
RGI60_13_CentralAsia,China,CN5Y624E0022,12,87.377,36.525,2018,2018-07-11 00:00:00,2018-08-18 00:00:00,2018
RGI60_13_CentralAsia,China,CN5Y624E0034 Muztag Glacier,17.616,87.195,36.318,2018,2018-07-11 00:00:00,2018-08-18 00:00:00,2018
RGI60_13_CentralAsia,China,CN5Z141E0002,9.075,87.588,36.375,2018,2018-07-10 00:00:00,2018-12-17 00:00:00,2018
RGI60_13_CentralAsia,China,CN5Z141E0002,9.075,87.608,36.367,2018,2018-07-10 00:00:00,2018-12-17 00:00:00,2018
RGI60_13_CentralAsia,China,CN5Z132D0003,37.225,87.37,36.332,2018,2018-07-10 00:00:00,2018-08-28 00:00:00,2018
RGI60_13_CentralAsia,China,CN5Z523C0028,42.521,82.099,35.424,2018,2018-07-08 00:00:00,2018-08-30 00:00:00,2018
RGI60_13_CentralAsia,China,CN5Z413G0019,47.89,80.812,34.331,2018,2018-07-06 00:00:00,2018-08-30 00:00:00,2018
RGI60_13_CentralAsia,China,CN5Z213B0016,23.09,91.087,33.233,2018,2018-06-04 00:00:00,2018-07-22 00:00:00,2018
RGI60_13_CentralAsia,China,CN5Y542H0034 Monuomaha Glacier,83.94,91.085,36.056,2018,2018-05-26 00:00:00,2018-08-22 00:00:00,2018
RGI60_13_CentralAsia,China,CN5Z213B0013,34.994,91.061,33.358,2018,2018-05-25 00:00:00,2018-07-22 00:00:00,2018
RGI60_13_CentralAsia,China,CN5Z213A0017,6.269,90.847,33.382,2018,2018-05-25 00:00:00,2018-06-04 00:00:00,2018
RGI60_13_CentralAsia,China,CN5Z611A0008,48.076,89.084,33.892,2018,2018-04-24 00:00:00,2018-07-22 00:00:00,2018
RGI60_13_CentralAsia,China,CN5Z611A0015,11.787,89.021,33.764,2019,2019-10-15 00:00:00,2019-10-27 00:00:00,2019
RGI60_13_CentralAsia,China,CN5Z611A0010,33.595,89.12,33.844,2019,2019-09-25 00:00:00,2019-10-27 00:00:00,2019
RGI60_13_CentralAsia,China,CN5Z523C0009,4.581,82.397,35.198,2019,2019-09-13 00:00:00,2019-10-23 00:00:00,2019
RGI60_13_CentralAsia,China,CN5Y542F0065,6.237,90.835,35.894,2019,2019-09-12 00:00:00,2019-11-13 00:00:00,2019
RGI60_13_CentralAsia,China,CN5Z211F0003,2.344,89.618,34.885,2019,2019-09-10 00:00:00,2019-09-28 00:00:00,2019
RGI60_13_CentralAsia,China,CN5Y542H0034 Monuomaha Glacier,83.94,91.071,36.059,2019,2019-09-10 00:00:00,2019-11-13 00:00:00,2019
RGI60_13_CentralAsia,China,CN5Z611A0010,13.239,89.125,33.795,2019,2019-09-09 00:00:00,2019-09-20 00:00:00,2019
RGI60_13_CentralAsia,China,CN5Z413G0019,47.89,80.83,34.325,2019,2019-08-25 00:00:00,2019-09-12 00:00:00,2019
RGI60_13_CentralAsia,China,CN5Z413G0019,47.89,80.836,34.347,2019,2019-08-25 00:00:00,2019-09-12 00:00:00,2019
RGI60_13_CentralAsia,China,CN5Z413G0019,47.89,80.812,34.331,2019,2019-08-25 00:00:00,2019-09-12 00:00:00,2019
RGI60_13_CentralAsia,China,CN5Y636J0075,21.289,81.853,35.292,2019,2019-08-20 00:00:00,2019-09-05 00:00:00,2019
RGI60_13_CentralAsia,China,CN5Z141E0002,9.075,87.588,36.375,2019,2019-08-14 00:00:00,2019-09-13 00:00:00,2019
RGI60_13_CentralAsia,China,CN5Y624E0024,13.99,87.401,36.54,2019,2019-08-14 00:00:00,2019-09-13 00:00:00,2019
RGI60_13_CentralAsia,China,CN5Y624E0022,12,87.377,36.525,2019,2019-08-14 00:00:00,2019-09-13 00:00:00,2019
RGI60_13_CentralAsia,China,CN5Y624E0034 Muztag Glacier,17.616,87.195,36.318,2019,2019-08-14 00:00:00,2019-09-13 00:00:00,2019
RGI60_13_CentralAsia,China,CN5Z132D0003,37.225,87.37,36.332,2019,2019-08-14 00:00:00,2019-09-13 00:00:00,2019
RGI60_13_CentralAsia,China,CN5Z514H0005,35.63,85.931,34.386,2019,2019-08-14 00:00:00,2019-09-07 00:00:00,2019
RGI60_13_CentralAsia,China,CN5Z213B0016,23.09,91.087,33.233,2019,2019-07-24 00:00:00,2019-08-13 00:00:00,2019
RGI60_13_CentralAsia,China,CN5Z213A0017,6.269,90.847,33.382,2019,2019-07-24 00:00:00,2019-09-27 00:00:00,2019
RGI60_13_CentralAsia,China,CN5Y542H0034 Monuomaha Glacier,83.94,91.051,36.065,2019,2019-07-24 00:00:00,2019-08-09 00:00:00,2019
RGI60_13_CentralAsia,China,RGI60-13.00604,9.855,78.0,35.585,2019,2019-07-24 00:00:00,2019-08-25 00:00:00,2019
RGI60_13_CentralAsia,China,CN5Y542H0034 Monuomaha Glacier,83.94,91.071,36.055,2019,2019-07-24 00:00:00,2019-08-09 00:00:00,2019
RGI60_13_CentralAsia,China,CN5Z514A0009,18.289,85.918,34.45,2019,2019-07-21 00:00:00,2019-08-14 00:00:00,2019
RGI60_13_CentralAsia,China,CN5Z611A0008,48.076,89.11,33.862,2019,2019-07-07 00:00:00,2019-08-08 00:00:00,2019
RGI60_13_CentralAsia,China,CN5Z611A0009,8.511,89.128,33.865,2019,2019-07-07 00:00:00,2019-08-08 00:00:00,2019
RGI60_13_CentralAsia,China,CN5Z611A0010,21.916,89.062,33.939,2020,2020-09-14 00:00:00,2020-10-29 00:00:00,2020
RGI60_13_CentralAsia,China,CN5Z631A0002,3.488,86.635,34.164,2020,2020-09-02 00:00:00,2020-09-18 00:00:00,2020
RGI60_13_CentralAsia,China,CN5Z211F0004,2.344,89.618,34.885,2020,2020-08-25 00:00:00,2020-10-14 00:00:00,2020
RGI60_13_CentralAsia,China,CN5Y542F0065,6.237,90.824,35.893,2020,2020-08-19 00:00:00,2020-10-06 00:00:00,2020
RGI60_13_CentralAsia,China,CN5Y542H0034 Monuomaha Glacier,83.94,91.085,36.056,2020,2020-08-19 00:00:00,2020-10-06 00:00:00,2020
RGI60_13_CentralAsia,China,CN5Z413B0006,10.114,81.984,34.257,2020,2020-08-14 00:00:00,2020-09-23 00:00:00,2020
RGI60_13_CentralAsia,China,CN5Z413G0019,47.89,80.81,34.328,2020,2020-08-14 00:00:00,2020-09-30 00:00:00,2020
RGI60_13_CentralAsia,China,CN5Z413B0005,16.236,81.988,34.291,2020,2020-08-14 00:00:00,2020-09-23 00:00:00,2020
RGI60_13_CentralAsia,China,CN5Z413G0019,47.89,80.812,34.331,2020,2020-08-14 00:00:00,2020-09-14 00:00:00,2020
RGI60_13_CentralAsia,China,CN5Z413G0019,47.89,80.83,34.325,2020,2020-08-13 00:00:00,2020-09-14 00:00:00,2020
RGI60_13_CentralAsia,China,CN5Z413G0019,47.89,80.836,34.347,2020,2020-08-13 00:00:00,2020-09-03 00:00:00,2020
RGI60_13_CentralAsia,China,RGI60-13.00604,9.855,78.0,35.585,2020,2020-08-11 00:00:00,2020-09-12 00:00:00,2020
RGI60_13_CentralAsia,China,CN5Z141E0002,9.075,87.588,36.375,2020,2020-08-08 00:00:00,2020-10-07 00:00:00,2020
RGI60_13_CentralAsia,China,CN5Z141E0002,9.075,87.608,36.367,2020,2020-08-08 00:00:00,2020-10-07 00:00:00,2020
RGI60_13_CentralAsia,China,CN5Z141E0014 Binglinchuan Glacier,62.465,87.501,36.362,2020,2020-08-08 00:00:00,2020-09-02 00:00:00,2020
RGI60_13_CentralAsia,China,CN5Z132D0003,37.225,87.37,36.332,2020,2020-08-08 00:00:00,2020-10-07 00:00:00,2020
RGI60_13_CentralAsia,China,CN5Z611A0003,6.191,89.035,33.974,2020,2020-07-26 00:00:00,2020-10-04 00:00:00,2020
RGI60_13_CentralAsia,China,CN5Z211F0001,4.205,89.616,34.928,2020,2020-07-26 00:00:00,2020-10-14 00:00:00,2020
RGI60_13_CentralAsia,China,CN5Y542G0008,1.523,90.748,35.853,2020,2020-07-18 00:00:00,2020-08-19 00:00:00,2020
RGI60_13_CentralAsia,China,CN5Y542H0034 Monuomaha Glacier,83.94,91.072,36.062,2020,2020-07-18 00:00:00,2020-08-19 00:00:00,2020
RGI60_13_CentralAsia,China,CN5Y542H0034 Monuomaha Glacier,83.94,91.051,36.065,2020,2020-07-18 00:00:00,2020-08-19 00:00:00,2020
RGI60_13_CentralAsia,China,CN5Y542H0034 Monuomaha Glacier,83.94,91.071,36.055,2020,2020-07-18 00:00:00,2020-08-19 00:00:00,2020
RGI60_13_CentralAsia,China,CN5Y624E0022,12,87.377,36.525,2020,2020-07-16 00:00:00,2020-10-07 00:00:00,2020
RGI60_13_CentralAsia,China,CN5Y624E0034 Muztag Glacier,17.616,87.195,36.318,2020,2020-07-16 00:00:00,2020-10-07 00:00:00,2020
RGI60_13_CentralAsia,China,CN5Z514H0005,35.63,85.931,34.386,2020,2020-07-15 00:00:00,2020-08-16 00:00:00,2020
RGI60_13_CentralAsia,China,CN5Z514A0009,18.289,85.918,34.45,2020,2020-07-15 00:00:00,2020-08-16 00:00:00,2020
RGI60_13_CentralAsia,China,CN5Z631G0005,36.947,85.664,34.461,2020,2020-07-07 00:00:00,2020-08-24 00:00:00,2020
RGI60_13_CentralAsia,China,CN5Y636I0041,25.53,82.282,35.591,2020,2020-06-30 00:00:00,2020-08-14 00:00:00,2020
RGI60_13_CentralAsia,China,CN5Z213A0017,6.269,90.847,33.382,2020,2020-06-23 00:00:00,2020-10-16 00:00:00,2020
RGI60_13_CentralAsia,China,CN5Z611A0008,48.076,89.084,33.892,2020,2020-06-23 00:00:00,2020-07-25 00:00:00,2020
RGI60_13_CentralAsia,China,CN5Z413G0011,5.252,80.797,34.425,2020,2018-08-30 00:00:00,2018-11-12 00:00:00,2020
RGI60_13_CentralAsia,China,CN5Z611A0003,6.191,89.035,33.974,2021,2021-09-09 00:00:00,2021-10-09 00:00:00,2021
RGI60_13_CentralAsia,China,CN5Z211F0005,2.344,89.618,34.885,2021,2021-09-09 00:00:00,2021-09-29 00:00:00,2021
RGI60_13_CentralAsia,China,CN5Z413G0019,47.89,80.833,34.325,2021,2021-09-09 00:00:00,2021-10-03 00:00:00,2021
RGI60_13_CentralAsia,China,RGI60-13.00604,9.855,78.0,35.585,2021,2021-08-30 00:00:00,2021-09-15 00:00:00,2021
RGI60_13_CentralAsia,China,CN5Y542F0065,6.237,90.835,35.894,2021,2021-08-22 00:00:00,2021-09-07 00:00:00,2021
RGI60_13_CentralAsia,China,CN5Y636K0025,9.811,81.895,35.566,2021,2021-08-19 00:00:00,2021-10-12 00:00:00,2021
RGI60_13_CentralAsia,China,CN5Y636J0044,2.448,82.079,35.496,2021,2021-08-19 00:00:00,2021-10-12 00:00:00,2021
RGI60_13_CentralAsia,China,CN5Z141E0002,9.075,87.588,36.375,2021,2021-08-18 00:00:00,2021-09-27 00:00:00,2021
RGI60_13_CentralAsia,China,CN5Z141E0002,9.075,87.608,36.367,2021,2021-08-18 00:00:00,2021-09-27 00:00:00,2021
RGI60_13_CentralAsia,China,CN5Z523J0009,30.679,82.38,34.724,2021,2021-08-17 00:00:00,2021-10-12 00:00:00,2021
RGI60_13_CentralAsia,China,CN5Z431G0017,5.453,82.317,34.678,2021,2021-08-17 00:00:00,2021-10-12 00:00:00,2021
RGI60_13_CentralAsia,China,CN5Z413B0006,10.114,81.984,34.257,2021,2021-08-17 00:00:00,2021-10-12 00:00:00,2021
RGI60_13_CentralAsia,China,CN5Z213B0016,23.09,91.087,33.233,2021,2021-07-30 00:00:00,2021-08-23 00:00:00,2021
RGI60_13_CentralAsia,China,CN5Z611A0015,11.787,89.021,33.764,2021,2021-07-28 00:00:00,2021-09-07 00:00:00,2021
RGI60_13_CentralAsia,China,G090781E35848N,10.075,90.778,35.863,2021,2021-07-28 00:00:00,2021-08-09 00:00:00,2021
RGI60_13_CentralAsia,China,CN5Z611A0010,13.239,89.125,33.795,2021,2021-07-21 00:00:00,2021-09-09 00:00:00,2021
RGI60_13_CentralAsia,China,CN5Z141E0014 Binglinchuan Glacier,12.684,87.482,36.338,2021,2021-07-19 00:00:00,2021-09-27 00:00:00,2021
RGI60_13_CentralAsia,China,CN5Y624E0025,14.99,87.401,36.54,2021,2021-07-19 00:00:00,2021-09-27 00:00:00,2021
RGI60_13_CentralAsia,China,CN5Y624E0022,12,87.377,36.525,2021,2021-07-19 00:00:00,2021-08-18 00:00:00,2021
RGI60_13_CentralAsia,China,CN5Y624E0034 Muztag Glacier,17.616,87.195,36.318,2021,2021-07-19 00:00:00,2021-08-18 00:00:00,2021
RGI60_13_CentralAsia,China,CN5Z523C0028,42.521,82.099,35.424,2021,2021-07-16 00:00:00,2021-08-17 00:00:00,2021
RGI60_13_CentralAsia,China,CN5Y636I0041,25.53,82.282,35.591,2021,2021-07-16 00:00:00,2021-08-17 00:00:00,2021
RGI60_13_CentralAsia,China,CN5Z211F0001,4.205,89.616,34.928,2021,2021-07-11 00:00:00,2021-09-29 00:00:00,2021
RGI60_13_CentralAsia,China,CN5Z514H0005,35.63,85.931,34.386,2021,2021-07-10 00:00:00,2021-09-28 00:00:00,2021
RGI60_13_CentralAsia,China,CN5Z631G0005,36.947,85.653,34.469,2021,2021-07-10 00:00:00,2021-09-28 00:00:00,2021
RGI60_13_CentralAsia,China,CN5Z514A0009,18.289,85.918,34.45,2021,2021-07-10 00:00:00,2021-09-28 00:00:00,2021
RGI60_13_CentralAsia,China,CN5Z213B0013,34.994,91.061,33.358,2021,2021-04-09 00:00:00,2021-09-06 00:00:00,2021
RGI60_13_CentralAsia,China,CN5Z611A0008,48.076,89.084,33.892,2021,2021-03-22 00:00:00,2021-07-28 00:00:00,2021
RGI60_13_CentralAsia,China,CN5Z211F0001,4.205,89.627,34.926,2021,2020-10-14 00:00:00,2021-07-11 00:00:00,2021
RGI60_13_CentralAsia,China,CN5Z141E0017,21.675,87.475,36.5,2022,2022-09-08 00:00:00,2022-10-10 00:00:00,2022
RGI60_13_CentralAsia,China,CN5Z141E0020,3.248,87.484,36.531,2022,2022-09-07 00:00:00,2022-10-10 00:00:00,2022
RGI60_13_CentralAsia,China,CN5Z611A0006,17.916,89.062,33.939,2022,2022-09-04 00:00:00,2023-07-16 00:00:00,2022
RGI60_13_CentralAsia,China,CN5Z631G0005,36.947,85.653,34.469,2022,2022-08-30 00:00:00,2022-10-27 00:00:00,2022
RGI60_13_CentralAsia,China,CN5Z433C0027 Gongxing Glacier,108.183,80.729,35.256,2022,2022-08-27 00:00:00,2022-09-03 00:00:00,2022
RGI60_13_CentralAsia,China,CN5Z211F0001,4.205,89.616,34.928,2022,2022-08-25 00:00:00,2022-09-14 00:00:00,2022
RGI60_13_CentralAsia,China,CN5Z431G0017,5.453,82.317,34.678,2022,2022-08-23 00:00:00,2022-09-13 00:00:00,2022
RGI60_13_CentralAsia,China,CN5Z611A0015,11.787,89.021,33.764,2022,2022-08-10 00:00:00,2022-09-08 00:00:00,2022
RGI60_13_CentralAsia,China,CN5Z611A0010,13.239,89.125,33.795,2022,2022-08-09 00:00:00,2022-09-04 00:00:00,2022
RGI60_13_CentralAsia,China,CN5Z611A0010,33.595,89.12,33.844,2022,2022-08-09 00:00:00,2022-09-08 00:00:00,2022
RGI60_13_CentralAsia,China,CN5Z211I0008,12.904,89.802,35.612,2022,2022-08-09 00:00:00,2022-09-09 00:00:00,2022
RGI60_13_CentralAsia,China,CN5Z211I0008,12.904,89.807,35.609,2022,2022-08-09 00:00:00,2022-09-09 00:00:00,2022
RGI60_13_CentralAsia,China,CN5Z523J0009,30.679,82.362,34.729,2022,2022-08-04 00:00:00,2023-09-13 00:00:00,2022
RGI60_13_CentralAsia,China,CN5Z523J0009,30.679,82.38,34.724,2022,2022-08-04 00:00:00,2022-09-13 00:00:00,2022
RGI60_13_CentralAsia,China,CN5Z413B0006,10.114,81.984,34.257,2022,2022-08-04 00:00:00,2022-08-28 00:00:00,2022
RGI60_13_CentralAsia,China,CN5Y636K0025,9.811,81.895,35.566,2022,2022-08-04 00:00:00,2022-08-28 00:00:00,2022
RGI60_13_CentralAsia,China,CN5Y636J0044,2.448,82.079,35.496,2022,2022-08-04 00:00:00,2022-09-13 00:00:00,2022
RGI60_13_CentralAsia,China,CN5Z413B0005,16.236,81.988,34.291,2022,2022-08-04 00:00:00,2022-08-28 00:00:00,2022
RGI60_13_CentralAsia,China,CN5Z413G0019,47.89,80.83,34.325,2022,2022-08-03 00:00:00,2022-08-27 00:00:00,2022
RGI60_13_CentralAsia,China,CN5Z141E0002,9.075,87.588,36.375,2022,2022-07-24 00:00:00,2022-09-07 00:00:00,2022
RGI60_13_CentralAsia,China,CN5Z141E0002,9.075,87.608,36.367,2022,2022-07-24 00:00:00,2022-09-07 00:00:00,2022
RGI60_13_CentralAsia,China,CN5Z141E0014 Binglinchuan Glacier,12.684,87.482,36.338,2022,2022-07-24 00:00:00,2022-09-07 00:00:00,2022
RGI60_13_CentralAsia,China,CN5Y624E0022,12,87.377,36.525,2022,2022-07-24 00:00:00,2022-09-07 00:00:00,2022
RGI60_13_CentralAsia,China,CN5Y624E0025,12.905,87.32,36.504,2022,2022-07-24 00:00:00,2022-09-07 00:00:00,2022
RGI60_13_CentralAsia,China,CN5Y542F0065,6.237,90.835,35.894,2022,2022-07-23 00:00:00,2022-08-09 00:00:00,2022
RGI60_13_CentralAsia,China,CN5Y624E0034 Muztag Glacier,48.862,87.181,36.412,2022,2022-07-22 00:00:00,2022-09-08 00:00:00,2022
RGI60_13_CentralAsia,China,CN5Z631A0002,3.488,86.635,34.164,2022,2022-07-22 00:00:00,2022-09-08 00:00:00,2022
RGI60_13_CentralAsia,China,CN5Z514A0012,13.783,85.871,34.484,2022,2022-07-21 00:00:00,2022-08-30 00:00:00,2022
RGI60_13_CentralAsia,China,CN5Z413G0019,47.89,80.812,34.331,2022,2022-07-18 00:00:00,2022-08-03 00:00:00,2022
RGI60_13_CentralAsia,China,CN5Y636I0041,25.53,82.282,35.591,2022,2022-07-11 00:00:00,2022-08-19 00:00:00,2022
RGI60_13_CentralAsia,China,G090781E35848N,10.075,90.778,35.863,2022,2022-07-08 00:00:00,2022-07-23 00:00:00,2022
RGI60_13_CentralAsia,China,CN5Y542F0065,6.237,90.824,35.893,2022,2022-07-08 00:00:00,2022-07-23 00:00:00,2022
RGI60_13_CentralAsia,China,RGI60-13.00604,9.855,78.0,35.585,2022,2022-07-08 00:00:00,2022-07-24 00:00:00,2022
RGI60_13_CentralAsia,China,CN5Y542H0034 Monuomaha Glacier,83.94,91.085,36.056,2022,2022-07-08 00:00:00,2022-08-09 00:00:00,2022
RGI60_13_CentralAsia,China,CN5Z611A0008,48.076,89.11,33.862,2022,2022-07-07 00:00:00,2022-07-23 00:00:00,2022
RGI60_13_CentralAsia,China,CN5Y624E0034 Muztag Glacier,17.616,87.195,36.318,2022,2022-07-04 00:00:00,2022-09-08 00:00:00,2022
RGI60_13_CentralAsia,China,CN5Z132D0003,37.225,87.372,36.329,2022,2022-07-04 00:00:00,2022-09-08 00:00:00,2022
RGI60_13_CentralAsia,China,CN5Y542H0034 Monuomaha Glacier,83.94,91.051,36.065,2022,2022-07-02 00:00:00,2022-07-08 00:00:00,2022
RGI60_13_CentralAsia,China,CN5Z213B0016,23.09,91.087,33.233,2022,2022-06-23 00:00:00,2022-07-01 00:00:00,2022
RGI60_13_CentralAsia,China,CN5Z213B0013,34.994,91.061,33.358,2022,2022-06-23 00:00:00,2022-08-10 00:00:00,2022
RGI60_13_CentralAsia,China,CN5Z611A0008,48.076,89.084,33.892,2022,2022-06-06 00:00:00,2022-06-29 00:00:00,2022
RGI60_13_CentralAsia,China,CN5Z211F0001,4.205,89.627,34.926,2022,2021-10-09 00:00:00,2022-07-06 00:00:00,2022
RGI60_13_CentralAsia,China,CN5Z611A0007,18.916,89.062,33.939,2023,2023-09-29 00:00:00,2023-10-06 00:00:00,2023
RGI60_13_CentralAsia,China,CN5Z413B0006,10.114,81.984,34.257,2023,2023-09-08 00:00:00,2023-09-22 00:00:00,2023
RGI60_13_CentralAsia,China,CN5Z631G0005,36.947,85.653,34.469,2023,2023-09-02 00:00:00,2023-10-04 00:00:00,2023
RGI60_13_CentralAsia,China,CN5Z213B0013,34.994,91.061,33.358,2023,2023-09-01 00:00:00,2023-12-19 00:00:00,2023
RGI60_13_CentralAsia,China,CN5Z523J0009,30.679,82.38,34.724,2023,2023-08-31 00:00:00,2023-10-02 00:00:00,2023
RGI60_13_CentralAsia,China,CN5Z431G0017,5.453,82.317,34.678,2023,2023-08-31 00:00:00,2023-10-02 00:00:00,2023
RGI60_13_CentralAsia,China,CN5Y636K0025,9.811,81.895,35.566,2023,2023-08-22 00:00:00,2023-08-31 00:00:00,2023
RGI60_13_CentralAsia,China,CN5Y542F0065,6.237,90.835,35.894,2023,2023-08-12 00:00:00,2023-09-13 00:00:00,2023
RGI60_13_CentralAsia,China,CN5Y624E0022,12,87.377,36.525,2023,2023-08-02 00:00:00,2023-09-12 00:00:00,2023
RGI60_13_CentralAsia,China,CN5Z213A0016,3.226,90.832,33.397,2023,2023-07-23 00:00:00,2023-09-01 00:00:00,2023
RGI60_13_CentralAsia,China,CN5Z211F0001,9.005,89.638,34.89,2023,2023-07-21 00:00:00,2023-09-14 00:00:00,2023
RGI60_13_CentralAsia,China,CN5Z211F0001,4.205,89.616,34.928,2023,2023-07-21 00:00:00,2023-09-14 00:00:00,2023
RGI60_13_CentralAsia,China,CN5Z213B0016,23.09,91.087,33.233,2023,2023-07-20 00:00:00,2023-07-28 00:00:00,2023
RGI60_13_CentralAsia,China,CN5Z213B0013,34.994,91.061,33.358,2023,2023-07-20 00:00:00,2023-08-22 00:00:00,2023
RGI60_13_CentralAsia,China,CN5Z213A0017,6.269,90.847,33.382,2023,2023-07-20 00:00:00,2023-09-01 00:00:00,2023
RGI60_13_CentralAsia,China,CN5Z141E0002,9.075,87.588,36.375,2023,2023-07-19 00:00:00,2023-09-12 00:00:00,2023
RGI60_13_CentralAsia,China,CN5Z141E0002,9.075,87.608,36.367,2023,2023-07-19 00:00:00,2023-09-12 00:00:00,2023
RGI60_13_CentralAsia,China,CN5Z141E0014 Binglinchuan Glacier,12.684,87.482,36.338,2023,2023-07-19 00:00:00,2023-09-12 00:00:00,2023
RGI60_13_CentralAsia,China,CN5Z141E0017,21.675,87.475,36.5,2023,2023-07-19 00:00:00,2023-09-12 00:00:00,2023
RGI60_13_CentralAsia,China,CN5Y624E0026,15.99,87.401,36.54,2023,2023-07-19 00:00:00,2023-09-12 00:00:00,2023
RGI60_13_CentralAsia,China,CN5Y624E0032 Yulinchuan,96.644,87.233,36.395,2023,2023-07-19 00:00:00,2023-09-12 00:00:00,2023
RGI60_13_CentralAsia,China,CN5Y624E0034 Muztag Glacier,17.616,87.195,36.318,2023,2023-07-19 00:00:00,2023-09-12 00:00:00,2023
RGI60_13_CentralAsia,China,CN5Z132D0003,37.225,87.372,36.329,2023,2023-07-19 00:00:00,2023-09-12 00:00:00,2023
RGI60_13_CentralAsia,China,CN5Z611A0010,13.239,89.125,33.795,2023,2023-07-16 00:00:00,2023-09-14 00:00:00,2023
RGI60_13_CentralAsia,China,CN5Z611A0008,48.076,89.083,33.88,2023,2023-07-16 00:00:00,2023-09-14 00:00:00,2023
RGI60_13_CentralAsia,China,CN5Z514H0005,35.63,85.931,34.386,2023,2023-07-15 00:00:00,2023-09-02 00:00:00,2023
RGI60_13_CentralAsia,China,CN5Y636J0076,11.904,81.843,35.298,2023,2023-07-14 00:00:00,2023-08-31 00:00:00,2023
RGI60_13_CentralAsia,China,CN5Y636I0041,25.53,82.282,35.591,2023,2023-07-14 00:00:00,2023-08-07 00:00:00,2023
RGI60_13_CentralAsia,China,CN5Z523C0028,42.521,82.099,35.424,2023,2023-07-13 00:00:00,2023-08-30 00:00:00,2023
RGI60_13_CentralAsia,China,CN5Z611A0015,11.787,89.021,33.764,2023,2023-07-11 00:00:00,2023-09-12 00:00:00,2023
RGI60_13_CentralAsia,China,RGI60-13.00604,9.855,78.0,35.585,2023,2023-07-11 00:00:00,2023-08-12 00:00:00,2023
RGI60_13_CentralAsia,China,CN5Z514A0009,18.289,85.918,34.45,2023,2023-07-10 00:00:00,2023-09-02 00:00:00,2023
RGI60_13_CentralAsia,China,CN5Z141E0022,1.917,87.513,36.53,2023,2023-07-09 00:00:00,2023-09-12 00:00:00,2023
RGI60_13_CentralAsia,China,CN5Z413G0011,5.252,80.797,34.425,2023,2023-07-05 00:00:00,2023-08-30 00:00:00,2023
RGI60_13_CentralAsia,China,CN5Z211F0001,4.205,89.627,34.926,2023,2022-09-14 00:00:00,2023-07-21 00:00:00,2023
RGI60_13_CentralAsia,China,CN5Z523J0003,6.633,82.387,34.694,2024,2024-09-10 00:00:00,2024-09-26 00:00:00,2024
RGI60_13_CentralAsia,China,CN5Z611A0009,8.511,89.128,33.865,2024,2024-09-06 00:00:00,2024-09-30 00:00:00,2024
RGI60_13_CentralAsia,China,CN5Z611A0008,19.916,89.062,33.939,2024,2024-09-06 00:00:00,2024-09-30 00:00:00,2024
RGI60_13_CentralAsia,China,CN5Z211I0008,12.904,89.802,35.612,2024,2024-09-06 00:00:00,2024-09-23 00:00:00,2024
RGI60_13_CentralAsia,China,CN5Z211I0008,12.904,89.807,35.609,2024,2024-09-06 00:00:00,2024-09-23 00:00:00,2024
RGI60_13_CentralAsia,China,CN5Z631A0002,3.488,86.635,34.164,2024,2024-08-20 00:00:00,2024-09-29 00:00:00,2024
RGI60_13_CentralAsia,China,CN5Z611A0015,11.787,89.021,33.764,2024,2024-08-19 00:00:00,2024-10-08 00:00:00,2024
RGI60_13_CentralAsia,China,CN5Z611A0008,48.076,89.083,33.88,2024,2024-08-19 00:00:00,2024-10-08 00:00:00,2024
RGI60_13_CentralAsia,China,CN5Z611A0003,6.191,89.044,33.958,2024,2024-08-19 00:00:00,2024-09-30 00:00:00,2024
RGI60_13_CentralAsia,China,CN5Z211F0001,9.005,89.638,34.89,2024,2024-08-19 00:00:00,2024-08-30 00:00:00,2024
RGI60_13_CentralAsia,China,CN5Z413B0005,16.236,81.988,34.291,2024,2024-08-17 00:00:00,2024-09-10 00:00:00,2024
RGI60_13_CentralAsia,China,CN5Z413G0019,47.89,80.83,34.325,2024,2024-08-16 00:00:00,2024-09-19 00:00:00,2024
RGI60_13_CentralAsia,China,CN5Z413G0019,47.89,80.815,34.321,2024,2024-08-16 00:00:00,2024-09-19 00:00:00,2024
RGI60_13_CentralAsia,China,CN5Z433C0027 Gongxing Glacier,108.183,80.729,35.256,2024,2024-08-16 00:00:00,2024-09-17 00:00:00,2024
RGI60_13_CentralAsia,China,CN5Z213B0014,14.985,91.127,33.344,2024,2024-08-11 00:00:00,2024-09-22 00:00:00,2024
RGI60_13_CentralAsia,China,CN5Z611A0010,13.239,89.125,33.795,2024,2024-08-09 00:00:00,2024-10-08 00:00:00,2024
RGI60_13_CentralAsia,China,CN5Z611A0003,6.191,89.035,33.974,2024,2024-08-09 00:00:00,2024-10-08 00:00:00,2024
RGI60_13_CentralAsia,China,CN5Y636K0025,9.811,81.895,35.566,2024,2024-08-09 00:00:00,2024-09-01 00:00:00,2024
RGI60_13_CentralAsia,China,CN5Z211F0001,4.205,89.616,34.928,2024,2024-07-30 00:00:00,2024-08-19 00:00:00,2024
RGI60_13_CentralAsia,China,CN5Z141E0002,9.075,87.608,36.367,2024,2024-07-28 00:00:00,2024-09-26 00:00:00,2024
RGI60_13_CentralAsia,China,CN5Z141E0022,1.917,87.513,36.53,2024,2024-07-28 00:00:00,2024-09-26 00:00:00,2024
RGI60_13_CentralAsia,China,CN5Y624E0016,5.99,87.411,36.548,2024,2024-07-28 00:00:00,2024-09-26 00:00:00,2024
RGI60_13_CentralAsia,China,CN5Y624E0016,5.99,87.401,36.54,2024,2024-07-28 00:00:00,2024-09-26 00:00:00,2024
RGI60_13_CentralAsia,China,CN5Y624E0022,12,87.377,36.525,2024,2024-07-28 00:00:00,2024-09-26 00:00:00,2024
RGI60_13_CentralAsia,China,CN5Y624E0034 Muztag Glacier,17.616,87.195,36.318,2024,2024-07-28 00:00:00,2024-09-26 00:00:00,2024
RGI60_13_CentralAsia,China,CN5Z132D0003,37.225,87.372,36.329,2024,2024-07-28 00:00:00,2024-09-26 00:00:00,2024
RGI60_13_CentralAsia,China,CN5Z514H0005,35.63,85.931,34.386,2024,2024-07-18 00:00:00,2024-08-11 00:00:00,2024
RGI60_13_CentralAsia,China,CN5Z514H0005,8.597,85.925,34.417,2024,2024-07-18 00:00:00,2024-08-19 00:00:00,2024
RGI60_13_CentralAsia,China,CN5Z631G0005,36.947,85.653,34.469,2024,2024-07-18 00:00:00,2024-08-11 00:00:00,2024
RGI60_13_CentralAsia,China,CN5Z514A0009,18.289,85.918,34.45,2024,2024-07-18 00:00:00,2024-08-11 00:00:00,2024
RGI60_13_CentralAsia,China,CN5Z523J0009,30.679,82.38,34.724,2024,2024-07-16 00:00:00,2024-09-10 00:00:00,2024
RGI60_13_CentralAsia,China,CN5Z413B0006,10.114,81.984,34.257,2024,2024-07-16 00:00:00,2024-09-02 00:00:00,2024
RGI60_13_CentralAsia,China,CN5Y636I0041,25.53,82.282,35.591,2024,2024-07-16 00:00:00,2024-08-08 00:00:00,2024
RGI60_13_CentralAsia,China,CN5Z213B0016,23.09,91.087,33.233,2024,2024-06-04 00:00:00,2024-07-30 00:00:00,2024
RGI60_13_CentralAsia,China,CN5Z213B0016,23.09,91.081,33.23,2024,2024-06-04 00:00:00,2024-07-30 00:00:00,2024
RGI60_13_CentralAsia,Kazakhstan,Ortalyk Tuyksu,2.838,77.082339,43.066034,1927-08-08,,,1927
RGI60_13_CentralAsia,Kyrgyzstan,Engilchek,373.922,79.846401,42.206778,1931-09-18,,,1931
RGI60_13_CentralAsia,Kyrgyzstan,Engilchek,373.922,79.846401,42.206778,1932-09-08,1932-09-08,1932-09-12,1932
RGI60_13_CentralAsia,Kyrgyzstan,Engilchek,373.922,79.846401,42.206778,1933-08-21,1933-08-21,1933-08-31,1933
RGI60_13_CentralAsia,Kyrgyzstan,Engilchek,373.922,79.846401,42.206778,1935-09-01,1935-09-01,1935-09-10,1935
RGI60_13_CentralAsia,Kyrgyzstan,Engilchek,373.922,79.846401,42.206778,1936-10-01,1936-10-01,1936-10-10,1936
RGI60_13_CentralAsia,Kyrgyzstan,Engilchek,373.922,79.846401,42.206778,1937-10-01,1937-10-01,1937-10-10,1937
RGI60_13_CentralAsia,Kazakhstan,Tuyksu,2.838,77.08,43.05,1938-07-20,,,1938
RGI60_13_CentralAsia,Kyrgyzstan,Engilchek,373.922,79.846401,42.206778,1938-10-21,1938-10-21,1938-10-31,1938
RGI60_13_CentralAsia,Kyrgyzstan,Engilchek,373.922,79.846401,42.206778,1939-08-01,,,1939
RGI60_13_CentralAsia,Kyrgyzstan,Engilchek,373.922,79.846401,42.206778,1940-10-11,1940-10-11,1940-10-20,1940
RGI60_13_CentralAsia,Kyrgyzstan,Engilchek,373.922,79.846401,42.206778,1941-10-01,1941-10-01,1941-10-10,1941
RGI60_13_CentralAsia,Kyrgyzstan,Engilchek,373.922,79.846401,42.206778,1942-10-01,1942-10-01,1942-10-10,1942
RGI60_13_CentralAsia,Kyrgyzstan,Engilchek,373.922,79.846401,42.206778,1943-09-22,,,1943
RGI60_13_CentralAsia,Kazakhstan,Partizan (No9),0.274,77.06583,43.031608,1944-07-30,,,1944
RGI60_13_CentralAsia,Kazakhstan,Tuyksu,2.838,77.08,43.05,1944-08-18,,,1944
RGI60_13_CentralAsia,Kyrgyzstan,Engilchek,373.922,79.846401,42.206778,1949-08-01,1949-08-01,1949-08-03,1949
RGI60_13_CentralAsia,Kazakhstan,Ortalyk Tuyksu,2.838,77.082339,43.066034,1951-08-20,,,1951
RGI60_13_CentralAsia,Kyrgyzstan,unknown,,,,1952-08-16,,,1952
RGI60_13_CentralAsia,Kyrgyzstan,Teztor,0.263,74.431,42.537,1953-06-22,,,1953
RGI60_13_CentralAsia,Kazakhstan,Sovetov,1.168,77.024342,43.015885,1953-09-04,,,1953
RGI60_13_CentralAsia,Bhutan,CN5O251B0044 Shie Glacier,19.653,90.105057,28.237632,1954-07-16,,,1954
RGI60_13_CentralAsia,Kyrgyzstan,Engilchek,373.922,79.846401,42.206778,1954-08-24,,,1954
RGI60_13_CentralAsia,Kyrgyzstan,Engilchek,373.922,79.846401,42.206778,1956-07-02,,,1956
RGI60_13_CentralAsia,Kazakhstan,Tuyksu,2.838,77.082339,43.066034,1956-08-07,,,1956
RGI60_13_CentralAsia,Kyrgyzstan,Engilchek,373.922,79.846401,42.206778,1956-09-03,,,1956
RGI60_13_CentralAsia,Kyrgyzstan,Engilchek,373.922,79.846401,42.206778,1957-07-25,,,1957
RGI60_13_CentralAsia,Kyrgyzstan,Engilchek,373.922,79.846401,42.206778,1957-08-31,,,1957
RGI60_13_CentralAsia,Kyrgyzstan,Engilchek,373.922,79.846401,42.206778,1957-09-07,,,1957
RGI60_13_CentralAsia,Tajikistan,Fedchenko (glacier №5),663.729,,,1957-09-28,,,1957
RGI60_13_CentralAsia,Kazakhstan,Zharsay,2.225,77.42,43.16,1958-07-06,,,1958
RGI60_13_CentralAsia,Tajikistan,Fedchenko (glacier №5),663.729,,,1958-07-08,,,1958
RGI60_13_CentralAsia,Kyrgyzstan,Engilchek,373.922,79.846401,42.206778,1958-09-01,1958-09-01,1958-09-10,1958
RGI60_13_CentralAsia,Kyrgyzstan,Engilchek,373.922,79.846401,42.206778,1958-11-24,,,1958
RGI60_13_CentralAsia,Kazakhstan,Sovetov,1.168,77.024342,43.015885,1959-07-16,,,1959
RGI60_13_CentralAsia,Kyrgyzstan,Engilchek,373.922,79.846401,42.206778,1959-08-26,,,1959
RGI60_13_CentralAsia,Kazakhstan,Sovetov,1.168,77.024342,43.015885,1959-09-04,,,1959
RGI60_13_CentralAsia,Kyrgyzstan,Engilchek,373.922,79.846401,42.206778,1959-09-19,,,1959
RGI60_13_CentralAsia,Kazakhstan,unknown,,77.2952,43.1706,1960-06-30,,,1960
RGI60_13_CentralAsia,Kyrgyzstan,Aksay,3.584,74.5405,42.528,1960-07-08,,,1960
RGI60_13_CentralAsia,Kyrgyzstan,Engilchek,373.922,79.846401,42.206778,1960-07-22,,,1960
RGI60_13_CentralAsia,Kyrgyzstan,Engilchek,373.922,79.846401,42.206778,1960-09-04,,,1960
RGI60_13_CentralAsia,Kyrgyzstan,Engilchek,373.922,79.846401,42.206778,1961-07-16,,,1961
RGI60_13_CentralAsia,Kazakhstan,RGI60-13.08610,1.63,77.1,43.0,1961-07-26,,,1961
RGI60_13_CentralAsia,Tajikistan,No203,,,,1961-07-28,,,1961
RGI60_13_CentralAsia,Kazakhstan,RGI60-13.08610,1.63,77.1,43.0,1961-08-19,,,1961
RGI60_13_CentralAsia,Kyrgyzstan,Engilchek,373.922,79.846401,42.206778,1961-09-09,,,1961
RGI60_13_CentralAsia,Kyrgyzstan,Engilchek,373.922,79.846401,42.206778,1962-09-15,,,1962
RGI60_13_CentralAsia,Kyrgyzstan,Engilchek,373.922,79.846401,42.206778,1963-06-06,,,1963
RGI60_13_CentralAsia,Tajikistan,Medvezhiy Glacier,23.401,72.146101,38.631723,1963-06-19,,,1963
RGI60_13_CentralAsia,Tajikistan,Medvezhiy Glacier,23.401,72.146101,38.631723,1963-07-03,,,1963
RGI60_13_CentralAsia,Kazakhstan,Zharsay,2.225,77.42,43.16,1963-07-07,,,1963
RGI60_13_CentralAsia,Kyrgyzstan,Engilchek,373.922,79.846401,42.206778,1963-09-07,1963-09-07,1963-09-18,1963
RGI60_13_CentralAsia,Kazakhstan,RGI60-13.08610,1.63,77.1,43.0,1964-07-25,,,1964
RGI60_13_CentralAsia,Kyrgyzstan,Engilchek,373.922,79.846401,42.206778,1964-09-16,1964-09-16,1964-09-28,1964
RGI60_13_CentralAsia,China,RGI60-13.03733,1.207,93.04072,29.867675,1964-09-26,,,1964
RGI60_13_CentralAsia,Kazakhstan,unknown,,77.4,43.0,1965-07-15,,,1965
RGI60_13_CentralAsia,Kazakhstan,Sovetov,1.168,77.024342,43.015885,1965-07-21,,,1965
RGI60_13_CentralAsia,Kyrgyzstan,Aksay,3.584,74.5405,42.528,1965-07-21,,,1965
RGI60_13_CentralAsia,Kazakhstan,Kalesnika,0.358,77.114213,43.015923,1965-07-25,,,1965
RGI60_13_CentralAsia,Kazakhstan,unknown,,77.4,43.0,1965-07-30,,,1965
RGI60_13_CentralAsia,Kyrgyzstan,Engilchek,373.922,79.846401,42.206778,1965-08-16,,,1965
RGI60_13_CentralAsia,Kyrgyzstan,Engilchek,373.922,79.846401,42.206778,1965-09-01,,,1965
RGI60_13_CentralAsia,Kyrgyzstan,Aksay,3.584,74.5405,42.528,1966-06-18,,,1966
RGI60_13_CentralAsia,Kyrgyzstan,Engilchek,373.922,79.846401,42.206778,1966-07-04,,,1966
RGI60_13_CentralAsia,Kyrgyzstan,Engilchek,373.922,79.846401,42.206778,1966-08-03,,,1966
RGI60_13_CentralAsia,Kazakhstan,Sovetov,1.168,77.024342,43.015885,1966-08-17,,,1966
RGI60_13_CentralAsia,Kyrgyzstan,Engilchek,373.922,79.846401,42.206778,1966-12-13,,,1966
RGI60_13_CentralAsia,Kazakhstan,RGI60-13.08682,33.663,77.4,43.07,1967-07-31,,,1967
RGI60_13_CentralAsia,Kyrgyzstan,Engilchek,373.922,79.846401,42.206778,1967-09-07,1967-09-07,1967-09-13,1967
RGI60_13_CentralAsia,Kazakhstan,RGI60-13.08699,0.65,77.3,43.02,1968-07-22,,,1968
RGI60_13_CentralAsia,Kyrgyzstan,Topkaragay,"﻿2,330",74.50522,42.50533,1968-08-10,,,1968
RGI60_13_CentralAsia,Kazakhstan,RGI60-13.08610,1.63,77.1,43.0,1968-08-17,,,1968
RGI60_13_CentralAsia,Kyrgyzstan,Engilchek,373.922,79.846401,42.206778,1968-08-21,,,1968
RGI60_13_CentralAsia,Kyrgyzstan,Aksay,3.584,74.5405,42.528,1969-07-25,,,1969
RGI60_13_CentralAsia,Kyrgyzstan,Engilchek,373.922,79.846401,42.206778,1969-08-20,,,1969
RGI60_13_CentralAsia,Kazakhstan,RGI60-13.08643,4.428,77.2,43.05,1970-07-14,,,1970
RGI60_13_CentralAsia,Kyrgyzstan,Aksay,3.584,74.5405,42.528,1970-07-18,,,1970
RGI60_13_CentralAsia,Kazakhstan,unknown,,77.2952,43.1706,1970-07-18,,,1970
RGI60_13_CentralAsia,Kyrgyzstan,Engilchek,373.922,79.846401,42.206778,1970-07-31,,,1970
RGI60_13_CentralAsia,Kyrgyzstan,Aksay,3.584,74.5405,42.528,1970-08-02,,,1970
RGI60_13_CentralAsia,Kyrgyzstan,Engilchek,373.922,79.846401,42.206778,1970-09-01,,,1970
RGI60_13_CentralAsia,Kyrgyzstan,Aksay,3.584,74.5405,42.528,1971-07-10,,,1971
RGI60_13_CentralAsia,Kazakhstan,RGI60-13.08610,1.63,77.1,43.0,1971-07-12,,,1971
RGI60_13_CentralAsia,Kyrgyzstan,Engilchek,373.922,79.846401,42.206778,1971-08-17,,,1971
RGI60_13_CentralAsia,China,CN5N236I0016,0.087,94.81,31.77222,1972-07-23,,,1972
RGI60_13_CentralAsia,Kyrgyzstan,Engilchek,373.922,79.846401,42.206778,1972-10-04,,,1972
RGI60_13_CentralAsia,Kazakhstan,TEU Severny,0.382,77.141874,43.061856,1973-07-15,,,1973
RGI60_13_CentralAsia,Kazakhstan,Ortalyk Tuyksu,2.838,77.082339,43.066034,1973-07-15,,,1973
RGI60_13_CentralAsia,Kazakhstan,unknown,1.121,76.345,42.889,1973-07-15,,,1973
RGI60_13_CentralAsia,Tajikistan,Medvezhiy Glacier,23.401,72.146101,38.631723,1973-07-20,,,1973
RGI60_13_CentralAsia,Kyrgyzstan,Engilchek,373.922,79.846401,42.206778,1973-09-02,,,1973
RGI60_13_CentralAsia,Kyrgyzstan,Angy-Say,0.068,77.1395,41.98227,1974-06-14,,,1974
RGI60_13_CentralAsia,China,CN5N241E0043 Beijia Glacier,13.604,94.76,31.86,1974-07-06,,,1974
RGI60_13_CentralAsia,Kyrgyzstan,unknown,,74.50522,42.50533,1974-07-10,,,1974
RGI60_13_CentralAsia,Kazakhstan,TEU Severny,0.382,77.141874,43.061856,1974-07-15,,,1974
RGI60_13_CentralAsia,Kazakhstan,TEU Severny,0.382,77.141874,43.061856,1974-07-21,,,1974
RGI60_13_CentralAsia,Kazakhstan,TEU Severny,0.382,77.141874,43.061856,1974-08-02,,,1974
RGI60_13_CentralAsia,Kyrgyzstan,Engilchek,373.922,79.846401,42.206778,1974-08-08,,,1974
RGI60_13_CentralAsia,Kyrgyzstan,Angy-Say,0.068,77.1395,41.98227,1975-06-17,,,1975
RGI60_13_CentralAsia,Kazakhstan,Molodezhnyi,,77.024342,43.015885,1975-08-18,,,1975
RGI60_13_CentralAsia,Kazakhstan,Kumbel (Molodezhnyi),"﻿0,377",77.043572,43.060202,1975-08-19,,,1975
RGI60_13_CentralAsia,Kazakhstan,unknown,0.922,76.4,42.9,1975-08-28,,,1975
RGI60_13_CentralAsia,Kyrgyzstan,Engilchek,373.922,79.846401,42.206778,1975-09-12,,,1975
RGI60_13_CentralAsia,Kazakhstan,Turistov,0.42,77.054539,43.012914,1976-06-21,,,1976
RGI60_13_CentralAsia,Kazakhstan,Turistov,0.42,77.054539,43.012914,1976-06-24,,,1976
RGI60_13_CentralAsia,Kazakhstan,Kalesnika,0.358,77.114213,43.015923,1976-07-10,,,1976
RGI60_13_CentralAsia,Kyrgyzstan,Engilchek,373.922,79.846401,42.206778,1976-08-24,,,1976
RGI60_13_CentralAsia,Kazakhstan,Zharsay,2.225,77.42,43.16,1977-03-07,,,1977
RGI60_13_CentralAsia,Kazakhstan,Sovetov,1.168,77.024342,43.015885,1977-06-03,,,1977
RGI60_13_CentralAsia,Kazakhstan,Zharsay,2.225,77.42,43.16,1977-06-25,,,1977
RGI60_13_CentralAsia,Kazakhstan,Sovetov,1.168,77.024342,43.015885,1977-07-11,,,1977
RGI60_13_CentralAsia,Kazakhstan,Zharsay,2.225,77.42,43.16,1977-07-12,,,1977
RGI60_13_CentralAsia,Kazakhstan,Sovetov,"﻿1,168",77.031527,43.044088,1977-08-03,,,1977
RGI60_13_CentralAsia,Kyrgyzstan,Engilchek,373.922,79.846401,42.206778,1978-05-24,,,1978
RGI60_13_CentralAsia,Kazakhstan,No62,,,,1978-07-19,,,1978
RGI60_13_CentralAsia,Kyrgyzstan,Engilchek,373.922,79.846401,42.206778,1978-08-08,,,1978
RGI60_13_CentralAsia,Tajikistan,No145,,,,1978-08-28,,,1978
RGI60_13_CentralAsia,Kyrgyzstan,Engilchek,373.922,79.846401,42.206778,1978-09-01,,1978-09-10,1978
RGI60_13_CentralAsia,Kazakhstan,Kalesnika,0.358,77.114213,43.015923,1979-06-20,,,1979
RGI60_13_CentralAsia,Kazakhstan,Spotivnyi,0.152,77.32267,43.156408,1979-06-21,,,1979
RGI60_13_CentralAsia,Kazakhstan,Sovetov,1.168,77.024342,43.015885,1979-08-02,,,1979
RGI60_13_CentralAsia,Kyrgyzstan,Engilchek,373.922,79.846401,42.206778,1980-05-15,,1980-05-27,1980
RGI60_13_CentralAsia,Kazakhstan,Zharsay,2.225,77.42,43.16,1980-06-06,,,1980
RGI60_13_CentralAsia,Kyrgyzstan,Angy-Say,0.068,77.1395,41.98227,1980-06-25,,,1980
RGI60_13_CentralAsia,Kyrgyzstan,Angy-Say,0.068,77.1395,41.98227,1980-07-14,,,1980
RGI60_13_CentralAsia,Kyrgyzstan,Aksay,3.584,74.5405,42.528,1980-07-18,,,1980
RGI60_13_CentralAsia,Kazakhstan,No25,0.049,76.601807,42.923032,1980-07-23,,,1980
RGI60_13_CentralAsia,Kyrgyzstan,Aksay,3.584,74.5405,42.528,1980-08-03,,,1980
RGI60_13_CentralAsia,Kyrgyzstan,Engilchek,373.922,79.846401,42.206778,1980-09-02,1980-09-02,1980-09-12,1980
RGI60_13_CentralAsia,Kazakhstan,RGI60-13.08697,24.487,77.3,43.03,1981-06-19,,,1981
RGI60_13_CentralAsia,Kyrgyzstan,Engilchek,373.922,79.846401,42.206778,1981-07-08,1981-07-08,1981-07-15,1981
RGI60_13_CentralAsia,Kyrgyzstan,Engilchek,373.922,79.846401,42.206778,1981-08-08,,,1981
RGI60_13_CentralAsia,Tajikistan,No385,28.59,72.5,38.5,1982-07-27,1982-07-27,1982-07-29,1982
RGI60_13_CentralAsia,Kazakhstan,Zharsay,2.225,77.42,43.16,1982-07-30,,,1982
RGI60_13_CentralAsia,Kyrgyzstan,Engilchek,373.922,79.846401,42.206778,1982-08-14,1982-08-14,1982-08-21,1982
RGI60_13_CentralAsia,Kazakhstan,Tushinskogo,1.865,79.932532,45.07896,1982-09-08,,,1982
RGI60_13_CentralAsia,Tajikistan,unknown,,,,1983-08-01,,,1983
RGI60_13_CentralAsia,Kazakhstan,No224,1.479,77.549121,43.149611,1983-08-05,,,1983
RGI60_13_CentralAsia,Kyrgyzstan,Engilchek,373.922,79.846401,42.206778,1983-08-22,,,1983
RGI60_13_CentralAsia,Kyrgyzstan,Engilchek,373.922,79.846401,42.206778,1984-08-20,1984-08-20,1984-08-26,1984
RGI60_13_CentralAsia,Kyrgyzstan,Engilchek,373.922,79.846401,42.206778,1985-08-09,1985-08-09,1985-08-15,1985
RGI60_13_CentralAsia,Kazakhstan,No25,0.049,76.601807,42.923032,1986-07-05,,,1986
RGI60_13_CentralAsia,Kazakhstan,No62,,,,1986-07-22,,,1986
RGI60_13_CentralAsia,Kyrgyzstan,Engilchek,373.922,79.846401,42.206778,1986-08-01,,,1986
RGI60_13_CentralAsia,Kyrgyzstan,Engilchek,373.922,79.846401,42.206778,1986-08-26,,,1986
RGI60_13_CentralAsia,Kyrgyzstan,Engilchek,373.922,79.846401,42.206778,1987-08-19,1987-08-14,1987-08-19,1987
RGI60_13_CentralAsia,Kazakhstan,No25,0.049,76.601807,42.923032,1988-06-24,,,1988
RGI60_13_CentralAsia,Kyrgyzstan,Engilchek,373.922,79.846401,42.206778,1988-12-12,,,1988
RGI60_13_CentralAsia,Kyrgyzstan,Engilchek,373.922,79.846401,42.206778,1989-08-31,,,1989
RGI60_13_CentralAsia,Kyrgyzstan,Engilchek,373.922,79.846401,42.206778,1989-10-10,,,1989
RGI60_13_CentralAsia,Kyrgyzstan,Engilchek,373.922,79.846401,42.206778,1990-08-05,1990-08-05,1990-08-10,1990
RGI60_13_CentralAsia,Kyrgyzstan,Engilchek,373.922,79.846401,42.206778,1991-07-24,,,1991
RGI60_13_CentralAsia,Kazakhstan,No25,0.049,76.601807,42.923032,1992-07-10,,,1992
RGI60_13_CentralAsia,Kyrgyzstan,Engilchek,373.922,79.846401,42.206778,1992-08-04,,,1992
RGI60_13_CentralAsia,Kazakhstan,Bezymyannyi,0.091,77.270543,43.14588,1993-07-06,,,1993
RGI60_13_CentralAsia,Kyrgyzstan,Engilchek,373.922,79.846401,42.206778,1993-08-22,,,1993
RGI60_13_CentralAsia,Kazakhstan,Arshaly,2.205,77.03,42.97,1994-07-03,,,1994
RGI60_13_CentralAsia,Kyrgyzstan,Engilchek,373.922,79.846401,42.206778,1994-07-24,,,1994
RGI60_13_CentralAsia,China,RGI60-13.04710,1.887,91.937,28.802,1995-05-26,,,1995
RGI60_13_CentralAsia,Kazakhstan,RGI60-13.08610,1.63,77.1,43.0,1995-06-21,,,1995
RGI60_13_CentralAsia,Kyrgyzstan,Engilchek,373.922,79.846401,42.206778,1995-07-18,,,1995
RGI60_13_CentralAsia,Kazakhstan,Aristova,0.182,77.15,43.08,1996-08-11,,,1996
RGI60_13_CentralAsia,Kyrgyzstan,Engilchek,373.922,79.846401,42.206778,1996-12-05,,,1996
RGI60_13_CentralAsia,Kazakhstan,Aristova,0.182,77.15,43.08,1997-06-15,,,1997
RGI60_13_CentralAsia,Kazakhstan,Molodezhnyi,"﻿1,168",77.04,43.04,1997-07-16,,,1997
RGI60_13_CentralAsia,Kazakhstan,Sovetov,1.168,77.024342,43.015885,1997-07-17,,,1997
RGI60_13_CentralAsia,Kyrgyzstan,Engilchek,373.922,79.846401,42.206778,1997-07-31,,,1997
RGI60_13_CentralAsia,Kazakhstan,No25,0.049,76.601807,42.923032,1998-06-21,,,1998
RGI60_13_CentralAsia,Kyrgyzstan,RGI60-13.17265,1.815,71.56817,39.75037,1998-07-07,,,1998
RGI60_13_CentralAsia,Kyrgyzstan,Engilchek,373.922,79.846401,42.206778,1998-07-27,,,1998
RGI60_13_CentralAsia,Kyrgyzstan,Engilchek,373.922,79.846401,42.206778,1999-07-19,,,1999
RGI60_13_CentralAsia,Kyrgyzstan,Engilchek,373.922,79.846401,42.206778,2000-07-27,,,2000
RGI60_13_CentralAsia,Kyrgyzstan,Engilchek,373.922,79.846401,42.206778,2001-07-27,,2001-07-31,2001
RGI60_13_CentralAsia,China,RGI60-13.26449,"﻿3,902",89.745233,28.211277,2001-08-06,,,2001
RGI60_13_CentralAsia,Kyrgyzstan,Engilchek,373.922,79.846401,42.206778,2002-08-01,2002-08-01,2002-08-06,2002
RGI60_13_CentralAsia,Tajikistan,Dasht Glacier,0.985,71.733867,37.220393,2002-08-07,,,2002
RGI60_13_CentralAsia,Kyrgyzstan,Engilchek,373.922,79.846401,42.206778,2003-07-22,2003-07-22,2003-07-26,2003
RGI60_13_CentralAsia,Kyrgyzstan,Engilchek,373.922,79.846401,42.206778,2004-08-06,,2004-08-09,2004
RGI60_13_CentralAsia,Kyrgyzstan,Engilchek,373.922,79.846401,42.206778,2005-07-13,2005-07-13,2005-07-15,2005
RGI60_13_CentralAsia,Kazakhstan,RGI60-13.08737,4.524,77.509,43.128,2005-07-21,,,2005
RGI60_13_CentralAsia,Kyrgyzstan,Engilchek,373.922,79.846401,42.206778,2006-07-30,,,2006
RGI60_13_CentralAsia,Kyrgyzstan,Engilchek,373.922,79.846401,42.206778,2007-07-11,,,2007
RGI60_13_CentralAsia,Kyrgyzstan,Engilchek,373.922,79.846401,42.206778,2008-07-15,,,2008
RGI60_13_CentralAsia,Kyrgyzstan,RGI60-13.09436,2.127,77.017164,41.94117,2008-07-24,,,2008
RGI60_13_CentralAsia,China,RGI60-13.03378,5.161,94.0,30.83,2009-07-29,,,2009
RGI60_13_CentralAsia,Kyrgyzstan,Teztor,0.263,74.427288,42.53652,2012-07-31,,,2012
RGI60_13_CentralAsia,China,RGI60-13.02829,5.848,93.534207,30.473421,2013-07-05,,,2013
RGI60_13_CentralAsia,Kyrgyzstan,RGI60-13.09886,0.112,76.81425,41.987,2013-08-15,,,2013
RGI60_13_CentralAsia,Kazakhstan,Bezymyannyi,0.091,77.276701,43.14449,2014-07-17,,,2014
RGI60_13_CentralAsia,Kyrgyzstan,Solnechnyi,0.292,76.828337,41.97345,2014-07-17,,,2014
RGI60_13_CentralAsia,India,Gya,"﻿0,112",77.613,33.617,2014-08-06,,,2014
RGI60_13_CentralAsia,Kazakhstan,Kargalinka,0.893,76.847391,43.00693,2015-07-23,,,2015
RGI60_13_CentralAsia,Kyrgyzstan,Engilchek,373.922,79.846401,42.206778,2017-07-07 00:00:00,2017-07-06 00:00:00,2017-07-08 00:00:00,2017
RGI60_13_CentralAsia,Kyrgyzstan,unknown,"﻿0,206",74.7,42.4,2017-08-08,,,2017
RGI60_13_CentralAsia,Kyrgyzstan,Engilchek,373.922,79.846401,42.206778,2018-08-01 00:00:00,2018-08-07 00:00:00,2018-08-13 00:00:00,2018
RGI60_13_CentralAsia,Kyrgyzstan,Engilchek,373.922,79.846401,42.206778,2019-07-01 00:00:00,2019-07-06 00:00:00,2019-07-12 00:00:00,2019
RGI60_13_CentralAsia,Kyrgyzstan,Toguz-Bulak,5.264,77.266932,41.977646,2019-08-08,,,2019
RGI60_13_CentralAsia,Kazakhstan,RGI60-13.10042,0.893,76.847391,43.00693,2019-08-14,,,2019
RGI60_13_CentralAsia,China,Jinwu Glacier,"﻿8,383",93.631,30.356,2020-06-26,,,2020
RGI60_13_CentralAsia,China,Jiangpu,89.866,94.543576,30.436168,2020-08-01,,,2020
RGI60_13_CentralAsia,Kyrgyzstan,Engilchek,373.922,79.846401,42.206778,2020-08-05 00:00:00,2020-08-04 00:00:00,2020-08-06 00:00:00,2020
RGI60_13_CentralAsia,Kyrgyzstan,Engilchek,373.922,79.846401,42.206778,2021-07-01 00:00:00,2021-07-03 00:00:00,2021-07-08 00:00:00,2021
RGI60_13_CentralAsia,Kyrgyzstan,Engilchek,373.922,79.846401,42.206778,2022-07-01 00:00:00,2022-07-15 00:00:00,2022-07-20 00:00:00,2022
RGI60_13_CentralAsia,Kyrgyzstan,Engilchek,373.922,79.846401,42.206778,2023-07-01 00:00:00,2023-07-03 00:00:00,2023-07-08 00:00:00,2023
RGI60_13_CentralAsia,Kyrgyzstan,Engilchek,373.922,79.846401,42.206778,2024-07,2024-07-07 00:00:00,2024-07-23 00:00:00,2024
RGI60_13_CentralAsia,Kyrgyzstan,Engilchek,373.922,79.846401,42.206778,2025-07,2025-07-03 00:00:00,2025-07-13 00:00:00,2025
RGI60_14_SouthAsiaWest,India,Kumdan,44.561,77.704625,35.180649,1533,,,1533
RGI60_14_SouthAsiaWest,Pakistan,Biafo,559.807,75.91,35.69,1661,,,1661
RGI60_14_SouthAsiaWest,India,Kumdan,44.561,77.704625,35.180649,1780,,,1780
RGI60_14_SouthAsiaWest,India,Kumdan,44.561,77.704625,35.180649,1826,,,1826
RGI60_14_SouthAsiaWest,Pakistan,Yashkuk Yaz,76.973,74.36,36.81,1833,,,1833
RGI60_14_SouthAsiaWest,India,Kumdan,44.561,77.704625,35.180649,1833,,,1833
RGI60_14_SouthAsiaWest,India,Sultan Chussku,10.384,78.128,34.856,1835,,,1835
RGI60_14_SouthAsiaWest,India,Kumdan,44.561,77.704625,35.180649,1835,,,1835
RGI60_14_SouthAsiaWest,India,Kumdan,44.561,77.704625,35.180649,1839,,,1839
RGI60_14_SouthAsiaWest,India,Kumdan,44.561,77.704625,35.180649,1842,,,1842
RGI60_14_SouthAsiaWest,Pakistan,Karambar,81.704,74.07,36.62,1844,,,1844
RGI60_14_SouthAsiaWest,India,Kumdan,44.561,77.704625,35.180649,1848,,,1848
RGI60_14_SouthAsiaWest,Pakistan,Tarshing,15.147,74.688517478,35.276973325,1850,,,1850
RGI60_14_SouthAsiaWest,Pakistan,Tarshing,15.147,74.688517478,35.276973325,1851,,,1851
RGI60_14_SouthAsiaWest,India,Kumdan,44.561,77.704625,35.180649,1855,,,1855
RGI60_14_SouthAsiaWest,India,Kumdan,44.561,77.704625,35.180649,1855,,,1855
RGI60_14_SouthAsiaWest,Pakistan,Tarshing,15.147,74.688517478,35.276973325,1856,,,1856
RGI60_14_SouthAsiaWest,Pakistan,Sokther Rabot,13.355,73.99,36.8,1865,,,1865
RGI60_14_SouthAsiaWest,Pakistan,Karambar,81.704,74.07,36.62,1865,,,1865
RGI60_14_SouthAsiaWest,India,Kichik Kumdan,66.244,77.76,35.13,1869,,,1869
RGI60_14_SouthAsiaWest,Pakistan,Batura,311.653,74.85,36.51,1873,,,1873
RGI60_14_SouthAsiaWest,Pakistan,Karambar,81.704,74.07,36.62,1876,,,1876
RGI60_14_SouthAsiaWest,Pakistan,Shimshal,203.336,75.478606,36.342335,1884,,,1884
RGI60_14_SouthAsiaWest,India,Upper Shyok,44.561,77.704625,35.180649,1889,,,1889
RGI60_14_SouthAsiaWest,Pakistan,Diran,"1,369",74.620675,36.069195,1890,,,1890
RGI60_14_SouthAsiaWest,Pakistan,Khurdopin,203.336,75.478606,36.342335,1890,,,1890
RGI60_14_SouthAsiaWest,Pakistan,Hopar,105.036,74.833,36.155,1892,,,1892
RGI60_14_SouthAsiaWest,Pakistan,Hassanabad,45.712,74.57,36.35,1894,,,1894
RGI60_14_SouthAsiaWest,Pakistan,Tarshing,15.147,74.688517478,35.276973325,1895,,,1895
RGI60_14_SouthAsiaWest,Pakistan,Hassanabad,45.712,74.57,36.35,1899,,,1899
RGI60_14_SouthAsiaWest,Pakistan,Shimshal,203.336,75.478606,36.342335,1901,,,1901
RGI60_14_SouthAsiaWest,Pakistan,Hassanabad,45.712,74.57,36.35,1902,,,1902
RGI60_14_SouthAsiaWest,Pakistan,Hassanabad,45.712,74.57,36.35,1903,,,1903
RGI60_14_SouthAsiaWest,India,Kichik Kumdan,66.244,77.76,35.13,1903,,,1903
RGI60_14_SouthAsiaWest,Pakistan,Karambar,81.704,74.07,36.62,1904,,,1904
RGI60_14_SouthAsiaWest,Pakistan,Khurdopin,203.336,75.478606,36.342335,1904,,,1904
RGI60_14_SouthAsiaWest,Pakistan,Hassanabad,45.712,74.57,36.35,1904,,,1904
RGI60_14_SouthAsiaWest,Pakistan,Sokther Rabot,13.355,73.99,36.8,1905,,,1905
RGI60_14_SouthAsiaWest,Pakistan,Warghut,5.259,74.01,36.75,1905,,,1905
RGI60_14_SouthAsiaWest,Pakistan,Malangutti,97.75,75.22,36.5,1905,,,1905
RGI60_14_SouthAsiaWest,Pakistan,Dubani,"0,586",74.609,35.93,1905,,,1905
RGI60_14_SouthAsiaWest,India,Kichik Kumdan,66.244,77.76,35.13,1905,,,1905
RGI60_14_SouthAsiaWest,Pakistan,Khurdopin,203.336,75.478606,36.342335,1907,,,1907
RGI60_14_SouthAsiaWest,Pakistan,Khurdopin,203.336,75.478606,36.342335,1908,,,1908
RGI60_14_SouthAsiaWest,Pakistan,Warghut,5.259,74.01,36.75,1909,,,1909
RGI60_14_SouthAsiaWest,Pakistan,Gutumi,"8,670",74.606801,36.013093,1909,,,1909
RGI60_14_SouthAsiaWest,Pakistan,Batura,311.653,74.85,36.51,1910,,,1910
RGI60_14_SouthAsiaWest,Pakistan,Bualtar,68.383,74.761,36.176,1912,,,1912
RGI60_14_SouthAsiaWest,Pakistan,Hassanabad,45.712,74.57,36.35,1913,,,1913
RGI60_14_SouthAsiaWest,Pakistan,Karambar,81.704,74.07,36.62,1916,,,1916
RGI60_14_SouthAsiaWest,Pakistan,Chllinji,13.127,74.013631,36.773776,1916,1916-10-21,,1916
RGI60_14_SouthAsiaWest,Pakistan,Khurdopin,203.336,75.478606,36.342335,1923,,,1923
RGI60_14_SouthAsiaWest,Pakistan,Khurdopin,203.336,75.478606,36.342335,1925,,,1925
RGI60_14_SouthAsiaWest,Pakistan,Yazdghil,133.753,75.4,36.4,1926,,,1926
RGI60_14_SouthAsiaWest,Pakistan,Khurdopin,203.336,75.478606,36.342335,1926,,,1926
RGI60_14_SouthAsiaWest,China,Kyagar,97.103,77.193246,35.677413,1926,,,1926
RGI60_14_SouthAsiaWest,Pakistan,Koz-Yaz,"44,658",74.158,36.818,1927,,,1927
RGI60_14_SouthAsiaWest,Pakistan,Besk-i-Yeng,44.658,74.2,36.82,1927,,,1927
RGI60_14_SouthAsiaWest,Pakistan,Koz-Yaz,"44,658",74.158,36.818,1928,,,1928
RGI60_14_SouthAsiaWest,China,Gasherbrum,108.124,76.754479,35.873125,1929,,,1929
RGI60_14_SouthAsiaWest,China,Shinghi,0.49,76.98,35.74,1929,,,1929
RGI60_14_SouthAsiaWest,China,Kyagar,97.103,77.193246,35.677413,1929,,,1929
RGI60_14_SouthAsiaWest,India,Kumdan,44.561,77.704625,35.180649,1930,,,1930
RGI60_14_SouthAsiaWest,India,Kumdan,44.561,77.704625,35.180649,1934,,,1934
RGI60_14_SouthAsiaWest,Pakistan,Khurdopin,203.336,75.478606,36.342335,1941,,,1941
RGI60_14_SouthAsiaWest,Pakistan,Khurdopin,203.336,75.478606,36.342335,1944,,,1944
RGI60_14_SouthAsiaWest,Pakistan,Kotor,"0,586",74.609,35.93,1951,,,1951
RGI60_14_SouthAsiaWest,Pakistan,Kutiah,"﻿12,573",75.01,35.83,1953,,,1953
RGI60_14_SouthAsiaWest,China,Gasherbrum,108.124,76.754479,35.873125,1953,,,1953
RGI60_14_SouthAsiaWest,China,Urdok,81.139,76.77,35.85,1953,,,1953
RGI60_14_SouthAsiaWest,Pakistan,Karambar,81.704,74.07,36.62,1955,,,1955
RGI60_14_SouthAsiaWest,Pakistan,Khurdopin,203.336,75.478606,36.342335,1957,,,1957
RGI60_14_SouthAsiaWest,India,Aktash,25.225,77.77,35.1,1958,,,1958
RGI60_14_SouthAsiaWest,Pakistan,Khurdopin,203.336,75.478606,36.342335,1960,,,1960
RGI60_14_SouthAsiaWest,Pakistan,Khurdopin,203.336,75.478606,36.342335,1961,,,1961
RGI60_14_SouthAsiaWest,Pakistan,Khurdopin,203.336,75.478606,36.342335,1962,,,1962
RGI60_14_SouthAsiaWest,Pakistan,Khurdopin,203.336,75.478606,36.342335,1963,,,1963
RGI60_14_SouthAsiaWest,Pakistan,Khurdopin,203.336,75.478606,36.342335,1964,,,1964
RGI60_14_SouthAsiaWest,India,Kichik Kumdan,66.244,77.76,35.13,1964,,,1964
RGI60_14_SouthAsiaWest,Pakistan,Malangutti,97.75,75.22,36.5,1965,,,1965
RGI60_14_SouthAsiaWest,China,Kyagar,97.103,77.193246,35.677413,1970,,,1970
RGI60_14_SouthAsiaWest,India,unknown,,77.441,34.317,1971,,,1971
RGI60_14_SouthAsiaWest,Pakistan,Chhatteboi,35.674,73.92,36.84,1972,,,1972
RGI60_14_SouthAsiaWest,Pakistan,Batura,311.653,74.85,36.51,1972,,,1972
RGI60_14_SouthAsiaWest,Pakistan,Unna,"6,148",74.633,36.039,1972,,,1972
RGI60_14_SouthAsiaWest,Pakistan,Batura,311.653,74.85,36.51,1973,,,1973
RGI60_14_SouthAsiaWest,Pakistan,Batura,311.653,74.85,36.51,1974,,,1974
RGI60_14_SouthAsiaWest,Pakistan,Dubani,"0,586",74.609,35.93,1974,,,1974
RGI60_14_SouthAsiaWest,Pakistan,Balt Bare,15.272,74.933,36.34,1975,,,1975
RGI60_14_SouthAsiaWest,Pakistan,Khurdopin,203.336,75.478606,36.342335,1978,,,1978
RGI60_14_SouthAsiaWest,Pakistan,Hinarchi,"38,963",74.570562,36.042964,1978,,,1978
RGI60_14_SouthAsiaWest,Pakistan,Ghulkin,30.544,74.879,36.414,1980,,,1980
RGI60_14_SouthAsiaWest,India,Shaune Garang,"3,392",78.332,31.295,1981,,,1981
RGI60_14_SouthAsiaWest,Pakistan,Unna,"6,148",74.633,36.039,1982,,,1982
RGI60_14_SouthAsiaWest,Pakistan,Unna,"6,148",74.633,36.039,1985,,,1985
RGI60_14_SouthAsiaWest,Pakistan,Ghulkin,30.544,74.879,36.414,1986,,,1986
RGI60_14_SouthAsiaWest,India,Shaune Garang,"3,392",78.332,31.295,1988,,,1988
RGI60_14_SouthAsiaWest,Pakistan,Warghut,5.259,74.01,36.75,1990,,,1990
RGI60_14_SouthAsiaWest,Pakistan,Lokpar/Aling,56.259,76.270137,35.495623,1990,,,1990
RGI60_14_SouthAsiaWest,China,RGI60-14.10462,3.892,77.049,36.097,1991,,,1991
RGI60_14_SouthAsiaWest,Pakistan,Hinarchi,"38,963",74.570562,36.042964,1992,,,1992
RGI60_14_SouthAsiaWest,Pakistan,Dubani,"0,586",74.609,35.93,1992,,,1992
RGI60_14_SouthAsiaWest,China,North Rimo Glacier,71.052,77.522,35.507,1992,,,1992
RGI60_14_SouthAsiaWest,Pakistan,Chhatteboi,35.674,73.92,36.84,1993,,,1993
RGI60_14_SouthAsiaWest,Pakistan,Lokpar-Aling,56.259,76.270137,35.495623,1993,,,1993
RGI60_14_SouthAsiaWest,Pakistan,Karambar,81.704,74.07,36.62,1994,,,1994
RGI60_14_SouthAsiaWest,China,North Rimo Glacier,71.052,77.522,35.507,1994,,,1994
RGI60_14_SouthAsiaWest,China,RGI60-14.06594,32.887,77.238,35.92,1994,,,1994
RGI60_14_SouthAsiaWest,China,RGI60-14.10462,3.892,77.049,36.097,1994,,,1994
RGI60_14_SouthAsiaWest,China,RGI60-14.06265,24.66,77.069,36.118,1994,,,1994
RGI60_14_SouthAsiaWest,Pakistan,Karambar,81.704,74.07,36.62,1905-06-17,,,1905
RGI60_14_SouthAsiaWest,Pakistan,Malangutti,97.75,75.22,36.5,1996,,,1996
RGI60_14_SouthAsiaWest,China,RGI60-14.05978,22.607,77.27,35.834,1996,,,1996
RGI60_14_SouthAsiaWest,China,IN5Q153E0011 Rimo Glacier,439.616,77.611,35.387,1997,,,1997
RGI60_14_SouthAsiaWest,China,North Rimo Glacier,71.052,77.522,35.507,1997,,,1997
RGI60_14_SouthAsiaWest,China,RGI60-14.05978,22.607,77.27,35.834,1997,,,1997
RGI60_14_SouthAsiaWest,China,RGI60-14.06594,32.887,77.238,35.92,1997,,,1997
RGI60_14_SouthAsiaWest,Pakistan,Khurdopin,203.336,75.478606,36.342335,1999,,,1999
RGI60_14_SouthAsiaWest,China,RGI60-14.05978,22.607,77.27,35.834,1999,,,1999
RGI60_14_SouthAsiaWest,China,RGI60-14.06594,32.887,77.238,35.92,2000,,,2000
RGI60_14_SouthAsiaWest,Pakistan,Khurdopin,203.336,75.478606,36.342335,2001,2001-04-07 00:00:00,2001-09-30,2001
RGI60_14_SouthAsiaWest,China,IN5Q153E0011 Rimo Glacier,439.616,77.611,35.387,2001,,,2001
RGI60_14_SouthAsiaWest,China,IN5Q153E0011 Rimo Glacier,439.616,77.513,35.476,2001,,,2001
RGI60_14_SouthAsiaWest,China,IN5Q153E0011 Rimo Glacier,439.616,77.513,35.476,2001,,,2001
RGI60_14_SouthAsiaWest,China,North Rimo Glacier,71.052,77.522,35.507,2001,,,2001
RGI60_14_SouthAsiaWest,China,RGI60-14.05978,22.607,77.27,35.834,2001,,,2001
RGI60_14_SouthAsiaWest,Pakistan,Hassanabad,45.712,74.57,36.35,2002,,,2002
RGI60_14_SouthAsiaWest,China,IN5Q153E0011 Rimo Glacier,439.616,77.513,35.476,2002,,,2002
RGI60_14_SouthAsiaWest,China,RGI60-14.06594,32.887,77.238,35.92,2002,,,2002
RGI60_14_SouthAsiaWest,China,RGI60-14.06265,24.66,77.069,36.118,2002,,,2002
RGI60_14_SouthAsiaWest,India,Gongpa-Rangchong,0.585,76.971202,34.477429,2003,,,2003
RGI60_14_SouthAsiaWest,China,RGI60-14.06594,32.887,77.238,35.92,2003,,,2003
RGI60_14_SouthAsiaWest,Pakistan,Chhatteboi,35.674,73.92,36.84,2004,,,2004
RGI60_14_SouthAsiaWest,China,IN5Q153E0011 Rimo Glacier,439.616,77.513,35.476,2004,,,2004
RGI60_14_SouthAsiaWest,China,RGI60-14.06425,43.698,77.162,35.975,2004,,,2004
RGI60_14_SouthAsiaWest,China,RGI60-14.06265,24.66,77.069,36.118,2004,,,2004
RGI60_14_SouthAsiaWest,China,RGI60-14.06594,32.887,77.238,35.92,2005,,,2005
RGI60_14_SouthAsiaWest,China,IN5Q153E0011 Rimo Glacier,439.616,77.513,35.476,2006,,,2006
RGI60_14_SouthAsiaWest,China,RGI60-14.06594,32.887,77.238,35.92,2006,,,2006
RGI60_14_SouthAsiaWest,China,IN5Q153E0011 Rimo Glacier,439.616,77.465,35.453,2008,,,2008
RGI60_14_SouthAsiaWest,China,IN5Q153E0011 Rimo Glacier,439.616,77.513,35.476,2008,,,2008
RGI60_14_SouthAsiaWest,China,RGI60-14.05978,22.607,77.27,35.834,2008,,,2008
RGI60_14_SouthAsiaWest,China,RGI60-14.06425,43.698,77.162,35.975,2008,,,2008
RGI60_14_SouthAsiaWest,Pakistan,Hinarchi,"38,963",74.570562,36.042964,2009,,,2009
RGI60_14_SouthAsiaWest,China,Kyagar,97.103,77.193246,35.677413,2009,2009-07-12,2009-08-04,2009
RGI60_14_SouthAsiaWest,China,RGI60-14.06594,32.887,77.238,35.92,2009,,,2009
RGI60_14_SouthAsiaWest,Pakistan,Hundur,"5,114",73.353,36.546,2010,,,2010
RGI60_14_SouthAsiaWest,Pakistan,Hinarchi,"38,963",74.570562,36.042964,2010,,,2010
RGI60_14_SouthAsiaWest,Pakistan,Unna,"6,148",74.633,36.039,2010,,,2010
RGI60_14_SouthAsiaWest,Pakistan,Dubani,"0,586",74.609,35.93,2010,,,2010
RGI60_14_SouthAsiaWest,China,IN5Q153E0011 Rimo Glacier,439.616,77.513,35.476,2010,,,2010
RGI60_14_SouthAsiaWest,China,RGI60-14.05978,22.607,77.31,35.843,2010,,,2010
RGI60_14_SouthAsiaWest,China,RGI60-14.06594,32.887,77.238,35.92,2010,,,2010
RGI60_14_SouthAsiaWest,China,RGI60-14.06265,24.66,77.069,36.118,2010,,,2010
RGI60_14_SouthAsiaWest,China,IN5Q153E0011 Rimo Glacier,439.616,77.602,35.41,2011,,,2011
RGI60_14_SouthAsiaWest,China,IN5Q153E0011 Rimo Glacier,439.616,77.465,35.453,2011,,,2011
RGI60_14_SouthAsiaWest,China,IN5Q153E0011 Rimo Glacier,439.616,77.513,35.476,2011,,,2011
RGI60_14_SouthAsiaWest,China,RGI60-14.06265,24.66,77.069,36.118,2011,,,2011
RGI60_14_SouthAsiaWest,China,RGI60-14.06425,43.698,77.162,35.975,2012,,,2012
RGI60_14_SouthAsiaWest,China,RGI60-14.10462,3.892,77.049,36.097,2012,,,2012
RGI60_14_SouthAsiaWest,China,IN5Q153E0011 Rimo Glacier,439.616,77.602,35.41,2013,,,2013
RGI60_14_SouthAsiaWest,China,IN5Q153E0011 Rimo Glacier,439.616,77.437,35.455,2013,,,2013
RGI60_14_SouthAsiaWest,China,IN5Q153E0011 Rimo Glacier,439.616,77.465,35.453,2013,,,2013
RGI60_14_SouthAsiaWest,China,IN5Q153E0011 Rimo Glacier,439.616,77.513,35.476,2013,,,2013
RGI60_14_SouthAsiaWest,China,RGI60-14.05978,22.607,77.27,35.834,2013,,,2013
RGI60_14_SouthAsiaWest,China,RGI60-14.06594,32.887,77.238,35.92,2013,,,2013
RGI60_14_SouthAsiaWest,China,RGI60-14.10462,3.892,77.049,36.097,2013,,,2013
RGI60_14_SouthAsiaWest,China,IN5Q153E0011 Rimo Glacier,439.616,77.602,35.41,2014,,,2014
RGI60_14_SouthAsiaWest,China,IN5Q153E0011 Rimo Glacier,439.616,77.437,35.455,2014,,,2014
RGI60_14_SouthAsiaWest,China,IN5Q153E0011 Rimo Glacier,439.616,77.465,35.453,2014,,,2014
RGI60_14_SouthAsiaWest,China,RGI60-14.06594,32.887,77.238,35.92,2014,,,2014
RGI60_14_SouthAsiaWest,China,IN5Q153E0011 Rimo Glacier,439.616,77.602,35.41,2015,,,2015
RGI60_14_SouthAsiaWest,China,Kyagar,97.103,77.193246,35.677413,2015,2015-07-04,2015-08-21,2015
RGI60_14_SouthAsiaWest,China,IN5Q153E0011 Rimo Glacier,439.616,77.465,35.453,2015,,,2015
RGI60_14_SouthAsiaWest,China,IN5Q153E0011 Rimo Glacier,439.616,77.513,35.476,2015,,,2015
RGI60_14_SouthAsiaWest,China,North Rimo Glacier,71.052,77.522,35.507,2015,,,2015
RGI60_14_SouthAsiaWest,China,RGI60-14.06594,32.887,77.238,35.92,2015,,,2015
RGI60_14_SouthAsiaWest,China,RGI60-14.10462,3.892,77.049,36.097,2015,,,2015
RGI60_14_SouthAsiaWest,China,IN5Q153E0011 Rimo Glacier,439.616,77.602,35.41,2016,,,2016
RGI60_14_SouthAsiaWest,China,IN5Q153E0011 Rimo Glacier,439.616,77.437,35.455,2016,,,2016
RGI60_14_SouthAsiaWest,China,IN5Q153E0011 Rimo Glacier,439.616,77.465,35.453,2016,,,2016
RGI60_14_SouthAsiaWest,China,North Rimo Glacier,71.052,77.522,35.507,2016,,,2016
RGI60_14_SouthAsiaWest,China,RGI60-14.05978,22.607,77.27,35.834,2016,,,2016
RGI60_14_SouthAsiaWest,China,RGI60-14.06594,32.887,77.238,35.92,2016,,,2016
RGI60_14_SouthAsiaWest,China,RGI60-14.06425,43.698,77.162,35.975,2016,,,2016
RGI60_14_SouthAsiaWest,China,RGI60-14.06265,24.66,77.069,36.118,2016,,,2016
RGI60_14_SouthAsiaWest,China,IN5Q153E0011 Rimo Glacier,439.616,77.437,35.455,2017,,,2017
RGI60_14_SouthAsiaWest,China,IN5Q153E0011 Rimo Glacier,439.616,77.513,35.476,2017,,,2017
RGI60_14_SouthAsiaWest,China,North Rimo Glacier,71.052,77.522,35.507,2017,,,2017
RGI60_14_SouthAsiaWest,China,RGI60-14.05978,22.607,77.27,35.834,2017,,,2017
RGI60_14_SouthAsiaWest,China,RGI60-14.06594,32.887,77.238,35.92,2017,,,2017
RGI60_14_SouthAsiaWest,Pakistan,Khurdopin,203.336,75.478606,36.342335,2018,2018-02,2018-03,2018
RGI60_14_SouthAsiaWest,China,IN5Q153E0011 Rimo Glacier,439.616,77.437,35.455,2018,,,2018
RGI60_14_SouthAsiaWest,China,IN5Q153E0011 Rimo Glacier,439.616,77.513,35.476,2018,,,2018
RGI60_14_SouthAsiaWest,China,North Rimo Glacier,71.052,77.522,35.507,2018,,,2018
RGI60_14_SouthAsiaWest,China,RGI60-14.06594,32.887,77.238,35.92,2018,,,2018
RGI60_14_SouthAsiaWest,China,RGI60-14.06425,43.698,77.143,35.957,2018,,,2018
RGI60_14_SouthAsiaWest,China,IN5Q153E0011 Rimo Glacier,439.616,77.602,35.41,2019,,,2019
RGI60_14_SouthAsiaWest,China,IN5Q153E0011 Rimo Glacier,439.616,77.437,35.455,2019,,,2019
RGI60_14_SouthAsiaWest,China,IN5Q153E0011 Rimo Glacier,439.616,77.513,35.476,2019,,,2019
RGI60_14_SouthAsiaWest,China,North Rimo Glacier,71.052,77.522,35.507,2019,,,2019
RGI60_14_SouthAsiaWest,China,RGI60-14.05978,22.607,77.31,35.843,2019,,,2019
RGI60_14_SouthAsiaWest,China,RGI60-14.06594,32.887,77.238,35.92,2019,,,2019
RGI60_14_SouthAsiaWest,China,RGI60-14.06425,43.698,77.143,35.957,2019,,,2019
RGI60_14_SouthAsiaWest,China,IN5Q153E0011 Rimo Glacier,439.616,77.465,35.453,2020,,,2020
RGI60_14_SouthAsiaWest,China,North Rimo Glacier,71.052,77.522,35.507,2020,,,2020
RGI60_14_SouthAsiaWest,China,RGI60-14.05978,22.607,77.27,35.834,2020,,,2020
RGI60_14_SouthAsiaWest,China,RGI60-14.06425,43.698,77.162,35.975,2020,,,2020
RGI60_14_SouthAsiaWest,China,RGI60-14.06425,43.698,77.143,35.957,2020,,,2020
RGI60_14_SouthAsiaWest,China,IN5Q153E0011 Rimo Glacier,439.616,77.465,35.453,2021,,,2021
RGI60_14_SouthAsiaWest,China,IN5Q153E0011 Rimo Glacier,439.616,77.513,35.476,2021,,,2021
RGI60_14_SouthAsiaWest,China,North Rimo Glacier,71.052,77.522,35.507,2021,,,2021
RGI60_14_SouthAsiaWest,China,RGI60-14.06594,32.887,77.238,35.92,2021,,,2021
RGI60_14_SouthAsiaWest,China,RGI60-14.06265,24.66,77.069,36.118,2021,,,2021
RGI60_14_SouthAsiaWest,China,RGI60-14.07376,10.799,77.715,35.473,2022,,,2022
RGI60_14_SouthAsiaWest,China,IN5Q153E0011 Rimo Glacier,439.616,77.465,35.453,2022,,,2022
RGI60_14_SouthAsiaWest,China,IN5Q153E0011 Rimo Glacier,439.616,77.513,35.476,2022,,,2022
RGI60_14_SouthAsiaWest,China,North Rimo Glacier,71.052,77.516,35.497,2022,,,2022
RGI60_14_SouthAsiaWest,China,North Rimo Glacier,71.052,77.522,35.507,2022,,,2022
RGI60_14_SouthAsiaWest,China,RGI60-14.07125,3.446,77.342,35.603,2022,,,2022
RGI60_14_SouthAsiaWest,China,RGI60-14.05978,22.607,77.306,35.843,2022,,,2022
RGI60_14_SouthAsiaWest,China,RGI60-14.05978,22.607,77.27,35.834,2022,,,2022
RGI60_14_SouthAsiaWest,China,RGI60-14.06594,32.887,77.239,35.899,2022,,,2022
RGI60_14_SouthAsiaWest,China,RGI60-14.06594,32.887,77.238,35.905,2022,,,2022
RGI60_14_SouthAsiaWest,China,RGI60-14.06425,43.698,77.162,35.975,2022,,,2022
RGI60_14_SouthAsiaWest,China,RGI60-14.07376,10.799,77.715,35.473,2023,,,2023
RGI60_14_SouthAsiaWest,China,IN5Q153E0011 Rimo Glacier,439.616,77.513,35.476,2023,,,2023
RGI60_14_SouthAsiaWest,China,North Rimo Glacier,71.052,77.522,35.507,2023,,,2023
RGI60_14_SouthAsiaWest,China,RGI60-14.05978,22.607,77.27,35.834,2023,,,2023
RGI60_14_SouthAsiaWest,China,RGI60-14.06594,32.887,77.238,35.92,2023,,,2023
RGI60_14_SouthAsiaWest,China,RGI60-14.06425,43.698,77.143,35.957,2023,,,2023
RGI60_14_SouthAsiaWest,China,RGI60-14.06495,4.228,77.031,35.977,2023,,,2023
RGI60_14_SouthAsiaWest,China,IN5Q153E0011 Rimo Glacier,439.616,77.513,35.476,2024,,,2024
RGI60_14_SouthAsiaWest,China,North Rimo Glacier,71.052,77.516,35.497,2024,,,2024
RGI60_14_SouthAsiaWest,China,North Rimo Glacier,71.052,77.522,35.507,2024,,,2024
RGI60_14_SouthAsiaWest,China,North Rimo Glacier,71.052,77.439,35.5,2024,,,2024
RGI60_14_SouthAsiaWest,China,RGI60-14.05978,22.607,77.306,35.843,2024,,,2024
RGI60_14_SouthAsiaWest,China,RGI60-14.05978,22.607,77.31,35.843,2024,,,2024
RGI60_14_SouthAsiaWest,China,RGI60-14.05978,22.607,77.27,35.834,2024,,,2024
RGI60_14_SouthAsiaWest,China,RGI60-14.06594,32.887,77.239,35.899,2024,,,2024
RGI60_14_SouthAsiaWest,China,RGI60-14.06594,32.887,77.238,35.905,2024,,,2024
RGI60_14_SouthAsiaWest,China,RGI60-14.06594,32.887,77.238,35.92,2024,,,2024
RGI60_14_SouthAsiaWest,China,RGI60-14.06425,43.698,77.143,35.957,2024,,,2024
RGI60_14_SouthAsiaWest,China,RGI60-14.06495,4.228,77.031,35.977,2024,,,2024
RGI60_14_SouthAsiaWest,China,RGI60-14.06265,24.66,77.069,36.118,2024,,,2024
RGI60_14_SouthAsiaWest,Pakistan,Khurdopin,203.336,75.478606,36.342335,1905-08-02,,,1905
RGI60_14_SouthAsiaWest,Pakistan,Khurdopin,203.336,75.478606,36.342335,1906-08-11,,,1906
RGI60_14_SouthAsiaWest,India,Kumdan,44.561,77.704625,35.180649,1929-08-15,,,1929
RGI60_14_SouthAsiaWest,Pakistan,Yazgil or Malangutti,97.75,75.22,36.5,1959-08-21,,,1959
RGI60_14_SouthAsiaWest,China,Kyagar,97.103,77.193246,35.677413,1959-08-29,,,1959
RGI60_14_SouthAsiaWest,China,Kyagar,97.103,77.193246,35.677413,1961-09-04,,,1961
RGI60_14_SouthAsiaWest,China,Kyagar,97.103,77.193246,35.677413,1963-06-24,,,1963
RGI60_14_SouthAsiaWest,China,Kyagar,97.103,77.193246,35.677413,1963-09-16,,,1963
RGI60_14_SouthAsiaWest,China,Kyagar,97.103,77.193246,35.677413,1964-09-06,,,1964
RGI60_14_SouthAsiaWest,China,Kyagar,97.103,77.193246,35.677413,1965-08-21,,,1965
RGI60_14_SouthAsiaWest,China,Kyagar,97.103,77.193246,35.677413,1966-07-29,,,1966
RGI60_14_SouthAsiaWest,China,Kyagar,97.103,77.193246,35.677413,1968-08-10,,,1968
RGI60_14_SouthAsiaWest,China,Kyagar,97.103,77.193246,35.677413,1971-08-02,,,1971
RGI60_14_SouthAsiaWest,Pakistan,Balt Bare,15.272,74.933,36.34,1974-04-12,,,1974
RGI60_14_SouthAsiaWest,Pakistan,North Therong,117.049,77.311306,35.252845,1975-06-18,,,1975
RGI60_14_SouthAsiaWest,China,Kyagar,97.103,77.193246,35.677413,1976-06-18,,,1976
RGI60_14_SouthAsiaWest,China,IN5Q153E0011 Rimo Glacier,439.616,77.602,35.41,1976-09-15,,,1976
RGI60_14_SouthAsiaWest,Pakistan,Warghut,5.259,74.01,36.75,1977-05-23,,,1977
RGI60_14_SouthAsiaWest,China,Kyagar,97.103,77.193246,35.677413,1977-07-16,1977-07-14,1977-08-01,1977
RGI60_14_SouthAsiaWest,Pakistan,Warghut,5.259,74.01,36.75,1978-05-21,,,1978
RGI60_14_SouthAsiaWest,China,IN5Q153E0011 Rimo Glacier,439.616,77.602,35.41,1978-07-16,,,1978
RGI60_14_SouthAsiaWest,China,Kyagar,97.103,77.193246,35.677413,1978-07-18,,,1978
RGI60_14_SouthAsiaWest,China,Kyagar,97.103,77.193246,35.677413,1978-09-06,,,1978
RGI60_14_SouthAsiaWest,China,Kyagar,97.103,77.193246,35.677413,1979-08-30,,,1979
RGI60_14_SouthAsiaWest,Pakistan,Khurdopin,203.336,75.478606,36.342335,1980-06-28,,,1980
RGI60_14_SouthAsiaWest,Pakistan,Khalti,,73.422475,36.119902,1980-07-27,,,1980
RGI60_14_SouthAsiaWest,China,Kyagar,97.103,77.193246,35.677413,1980-10-21,,,1980
RGI60_14_SouthAsiaWest,China,Kyagar,97.103,77.193246,35.677413,1982-11-16,,,1982
RGI60_14_SouthAsiaWest,China,Kyagar,97.103,77.193246,35.677413,1983-10-28,,,1983
RGI60_14_SouthAsiaWest,China,Kyagar,97.103,77.193246,35.677413,1984-08-30  ,,,1984
RGI60_14_SouthAsiaWest,China,Kyagar,97.103,77.193246,35.677413,1986-08-15,,,1986
RGI60_14_SouthAsiaWest,China,Kyagar,97.103,77.193246,35.677413,1987-08-05,,,1987
RGI60_14_SouthAsiaWest,Pakistan,North Therong,117.049,77.311306,35.252845,1990-06-06,,,1990
RGI60_14_SouthAsiaWest,Pakistan,North Therong,117.049,77.311306,35.252845,1993-05-04,,,1993
RGI60_14_SouthAsiaWest,China,Kyagar,97.103,77.193246,35.677413,1997-08-03,,,1997
RGI60_14_SouthAsiaWest,China,Kyagar,97.103,77.193246,35.677413,1998-11-05,1998-10-09,1998-11-10,1998
RGI60_14_SouthAsiaWest,China,Kyagar,97.103,77.193246,35.677413,1999-08-05,1999-08-05,1999-08-11,1999
RGI60_14_SouthAsiaWest,Pakistan,North Therong,117.049,77.311306,35.252845,2000-04-21,,,2000
RGI60_14_SouthAsiaWest,Pakistan,Chhatteboi,35.674,73.92,36.84,2000-05-21,,,2000
RGI60_14_SouthAsiaWest,Pakistan,Khurdopin,203.336,75.478606,36.342335,2000-06-11,,,2000
RGI60_14_SouthAsiaWest,Pakistan,North Therong,117.049,77.311306,35.252845,2002-06-06,,,2002
RGI60_14_SouthAsiaWest,Pakistan,Khurdopin,203.336,75.478606,36.342335,2002-07-15,,,2002
RGI60_14_SouthAsiaWest,China,Kyagar,97.103,77.193246,35.677413,2002-08-13,2002-08-09,2003-10-15,2002
RGI60_14_SouthAsiaWest,Pakistan,Khurdopin,203.336,75.478606,36.342335,2003-05-31,,2003-05-31,2003
RGI60_14_SouthAsiaWest,China,Kyagar,97.103,77.193246,35.677413,2004-09-20,,,2004
RGI60_14_SouthAsiaWest,China,Kyagar,97.103,77.193246,35.677413,2005-09-02,,,2005
RGI60_14_SouthAsiaWest,China,Kyagar,97.103,77.193246,35.677413,2006-08-02,,,2006
RGI60_14_SouthAsiaWest,Pakistan,Ghulkin,"﻿30,544",74.8062,36.4285,2007-04-05,,,2007
RGI60_14_SouthAsiaWest,Pakistan,Passu,"﻿62,194",74.879298,36.457205,2008-01-06,,,2008
RGI60_14_SouthAsiaWest,Pakistan,Ghulkin,"﻿30,544",74.8062,36.4285,2008-04-06,,,2008
RGI60_14_SouthAsiaWest,Pakistan,Ghulkin,"﻿30,544",74.8062,36.4285,2008-05-21,,,2008
RGI60_14_SouthAsiaWest,Pakistan,Ghulkin,"﻿30,544",74.8062,36.4285,2008-05-25,,,2008
RGI60_14_SouthAsiaWest,Pakistan,Ghulkin,"﻿30,544",74.8062,36.4285,2008-06-14,,,2008
RGI60_14_SouthAsiaWest,Pakistan,Ghulkin,"﻿30,544",74.8062,36.4285,2009-03-26,,,2009
RGI60_14_SouthAsiaWest,Pakistan,Chihnji,13.127,74.004089,36.783588,2009-07-01,,,2009
RGI60_14_SouthAsiaWest,India,Nidder,3.766,78.487766,33.01901,2010-10-08,,,2010
RGI60_14_SouthAsiaWest,Pakistan,Chihnji,13.127,74.004089,36.783588,2013-07-28,,,2013
RGI60_14_SouthAsiaWest,Afghanistan,RGI60-14.24718,1.142,71.129061,36.474514,2013-09-09,,,2013
RGI60_14_SouthAsiaWest,China,Kyagar,97.103,77.193246,35.677413,2016-06-17,2016-07-17,,2016
RGI60_14_SouthAsiaWest,Pakistan,Chihnji,13.127,74.004089,36.783588,2016-06-18,,,2016
RGI60_14_SouthAsiaWest,China,Kyagar,97.103,77.193246,35.677413,2016-08-11,,,2016
RGI60_14_SouthAsiaWest,India,,"0,082",76.733,34.588,2017-08-04,,,2017
RGI60_14_SouthAsiaWest,Pakistan,Khurdopin,203.336,75.478606,36.342335,2018-05-10,,,2018
RGI60_14_SouthAsiaWest,Afghanistan,RGI60-14.24705,0.623,69.628236,35.470142,2018-07-12,,,2018
RGI60_14_SouthAsiaWest,Pakistan,Badswat Glacier,"﻿3,373",74.06,36.5,2018-07-17,2018-08-17,,2018
RGI60_14_SouthAsiaWest,China,Kyagar,97.103,77.193246,35.677413,2018-08-10,,,2018
RGI60_14_SouthAsiaWest,Pakistan,Khurdopin,203.336,75.478606,36.342335,2019-05-10,,,2019
RGI60_14_SouthAsiaWest,Pakistan,Shisphare,87.99,74.562535,36.360999,2019-06-22,2019-06-21,2019-06-23,2019
RGI60_14_SouthAsiaWest,Pakistan,"Rogheli Gol Glaciers, glacier of Nalla","0,386",71.97,35.86,2019-07-07,,,2019
RGI60_14_SouthAsiaWest,China,Kyagar,97.103,77.193246,35.677413,2019-07-25,,,2019
RGI60_14_SouthAsiaWest,Pakistan,Shisphare,87.99,74.562535,36.360999,2020-05-29,,,2020
RGI60_14_SouthAsiaWest,Pakistan,Yarkhun,"0,209",73.02295,36.85265,2020-08-14,,,2020
RGI60_14_SouthAsiaWest,Pakistan,Darmander,,73.68,36.33,2021-06-08,,,2021
RGI60_14_SouthAsiaWest,Pakistan,Karambar,81.704,74.07,36.62,1893-07-07,,,1893
RGI60_14_SouthAsiaWest,Pakistan,Saklei Shuyinj,3.84,73.817,36.856,,1911,1913,1911
RGI60_14_SouthAsiaWest,Pakistan,Warghut,5.259,74.01,36.75,,1976,1979,1976
RGI60_14_SouthAsiaWest,Pakistan,Karambar,81.704,74.07,36.62,,1860,1861,1860
RGI60_14_SouthAsiaWest,Pakistan,Karambar,81.704,74.07,36.62,,1929,1930,1929
RGI60_14_SouthAsiaWest,Pakistan,Tarshing,15.147,74.688517478,35.276973325,,1907,1909,1907
RGI60_15_SouthAsiaEast,Nepal,RGI60-15.02862,5.224,88.037622,27.829351,1921,,,1921
RGI60_15_SouthAsiaEast,Nepal,RGI60-15.03692,2.007,87.749295,27.815292,1963,,,1963
RGI60_15_SouthAsiaEast,Nepal,RGI60-15.03692,2.007,87.749295,27.815292,1968,,,1968
RGI60_15_SouthAsiaEast,China,Amaciren,1.416,86.066122,28.066849,1983,,,1983
RGI60_15_SouthAsiaEast,Nepal,,,83.967,29.307,1985,,,1985
RGI60_15_SouthAsiaEast,Nepal,Yalung,32.194,88.027139,27.585963,1986,,,1986
RGI60_15_SouthAsiaEast,China,CN5O191B0001,1.373,85.919781,28.139286,2002,2002-05-20 00:00:00,2002-10-11 00:00:00,2002
RGI60_15_SouthAsiaEast,China,,0.298,98.00386327,28.71726673,2017,2017-06-06 00:00:00,2017-07-14 00:00:00,2017
RGI60_15_SouthAsiaEast,China,CN5O192C0050,1.175,,,2018,2018-06-22 00:00:00,2018-09-14 00:00:00,2018
RGI60_15_SouthAsiaEast,China,G095259E30240N,,95.292,30.263,2018-07-07 00:00:00,2018-07-04 00:00:00,2018-07-09 00:00:00,2018
RGI60_15_SouthAsiaEast,China,CN5O191D0024,0.393,86.131654,28.293536,1935-08-28,,,1935
RGI60_15_SouthAsiaEast,China,CN5O201A0016,6.489,88.921537,27.847121,1940-07-10,,,1940
RGI60_15_SouthAsiaEast,Bhutan,Tarina,2.516,89.89872,28.105847,1957,,,1957
RGI60_15_SouthAsiaEast,Bhutan,Tarina,2.516,89.89872,28.105847,1959,,,1959
RGI60_15_SouthAsiaEast,Bhutan,unknown,9.06,90.3099,28.0351,1960,,,1960
RGI60_15_SouthAsiaEast,China,﻿RGI60-15.09331,"﻿4,852",85.349693,28.620184,1964-08-28,,,1964
RGI60_15_SouthAsiaEast,China,CN5O198E0055,6.451,87.814064,27.964347,1964-09-21,,,1964
RGI60_15_SouthAsiaEast,China,CN5O194C0007,2.712,86.493688,28.348126,1965-08-15,,,1965
RGI60_15_SouthAsiaEast,China,CN5O194C0007,2.712,86.493688,28.348126,1968-08-15,,,1968
RGI60_15_SouthAsiaEast,China,CN5O194C0009,0.567,86.493688,28.348126,1969-08-17,,,1969
RGI60_15_SouthAsiaEast,China,RGI60-15.10211,2.712,86.493688,28.348126,1970-07-12,,,1970
RGI60_15_SouthAsiaEast,China,CN5O212A0214 Changrejiang Glacier,11.345,90.62,28.45,1972-07-23,,,1972
RGI60_15_SouthAsiaEast,China,CN5K612F0001,1.594,102.0,29.53333,1976-08-30,,,1976
RGI60_15_SouthAsiaEast,Nepal,Nare,,86.83667,27.82972,1977-09-03,,,1977
RGI60_15_SouthAsiaEast,Nepal,RGI60-15.02906,6.595,87.866206,27.869051,1980-06-23,,,1980
RGI60_15_SouthAsiaEast,China,CN5O212A0222 Kula Glacier,11.547,90.607295,28.299809,1981-06-24,,,1981
RGI60_15_SouthAsiaEast,China,Amaciren,1.416,86.066122,28.066849,1981-07-11,,,1981
RGI60_15_SouthAsiaEast,China,﻿RGI60-15.10335,"﻿2,330",87.895603,27.943308,1982-08-27,,,1982
RGI60_15_SouthAsiaEast,Nepal,Langmoche,1.313,86.585784,27.874362,1985-08-04,,,1985
RGI60_15_SouthAsiaEast,Nepal,RGI60-15.04363,0.615,83.86815,29.28812,1988,,,1988
RGI60_15_SouthAsiaEast,China,Gongzo,28.821,96.501374,29.46626,1988-07-14,,,1988
RGI60_15_SouthAsiaEast,Nepal,Ripimo Shar,13.294,86.46056,27.87694,1991-07-12,,,1991
RGI60_15_SouthAsiaEast,China,G086454E27926N,4.971,86.44722,27.92929,1992,1992-09-22,1992-11-17,1992
RGI60_15_SouthAsiaEast,Bhutan,Luggye,10.942,90.300322,28.092048,1994-10-07,,,1994
RGI60_15_SouthAsiaEast,China,CN5O186B0017 Weisapu Glacier,5.358,85.370497,28.662208,1995-06-07,,,1995
RGI60_15_SouthAsiaEast,India,G088803E27917N,5.267,88.78208,27.90125,1997,1997-07-03 00:00:00,1997-08-20 00:00:00,1997
RGI60_15_SouthAsiaEast,Bhutan,Gangri,2.879,90.806916,27.899492,1998,,,1998
RGI60_15_SouthAsiaEast,Nepal,Sabai,1.769,86.845057,27.742834,1998-09-03,,,1998
RGI60_15_SouthAsiaEast,Bhutan,Tshojo,31.514,90.164108,28.100736,2009-04-29,,,2009
RGI60_15_SouthAsiaEast,Nepal,Halji,2.254,81.47408,30.267,2009-06-23,,,2009
RGI60_15_SouthAsiaEast,China,CN5O197B0127,2.793,87.985425,27.950928,2010,2010-06-24,2010-07-28,2010
RGI60_15_SouthAsiaEast,Nepal,Halji,2.254,81.47408,30.267,2011-06-30,,,2011
RGI60_15_SouthAsiaEast,India,RGI60-15.06623,4.912,79.062359,30.747036,2013-06-17,,,2013
RGI60_15_SouthAsiaEast,Nepal,Langmoche,1.313,86.585784,27.874362,2015-04-25,,,2015
RGI60_15_SouthAsiaEast,Nepal,Lhotse,6.825,86.89083,27.90556,2015-05-25,,,2015
RGI60_15_SouthAsiaEast,Bhutan,Lemthang Glacier,2.389,89.579816,28.0695,2015-06-28,,,2015
RGI60_15_SouthAsiaEast,Nepal,Lhotse,6.825,86.89083,27.90556,2016-06-12,,,2016
RGI60_15_SouthAsiaEast,China,CN5O191D0045,1.605,86.063869,28.078171,2016-07-07,,,2016
RGI60_15_SouthAsiaEast,Nepal,RGI60-15.03847,0.916,87.13917,27.81306,2017-04-20,,,2017
RGI60_15_SouthAsiaEast,Nepal,Changri Shar,"﻿12,451",86.811476,27.988793,2017-07-16,,,2017
RGI60_15_SouthAsiaEast,Bhutan,Thorthormi,10.486,90.263,28.106,2019-06-20,,,2019
RGI60_15_SouthAsiaEast,China,,"0,88",85.515,28.131,2021-06-14,,,2021
RGI60_15_SouthAsiaEast,India,South Lhonak Glacier,11.71,88.19547355,27.91259005,2023-10-03,,,2023
RGI60_15_SouthAsiaEast,China,CN5O212A0233 Zharilang Glacier,8.628,90.59,28.27,,1950,1960,1950
RGI60_15_SouthAsiaEast,Bhutan,Cuoalong,13.881,90.602188,28.059218,,1955,1966,1955
RGI60_15_SouthAsiaEast,Bhutan,RGI60-15.02235,5.01,89.350219,27.81899,,1966,1974,1966
RGI60_15_SouthAsiaEast,China,CN5O282A0820,3.042,96.465324,29.752408,,2006-09-19 00:00:00,2007-09-22 00:00:00,2006
RGI60_15_SouthAsiaEast,Bhutan,﻿RGI60-15.02239,"﻿1,521",89.369702,27.836031,,,1966,1966
RGI60_15_SouthAsiaEast,China,RGI60-15.02256,2.232,89.811,28.217,,,1966,1966
RGI60_15_SouthAsiaEast,Bhutan,RGI60-15.02591,8.057,90.705,28.02,,,1956,1956
RGI60_15_SouthAsiaEast,Bhutan,RGI60-15.02662,1.415,89.267349,27.78903,,,1966,1966
RGI60_15_SouthAsiaEast,Nepal,Ramdan,9.386,88.026638,27.766255,,,1962,1962
RGI60_15_SouthAsiaEast,Nepal,Sharphu,1.908,87.874966,27.769867,,,1962,1962
RGI60_15_SouthAsiaEast,China,﻿CN5O212A0214 Changrejiang Glacier,"﻿11,345",90.6738,28.3336,,,1966,1966
RGI60_15_SouthAsiaEast,China,CN5O212A0199,2.064,90.713,28.273,,,1966,1966
RGI60_15_SouthAsiaEast,China,CN5O212A0203,2.144,90.741,28.304,,,1966,1966
RGI60_15_SouthAsiaEast,China,CN5O252A0028,3.863,89.312239,27.878384,,,1966,1966
RGI60_15_SouthAsiaEast,China,CN5O252A0026,2.873,89.351335,27.884036,,,1966,1966
RGI60_16_LowLatitudes,Peru,﻿RGI60-16.00332,"﻿3,080",-72.07684115,-13.22302644,1942,,,1942
RGI60_16_LowLatitudes,Peru,RGI60-16.02457,4.473,-77.645278,-8.990833,1945,,,1945
RGI60_16_LowLatitudes,Peru,RGI60-16.02265,9.021,-77.344722,-9.42166699999999,1954,,,1954
RGI60_16_LowLatitudes,Peru,RGI60-16.02265,9.021,-77.344722,-9.42166699999999,1959,,,1959
RGI60_16_LowLatitudes,Peru,RGI60-16.02358,2.743,-77.51224393,-9.16608327,1988,1988-05-17 00:00:00,1988-09-22 00:00:00,1988
RGI60_16_LowLatitudes,Peru,﻿RGI60-16.02353,"﻿4,812",-77.55050685,-9.21272178,1991,,,1991
RGI60_16_LowLatitudes,Peru,﻿RGI60-16.00287,"﻿2,773",-72.53117114,-13.31796825,1996,1996-06-12 00:00:00,1996-07-14,1996
RGI60_16_LowLatitudes,Peru,RGI60-16.02358,2.743,-77.51224393,-9.16608327,1998,1997-08-30 00:00:00,1998-05-29 00:00:00,1998
RGI60_16_LowLatitudes,Peru,RGI60-16.01919,4.944,-76.8767,-10.2665,1998,1998-09-27 00:00:00,1998-11-21 00:00:00,1998
RGI60_16_LowLatitudes,Peru,﻿RGI60-16.00928,"﻿1,858",-69.4117504,-14.6000096,2015,,,2015
RGI60_16_LowLatitudes,Peru,RGI60-16.01875,8.823,-76.8885,-10.2413,2016,2016-01-24,2016-05-09,2016
RGI60_16_LowLatitudes,Peru,RGI60-16.01875,8.823,-76.9379,-10.2333,1932-03-14,,,1932
RGI60_16_LowLatitudes,Peru,Pacllashcocha,2.136,-77.515556,-9.113889,1938-01-20,,,1938
RGI60_16_LowLatitudes,Peru,RGI60-16.01876,1.163,-76.9063,-10.3171,1941-04-20,,,1941
RGI60_16_LowLatitudes,Peru,Palcaraju,6.279,-77.377996,-9.394384,1941-12-13,,,1941
RGI60_16_LowLatitudes,Peru,Huantsan,2.769,-77.286389,-9.514722,1945-01-17,,,1945
RGI60_16_LowLatitudes,Peru,Kogan,4.496,-77.673333,-8.85777799999999,1950-10-20,,,1950
RGI60_16_LowLatitudes,Peru,RGI60-16.02188,1.924,-77.412339,-9.363814,1952-11-06,,,1952
RGI60_16_LowLatitudes,Peru,RGI60-16.02182,1.735,-77.295833,-9.49444399999999,1965-12-19,,,1965
RGI60_16_LowLatitudes,Peru,RGI60-16.02300,0.935,-77.4907199999999,-9.20659,1970-05-31,,,1970
RGI60_16_LowLatitudes,Peru,RGI60-16.02305,1.749,-77.502778,-9.21944399999999,1970-05-31,,,1970
RGI60_16_LowLatitudes,Peru,﻿RGI60-16.02309,"﻿1,744",-77.49923847,-9.20023784,1970-05-31,,,1970
RGI60_16_LowLatitudes,Peru,RGI60-16.02358,2.743,-77.5055559999999,-9.141944,1970-05-31,,,1970
RGI60_16_LowLatitudes,Peru,RGI60-16.02364,4.77,-77.4836109999999,-9.13388899999999,1970-05-31,,,1970
RGI60_16_LowLatitudes,Peru,Pucajirca,3.808,-77.618611,-8.84249999999999,1970-05-31,,,1970
RGI60_16_LowLatitudes,Peru,RGI60-16.01909,6.223,-76.91354596,-10.31229598,1981-03-15,,,1981
RGI60_16_LowLatitudes,Peru,RGI60-16.02188,1.924,-77.412339,-9.363814,1982-08-31,,,1982
RGI60_16_LowLatitudes,Peru,RGI60-16.02485,2.294,-77.614444,-8.932778,1997-05-20,,,1997
RGI60_16_LowLatitudes,Peru,﻿RGI60-16.01274,"﻿4,282",-71.18298249,-13.70118489,1999-06-30,2005-05-29,,1999
RGI60_16_LowLatitudes,Peru,﻿RGI60-16.02358,"﻿2,743",-77.51224393,-9.16608327,2001-11-18,,,2001
RGI60_16_LowLatitudes,Peru,Pucajirca,3.808,-77.618611,-8.84249999999999,2002-04-22,,,2002
RGI60_16_LowLatitudes,Peru,Palcaraju,6.279,-77.377996,-9.394384,2003-03-19,,,2003
RGI60_16_LowLatitudes,Bolivia,RGI60-16.00861,0.682,-69.1675,-14.6782,2009-11-03,,,2009
RGI60_16_LowLatitudes,Bolivia,﻿RGI60-16.00897,"﻿11,214",-69.13120255,-14.6860914,2009-11-03,,,2009
RGI60_16_LowLatitudes,Peru,﻿RGI60-16.02353,4.812,-77.55050685,-9.21272178,2010-04-11,,,2010
RGI60_16_LowLatitudes,Peru,﻿RGI60-16.00332,"﻿3,080",-72.07742536,-13.21905199,2010-10-17,,,2010
RGI60_16_LowLatitudes,Peru,﻿RGI60-16.02485,"﻿2,294",-77.61782215,-8.93788826,2012-02-08,,,2012
RGI60_16_LowLatitudes,Peru,Salkantay,0.817,-72.569075,-13.342355,2020-02-23,,,2020
RGI60_16_LowLatitudes,Peru,RGI60-16.02480,4.519,-77.681111,-9.06277799999999,1725-01-06,,,1725
RGI60_16_LowLatitudes,Peru,RGI60-16.02264,8.356,-77.342892,-9.523094,1883-06-24,,,1883
RGI60_16_LowLatitudes,Peru,Caraz,5.943,-77.6441669999999,-8.97527799999999,1951-07-06,,,1951
RGI60_16_LowLatitudes,Peru,Caraz,5.943,-77.6441669999999,-8.97527799999999,1951-10-28,,,1951
RGI60_16_LowLatitudes,Bolivia,﻿RGI60-16.00532,"﻿0,649",-68.11005097,-16.30231971,2016-07,2016-07-17 00:00:00,2016-07-29 00:00:00,2016
RGI60_16_LowLatitudes,Bolivia,﻿RGI60-16.00532,"﻿0,649",-68.11005097,-16.30231971,2016-09,2016-09-04 00:00:00,2016-09-12 00:00:00,2016
RGI60_16_LowLatitudes,Bolivia,﻿RGI60-16.00846,"﻿2,395",-67.34999072,-16.95343986,,2004-11-13 00:00:00,2005-01-24 00:00:00,2004
RGI60_16_LowLatitudes,Peru,﻿RGI60-16.00417,"﻿5,973",-72.33066854,-13.18237293,,2005-08-01 00:00:00,2012-07-19 00:00:00,2005
RGI60_16_LowLatitudes,Peru,﻿RGI60-16.00384,"﻿0,325",-73.10533647,-13.2401825,,2012-08-30 00:00:00,2013-09-08 00:00:00,2012
RGI60_16_LowLatitudes,Peru,﻿RGI60-16.01950,"﻿0,121",-77.02416443,-9.99478503,,2016-01-24 00:00:00,2016-05-05 00:00:00,2016
RGI60_16_LowLatitudes,Peru,﻿RGI60-16.00332,"﻿3,080",-72.058692,-13.2039842,,2018-08-29 00:00:00,2019-04-08,2018
RGI60_16_LowLatitudes,Peru,﻿RGI60-16.02517,"﻿2,090",-77.71579174,-8.8424808,,1948,1970,1948
RGI60_16_LowLatitudes,Peru,RGI60-16.02438,1.272,-77.646111,-8.93861099999999,,1950,1962,1950
RGI60_16_LowLatitudes,Peru,RGI60-16.02510,1.503,-77.6933329999999,-8.881389,,1962,1970,1962
RGI60_16_LowLatitudes,Peru,RGI60-16.01870,0.618,-76.9415,-10.2968,,,1976,1976
RGI60_16_LowLatitudes,Peru,﻿RGI60-16.00371,"﻿1,291",-71.9703049,-13.19998251,,,1984,1984
RGI60_16_LowLatitudes,Peru,﻿RGI60-16.00912,"﻿4,599",-69.24850355,-14.6306681,,,1984,1984
RGI60_16_LowLatitudes,Peru,RGI60-16.01899,5.304,-76.8742,-10.3646,,,1984,1984
RGI60_16_LowLatitudes,Peru,﻿RGI60-16.02917,"﻿0,032",-76.41182204,-11.4019148,,,1984,1984
RGI60_16_LowLatitudes,Peru,RGI60-16.01917,1.84,-76.9287,-10.2934,,,1985,1985
RGI60_16_LowLatitudes,Peru,﻿RGI60-16.02614,"﻿2,032",-76.03174928,-11.92164758,,,1985,1985
RGI60_16_LowLatitudes,Peru,﻿RGI60-16.02011,"﻿0,148",-77.22141345,-9.84486952,,,1990,1990
RGI60_16_LowLatitudes,Peru,unknown,0.03,-76.97985,-10.3168,,,2010,2010
RGI60_16_LowLatitudes,Peru,RGI60-16.01882,5.304,-76.8635,-10.3441,,,2010,2010
RGI60_16_LowLatitudes,Peru,﻿RGI60-16.02181,"﻿1,992",-77.30149437,-9.48338028,,,1948,1948
RGI60_16_LowLatitudes,Peru,﻿RGI60-16.02183,"﻿1,789",-77.32095358,-9.44667471,,,1948,1948
RGI60_16_LowLatitudes,Peru,﻿RGI60-16.02197,"﻿1,464",-77.35394849,-9.41078674,,,1948,1948
RGI60_16_LowLatitudes,Peru,﻿RGI60-16.02207,"﻿6,606",-77.35712889,-9.4931159,,,1948,1948
RGI60_16_LowLatitudes,Peru,﻿RGI60-16.02262,"﻿4,231",-77.29156605,-9.3841444,,,1948,1948
RGI60_16_LowLatitudes,Peru,﻿RGI60-16.02309,"﻿1,744",-77.49436664,-9.19726316,,,1948,1948
RGI60_16_LowLatitudes,Peru,RGI60-16.02416,1.875,-77.5555559999999,-9.067778,,,1948,1948
RGI60_16_LowLatitudes,Peru,RGI60-16.02421,1.365,-77.5936109999999,-9.02999999999999,,,1948,1948
RGI60_16_LowLatitudes,Peru,﻿RGI60-16.02448,"﻿0,528",-77.68146479,-8.98091211,,,1948,1948
RGI60_16_LowLatitudes,Peru,﻿RGI60-16.02452,"﻿0,413",-77.69301467,-8.98901815,,,1948,1948
RGI60_16_LowLatitudes,Peru,﻿RGI60-16.02457,"﻿4,473",-77.64269628,-8.98733321,,,1948,1948
RGI60_16_LowLatitudes,Peru,RGI60-16.02592,1.42,-77.793953,-8.673709,,,1948,1948
RGI60_16_LowLatitudes,Peru,﻿RGI60-16.02068,"﻿0,063",-77.22820071,-9.75449409,,,1962,1962
RGI60_16_LowLatitudes,Peru,﻿RGI60-16.02225,"﻿0,404",-77.33148113,-9.46051736,,,1970,1970
RGI60_16_LowLatitudes,Peru,﻿RGI60-16.00244,"﻿2,668",-72.5848202,-13.37955277,,,1984,1984
RGI60_16_LowLatitudes,Peru,﻿RGI60-16.00289,"﻿7,995",-72.58707009,-13.32931486,,,1984,1984
RGI60_16_LowLatitudes,Peru,﻿RGI60-16.00337,"﻿4,974",-72.81931363,-13.20579257,,,1984,1984
RGI60_16_LowLatitudes,Peru,﻿RGI60-16.01963,"﻿2,705",-77.25096555,-9.97958117,,,1984,1984
RGI60_16_LowLatitudes,Peru,﻿RGI60-16.02051,"﻿1,607",-75.06008543,-11.92269213,,,1984,1984
RGI60_16_LowLatitudes,Peru,﻿RGI60-16.02622,"﻿1,720",-76.04308516,-11.9799029,,,1984,1984
RGI60_16_LowLatitudes,Peru,﻿RGI60-16.01969,"﻿0,443",-77.24574832,-9.93816,,,1985,1985
RGI60_16_LowLatitudes,Peru,﻿RGI60-16.02535,"﻿0,983",-77.64378873,-8.85595156,,,1985,1985
RGI60_16_LowLatitudes,Peru,﻿RGI60-16.02716,"﻿0,428",-75.46500383,-12.64374678,,,1985,1985
RGI60_17_SouthAndes,Chile,Colonia Glacier,287.961,-73.256578,-47.28773,1881,,,1881
RGI60_17_SouthAndes,Argentina,Gl. Grande del Nevado del Plomo,10.921,-69.98,-33.1199999999999,1900,,,1900
RGI60_17_SouthAndes,Chile,Colonia Glacier,287.961,-73.256578,-47.28773,1920,,,1920
RGI60_17_SouthAndes,Chile,Colonia Glacier,287.961,-73.256578,-47.28773,1921,,,1921
RGI60_17_SouthAndes,Chile,Colonia Glacier,287.961,-73.256578,-47.28773,1922,,,1922
RGI60_17_SouthAndes,Chile,Colonia Glacier,287.961,-73.256578,-47.28773,1923,,,1923
RGI60_17_SouthAndes,Chile,Colonia Glacier,287.961,-73.256578,-47.28773,1924,,,1924
RGI60_17_SouthAndes,Chile,Colonia Glacier,287.961,-73.256578,-47.28773,1925,,,1925
RGI60_17_SouthAndes,Argentina,Gl. Grande del Nevado del Plomo,10.921,-69.98,-33.1199999999999,1926,,,1926
RGI60_17_SouthAndes,Chile,Colonia Glacier,287.961,-73.256578,-47.28773,1926,,,1926
RGI60_17_SouthAndes,Chile,Colonia Glacier,287.961,-73.256578,-47.28773,1927,,,1927
RGI60_17_SouthAndes,Chile,Colonia Glacier,287.961,-73.256578,-47.28773,1928,,,1928
RGI60_17_SouthAndes,Chile,Colonia Glacier,287.961,-73.256578,-47.28773,1929,,,1929
RGI60_17_SouthAndes,Chile,Colonia Glacier,287.961,-73.256578,-47.28773,1930,,,1930
RGI60_17_SouthAndes,Chile,Colonia Glacier,287.961,-73.256578,-47.28773,1931,,,1931
RGI60_17_SouthAndes,Chile,Colonia Glacier,287.961,-73.256578,-47.28773,1932,,,1932
RGI60_17_SouthAndes,Chile,Colonia Glacier,287.961,-73.256578,-47.28773,1933,,,1933
RGI60_17_SouthAndes,Chile,Colonia Glacier,287.961,-73.256578,-47.28773,1934,,,1934
RGI60_17_SouthAndes,Chile,Colonia Glacier,287.961,-73.256578,-47.28773,1935,,,1935
RGI60_17_SouthAndes,Argentina,Gl. Perito Moreno,263.322,-72.98,-50.5,1936,,,1936
RGI60_17_SouthAndes,Chile,Colonia Glacier,287.961,-73.256578,-47.28773,1936,,,1936
RGI60_17_SouthAndes,Chile,Colonia Glacier,287.961,-73.256578,-47.28773,1937,,,1937
RGI60_17_SouthAndes,Chile,Colonia Glacier,287.961,-73.256578,-47.28773,1938,,,1938
RGI60_17_SouthAndes,Chile,Colonia Glacier,287.961,-73.256578,-47.28773,1939,,,1939
RGI60_17_SouthAndes,Argentina,Gl. Perito Moreno,263.322,-72.98,-50.5,1940,,,1940
RGI60_17_SouthAndes,Chile,Colonia Glacier,287.961,-73.256578,-47.28773,1940,,,1940
RGI60_17_SouthAndes,Chile,Colonia Glacier,287.961,-73.256578,-47.28773,1941,,,1941
RGI60_17_SouthAndes,Argentina,Gl. Perito Moreno,263.322,-72.98,-50.5,1942,,,1942
RGI60_17_SouthAndes,Chile,Colonia Glacier,287.961,-73.256578,-47.28773,1942,,,1942
RGI60_17_SouthAndes,Chile,Colonia Glacier,287.961,-73.256578,-47.28773,1943,,,1943
RGI60_17_SouthAndes,Chile,Colonia Glacier,287.961,-73.256578,-47.28773,1944,,,1944
RGI60_17_SouthAndes,Chile,Lucia Glacier,"﻿164,109",-73.280522,-48.323889,1945,,,1945
RGI60_17_SouthAndes,Chile,Colonia Glacier,287.961,-73.256578,-47.28773,1945,,,1945
RGI60_17_SouthAndes,Argentina,Gl. Perito Moreno,263.322,-72.98,-50.5,1946,,,1946
RGI60_17_SouthAndes,Chile,Hernando Lamero,76.817,-73.554068,-51.310282,1946,,,1946
RGI60_17_SouthAndes,Chile,Colonia Glacier,287.961,-73.256578,-47.28773,1946,,,1946
RGI60_17_SouthAndes,Argentina,Gl. Perito Moreno,263.322,-72.98,-50.5,1947,,,1947
RGI60_17_SouthAndes,Chile,Colonia Glacier,287.961,-73.256578,-47.28773,1947,,,1947
RGI60_17_SouthAndes,Chile,Colonia Glacier,287.961,-73.256578,-47.28773,1948,,,1948
RGI60_17_SouthAndes,Argentina,Gl. Perito Moreno,263.322,-72.98,-50.5,1949,,,1949
RGI60_17_SouthAndes,Chile,Colonia Glacier,287.961,-73.256578,-47.28773,1949,,,1949
RGI60_17_SouthAndes,Chile,Colonia Glacier,287.961,-73.256578,-47.28773,1950,,,1950
RGI60_17_SouthAndes,Chile,Colonia Glacier,287.961,-73.256578,-47.28773,1951,,,1951
RGI60_17_SouthAndes,Argentina,Gl. Perito Moreno,263.322,-72.98,-50.5,1952,,,1952
RGI60_17_SouthAndes,Chile,Colonia Glacier,287.961,-73.256578,-47.28773,1952,,,1952
RGI60_17_SouthAndes,Argentina,Gl. Perito Moreno,263.322,-72.98,-50.5,1953,,,1953
RGI60_17_SouthAndes,Chile,Gl. Cachapoal,19.191,-70.08,-34.3699999999999,1955,,,1955
RGI60_17_SouthAndes,Argentina,Gl. Perito Moreno,263.322,-72.98,-50.5,1956,,,1956
RGI60_17_SouthAndes,Chile,Colonia Glacier,287.961,-73.256578,-47.28773,1957,,,1957
RGI60_17_SouthAndes,Argentina,Gl. Perito Moreno,263.322,-72.98,-50.5,1960,,,1960
RGI60_17_SouthAndes,Argentina,Gl. Perito Moreno,263.322,-72.98,-50.5,1963,,,1963
RGI60_17_SouthAndes,Chile,Colonia Glacier,287.961,-73.256578,-47.28773,1963,,,1963
RGI60_17_SouthAndes,Argentina,Gl. Perito Moreno,263.322,-72.98,-50.5,1966,,,1966
RGI60_17_SouthAndes,Argentina,Gl. Perito Moreno,263.322,-72.98,-50.5,1970,,,1970
RGI60_17_SouthAndes,Argentina,Gl. Perito Moreno,263.322,-72.98,-50.5,1972,,,1972
RGI60_17_SouthAndes,Chile,RGI60-17.09519,79.688,-72.92046,-45.90041,1973,,,1973
RGI60_17_SouthAndes,Argentina,Gl. Perito Moreno,263.322,-72.98,-50.5,1975,,,1975
RGI60_17_SouthAndes,Argentina,Gl. Perito Moreno,263.322,-72.98,-50.5,1977,,,1977
RGI60_17_SouthAndes,Chile,Gl. San Rafael,721.95,-73.74,-46.65,1979,1979-01-22 00:00:00,1979-03-08 00:00:00,1979
RGI60_17_SouthAndes,Chile,Acodado,268.749,-73.8359,-47.2503,1979,1979-01-22 00:00:00,1979-03-08 00:00:00,1979
RGI60_17_SouthAndes,Argentina,Gl. Perito Moreno,263.322,-72.98,-50.5,1980,,,1980
RGI60_17_SouthAndes,Argentina,Gl. Perito Moreno,263.322,-72.98,-50.5,1984,,,1984
RGI60_17_SouthAndes,Chile,Colonia Glacier,287.961,-73.369129,-47.142341,1985,1985-01-27 00:00:00,1985-03-07,1985
RGI60_17_SouthAndes,Argentina,RGI60-17.11322,2.306,-71.914524,-42.882864,1986,1986-02-22 00:00:00,1986-03-26 00:00:00,1986
RGI60_17_SouthAndes,Chile,Gl. San Rafael,721.95,-73.74,-46.65,1986,1985-03-07 00:00:00,1986-12-07 00:00:00,1986
RGI60_17_SouthAndes,Chile,RGI60-17.00122,1.36,-72.960377,-50.94645,1986,,,1986
RGI60_17_SouthAndes,Argentina,Gl. Perito Moreno,263.322,-72.98,-50.5,1988,,,1988
RGI60_17_SouthAndes,Argentina,Gl. Perito Moreno,263.322,-72.98,-50.5,1990,,,1990
RGI60_17_SouthAndes,Chile,Colonia Glacier,287.961,-73.369129,-47.142341,1997,1997-02-13 00:00:00,1998-03-20 00:00:00,1997
RGI60_17_SouthAndes,Chile,Colonia Glacier,287.961,-73.369129,-47.142341,1998,1998-11-06 00:00:00,1999-01-09 00:00:00,1998
RGI60_17_SouthAndes,Chile,Acodado,268.749,-73.8359,-47.2503,1998,1998-09-19 00:00:00,1998-11-06 00:00:00,1998
RGI60_17_SouthAndes,Chile,Glaciar Témpano,334.719,-73.874586,-48.727864,1998,1998-04-28 00:00:00,1998-11-06 00:00:00,1998
RGI60_17_SouthAndes,Chile,Steffen,428.505,-73.80203392,-47.43819576,1998,1987-02-09 00:00:00,1998-04-28 00:00:00,1998
RGI60_17_SouthAndes,Chile,Colonia Glacier,287.961,-73.369129,-47.142341,1999,1999-10-09 00:00:00,1999-11-26 00:00:00,1999
RGI60_17_SouthAndes,Chile,RGI60-17.11903,0.384,-72.2159,-42.2896,1999,1999-04-15 00:00:00,1999-12-11 00:00:00,1999
RGI60_17_SouthAndes,Chile,Steffen,428.505,-73.80203392,-47.43819576,1999,1999-01-09 00:00:00,1999-02-10 00:00:00,1999
RGI60_17_SouthAndes,Chile,Occidental,235.148,-74.039316,-48.812517,1999,1998-11-06 00:00:00,1999-03-23 00:00:00,1999
RGI60_17_SouthAndes,Chile,Occidental,235.148,-74.039316,-48.812517,2000,2000-04-02 00:00:00,2000-08-23 00:00:00,2000
RGI60_17_SouthAndes,Chile,Colonia Glacier,287.961,-73.369129,-47.142341,2000,2000-04-02 00:00:00,2000-07-07 00:00:00,2000
RGI60_17_SouthAndes,Chile,Acodado,268.749,-73.88055027,-47.32436397,2000,2000-03-08 00:00:00,2000-10-02 00:00:00,2000
RGI60_17_SouthAndes,Chile,Pio XI,1234.714,-73.82631,-49.09997,2000,1999-10-08 00:00:00,2000-04-02 00:00:00,2000
RGI60_17_SouthAndes,Chile,Steffen,428.505,-73.80203392,-47.43819576,2000,1999-10-08 00:00:00,2000-03-08 00:00:00,2000
RGI60_17_SouthAndes,Chile,Gl. San Rafael,721.95,-73.763152,-46.729563,2000,1999-08-21 00:00:00,2000-03-08 00:00:00,2000
RGI60_17_SouthAndes,Chile,RGI60-17.11893,0.124,-72.153654,-42.297723,2000,,,2000
RGI60_17_SouthAndes,Chile,Colonia Glacier,287.961,-73.369129,-47.142341,2001,2001-12-17 00:00:00,2002-01-18 00:00:00,2001
RGI60_17_SouthAndes,Chile,Glaciar Témpano,334.719,-73.874586,-48.727864,2001,2001-09-28 00:00:00,2001-10-14 00:00:00,2001
RGI60_17_SouthAndes,Chile,RGI60-17.11842,0.446,-72.2355,-42.3414,2001,2001-08-10 00:00:00,2001-10-29 00:00:00,2001
RGI60_17_SouthAndes,Chile,Gl. San Rafael,721.95,-73.74,-46.65,2001,2001-08-10 00:00:00,2001-12-16 00:00:00,2001
RGI60_17_SouthAndes,Chile,Occidental,235.148,-74.039316,-48.812517,2001,2001-03-12 00:00:00,2001-05-07 00:00:00,2001
RGI60_17_SouthAndes,Chile,RGI60-17.08672,1.479,-72.52,-46.43,2001,2001-03-12 00:00:00,2001-10-29 00:00:00,2001
RGI60_17_SouthAndes,Chile,Colonia Glacier,287.961,-73.369129,-47.142341,2001,2001-02-07 00:00:00,2001-03-11 00:00:00,2001
RGI60_17_SouthAndes,Chile,Steffen,428.505,-73.80203392,-47.43819576,2001,2000-11-11 00:00:00,2001-03-11 00:00:00,2001
RGI60_17_SouthAndes,Chile,Colonia Glacier,287.961,-73.369129,-47.142341,2002,2002-11-02 00:00:00,2002-12-04 00:00:00,2002
RGI60_17_SouthAndes,Chile,Glaciar Témpano,334.719,-73.874586,-48.727864,2002,2002-10-17 00:00:00,2002-12-11 00:00:00,2002
RGI60_17_SouthAndes,Argentina,RGI60-17.12021,2.19,-72.0779,-42.1651,2002,2002-07-28 00:00:00,2002-09-22 00:00:00,2002
RGI60_17_SouthAndes,Chile,RGI60-17.11099,0.144,-72.290129,-43.130117,2002,2002-07-04 00:00:00,2002-11-09 00:00:00,2002
RGI60_17_SouthAndes,Chile,RGI60-17.10835,0.62,-72.250258,-43.471999,2002,2002-04-15 00:00:00,2002-08-13 00:00:00,2002
RGI60_17_SouthAndes,Chile,RGI60-17.11129,0.342,-72.161,-43.086,2002,2002-03-30 00:00:00,2002-11-09 00:00:00,2002
RGI60_17_SouthAndes,Chile,Steffen,428.505,-73.80203392,-47.43819576,2002,2002-03-30 00:00:00,2002-08-05 00:00:00,2002
RGI60_17_SouthAndes,Chile,Acodado,268.749,-73.8359,-47.2503,2002,2002-03-30 00:00:00,2002-05-17 00:00:00,2002
RGI60_17_SouthAndes,Chile,Glaciar Témpano,334.719,-73.874586,-48.727864,2002,2002-01-18 00:00:00,2002-03-31 00:00:00,2002
RGI60_17_SouthAndes,Chile,Colonia Glacier,287.961,-73.369129,-47.142341,2002,2002-01-18 00:00:00,2002-02-03 00:00:00,2002
RGI60_17_SouthAndes,Chile,Gl. San Rafael,721.95,-73.763152,-46.729563,2002,2001-12-16 00:00:00,2002-02-10 00:00:00,2002
RGI60_17_SouthAndes,Chile,Gl. San Rafael,721.95,-73.74,-46.65,2003,2003-11-12 00:00:00,2003-12-30 00:00:00,2003
RGI60_17_SouthAndes,Chile,Acodado,268.749,-73.8359,-47.2503,2003,2003-11-12 00:00:00,2003-12-30 00:00:00,2003
RGI60_17_SouthAndes,Chile,Colonia Glacier,287.961,-73.369129,-47.142341,2003,2003-11-04 00:00:00,2003-12-30 00:00:00,2003
RGI60_17_SouthAndes,Chile,Acodado,268.749,-73.8359,-47.2503,2003,2003-08-24 00:00:00,2003-11-12 00:00:00,2003
RGI60_17_SouthAndes,Chile,Glaciar Témpano,334.719,-73.874586,-48.727864,2003,2003-05-13 00:00:00,2003-11-12 00:00:00,2003
RGI60_17_SouthAndes,Chile,Bernardo Glacier,540.832,-73.815119,-48.590189,2003,2003-05-13 00:00:00,2003-11-12 00:00:00,2003
RGI60_17_SouthAndes,Chile,deglaciated,,-72.5369,-45.0396,2003,2003-05-13 00:00:00,2003-08-08 00:00:00,2003
RGI60_17_SouthAndes,Chile,Glaciar Témpano,334.719,-73.874586,-48.727864,2003,2003-04-18 00:00:00,2003-05-13 00:00:00,2003
RGI60_17_SouthAndes,Chile,Steffen,428.505,-73.80203392,-47.43819576,2003,2003-04-02 00:00:00,2003-05-20 00:00:00,2003
RGI60_17_SouthAndes,Chile,Acodado,268.749,-73.8359,-47.2503,2003,2003-04-02 00:00:00,2003-05-20 00:00:00,2003
RGI60_17_SouthAndes,Chile,Colonia Glacier,287.961,-73.369129,-47.142341,2003,2003-03-10 00:00:00,2003-04-02 00:00:00,2003
RGI60_17_SouthAndes,Chile,Estero Laguna Bonita,2.428,-72.3,-46.73,2003,2003-01-05 00:00:00,2003-02-22 00:00:00,2003
RGI60_17_SouthAndes,Chile,Occidental,235.148,-74.039316,-48.812517,2003,2002-12-11 00:00:00,2003-04-02 00:00:00,2003
RGI60_17_SouthAndes,Chile,Olvidado,27.153,-73.2117,-50.8789,2003,,,2003
RGI60_17_SouthAndes,Chile,Colonia Glacier,287.961,-73.369129,-47.142341,2004,2004-11-22 00:00:00,2004-12-08 00:00:00,2004
RGI60_17_SouthAndes,Chile,Occidental,235.148,-74.039316,-48.812517,2004,2004-09-28 00:00:00,2004-11-15 00:00:00,2004
RGI60_17_SouthAndes,Chile,Bernardo Glacier,540.832,-73.815119,-48.590189,2004,2004-08-19 00:00:00,2004-11-15 00:00:00,2004
RGI60_17_SouthAndes,Chile,Glaciar Témpano,334.719,-73.874586,-48.727864,2004,2004-04-21 00:00:00,2004-05-15 00:00:00,2004
RGI60_17_SouthAndes,Chile,Glaciar Témpano,334.719,-73.874586,-48.727864,2004,2004-03-11 00:00:00,2004-04-21 00:00:00,2004
RGI60_17_SouthAndes,Chile,Gl. San Rafael,721.95,-73.763152,-46.729563,2004,2004-03-11 00:00:00,2004-07-25 00:00:00,2004
RGI60_17_SouthAndes,Chile,Estero Laguna Bonita,2.428,-72.3,-46.73,2004,2004-02-25 00:00:00,2004-12-25 00:00:00,2004
RGI60_17_SouthAndes,Chile,Pio XI,1234.714,-73.82631,-49.09997,2004,2004-02-08 00:00:00,2004-03-11 00:00:00,2004
RGI60_17_SouthAndes,Chile,Glaciar Témpano,334.719,-73.874586,-48.727864,2004,2004-02-08 00:00:00,2004-03-11 00:00:00,2004
RGI60_17_SouthAndes,Chile,San Rafael Glacier,721.95,-73.703528,-46.665778,2004,2004-02-08 00:00:00,2004-03-11 00:00:00,2004
RGI60_17_SouthAndes,Chile,Acodado,268.749,-73.8359,-47.2503,2004,2004-01-31 00:00:00,2004-08-10 00:00:00,2004
RGI60_17_SouthAndes,Chile,Occidental,235.148,-74.039316,-48.812517,2004,2003-11-12 00:00:00,2004-03-11 00:00:00,2004
RGI60_17_SouthAndes,Chile,Pio XI,1234.714,-73.875741,-49.103749,2005,2005-09-30 00:00:00,2005-12-28 00:00:00,2005
RGI60_17_SouthAndes,Chile,Occidental,235.148,-74.039316,-48.812517,2005,2005-09-30 00:00:00,2005-12-12 00:00:00,2005
RGI60_17_SouthAndes,Chile,Glaciar Témpano,334.719,-73.874586,-48.727864,2005,2005-08-29 00:00:00,2005-09-30 00:00:00,2005
RGI60_17_SouthAndes,Argentina,RGI60-17.11876,0.494,-72.11368173,-42.29694792,2005,2005-04-15 00:00:00,2005-11-01 00:00:00,2005
RGI60_17_SouthAndes,Chile,Colonia Glacier,287.961,-73.369129,-47.142341,2005,2005-02-19 00:00:00,2005-03-23 00:00:00,2005
RGI60_17_SouthAndes,Chile,Gl. San Rafael,721.95,-73.74,-46.65,2005,2005-02-18 00:00:00,2005-04-23 00:00:00,2005
RGI60_17_SouthAndes,Chile,Estero Laguna Bonita,2.428,-72.3,-46.73,2006,2006-05-20 00:00:00,2007-03-29 00:00:00,2006
RGI60_17_SouthAndes,Chile,Steffen,428.505,-73.80203392,-47.43819576,2006,2006-04-26 00:00:00,2006-07-31 00:00:00,2006
RGI60_17_SouthAndes,Chile,Pio XI,1234.714,-73.875741,-49.103749,2006,2006-02-22 00:00:00,2006-08-01,2006
RGI60_17_SouthAndes,Chile,Glaciar Témpano,334.719,-73.874586,-48.727864,2006,2006-02-22 00:00:00,2006-05-05 00:00:00,2006
RGI60_17_SouthAndes,Chile,Occidental,235.148,-74.039316,-48.812517,2006,2006-02-22 00:00:00,2006-09-02 00:00:00,2006
RGI60_17_SouthAndes,Chile,Bernardo Glacier,540.832,-73.815119,-48.590189,2006,2006-02-22 00:00:00,2006-05-05 00:00:00,2006
RGI60_17_SouthAndes,Chile,Acodado,268.749,-73.8359,-47.2503,2006,2006-02-21 00:00:00,2006-04-02 00:00:00,2006
RGI60_17_SouthAndes,Chile,San Rafael Glacier,721.95,-73.703528,-46.665778,2006,2006-02-13 00:00:00,2006-04-02 00:00:00,2006
RGI60_17_SouthAndes,Argentina,Upsala Glacier,838.044,-73.108563,-49.704583,2006,2005-12-12 00:00:00,2006-01-29 00:00:00,2006
RGI60_17_SouthAndes,Argentina,Gl. Perito Moreno,263.322,-72.98,-50.5,2006,,,2006
RGI60_17_SouthAndes,Chile,Glaciar Témpano,334.719,-73.927946,-48.682404,2007,2007-04,2007-08,2007
RGI60_17_SouthAndes,Chile,Acodado,268.749,-73.8359,-47.2503,2007,2007-11-23 00:00:00,2007-12-25 00:00:00,2007
RGI60_17_SouthAndes,Chile,Bernardo Glacier,540.832,-73.815119,-48.590189,2007,2007-09-12 00:00:00,2007-11-23 00:00:00,2007
RGI60_17_SouthAndes,Chile,Gl. San Rafael,721.95,-73.763152,-46.729563,2007,2007-01-07 00:00:00,2007-04-29 00:00:00,2007
RGI60_17_SouthAndes,Chile,Gl. San Rafael,721.95,-73.74,-46.65,2007,2007-01-07 00:00:00,2007-03-28 00:00:00,2007
RGI60_17_SouthAndes,Chile,Gran Campo Nevado,49.038,-73.104358,-52.721712,2007,,,2007
RGI60_17_SouthAndes,Chile,HPN1,153.237,-73.818642,-47.184076,2008,2008-10-24 00:00:00,2008-11-17 00:00:00,2008
RGI60_17_SouthAndes,Chile,Glaciar Témpano,334.719,-73.874586,-48.727864,2008,2008-09-22 00:00:00,2008-12-04 00:00:00,2008
RGI60_17_SouthAndes,Chile,Pio XI,1234.714,-73.82631,-49.09997,2008,2008-08-30 00:00:00,2008-09-22 00:00:00,2008
RGI60_17_SouthAndes,Chile,Acodado,268.749,-73.8359,-47.2503,2008,2008-05-17 00:00:00,2008-09-22 00:00:00,2008
RGI60_17_SouthAndes,Chile,Gl. San Rafael,721.95,-73.74,-46.65,2008,2007-12-25 00:00:00,2008-05-01 00:00:00,2008
RGI60_17_SouthAndes,Chile,Occidental,235.148,-74.039316,-48.812517,2008,2007-11-23 00:00:00,2008-04-24 00:00:00,2008
RGI60_17_SouthAndes,Chile,Occidental,235.148,-74.039316,-48.812517,2009,2009-08-17 00:00:00,2009-09-18 00:00:00,2009
RGI60_17_SouthAndes,Chile,Glaciar Témpano,334.719,-73.874586,-48.727864,2009,2009-03-01 00:00:00,2009-04-18 00:00:00,2009
RGI60_17_SouthAndes,Chile,Glaciar Témpano,334.719,-73.874586,-48.727864,2009,2009-01-12 00:00:00,2009-03-01 00:00:00,2009
RGI60_17_SouthAndes,Chile,Bernardo Glacier,540.832,-73.815119,-48.590189,2009,2009-01-12 00:00:00,2009-04-18 00:00:00,2009
RGI60_17_SouthAndes,Chile,Gl. San Rafael,721.95,-73.763152,-46.729563,2009,2009-01-12 00:00:00,2009-04-18 00:00:00,2009
RGI60_17_SouthAndes,Chile,Steffen,428.505,-73.80203392,-47.43819576,2009,2009-01-12 00:00:00,2009-04-18 00:00:00,2009
RGI60_17_SouthAndes,Chile,Pio XI,1234.714,-73.875741,-49.103749,2009,2008-12-11 00:00:00,2009-01-12 00:00:00,2009
RGI60_17_SouthAndes,Chile,Occidental,235.148,-74.039316,-48.812517,2010,2010-11-07 00:00:00,2011-01-02 00:00:00,2010
RGI60_17_SouthAndes,Chile,Gl. Alemania,119.052,-69.352956,-54.823635,2010,2010-04-02 00:00:00,2010-10-19,2010
RGI60_17_SouthAndes,Chile,Glaciar Témpano,334.719,-73.874586,-48.727864,2010,2010-03-04 00:00:00,2010-08-03 00:00:00,2010
RGI60_17_SouthAndes,Chile,HPN1,153.237,-73.818642,-47.184076,2010,2010-03-04 00:00:00,2010-04-05 00:00:00,2010
RGI60_17_SouthAndes,Chile,Pio XI,1234.714,-73.875741,-49.103749,2010,2010-01-16 00:00:00,2010-02-16 00:00:00,2010
RGI60_17_SouthAndes,Chile,HPN1,153.237,-73.818642,-47.184076,2011,2011-10-25 00:00:00,2012-01-12 00:00:00,2011
RGI60_17_SouthAndes,Chile,Bernardo Glacier,540.832,-73.815119,-48.590189,2011,2011-02-19 00:00:00,2011-08-30 00:00:00,2011
RGI60_17_SouthAndes,Chile,Gl. San Rafael,721.95,-73.74,-46.65,2011,2011-02-19 00:00:00,2011-04-08 00:00:00,2011
RGI60_17_SouthAndes,Chile,Colonia Glacier,287.961,-73.369129,-47.142341,2011,2011-01-05 00:00:00,2011-02-19 00:00:00,2011
RGI60_17_SouthAndes,Chile,Pio XI,1234.714,-73.875741,-49.103749,2011,2011-01-02 00:00:00,2011-02-20 00:00:00,2011
RGI60_17_SouthAndes,Chile,Acodado,268.749,-73.8359,-47.2503,2012,2012-10-19 00:00:00,2012-12-22 00:00:00,2012
RGI60_17_SouthAndes,Chile,Steffen,428.505,-73.80203392,-47.43819576,2012,2012-04-26 00:00:00,2012-09-01 00:00:00,2012
RGI60_17_SouthAndes,Chile,Pio XI,1234.714,-73.82631,-49.09997,2012,2012-03-18 00:00:00,2012-10-12 00:00:00,2012
RGI60_17_SouthAndes,Chile,Glaciar Témpano,334.719,-73.874586,-48.727864,2012,2012-03-18 00:00:00,2012-04-26 00:00:00,2012
RGI60_17_SouthAndes,Chile,RGI60-17.08625,0.538,-72.5134,-46.476,2012,2012-02-23 00:00:00,2012-03-08 00:00:00,2012
RGI60_17_SouthAndes,Chile,San Rafael Glacier,721.95,-73.703528,-46.665778,2012,2012-02-22 00:00:00,2012-04-26 00:00:00,2012
RGI60_17_SouthAndes,Chile,Acodado,268.749,-73.8359,-47.2503,2012,2012-02-22 00:00:00,2012-03-25 00:00:00,2012
RGI60_17_SouthAndes,Chile,Pio XI,1234.714,-73.875741,-49.103749,2012,2012-01-21 00:00:00,2012-04-26 00:00:00,2012
RGI60_17_SouthAndes,Chile,Glaciar Témpano,334.719,-73.874586,-48.727864,2012,2012-01-21 00:00:00,2012-03-18 00:00:00,2012
RGI60_17_SouthAndes,Chile,Occidental,235.148,-74.039316,-48.812517,2012,2012-01-05 00:00:00,2012-01-21 00:00:00,2012
RGI60_17_SouthAndes,Chile,Gl. San Rafael,721.95,-73.74,-46.65,2012,2011-10-25 00:00:00,2012-02-22 00:00:00,2012
RGI60_17_SouthAndes,Argentina,Gl. Perito Moreno,263.322,-72.98,-50.5,2012,,,2012
RGI60_17_SouthAndes,Chile,Greve,428.611,-73.98803778,-48.92276033,2012,,,2012
RGI60_17_SouthAndes,Chile,RGI60-17.04814,1.507,-73.3933,-51.3089,2013,2013-09-29 00:00:00,2013-12-31 00:00:00,2013
RGI60_17_SouthAndes,Chile,HPN1,153.237,-73.818642,-47.184076,2013,2013-09-20 00:00:00,2013-10-22 00:00:00,2013
RGI60_17_SouthAndes,Chile,RGI60-17.10559,0.115,-72.2438,-43.7792,2013,2013-07-26 00:00:00,2013-09-28 00:00:00,2013
RGI60_17_SouthAndes,Chile,Gl. San Rafael,721.95,-73.763152,-46.729563,2013,2013-05-23 00:00:00,2013-07-17 00:00:00,2013
RGI60_17_SouthAndes,Chile,Steffen,428.505,-73.80203392,-47.43819576,2013,2013-05-23 00:00:00,2013-07-07 00:00:00,2013
RGI60_17_SouthAndes,Chile,Bernardo Glacier,540.832,-73.815119,-48.590189,2013,2013-04-22 00:00:00,2013-05-28 00:00:00,2013
RGI60_17_SouthAndes,Chile,Occidental,235.148,-74.039316,-48.812517,2013,2013-03-28 00:00:00,2013-05-28 00:00:00,2013
RGI60_17_SouthAndes,Chile,Acodado,268.749,-73.8359,-47.2503,2013,2013-03-28 00:00:00,2013-09-20 00:00:00,2013
RGI60_17_SouthAndes,Chile,Glaciar Témpano,334.719,-73.874586,-48.727864,2013,2013-02-24 00:00:00,2013-05-28 00:00:00,2013
RGI60_17_SouthAndes,Chile,Pio XI,1234.714,-73.875741,-49.103749,2013,2013-01-16 00:00:00,2013-03-28 00:00:00,2013
RGI60_17_SouthAndes,Chile,Glaciar Témpano,334.719,-73.874586,-48.727864,2013,2013-01-16 00:00:00,2013-02-24 00:00:00,2013
RGI60_17_SouthAndes,Argentina,Gl. Perito Moreno,263.322,-72.98,-50.5,2013,,,2013
RGI60_17_SouthAndes,Argentina,Gl. Perito Moreno,263.322,-72.98,-50.5,2013,,,2013
RGI60_17_SouthAndes,Chile,Acodado,268.749,-73.8359,-47.2503,2014,2014-03-31 00:00:00,2014-05-17 00:00:00,2014
RGI60_17_SouthAndes,Chile,RGI60-17.05059,12.593,-73.7483,-49.4744,2014,2014-03-16 00:00:00,2014-12-13 00:00:00,2014
RGI60_17_SouthAndes,Chile,Pio XI,1234.714,-73.875741,-49.103749,2014,2014-02-26 00:00:00,2014-05-18 00:00:00,2014
RGI60_17_SouthAndes,Chile,RGI60-17.08927,1.916,-72.88932,-46.27231,2014,2014-02-19 00:00:00,2014-04-01 00:00:00,2014
RGI60_17_SouthAndes,Chile,RGI60-17.08927,1.92,-72.88375,-46.27121,2014,2014-02-19 00:00:00,2014-04-01 00:00:00,2014
RGI60_17_SouthAndes,Chile,HPN1,153.237,-73.818642,-47.184076,2014,2013-12-17 00:00:00,2014-01-18 00:00:00,2014
RGI60_17_SouthAndes,Chile,Occidental,235.148,-74.039316,-48.812517,2015,2015-11-21 00:00:00,2015-12-23 00:00:00,2015
RGI60_17_SouthAndes,Chile,Glaciar Témpano,334.719,-73.874586,-48.727864,2015,2015-10-21 00:00:00,2015-11-05 00:00:00,2015
RGI60_17_SouthAndes,Chile,Gl. San Rafael,721.95,-73.74,-46.65,2015,2015-09-02 00:00:00,2015-11-05 00:00:00,2015
RGI60_17_SouthAndes,Chile,Pio XI,1234.714,-73.875741,-49.103749,2015,2015-08-01 00:00:00,2015-09-10 00:00:00,2015
RGI60_17_SouthAndes,Chile,Bernardo Glacier,540.832,-73.815119,-48.590189,2015,2015-04-27 00:00:00,2015-08-01 00:00:00,2015
RGI60_17_SouthAndes,Chile,Gl. San Rafael,721.95,-73.763152,-46.729563,2015,2015-04-11 00:00:00,2015-08-08 00:00:00,2015
RGI60_17_SouthAndes,Chile,Occidental,235.148,-74.039316,-48.812517,2015,2015-01-14 00:00:00,2015-02-27 00:00:00,2015
RGI60_17_SouthAndes,Argentina,Upsala Glacier,838.044,-73.108563,-49.704583,2015,2014-03-02 00:00:00,2016-03-02 00:00:00,2015
RGI60_17_SouthAndes,Chile,Acodado,268.749,-73.8359,-47.2503,2016,2016-11-17 00:00:00,2016-12-20 00:00:00,2016
RGI60_17_SouthAndes,Chile,Gl. San Rafael,721.95,-73.74,-46.65,2016,2016-10-22 00:00:00,2016-11-22 00:00:00,2016
RGI60_17_SouthAndes,Chile,Glaciar Témpano,334.719,-73.874586,-48.727864,2016,2016-08-19 00:00:00,2016-09-28 00:00:00,2016
RGI60_17_SouthAndes,Chile,Occidental,235.148,-74.039316,-48.812517,2016,2016-05-08 00:00:00,2016-08-19 00:00:00,2016
RGI60_17_SouthAndes,Chile,Pio XI,1234.714,-73.875741,-49.103749,2016,2016-03-21 00:00:00,2016-04-29 00:00:00,2016
RGI60_17_SouthAndes,Chile,HPN1,153.237,-73.818642,-47.184076,2016,2016-03-12 00:00:00,2016-04-29 00:00:00,2016
RGI60_17_SouthAndes,Chile,Glaciar Témpano,334.719,-73.874586,-48.727864,2016,2016-02-29 00:00:00,2016-04-30 00:00:00,2016
RGI60_17_SouthAndes,Chile,San Rafael Glacier,721.95,-73.703528,-46.665778,2016,2016-02-29 00:00:00,2016-07-24 00:00:00,2016
RGI60_17_SouthAndes,Chile,HPN1,153.237,-73.818642,-47.184076,2016,2016-01-18 00:00:00,2016-03-12 00:00:00,2016
RGI60_17_SouthAndes,Chile,HPN1,153.237,-73.818642,-47.184076,2016,2015-11-04 00:00:00,2016-01-18 00:00:00,2016
RGI60_17_SouthAndes,Chile,Colonia Glacier,287.961,-73.369129,-47.142341,2016,2015-11-03 00:00:00,2016-01-31 00:00:00,2016
RGI60_17_SouthAndes,Argentina,RGI60-17.11910,2.053,-72.12622,-42.28475,2017,2017-06,2017-07,2017
RGI60_17_SouthAndes,Chile,RGI60-17.10859,0.236,-72.216,-43.4621,2017,2017-07-30 00:00:00,2017-09-28 00:00:00,2017
RGI60_17_SouthAndes,Chile,San Rafael Glacier,721.95,-73.703528,-46.665778,2017,2017-05-29 00:00:00,2017-06-17 00:00:00,2017
RGI60_17_SouthAndes,Chile,Pio XI,1234.714,-73.875741,-49.103749,2017,2017-05-26 00:00:00,2017-08-27 00:00:00,2017
RGI60_17_SouthAndes,Chile,Gl. San Rafael,721.95,-73.74,-46.65,2017,2017-05-26 00:00:00,2017-06-17 00:00:00,2017
RGI60_17_SouthAndes,Chile,Acodado,268.749,-73.8359,-47.2503,2017,2017-05-11 00:00:00,2017-06-16 00:00:00,2017
RGI60_17_SouthAndes,Chile,Gl. San Rafael,721.95,-73.763152,-46.729563,2017,2017-04-15 00:00:00,2017-07-15 00:00:00,2017
RGI60_17_SouthAndes,Chile,HPN1,153.237,-73.818642,-47.184076,2017,2017-04-15 00:00:00,2017-05-11 00:00:00,2017
RGI60_17_SouthAndes,Chile,Colonia Glacier,287.961,-73.369129,-47.142341,2017,2017-02-26 00:00:00,2017-03-06 00:00:00,2017
RGI60_17_SouthAndes,Chile,RGI60-17.10014,0.92,-72.47,-44.62,2017,2017-02-05 00:00:00,2017-12-02 00:00:00,2017
RGI60_17_SouthAndes,Chile,Bernardo Glacier,540.832,-73.815119,-48.590189,2017,2017-02-04 00:00:00,2017-03-15 00:00:00,2017
RGI60_17_SouthAndes,Chile,San Quintin Glacier,790.28,-73.784102,-46.898347,2017,2017-02-04 00:00:00,2017-03-21 00:00:00,2017
RGI60_17_SouthAndes,Chile,Acodado,268.749,-73.8359,-47.2503,2018,2018-11-11 00:00:00,2018-12-05 00:00:00,2018
RGI60_17_SouthAndes,Chile,RGI60-17.03961,2.414,-72.6772,-52.9731,2018,2018-11-10 00:00:00,2018-12-08 00:00:00,2018
RGI60_17_SouthAndes,Chile,Acodado,268.749,-73.8359,-47.2503,2018,2018-08-31 00:00:00,2018-09-25 00:00:00,2018
RGI60_17_SouthAndes,Chile,Glaciar Témpano,334.719,-73.874586,-48.727864,2018,2018-08-20 00:00:00,2018-09-26 00:00:00,2018
RGI60_17_SouthAndes,Chile,Glaciar Témpano,334.719,-73.874586,-48.727864,2018,2018-06-17 00:00:00,2018-07-14 00:00:00,2018
RGI60_17_SouthAndes,Chile,Occidental,235.148,-74.039316,-48.812517,2018,2018-03-20 00:00:00,2018-03-27 00:00:00,2018
RGI60_17_SouthAndes,Chile,Glaciar Témpano,334.719,-73.874586,-48.727864,2018,2018-02-14 00:00:00,2018-03-20 00:00:00,2018
RGI60_17_SouthAndes,Chile,Pio XI,1234.714,-73.875741,-49.103749,2018,2018-01-25 00:00:00,2018-03-20 00:00:00,2018
RGI60_17_SouthAndes,Chile,Occidental,235.148,-74.039316,-48.812517,2018,2017-12-03 00:00:00,2018-01-25 00:00:00,2018
RGI60_17_SouthAndes,Chile,Acodado,268.749,-73.8359,-47.2503,2019,2019-11-24 00:00:00,2019-12-03 00:00:00,2019
RGI60_17_SouthAndes,Chile,San Quintin Glacier,790.282,-73.774223,-46.93573,2019,2019-11-22 00:00:00,2019-12-31 00:00:00,2019
RGI60_17_SouthAndes,Chile,Glaciar Témpano,334.719,-73.874586,-48.727864,2019,2019-09-26 00:00:00,2019-10-13 00:00:00,2019
RGI60_17_SouthAndes,Chile,RGI60-17.05929,15.286,-72.4367,-48.455,2019,2019-07-28 00:00:00,2019-08-16 00:00:00,2019
RGI60_17_SouthAndes,Chile,Glaciar Témpano,334.719,-73.874586,-48.727864,2019,2019-03-26 00:00:00,2019-04-21 00:00:00,2019
RGI60_17_SouthAndes,Chile,Occidental,235.148,-74.039316,-48.812517,2019,2019-03-26 00:00:00,2019-04-17 00:00:00,2019
RGI60_17_SouthAndes,Chile,Pio XI,1234.714,-73.875741,-49.103749,2019,2019-02-11 00:00:00,2019-03-09 00:00:00,2019
RGI60_17_SouthAndes,Chile,Gl. San Rafael,721.95,-73.763152,-46.729563,2019,2019-02-11 00:00:00,2019-03-09 00:00:00,2019
RGI60_17_SouthAndes,Argentina,Gl. Perito Moreno,263.322,-72.98,-50.5,2019,,,2019
RGI60_17_SouthAndes,Chile,Glaciar Témpano,334.719,-73.874586,-48.727864,2020,2020-11-20 00:00:00,2021-01-19 00:00:00,2020
RGI60_17_SouthAndes,Chile,Acodado,268.749,-73.8359,-47.2503,2020,2020-09-29 00:00:00,2020-10-20 00:00:00,2020
RGI60_17_SouthAndes,Chile,Occidental,235.148,-74.039316,-48.812517,2020,2020-08-07 00:00:00,2020-08-25 00:00:00,2020
RGI60_17_SouthAndes,Chile,Gl. San Rafael,721.95,-73.763152,-46.729563,2020,2020-07-28 00:00:00,2020-08-09 00:00:00,2020
RGI60_17_SouthAndes,Chile,HPN1,153.237,-73.818642,-47.184076,2020,2020-06-02 00:00:00,2020-06-27 00:00:00,2020
RGI60_17_SouthAndes,Chile,Glaciar Témpano,334.719,-73.874586,-48.727864,2020,2020-05-31 00:00:00,2020-06-26 00:00:00,2020
RGI60_17_SouthAndes,Chile,Bernardo Glacier,540.832,-73.815119,-48.590189,2020,2020-05-31 00:00:00,2020-06-28 00:00:00,2020
RGI60_17_SouthAndes,Chile,San Rafael Glacier,721.95,-73.703528,-46.665778,2020,2020-04-26 00:00:00,2020-05-04 00:00:00,2020
RGI60_17_SouthAndes,Chile,Pio XI,1234.714,-73.82631,-49.09997,2020,2020-04-08 00:00:00,2020-04-26 00:00:00,2020
RGI60_17_SouthAndes,Chile,Acodado,268.749,-73.8359,-47.2503,2020,2020-03-17 00:00:00,2020-04-08 00:00:00,2020
RGI60_17_SouthAndes,Chile,San Rafael Glacier,721.95,-73.703528,-46.665778,2020,2020-02-22 00:00:00,2020-03-03 00:00:00,2020
RGI60_17_SouthAndes,Chile,RGI60-17.04192,1.707,-73.0569,-52.6531,2020,2020-02-20 00:00:00,2020-03-13 00:00:00,2020
RGI60_17_SouthAndes,Chile,Pio XI,1234.714,-73.875741,-49.103749,2020,2020-02-10 00:00:00,2020-02-20 00:00:00,2020
RGI60_17_SouthAndes,Chile,Gl. San Rafael,721.95,-73.74,-46.65,2020,2020-01-13 00:00:00,2020-02-05 00:00:00,2020
RGI60_17_SouthAndes,Chile,San Rafael Glacier,721.95,-73.703528,-46.665778,2021,2021-11-09 00:00:00,2021-12-06 00:00:00,2021
RGI60_17_SouthAndes,Chile,Occidental,235.148,-74.039316,-48.812517,2021,2021-10-05 00:00:00,2021-10-30 00:00:00,2021
RGI60_17_SouthAndes,Chile,Acodado,268.749,-73.8359,-47.2503,2021,2021-07-23 00:00:00,2021-08-03 00:00:00,2021
RGI60_17_SouthAndes,Chile,Acodado,268.749,-73.8359,-47.2503,2021,2021-04-23 00:00:00,2021-05-06 00:00:00,2021
RGI60_17_SouthAndes,Chile,San Rafael Glacier,721.95,-73.703528,-46.665778,2021,2021-04-20 00:00:00,2021-05-03 00:00:00,2021
RGI60_17_SouthAndes,Chile,Occidental,235.148,-74.039316,-48.812517,2021,2021-04-01 00:00:00,2021-04-20 00:00:00,2021
RGI60_17_SouthAndes,Chile,Pio XI,1234.714,-73.875741,-49.103749,2021,2021-03-17 00:00:00,2021-03-28 00:00:00,2021
RGI60_17_SouthAndes,Chile,San Rafael Glacier,721.95,-73.703528,-46.665778,2022,2022-11-27 00:00:00,2022-12-16 00:00:00,2022
RGI60_17_SouthAndes,Chile,Acodado,268.749,-73.8359,-47.2503,2022,2022-11-26 00:00:00,2022-12-16 00:00:00,2022
RGI60_17_SouthAndes,Chile,Acodado,268.749,-73.8359,-47.2503,2022,2022-08-20 00:00:00,2022-09-07 00:00:00,2022
RGI60_17_SouthAndes,Chile,Glaciar Témpano,334.719,-73.874586,-48.727864,2022,2022-06-25 00:00:00,2022-07-10 00:00:00,2022
RGI60_17_SouthAndes,Chile,San Rafael Glacier,721.95,-73.703528,-46.665778,2022,2022-06-01 00:00:00,2022-06-21 00:00:00,2022
RGI60_17_SouthAndes,Chile,Pio XI,1234.714,-73.875741,-49.103749,2022,2022-05-18 00:00:00,2022-06-01 00:00:00,2022
RGI60_17_SouthAndes,Chile,Glaciar Témpano,334.719,-73.874586,-48.727864,2022,2022-05-16 00:00:00,2022-06-09 00:00:00,2022
RGI60_17_SouthAndes,Chile,Acodado,268.749,-73.8359,-47.2503,2022,2022-03-23 00:00:00,2022-04-07 00:00:00,2022
RGI60_17_SouthAndes,Chile,Glaciar Témpano,334.719,-73.874586,-48.727864,2022,2022-03-19 00:00:00,2022-04-06 00:00:00,2022
RGI60_17_SouthAndes,Chile,Bernardo Glacier,540.832,-73.815119,-48.590189,2022,2022-02-23 00:00:00,2022-03-12 00:00:00,2022
RGI60_17_SouthAndes,Chile,Acodado,268.749,-73.8359,-47.2503,2022,2022-02-23 00:00:00,2022-03-10 00:00:00,2022
RGI60_17_SouthAndes,Chile,San Quintin Glacier,790.28,-73.784102,-46.898347,2022,2022-02-12 00:00:00,2022-02-24 00:00:00,2022
RGI60_17_SouthAndes,Chile,San Rafael Glacier,721.95,-73.703528,-46.665778,2022,2022-02-10 00:00:00,2022-02-17 00:00:00,2022
RGI60_17_SouthAndes,Chile,Glaciar Témpano,334.719,-73.874586,-48.727864,2022,2022-01-27 00:00:00,2022-02-04 00:00:00,2022
RGI60_17_SouthAndes,Chile,HPN4 Glacier,65.4,-73.56158099,-47.43631983,2022,2022-01-11 00:00:00,2022-01-18 00:00:00,2022
RGI60_17_SouthAndes,Chile,Acodado,268.749,-73.8359,-47.2503,2023,2023-09-24 00:00:00,2023-10-11 00:00:00,2023
RGI60_17_SouthAndes,Chile,Gl. San Rafael,721.95,-73.74,-46.65,2023,2023-09-05 00:00:00,2023-10-12 00:00:00,2023
RGI60_17_SouthAndes,Chile,Acodado,268.749,-73.8359,-47.2503,2023,2023-07-30 00:00:00,2023-08-11 00:00:00,2023
RGI60_17_SouthAndes,Chile,Glaciar Témpano,334.719,-73.874586,-48.727864,2023,2023-07-23 00:00:00,2023-08-15 00:00:00,2023
RGI60_17_SouthAndes,Chile,San Rafael Glacier,721.95,-73.703528,-46.665778,2023,2023-05-27 00:00:00,2023-06-10 00:00:00,2023
RGI60_17_SouthAndes,Chile,HPN1,153.237,-73.818642,-47.184076,2023,2023-05-09 00:00:00,2023-06-10 00:00:00,2023
RGI60_17_SouthAndes,Chile,Acodado,268.749,-73.8359,-47.2503,2023,2023-04-25 00:00:00,2023-05-04 00:00:00,2023
RGI60_17_SouthAndes,Chile,Pio XI,1234.714,-73.875741,-49.103749,2023,2023-04-13 00:00:00,2023-05-06 00:00:00,2023
RGI60_17_SouthAndes,Chile,Glaciar Témpano,334.719,-73.874586,-48.727864,2023,2023-04-11 00:00:00,2023-05-09 00:00:00,2023
RGI60_17_SouthAndes,Chile,Acodado,268.749,-73.8359,-47.2503,2023,2023-03-30 00:00:00,2023-04-11 00:00:00,2023
RGI60_17_SouthAndes,Chile,Occidental,235.148,-74.039316,-48.812517,2023,2023-03-21 00:00:00,2023-03-30 00:00:00,2023
RGI60_17_SouthAndes,Chile,Bernardo Glacier,540.832,-73.815119,-48.590189,2023,2022-12-25 00:00:00,2023-01-19 00:00:00,2023
RGI60_17_SouthAndes,Chile,Bernardo Glacier,540.832,-73.815119,-48.590189,2024,2024-12-16 00:00:00,2024-12-25 00:00:00,2024
RGI60_17_SouthAndes,Chile,Acodado,268.749,-73.8359,-47.2503,2024,2024-10-23 00:00:00,2024-11-02 00:00:00,2024
RGI60_17_SouthAndes,Chile,Glaciar Témpano,334.719,-73.874586,-48.727864,2024,2024-09-30 00:00:00,2024-10-05 00:00:00,2024
RGI60_17_SouthAndes,Chile,San Rafael Glacier,721.95,-73.703528,-46.665778,2024,2024-07-18 00:00:00,2024-08-04 00:00:00,2024
RGI60_17_SouthAndes,Chile,Acodado,268.749,-73.8359,-47.2503,2024,2024-03-04 00:00:00,2024-04-10 00:00:00,2024
RGI60_17_SouthAndes,Chile,Gl. San Rafael,721.95,-73.74,-46.65,2024,2024-02-10 00:00:00,2024-04-10 00:00:00,2024
RGI60_17_SouthAndes,Chile,Occidental,235.148,-74.039316,-48.812517,2024,2024-02-09 00:00:00,2024-02-25 00:00:00,2024
RGI60_17_SouthAndes,Chile,Gl. San Rafael,721.95,-73.763152,-46.729563,2024,2024-02-09 00:00:00,2024-02-12 00:00:00,2024
RGI60_17_SouthAndes,Chile,San Rafael Glacier,721.95,-73.703528,-46.665778,2025,2025-09-23 00:00:00,2025-11-04 00:00:00,2025
RGI60_17_SouthAndes,Chile,HPN1,153.237,-73.818642,-47.184076,2025,2025-09-23 00:00:00,2025-10-18 00:00:00,2025
RGI60_17_SouthAndes,Chile,HPN1,153.237,-73.818642,-47.184076,2025,2025-07-19 00:00:00,2025-07-25 00:00:00,2025
RGI60_17_SouthAndes,Chile,Occidental,235.148,-74.039316,-48.812517,2025,2025-04-05 00:00:00,2025-04-10 00:00:00,2025
RGI60_17_SouthAndes,Chile,San Rafael Glacier,721.95,-73.703528,-46.665778,2025,2025-02-28 00:00:00,2025-03-11 00:00:00,2025
RGI60_17_SouthAndes,Chile,Gl. San Rafael,721.95,-73.763152,-46.729563,2026,2026-01-26 00:00:00,2026-02-24 00:00:00,2026
RGI60_17_SouthAndes,Chile,San Rafael Glacier,721.95,-73.703528,-46.665778,2026,2026-01-23 00:00:00,2026-02-24 00:00:00,2026
RGI60_17_SouthAndes,Argentina,Piedras Blancas Glacier,6.068,-72.968,-49.2629999999999,1913-12-16,,,1913
RGI60_17_SouthAndes,Argentina,Gl. Grande del Nevado del Plomo,10.921,-69.98,-33.1199999999999,1934-01-11,,,1934
RGI60_17_SouthAndes,Argentina,Gl. Grande del Nevado del Plomo,10.921,-69.98,-33.1199999999999,1934-01-16,,,1934
RGI60_17_SouthAndes,Chile,Colonia Glacier,287.961,-73.256578,-47.28773,1953-01-25,,,1953
RGI60_17_SouthAndes,Chile,Juncal sur,24.719,-70.12,-33.17,1954-02-26,,,1954
RGI60_17_SouthAndes,Chile,RGI60-17.08975,0.33,-72.8666666666667,-46.2333333333332,1955-07-16,,,1955
RGI60_17_SouthAndes,Chile,Colonia Glacier,287.961,-73.256578,-47.28773,1955-12-29,,,1955
RGI60_17_SouthAndes,Chile,Colonia Glacier,287.961,-73.256578,-47.28773,1956-12-31,,,1956
RGI60_17_SouthAndes,Chile,Grosse glacier,65.501,-73.289444,-46.440833,1957-10-01 00:00:00,1950,1959,1950
RGI60_17_SouthAndes,Chile,Colonia Glacier,287.961,-73.256578,-47.28773,1958-01-07,,,1958
RGI60_17_SouthAndes,Chile,Colonia Glacier,287.961,-73.256578,-47.28773,1964-01-11,,,1964
RGI60_17_SouthAndes,Chile,Colonia Glacier,287.961,-73.256578,-47.28773,1965-03-04,,,1965
RGI60_17_SouthAndes,Chile,Colonia Glacier,287.961,-73.256578,-47.28773,1966-03-03,,,1966
RGI60_17_SouthAndes,Chile,Colonia Glacier,287.961,-73.256578,-47.28773,1967-01-07,,,1967
RGI60_17_SouthAndes,Chile,Engaño Glacier,2.534,-72.968102,-46.447497,1977-03-11,,,1977
RGI60_17_SouthAndes,Chile,Gl. Cachapoal,19.191,-70.08,-34.3699999999999,1981-01-17,,,1981
RGI60_17_SouthAndes,Chile,Gl. Dickson,307.59,-73.1046867,-50.71553324,1982-01-18,,,1982
RGI60_17_SouthAndes,Argentina,Gl. Dickson,307.59,-73.1046867,-50.71553324,1983-02-26,,,1983
RGI60_17_SouthAndes,Argentina,Gl. Dickson,307.59,-73.1046867,-50.71553324,1983-12-16,,,1983
RGI60_17_SouthAndes,Argentina,Gl. Grande del Nevado del Plomo,10.921,-69.98,-33.1199999999999,1985-02-14,,,1985
RGI60_17_SouthAndes,Argentina,Gl. Grande del Nevado del Plomo,10.921,-69.98,-33.1199999999999,1985-02-22,,,1985
RGI60_17_SouthAndes,Argentina,Gl. Grande del Nevado del Plomo,10.921,-69.98,-33.1199999999999,1985-03-13,,,1985
RGI60_17_SouthAndes,Chile,Gl. Del río Seco de los Tronquitos,3.14,-69.73582,-28.54962,1985-05-14,,,1985
RGI60_17_SouthAndes,Chile,Gl. San Rafael,721.95,-73.83,-46.7,1985-12-16,,,1985
RGI60_17_SouthAndes,Chile,U-7,3.054,-73.2634999999999,-46.9615999999999,1989-03-16,,,1989
RGI60_17_SouthAndes,Argentina,Viedma,975.276,-73.05329838,-49.54610631,1999-03-05,1998-09-12 00:00:00,1999-03-07,1999
RGI60_17_SouthAndes,Chile,Pio XI,1234.714,-73.875741,-49.103749,2001-11-01 00:00:00,2001-10-14 00:00:00,2001-12-09 00:00:00,2001
RGI60_17_SouthAndes,Chile,Colonia Glacier,287.961,-73.369129,-47.142341,2004-02-01 00:00:00,2004-02-24 00:00:00,,2004
RGI60_17_SouthAndes,Chile,Pio XI,1234.714,-73.875741,-49.103749,2004-03-01 00:00:00,2004-03-11 00:00:00,2004-03-12 00:00:00,2004
RGI60_17_SouthAndes,Argentina,Gl. Perito Moreno,263.322,-72.98,-50.5,2004-03-11,,,2004
RGI60_17_SouthAndes,Chile,Steffen,428.505,-73.80203392,-47.43819576,2004-11-01 00:00:00,2004-10-05 00:00:00,2004-11-22 00:00:00,2004
RGI60_17_SouthAndes,Chile,Pio XI,1234.714,-73.875741,-49.103749,2005-01-01 00:00:00,2004-12-08 00:00:00,2005-02-10 00:00:00,2004
RGI60_17_SouthAndes,Chile,Colonia Glacier,287.961,-73.369129,-47.142341,2006-04-01 00:00:00,2006-04-02 00:00:00,2006-04-11 00:00:00,2006
RGI60_17_SouthAndes,Chile,Colonia Glacier,287.961,-73.369129,-47.142341,2007-02-01 00:00:00,2007-01-31 00:00:00,2007-02-16 00:00:00,2007
RGI60_17_SouthAndes,Chile,Steffen,428.505,-73.80203392,-47.43819576,2008-03-01 00:00:00,2008-02-27 00:00:00,2008-03-30 00:00:00,2008
RGI60_17_SouthAndes,Chile,Colonia Glacier,287.961,-73.260612,-47.179562,2008-04-06,,,2008
RGI60_17_SouthAndes,Chile,Colonia Glacier,287.961,-73.260612,-47.179562,2008-10-07,,,2008
RGI60_17_SouthAndes,Chile,Colonia Glacier,287.961,-73.260612,-47.179562,2008-12-21,,,2008
RGI60_17_SouthAndes,Chile,Colonia Glacier,287.961,-73.369129,-47.142341,2009-02-01 00:00:00,2009-01-20 00:00:00,2009-03-01 00:00:00,2009
RGI60_17_SouthAndes,Chile,Colonia Glacier,287.961,-73.260612,-47.179562,2009-03-04,,,2009
RGI60_17_SouthAndes,Argentina,Ventisquero Negro,9.032,-71.831,-41.206,2009-05-21,,,2009
RGI60_17_SouthAndes,Chile,Colonia Glacier,287.961,-73.260612,-47.179562,2009-09-16,,,2009
RGI60_17_SouthAndes,Chile,Colonia Glacier,287.961,-73.260612,-47.179562,2010-01-05,,,2010
RGI60_17_SouthAndes,Chile,Colonia Glacier,287.961,-73.369129,-47.142341,2010-02-01 00:00:00,2010-01-31 00:00:00,2010-02-16 00:00:00,2010
RGI60_17_SouthAndes,Chile,Colonia Glacier,287.961,-73.369129,-47.142341,2010-02-15,2010-02-14 00:00:00,2010-02-16 00:00:00,2010
RGI60_17_SouthAndes,Chile,Colonia Glacier,287.961,-73.260612,-47.179562,2011-03-04,,,2011
RGI60_17_SouthAndes,Chile,Colonia Glacier,287.961,-73.260612,-47.179562,2011-05-29,,,2011
RGI60_17_SouthAndes,Chile,Gl. San Rafael,721.95,-73.763152,-46.729563,2011-07-01 00:00:00,2011-06-01 00:00:00,2011-07-29 00:00:00,2011
RGI60_17_SouthAndes,Chile,Colonia Glacier,287.961,-73.369129,-47.142341,2011-11-01 00:00:00,2011-11-02 00:00:00,2011-12-04 00:00:00,2011
RGI60_17_SouthAndes,Chile,Colonia Glacier,287.961,-73.260612,-47.179562,2012-01-26,,,2012
RGI60_17_SouthAndes,Chile,Colonia Glacier,287.961,-73.260612,-47.179562,2012-04-01,,,2012
RGI60_17_SouthAndes,Chile,Colonia Glacier,287.961,-73.260612,-47.179562,2012-11-07,,,2012
RGI60_17_SouthAndes,Chile,Colonia Glacier,287.961,-73.260612,-47.179562,2013-02-08,,,2013
RGI60_17_SouthAndes,Chile,Colonia Glacier,287.961,-73.260612,-47.179562,2013-04-10,,,2013
RGI60_17_SouthAndes,Chile,Colonia Glacier,287.961,-73.260612,-47.179562,2013-09-23,,,2013
RGI60_17_SouthAndes,Chile,Steffen,428.505,-73.80203392,-47.43819576,2014-02-01 00:00:00,2014-01-18 00:00:00,2014-02-26 00:00:00,2014
RGI60_17_SouthAndes,Chile,Colonia Glacier,287.961,-73.260612,-47.179562,2014-02-01,,,2014
RGI60_17_SouthAndes,Chile,Colonia Glacier,287.961,-73.260612,-47.179562,2014-08-18,,,2014
RGI60_17_SouthAndes,Chile,Steffen,428.505,-73.80203392,-47.43819576,2014-11-01 00:00:00,2014-11-02 00:00:00,2014-12-12 00:00:00,2014
RGI60_17_SouthAndes,Chile,Colonia Glacier,287.961,-73.260612,-47.179562,2014-11-26,,,2014
RGI60_17_SouthAndes,Chile,Colonia Glacier,287.961,-73.260612,-47.179562,2015-06-18,,,2015
RGI60_17_SouthAndes,Chile,Colonia Glacier,287.961,-73.260612,-47.179562,2015-11-15,,,2015
RGI60_17_SouthAndes,Chile,Steffen,428.505,-73.80203392,-47.43819576,2016-02-01 00:00:00,2016-02-01 00:00:00,2016-02-29 00:00:00,2016
RGI60_17_SouthAndes,Chile,Colonia Glacier,287.961,-73.260612,-47.179562,2016-11-29,,,2016
RGI60_17_SouthAndes,Chile,Colonia Glacier,287.961,-73.260612,-47.179562,2016-12-25,,,2016
RGI60_17_SouthAndes,Chile,Steffen,428.505,-73.80203392,-47.43819576,2017-03-01 00:00:00,2017-03-21 00:00:00,2017-03-30 00:00:00,2017
RGI60_17_SouthAndes,Chile,Colonia Glacier,287.961,-73.369129,-47.142341,2017-07-01 00:00:00,2017-07-17 00:00:00,2017-07-30 00:00:00,2017
RGI60_17_SouthAndes,Chile,Colonia Glacier,287.961,-73.260612,-47.179562,2017-11-06,,,2017
RGI60_17_SouthAndes,Chile,Colonia Glacier,287.961,-73.369129,-47.142341,2017-12-01 00:00:00,2017-12-10 00:00:00,2018-01-20 00:00:00,2017
RGI60_17_SouthAndes,Argentina,Gl. Perito Moreno,263.322,-72.98,-50.5,2018-03-11,,,2018
RGI60_17_SouthAndes,Chile,HPN1,153.237,-73.818642,-47.184076,2018-05-01 00:00:00,2018-05-16 00:00:00,2018-05-30 00:00:00,2018
RGI60_17_SouthAndes,Chile,HPN1,153.237,-73.818642,-47.184076,2018-09-01 00:00:00,2018-08-11 00:00:00,2018-09-22 00:00:00,2018
RGI60_17_SouthAndes,Chile,RGI60-17.08478,0.855,-72.920777,-46.570685,2018-10-27,,,2018
RGI60_17_SouthAndes,Chile,Colonia Glacier,287.961,-73.369129,-47.142341,2018-12-26 00:00:00,2018-12-25 00:00:00,2018-12-27 00:00:00,2018
RGI60_17_SouthAndes,Chile,Acodado,268.749,-73.8359,-47.2503,2019-02-01 00:00:00,2019-02-20 00:00:00,2019-02-24 00:00:00,2019
RGI60_17_SouthAndes,Chile,Acodado,268.749,-73.8359,-47.2503,2019-04-01 00:00:00,2019-04-10 00:00:00,2019-04-19 00:00:00,2019
RGI60_17_SouthAndes,Chile,HPN1,153.237,-73.818642,-47.184076,2019-04-01 00:00:00,2019-03-28 00:00:00,2019-04-20 00:00:00,2019
RGI60_17_SouthAndes,Chile,Acodado,268.749,-73.8359,-47.2503,2019-05-01 00:00:00,2019-05-27 00:00:00,2019-05-30 00:00:00,2019
RGI60_17_SouthAndes,Chile,Colonia Glacier,287.961,-73.369129,-47.142341,2019-05-01 00:00:00,2019-05-13 00:00:00,2019-05-28 00:00:00,2019
RGI60_17_SouthAndes,Chile,Colonia Glacier,287.961,-73.369129,-47.142341,2020-01-01 00:00:00,2020-01-12 00:00:00,2020-01-13 00:00:00,2020
RGI60_17_SouthAndes,Chile,HPN1,153.237,-73.818642,-47.184076,2020-01-01 00:00:00,2020-01-12 00:00:00,2020-01-13 00:00:00,2020
RGI60_17_SouthAndes,Chile,Acodado,268.749,-73.8359,-47.2503,2020-02-01 00:00:00,2020-02-08 00:00:00,2020-02-20 00:00:00,2020
RGI60_17_SouthAndes,Chile,Pio XI,1234.714,-73.8,-49.0,2020-04-01 00:00:00,2020-04-08 00:00:00,2020-04-19 00:00:00,2020
RGI60_17_SouthAndes,Chile,HPN1,153.237,-73.818642,-47.184076,2020-05-09 00:00:00,2020-05-08 00:00:00,2020-05-10 00:00:00,2020
RGI60_17_SouthAndes,Chile,Acodado,268.749,-73.8359,-47.2503,2020-08-01 00:00:00,2020-08-20 00:00:00,2020-08-24 00:00:00,2020
RGI60_17_SouthAndes,Chile,Colonia Glacier,287.961,-73.369129,-47.142341,2020-12-01 00:00:00,2020-12-21 00:00:00,2020-12-24 00:00:00,2020
RGI60_17_SouthAndes,Chile,Acodado,268.749,-73.8359,-47.2503,2020-12-01 00:00:00,2020-12-07 00:00:00,2020-12-21 00:00:00,2020
RGI60_17_SouthAndes,Chile,Acodado,268.749,-73.8359,-47.2503,2020-12-01 00:00:00,2020-12-03 00:00:00,2020-12-07 00:00:00,2020
RGI60_17_SouthAndes,Chile,Acodado,268.749,-73.8359,-47.2503,2021-01-01 00:00:00,2021-01-23 00:00:00,2021-01-30 00:00:00,2021
RGI60_17_SouthAndes,Chile,HPN1,153.237,-73.818642,-47.184076,2021-01-01 00:00:00,2020-12-25 00:00:00,2021-01-04 00:00:00,2020
RGI60_17_SouthAndes,Chile,Acodado,268.749,-73.8359,-47.2503,2021-03-01 00:00:00,2021-03-18 00:00:00,2021-03-31 00:00:00,2021
RGI60_17_SouthAndes,Chile,Steffen,428.505,-73.80203392,-47.43819576,2021-05-01 00:00:00,2021-05-07 00:00:00,2021-05-21 00:00:00,2021
RGI60_17_SouthAndes,Chile,Acodado,268.749,-73.8359,-47.2503,2021-06-01 00:00:00,2021-06-18 00:00:00,2021-06-27 00:00:00,2021
RGI60_17_SouthAndes,Chile,HPN1,153.237,-73.818642,-47.184076,2021-07-01 00:00:00,2021-06-27 00:00:00,2021-08-03 00:00:00,2021
RGI60_17_SouthAndes,Chile,Steffen,428.505,-73.80203392,-47.43819576,2021-09-01 00:00:00,2021-09-21 00:00:00,2021-10-05 00:00:00,2021
RGI60_17_SouthAndes,Chile,Acodado,268.749,-73.8359,-47.2503,2021-10-01 00:00:00,2021-10-30 00:00:00,2021-10-31 00:00:00,2021
RGI60_17_SouthAndes,Chile,Acodado,268.749,-73.8359,-47.2503,2021-10-01 00:00:00,2021-10-11 00:00:00,2021-10-30 00:00:00,2021
RGI60_17_SouthAndes,Chile,Colonia Glacier,287.961,-73.369129,-47.142341,2021-11-01 00:00:00,2021-11-11 00:00:00,2021-11-26 00:00:00,2021
RGI60_17_SouthAndes,Chile,Acodado,268.749,-73.8359,-47.2503,2022-01-01 00:00:00,2022-01-27 00:00:00,2022-01-28 00:00:00,2022
RGI60_17_SouthAndes,Chile,Acodado,268.749,-73.8359,-47.2503,2022-03-01 00:00:00,2022-03-16 00:00:00,2022-03-18 00:00:00,2022
RGI60_17_SouthAndes,Chile,Acodado,268.749,-73.8359,-47.2503,2022-04-01 00:00:00,2022-04-21 00:00:00,2022-04-27 00:00:00,2022
RGI60_17_SouthAndes,Chile,Gl. San Rafael,721.95,-73.763152,-46.729563,2022-05-01 00:00:00,2022-05-16 00:00:00,2022-05-18 00:00:00,2022
RGI60_17_SouthAndes,Chile,HPN1,153.237,-73.818642,-47.184076,2022-06-01 00:00:00,2022-05-14 00:00:00,2022-07-21 00:00:00,2022
RGI60_17_SouthAndes,Chile,Acodado,268.749,-73.8359,-47.2503,2022-10-01 00:00:00,2022-10-02 00:00:00,2022-10-16 00:00:00,2022
RGI60_17_SouthAndes,Chile,Acodado,268.749,-73.8359,-47.2503,2022-11-01 00:00:00,2022-11-17 00:00:00,2022-11-26 00:00:00,2022
RGI60_17_SouthAndes,Chile,Acodado,268.749,-73.8359,-47.2503,2022-11-01 00:00:00,2022-11-08 00:00:00,2022-11-16 00:00:00,2022
RGI60_17_SouthAndes,Chile,Colonia Glacier,287.961,-73.369129,-47.142341,2022-12-01 00:00:00,2025-12-25 00:00:00,2026-01-03 00:00:00,2025
RGI60_17_SouthAndes,Chile,Colonia Glacier,287.961,-73.369129,-47.142341,2022-12-01 00:00:00,2024-12-29 00:00:00,2025-01-04 00:00:00,2024
RGI60_17_SouthAndes,Chile,Colonia Glacier,287.961,-73.369129,-47.142341,2022-12-01 00:00:00,2024-01-19 00:00:00,2024-01-23 00:00:00,2024
RGI60_17_SouthAndes,Chile,Colonia Glacier,287.961,-73.369129,-47.142341,2022-12-01 00:00:00,2022-12-18 00:00:00,2022-12-23 00:00:00,2022
RGI60_17_SouthAndes,Chile,Acodado,268.749,-73.8359,-47.2503,2023-01-01 00:00:00,2023-01-22 00:00:00,2023-01-31 00:00:00,2023
RGI60_17_SouthAndes,Chile,Steffen,428.505,-73.80203392,-47.43819576,2023-01-01 00:00:00,2022-12-20 00:00:00,2023-01-17 00:00:00,2022
RGI60_17_SouthAndes,Chile,Acodado,268.749,-73.8359,-47.2503,2023-02-01 00:00:00,2023-02-05 00:00:00,2023-02-16 00:00:00,2023
RGI60_17_SouthAndes,Chile,Acodado,268.749,-73.8359,-47.2503,2023-06-01 00:00:00,2023-06-10 00:00:00,2023-06-15 00:00:00,2023
RGI60_17_SouthAndes,Chile,Acodado,268.749,-73.8359,-47.2503,2023-06-01 00:00:00,2023-06-09 00:00:00,2023-06-10 00:00:00,2023
RGI60_17_SouthAndes,Chile,Acodado,268.749,-73.8359,-47.2503,2023-10-01 00:00:00,2023-10-26 00:00:00,2023-10-31 00:00:00,2023
RGI60_17_SouthAndes,Chile,Acodado,268.749,-73.8359,-47.2503,2023-12-01 00:00:00,2023-12-17 00:00:00,2023-12-18 00:00:00,2023
RGI60_17_SouthAndes,Chile,Acodado,268.749,-73.8359,-47.2503,2024-01-01 00:00:00,2024-01-19 00:00:00,2024-01-20 00:00:00,2024
RGI60_17_SouthAndes,Argentina,Upsala Glacier,838.044,-73.21788889,-49.90669444,2024-01-08,,,2024
RGI60_17_SouthAndes,Chile,Acodado,268.749,-73.8359,-47.2503,2024-05-01 00:00:00,2024-05-09 00:00:00,2024-05-10 00:00:00,2024
RGI60_17_SouthAndes,Chile,Acodado,268.749,-73.8359,-47.2503,2024-05-01 00:00:00,2024-05-07 00:00:00,2024-05-09 00:00:00,2024
RGI60_17_SouthAndes,Chile,Acodado,268.749,-73.8359,-47.2503,2024-08-01 00:00:00,2024-08-07 00:00:00,2024-08-13 00:00:00,2024
RGI60_17_SouthAndes,Chile,Acodado,268.749,-73.8359,-47.2503,2024-11-01 00:00:00,2024-11-02 00:00:00,2024-11-24 00:00:00,2024
RGI60_17_SouthAndes,Chile,Acodado,268.749,-73.8359,-47.2503,2024-12-01 00:00:00,2024-12-06 00:00:00,2024-12-23 00:00:00,2024
RGI60_17_SouthAndes,Argentina,Gl. Grande del Nevado del Plomo,10.921,-69.98,-33.1199999999999,1788-01-02,,,1788
RGI60_17_SouthAndes,Chile,Gl. Cachapoal,19.191,-70.08,-34.3699999999999,1847-12-31,,,1847
RGI60_17_SouthAndes,Chile,Glaciar Témpano,334.719,-73.874586,-48.727864,1986-01,1986-01-14 00:00:00,1986-01-30 00:00:00,1986
RGI60_17_SouthAndes,Chile,Glaciar Témpano,334.719,-73.874586,-48.727864,2003-11,2003-11-12 00:00:00,2003-11-21 00:00:00,2003
RGI60_17_SouthAndes,Chile,Gl. San Rafael,721.95,-73.74,-46.65,2010-02,2010-02-16 00:00:00,2010-02-21 00:00:00,2010
RGI60_17_SouthAndes,Chile,Glaciar Témpano,334.719,-73.874586,-48.727864,2013-09,2013-09-20 00:00:00,2013-09-28 00:00:00,2013
RGI60_17_SouthAndes,Chile,Gl. San Rafael,721.95,-73.74,-46.65,2014-03,2014-03-17 00:00:00,2014-03-31 00:00:00,2014
RGI60_17_SouthAndes,Chile,Acodado,268.749,-73.8359,-47.2503,2016-09,2016-09-15 00:00:00,2016-09-29 00:00:00,2016
RGI60_17_SouthAndes,Chile,Acodado,268.749,-73.8359,-47.2503,2017-07,2017-07-15 00:00:00,2017-07-30 00:00:00,2017
RGI60_17_SouthAndes,Chile,Gl. San Rafael,721.95,-73.74,-46.65,2018-02,2018-02-02 00:00:00,2018-02-13 00:00:00,2018
RGI60_17_SouthAndes,Chile,Bernardo Glacier,540.832,-73.815119,-48.590189,2018-05,2018-05-16 00:00:00,2018-06-01 00:00:00,2018
RGI60_17_SouthAndes,Chile,Acodado,268.749,-73.8359,-47.2503,2018-05,2018-05-16 00:00:00,2018-05-30 00:00:00,2018
RGI60_17_SouthAndes,Argentina,Torrecillas glacier,3.52,-71.9035,-42.6571,2018-09,2018-09-20 00:00:00,2018-09-27 00:00:00,2018
RGI60_17_SouthAndes,Chile,Gl. San Rafael,721.95,-73.74,-46.65,2018-11,2018-11-11 00:00:00,2018-12-07 00:00:00,2018
RGI60_17_SouthAndes,Chile,RGI60-17.01518,6.308,-69.5922,-55.2025,2018-11,2018-11-04 00:00:00,2018-11-12 00:00:00,2018
RGI60_17_SouthAndes,Chile,RGI60-17.01518,6.308,-69.5833,-55.19,2018-11,2018-11-04 00:00:00,2018-11-12 00:00:00,2018
RGI60_17_SouthAndes,Chile,HPN4 Glacier,65.4,-73.56158099,-47.43631983,2019-01,2018-12-07 00:00:00,2019-01-16 00:00:00,2018
RGI60_17_SouthAndes,Chile,Gl. San Rafael,721.95,-73.74,-46.65,2019-05,2019-05-03 00:00:00,2019-05-21 00:00:00,2019
RGI60_17_SouthAndes,Chile,Bernardo Glacier,540.832,-73.815119,-48.590189,2019-10,2019-09-26 00:00:00,2019-10-14 00:00:00,2019
RGI60_17_SouthAndes,Chile,Gl. San Rafael,721.95,-73.74,-46.65,2020-12,2020-12-06 00:00:00,2020-12-25 00:00:00,2020
RGI60_17_SouthAndes,Chile,HPN4 Glacier,65.4,-73.56158099,-47.43631983,2021-02,2021-02-15 00:00:00,2021-02-23 00:00:00,2021
RGI60_17_SouthAndes,Chile,Glaciar Témpano,334.719,-73.874586,-48.727864,2021-04,2021-04-16 00:00:00,2021-04-20 00:00:00,2021
RGI60_17_SouthAndes,Chile,Bernardo Glacier,540.832,-73.815119,-48.590189,2021-05,2021-05-06 00:00:00,2021-05-21 00:00:00,2021
RGI60_17_SouthAndes,Chile,Gl. San Rafael,721.95,-73.74,-46.65,2021-07,2021-06-27 00:00:00,2021-07-28 00:00:00,2021
RGI60_17_SouthAndes,Chile,Glaciar Témpano,334.719,-73.874586,-48.727864,2021-12,2021-12-08 00:00:00,2021-12-16 00:00:00,2021
RGI60_17_SouthAndes,Chile,Gl. San Rafael,721.95,-73.74,-46.65,2022-01,2022-01-19 00:00:00,2022-01-28 00:00:00,2022
RGI60_17_SouthAndes,Chile,Glaciar Témpano,334.719,-73.874586,-48.727864,2022-01,2022-01-17 00:00:00,2022-01-26 00:00:00,2022
RGI60_17_SouthAndes,Chile,HPN4 Glacier,65.4,-73.56158099,-47.43631983,2022-12,2023-04-11 00:00:00,2023-04-15 00:00:00,2023
RGI60_17_SouthAndes,Chile,HPN4 Glacier,65.4,-73.56158099,-47.43631983,2022-12,2022-11-26 00:00:00,2022-12-16 00:00:00,2022
RGI60_17_SouthAndes,Chile,Glaciar Témpano,334.719,-73.874586,-48.727864,2023-06,2023-06-01 00:00:00,2023-06-11 00:00:00,2023
RGI60_17_SouthAndes,Chile,Glaciar Témpano,334.719,-73.874586,-48.727864,2023-07,2023-07-02 00:00:00,2023-07-07 00:00:00,2023
RGI60_17_SouthAndes,Chile,Glaciar Témpano,334.719,-73.874586,-48.727864,2023-10,2023-10-16 00:00:00,2023-10-21 00:00:00,2023
RGI60_17_SouthAndes,Chile,RGI60-17.04518,0.739,-73.3166666666667,-51.9166666666667,,2005,2006,2005
RGI60_17_SouthAndes,Argentina,Mayo Norte,25.909,-73.3001823,-50.29682995,,2001,2003,2001
RGI60_17_SouthAndes,Chile,RGI60-17.07059,0.981,-72.87948332,-46.24361035,,2000,2003,2000
RGI60_17_SouthAndes,Chile,RGI60-17.04778,0.896,-73.0166666666666,-51.3833333333332,,1999,2006,1999
RGI60_17_SouthAndes,Chile,Steffen Glacier,428.505,-73.79450969,-47.39555842,,1990,2000,1990
RGI60_17_SouthAndes,Chile,RGI60-17.07059,0.981,-72.885532,-47.717038,,1987,1998,1987
RGI60_17_SouthAndes,Chile,RGI60-17.08598,0.094,-72.4166666666667,-46.4666666666666,,1985,1987,1985
RGI60_17_SouthAndes,Argentina,RGI60-17.11676,4.371,-72.001348,-42.426498,,1952,1964,1952
RGI60_17_SouthAndes,Argentina,Frías,7.339,-71.8,-41.1333333333332,,1942,1953,1942
RGI60_17_SouthAndes,Chile,Pio XI Glacier,1234.714,-73.9599999999999,-49.03,,1929,1945,1929
RGI60_17_SouthAndes,Chile,Colonia Glacier,287.961,-73.256578,-47.28773,,1914,1917,1914
RGI60_17_SouthAndes,Chile,Colonia Glacier,287.961,-73.256578,-47.28773,,1896,1897,1896
RGI60_17_SouthAndes,Chile,Gl. San Rafael,721.95,-73.73853996,-46.64904395,,2026-01-23 00:00:00,2026-01-26 00:00:00,2026
RGI60_17_SouthAndes,Chile,HPN4 Glacier,65.4,-73.56158099,-47.43631983,,2025-11-20 00:00:00,2025-11-27 00:00:00,2025
RGI60_17_SouthAndes,Chile,Pio XI,1234.714,-73.875741,-49.103749,,2025-07-06 00:00:00,2025-07-25 00:00:00,2025
RGI60_17_SouthAndes,Chile,Gl. San Rafael,721.95,-73.73853996,-46.64904395,,2025-05-03 00:00:00,2025-06-02 00:00:00,2025
RGI60_17_SouthAndes,Chile,Pio XI,1234.714,-73.82631,-49.09997,,2024-04-22 00:00:00,2024-05-06 00:00:00,2024
RGI60_17_SouthAndes,Chile,Pio XI,1234.714,-73.875741,-49.103749,,2024-03-04 00:00:00,2024-04-11 00:00:00,2024
RGI60_17_SouthAndes,Chile,HPN4 Glacier,65.4,-73.56158099,-47.43631983,,2024-02-24 00:00:00,2024-03-04 00:00:00,2024
RGI60_17_SouthAndes,Chile,Steffen,428.505,-73.80203392,-47.43819576,,2024-01-22 00:00:00,2024-02-03 00:00:00,2024
RGI60_17_SouthAndes,Chile,Acodado,268.749,-73.8359,-47.2503,,2023-12-29 00:00:00,2024-01-11 00:00:00,2023
RGI60_17_SouthAndes,Argentina,Viedma,975.276,-73.05329838,-49.54610631,,2023-02-27 00:00:00,2023-03-08 00:00:00,2023
RGI60_17_SouthAndes,Chile,Gl. San Rafael,721.95,-73.74,-46.65,,2022-12-16 00:00:00,2023-01-16 00:00:00,2022
RGI60_17_SouthAndes,Argentina,Viedma,975.276,-73.05329838,-49.54610631,,2022-11-05 00:00:00,2022-11-16 00:00:00,2022
RGI60_17_SouthAndes,Chile,Glaciar Témpano,334.719,-73.874586,-48.727864,,2021-12-22 00:00:00,2022-01-17 00:00:00,2021
RGI60_17_SouthAndes,Argentina,Viedma,975.276,-73.05329838,-49.54610631,,2021-11-23 00:00:00,2021-11-26 00:00:00,2021
RGI60_17_SouthAndes,Chile,Colonia Glacier,287.961,-73.260612,-47.179562,,2020-12-06 00:00:00,2020-12-14 00:00:00,2020
RGI60_17_SouthAndes,Argentina,Viedma,975.276,-73.05329838,-49.54610631,,2020-11-18 00:00:00,2020-12-07 00:00:00,2020
RGI60_17_SouthAndes,Chile,,27.837,-73.14473225,-48.97368932,,2020-10-02 00:00:00,2020-10-31 00:00:00,2020
RGI60_17_SouthAndes,Chile,HPN4 Glacier,65.4,-73.56158099,-47.43631983,,2020-03-17 00:00:00,2020-04-08 00:00:00,2020
RGI60_17_SouthAndes,Chile,San Rafael Glacier,721.95,-73.703528,-46.665778,,2019-12-31 00:00:00,2020-02-05 00:00:00,2019
RGI60_17_SouthAndes,Argentina,Viedma,975.276,-73.05329838,-49.54610631,,2019-12-12 00:00:00,2019-12-23 00:00:00,2019
RGI60_17_SouthAndes,Chile,,27.837,-73.14473225,-48.97368932,,2019-11-11 00:00:00,2019-11-22 00:00:00,2019
RGI60_17_SouthAndes,Chile,Gl. San Rafael,721.95,-73.74,-46.65,,2019-05-21 00:00:00,2019-05-28 00:00:00,2019
RGI60_17_SouthAndes,Argentina,Viedma,975.276,-73.05329838,-49.54610631,,2019-01-08 00:00:00,2019-01-16 00:00:00,2019
RGI60_17_SouthAndes,Chile,Acodado,268.749,-73.8359,-47.2503,,2018-12-07 00:00:00,2019-01-09 00:00:00,2018
RGI60_17_SouthAndes,Chile,San Rafael Glacier,721.95,-73.703528,-46.665778,,2018-11-10 00:00:00,2019-01-18 00:00:00,2018
RGI60_17_SouthAndes,Chile,,27.837,-73.14473225,-48.97368932,,2018-09-15 00:00:00,2018-09-23 00:00:00,2018
RGI60_17_SouthAndes,Chile,Acodado,268.749,-73.8359,-47.2503,,2018-02-16 00:00:00,2019-03-03 00:00:00,2018
RGI60_17_SouthAndes,Argentina,Viedma,975.276,-73.05329838,-49.54610631,,2018-02-02 00:00:00,2018-02-10 00:00:00,2018
RGI60_17_SouthAndes,Argentina,Viedma,975.276,-73.05329838,-49.54610631,,2017-12-18 00:00:00,2018-01-02 00:00:00,2017
RGI60_17_SouthAndes,Chile,Acodado,268.749,-73.8359,-47.2503,,2017-11-23 00:00:00,2018-12-01 00:00:00,2017
RGI60_17_SouthAndes,Chile,,27.837,-73.14473225,-48.97368932,,2017-09-13 00:00:00,2017-10-10 00:00:00,2017
RGI60_17_SouthAndes,Argentina,Viedma,975.276,-73.05329838,-49.54610631,,2017-05-17 00:00:00,2017-05-28 00:00:00,2017
RGI60_17_SouthAndes,Chile,HPN4 Glacier,65.4,-73.56158099,-47.43631983,,2017-03-21 00:00:00,2017-04-12 00:00:00,2017
RGI60_17_SouthAndes,Chile,Colonia Glacier,287.961,-73.260612,-47.179562,,2017-01-07 00:00:00,2017-01-17 00:00:00,2017
RGI60_17_SouthAndes,Chile,,27.837,-73.14473225,-48.97368932,,2016-10-06 00:00:00,2016-10-22 00:00:00,2016
RGI60_17_SouthAndes,Chile,Pio XI,1234.714,-73.82631,-49.09997,,2016-02-01 00:00:00,2016-03-12 00:00:00,2016
RGI60_17_SouthAndes,Argentina,Viedma,975.276,-73.05329838,-49.54610631,,2016-01-26 00:00:00,2016-01-28 00:00:00,2016
RGI60_17_SouthAndes,Chile,,27.837,-73.14473225,-48.97368932,,2015-11-30 00:00:00,2016-01-08 00:00:00,2015
RGI60_17_SouthAndes,Chile,Acodado,268.749,-73.8359,-47.2503,,2015-11-05 00:00:00,2016-01-08 00:00:00,2015
RGI60_17_SouthAndes,Argentina,Viedma,975.276,-73.05329838,-49.54610631,,2015-01-30 00:00:00,2015-03-11 00:00:00,2015
RGI60_17_SouthAndes,Chile,RGI60-17.04043,4.024,-73.04510351,-52.90313567,,2015-01-23 00:00:00,2016-04-05 00:00:00,2015
RGI60_17_SouthAndes,Chile,Acodado,268.749,-73.8359,-47.2503,,2014-12-12 00:00:00,2015-01-29 00:00:00,2014
RGI60_17_SouthAndes,Chile,,27.837,-73.14473225,-48.97368932,,2014-11-02 00:00:00,2014-12-13 00:00:00,2014
RGI60_17_SouthAndes,Argentina,Viedma,975.276,-73.05329838,-49.54610631,,2014-05-03 00:00:00,2014-06-20 00:00:00,2014
RGI60_17_SouthAndes,Chile,RGI60-17.09428,0.486,-72.558775,-45.92208,,2014-03-26 00:00:00,2015-02-28 00:00:00,2014
RGI60_17_SouthAndes,Chile,,27.837,-73.14473225,-48.97368932,,2013-11-08 00:00:00,2013-11-16 00:00:00,2013
RGI60_17_SouthAndes,Chile,Glaciar Témpano,334.719,-73.874586,-48.727864,,2013-10-31 00:00:00,2014-02-26 00:00:00,2013
RGI60_17_SouthAndes,Chile,Acodado,268.749,-73.8359,-47.2503,,2013-10-22 00:00:00,2014-01-18 00:00:00,2013
RGI60_17_SouthAndes,Argentina,Viedma,975.276,-73.05329838,-49.54610631,,2013-04-07 00:00:00,2013-04-22 00:00:00,2013
RGI60_17_SouthAndes,Chile,Acodado,268.749,-73.8359,-47.2503,,2012-12-22 00:00:00,2013-02-08 00:00:00,2012
RGI60_17_SouthAndes,Chile,,27.837,-73.14473225,-48.97368932,,2012-10-12 00:00:00,2012-12-31 00:00:00,2012
RGI60_17_SouthAndes,Argentina,Viedma,975.276,-73.05329838,-49.54610631,,2012-04-03 00:00:00,2012-06-06 00:00:00,2012
RGI60_17_SouthAndes,Chile,,27.837,-73.14473225,-48.97368932,,2011-12-29 00:00:00,2012-01-21 00:00:00,2011
RGI60_17_SouthAndes,Chile,Glaciar Témpano,334.719,-73.874586,-48.727864,,2011-12-13 00:00:00,2012-01-21 00:00:00,2011
RGI60_17_SouthAndes,Argentina,Viedma,975.276,-73.05329838,-49.54610631,,2011-11-11 00:00:00,2011-12-13 00:00:00,2011
RGI60_17_SouthAndes,Chile,Acodado,268.749,-73.8359,-47.2503,,2011-11-02 00:00:00,2012-01-21 00:00:00,2011
RGI60_17_SouthAndes,Argentina,RGI60-17.12021,2.19,-72.0769,-42.1675,,2011-01-01 00:00:00,2013-12-31 00:00:00,2011
RGI60_17_SouthAndes,Chile,Acodado,268.749,-73.8359,-47.2503,,2010-11-07 00:00:00,2011-01-05 00:00:00,2010
RGI60_17_SouthAndes,Chile,Acodado,268.749,-73.88055027,-47.32436397,,2010-08-13 00:00:00,2011-01-05 00:00:00,2010
RGI60_17_SouthAndes,Argentina,Viedma,975.276,-73.05329838,-49.54610631,,2010-02-15 00:00:00,2010-03-29 00:00:00,2010
RGI60_17_SouthAndes,Chile,Acodado,268.749,-73.8359,-47.2503,,2009-01-12 00:00:00,2010-02-16 00:00:00,2009
RGI60_17_SouthAndes,Argentina,Viedma,975.276,-73.05329838,-49.54610631,,2008-12-20 00:00:00,2009-01-05 00:00:00,2008
RGI60_17_SouthAndes,Chile,Glaciar Témpano,334.719,-73.874586,-48.727864,,2008-12-11 00:00:00,2009-01-12 00:00:00,2008
RGI60_17_SouthAndes,Chile,RGI60-17.04597,1.408,-73.36264662,-51.71376213,,2008-11-26 00:00:00,2010-08-15 00:00:00,2008
RGI60_17_SouthAndes,Chile,RGI60-17.13321,1.221,-70.814998,-35.975183,,2008-03-13 00:00:00,2009-01-04 00:00:00,2008
RGI60_17_SouthAndes,Chile,Acodado,268.749,-73.8359,-47.2503,,2007-12-25 00:00:00,2008-05-01 00:00:00,2007
RGI60_17_SouthAndes,Chile,Glaciar Témpano,334.719,-73.874586,-48.727864,,2007-11-23 00:00:00,2008-02-04 00:00:00,2007
RGI60_17_SouthAndes,Chile,Glaciar Témpano,334.719,-73.874586,-48.727864,,2006-10-11 00:00:00,2007-09-12 00:00:00,2006
RGI60_17_SouthAndes,Chile,Acodado,268.749,-73.8359,-47.2503,,2006-07-31 00:00:00,2007-01-07 00:00:00,2006
RGI60_17_SouthAndes,Chile,,0.061,-71.5469,-54.0347,,2005-11-13 00:00:00,2006-03-31 00:00:00,2005
RGI60_17_SouthAndes,Chile,Acodado,268.749,-73.8359,-47.2503,,2005-09-30 00:00:00,2006-01-20 00:00:00,2005
RGI60_17_SouthAndes,Chile,Gl. San Rafael,721.95,-73.74,-46.65,,2005-08-29 00:00:00,2006-01-20 00:00:00,2005
RGI60_17_SouthAndes,Argentina,Viedma,975.276,-73.05329838,-49.54610631,,2005-01-18 00:00:00,2005-02-19 00:00:00,2005
RGI60_17_SouthAndes,Chile,Glaciar Témpano,334.719,-73.874586,-48.727864,,2004-12-08 00:00:00,2005-02-10 00:00:00,2004
RGI60_17_SouthAndes,Chile,San Rafael Glacier,721.95,-73.703528,-46.665778,,2004-12-08 00:00:00,2005-02-02 00:00:00,2004
RGI60_17_SouthAndes,Chile,Acodado,268.749,-73.8359,-47.2503,,2004-08-10 00:00:00,2005-02-18 00:00:00,2004
RGI60_17_SouthAndes,Chile,Gl. San Rafael,721.95,-73.74,-46.65,,2003-12-30 00:00:00,2004-01-31 00:00:00,2003
RGI60_17_SouthAndes,Chile,,27.837,-73.14473225,-48.97368932,,2003-01-12 00:00:00,2003-03-10 00:00:00,2003
RGI60_17_SouthAndes,Chile,Pio XI,1234.714,-73.875741,-49.103749,,2002-12-11 00:00:00,2003-04-02 00:00:00,2002
RGI60_17_SouthAndes,Chile,Glaciar Témpano,334.719,-73.874586,-48.727864,,2002-12-11 00:00:00,2003-04-02 00:00:00,2002
RGI60_17_SouthAndes,Chile,Acodado,268.749,-73.8359,-47.2503,,2002-08-05 00:00:00,2003-04-02 00:00:00,2002
RGI60_17_SouthAndes,Chile,RGI60-17.04064,0.955,-73.2881,-52.885,,2002-03-19 00:00:00,2004-10-31 00:00:00,2002
RGI60_17_SouthAndes,Argentina,Viedma,975.276,-73.05329838,-49.54610631,,2002-01-18 00:00:00,2002-02-19 00:00:00,2002
RGI60_17_SouthAndes,Chile,Bernardo Glacier,540.832,-73.815119,-48.590189,,2001-10-14 00:00:00,2002-01-18 00:00:00,2001
RGI60_17_SouthAndes,Chile,RGI60-17.04974,1.766,-73.9181,-49.8614,,2001-03-11 00:00:00,2002-01-18 00:00:00,2001
RGI60_17_SouthAndes,Chile,Acodado,268.749,-73.8359,-47.2503,,2000-11-11 00:00:00,2001-03-11 00:00:00,2000
RGI60_17_SouthAndes,Chile,,27.837,-73.14473225,-48.97368932,,2000-11-11 00:00:00,2000-12-22 00:00:00,2000
RGI60_17_SouthAndes,Chile,Pio XI,1234.714,-73.875741,-49.103749,,2000-10-27 00:00:00,2001-03-12 00:00:00,2000
RGI60_17_SouthAndes,Chile,Glaciar Témpano,334.719,-73.874586,-48.727864,,2000-10-27 00:00:00,2001-03-11 00:00:00,2000
RGI60_17_SouthAndes,Chile,Glaciar Témpano,334.719,-73.874586,-48.727864,,1999-12-03 00:00:00,2000-04-02 00:00:00,1999
RGI60_17_SouthAndes,Chile,,27.837,-73.14473225,-48.97368932,,1999-10-08 00:00:00,1999-11-26 00:00:00,1999
RGI60_17_SouthAndes,Chile,Acodado,268.749,-73.8359,-47.2503,,1999-09-30 00:00:00,2000-03-08 00:00:00,1999
RGI60_17_SouthAndes,Chile,Gl. San Rafael,721.95,-73.74,-46.65,,1998-11-06 00:00:00,1999-01-09 00:00:00,1998
RGI60_17_SouthAndes,Chile,Acodado,268.749,-73.88055027,-47.32436397,,1998-11-06 00:00:00,1999-02-10 00:00:00,1998
RGI60_17_SouthAndes,Chile,,27.837,-73.14473225,-48.97368932,,1998-11-06 00:00:00,1999-02-10 00:00:00,1998
RGI60_17_SouthAndes,Chile,RGI60-17.04043,4,-73.0447,-52.9033,,1992-02-17 00:00:00,1998-04-14 00:00:00,1992
RGI60_17_SouthAndes,Argentina,RGI60-17.11457,0.147,-71.949733,-42.660017,,1989-08-17 00:00:00,1997-03-08 00:00:00,1989
RGI60_17_SouthAndes,Chile,RGI60-17.08270,0.44,-72.3284772298,-46.746856787,,1987-02-09 00:00:00,1998-01-31 00:00:00,1987
RGI60_17_SouthAndes,Chile,RGI60-17.09232,26.706,-73.23366748,-46.13951686,,1987-02-09 00:00:00,2000-03-08 00:00:00,1987
RGI60_17_SouthAndes,Chile,Acodado,268.749,-73.8359,-47.2503,,1987-02-09 00:00:00,1998-04-28 00:00:00,1987
RGI60_17_SouthAndes,Chile,RGI60-17.10522,0.255,-71.8894,-43.7846,,1987-02-09 00:00:00,1997-01-28 00:00:00,1987
RGI60_17_SouthAndes,Chile,RGI60-17.10382,0.861,-72.110996,-43.95339,,1987-01-24 00:00:00,1992-01-23 00:00:00,1987
RGI60_17_SouthAndes,Chile,San Rafael Glacier,721.95,-73.703528,-46.665778,,1986-12-07 00:00:00,1987-01-24 00:00:00,1986
RGI60_17_SouthAndes,Chile,Acodado,268.749,-73.8359,-47.2503,,1986-10-20 00:00:00,1987-01-08 00:00:00,1986
RGI60_17_SouthAndes,Chile,RGI60-17.04981,4.515,-73.900652,-49.816333,,1986-10-04 00:00:00,1999-10-08 00:00:00,1986
RGI60_17_SouthAndes,Chile,,27.837,-73.14473225,-48.97368932,,1986-01-14 00:00:00,1986-07-16 00:00:00,1986
RGI60_17_SouthAndes,Chile,Glaciar Témpano,334.719,-73.874586,-48.727864,,1984-12-26 00:00:00,1986-01-14 00:00:00,1984
RGI60_17_SouthAndes,Chile,RGI60-17.09515,1.232,-72.5355,-45.8739,,1979-02-09 00:00:00,1984-10-07 00:00:00,1979
RGI60_17_SouthAndes,Chile,RGI60-17.08767,0.871,-72.5,-46.4,,1974-02-26 00:00:00,1975-03-19 00:00:00,1974
RGI60_17_SouthAndes,Chile,RGI60-17.08927,1.916,-72.88478,-46.27142,,2015,2016,2015
RGI60_17_SouthAndes,Argentina,,0.256,-73.089,-49.744,,2012,2013,2012
RGI60_17_SouthAndes,Chile,Río Blanco Glacier,,-72.998537,-49.286197,,1966,1968,1966
RGI60_18_NewZealand,New Zealand,Franz Josef Glacier,33.107,170.1721,-43.4427,,1920,1940,1920
RGI60_18_NewZealand,New Zealand,Mangaturuturu Glacier,1.182,175.564026,-39.281022,1953-12-24,,,1953
RGI60_18_NewZealand,New Zealand,Franz Josef Glacier,33.107,170.1721,-43.4427,1965-12-19,,,1965
RGI60_18_NewZealand,New Zealand,Franz Josef Glacier,33.107,170.1721,-43.4427,1981-06-02,,,1981
RGI60_18_NewZealand,New Zealand,Maud Glacier,"﻿10,336",170.499883,-43.476378,1992-05-03,,,1992
RGI60_18_NewZealand,New Zealand,Maud Glacier,"﻿10,336",170.499883,-43.476378,1992-09-16,,,1992
RGI60_18_NewZealand,New Zealand,Franz Josef Glacier,33.107,170.1721,-43.4427,1995-12-13,,,1995
RGI60_18_NewZealand,New Zealand,Franz Josef Glacier,33.107,170.1721,-43.4427,2003-02-14,2003-02-14,2003-03-05,2003
RGI60_18_NewZealand,New Zealand,Fox Glacier,34.715,170.087313,-43.501247,2007-01-12,,,2007
