year,code,entity,emissions_total_per_capita,gdp_per_capita,owid_region
2000,AFG,Afghanistan,0.052017417,1617.8264,Asia
2001,AFG,Afghanistan,0.05270568,1454.1108,Asia
2002,AFG,Afghanistan,0.062730715,1774.3087,Asia
2003,AFG,Afghanistan,0.068608426,1815.9282,Asia
2004,AFG,Afghanistan,0.052513268,1776.9182,Asia
2005,AFG,Afghanistan,0.077424295,1908.1147,Asia
2006,AFG,Afghanistan,0.08493193,1929.7239,Asia
2007,AFG,Afghanistan,0.10806349,2155.353,Asia
2008,AFG,Afghanistan,0.16065209,2191.5044,Asia
2009,AFG,Afghanistan,0.23258604,2565.022,Asia
2010,AFG,Afghanistan,0.2957424,2848.5862,Asia
2011,AFG,Afghanistan,0.38877392,2757.0525,Asia
2012,AFG,Afghanistan,0.31842902,2985.319,Asia
2013,AFG,Afghanistan,0.28117284,3046.5798,Asia
2014,AFG,Afghanistan,0.26523322,3017.9426,Asia
2015,AFG,Afghanistan,0.27738428,2967.6921,Asia
2016,AFG,Afghanistan,0.24800518,2958.7854,Asia
2017,AFG,Afghanistan,0.26089466,2952.999,Asia
2018,AFG,Afghanistan,0.27737236,2902.392,Asia
2019,AFG,Afghanistan,0.27472728,2927.245,Asia
2020,AFG,Afghanistan,0.28458965,2769.6858,Asia
2021,AFG,Afghanistan,0.2467185,2144.1665,Asia
2022,AFG,Afghanistan,0.25062045,1981.7102,Asia
2023,AFG,Afghanistan,0.2536818,1983.8126,Asia
1990,ALB,Albania,1.6841552,5560.857,Europe
1991,ALB,Albania,1.3069565,4027.9055,Europe
1992,ALB,Albania,0.7668275,3761.1555,Europe
1993,ALB,Albania,0.71327627,4145.92,Europe
1994,ALB,Albania,0.5884248,4517.799,Europe
1995,ALB,Albania,0.64109814,5151.3975,Europe
1996,ALB,Albania,0.62159795,5563.793,Europe
1997,ALB,Albania,0.47776133,4943.004,Europe
1998,ALB,Albania,0.5466155,5387.5684,Europe
1999,ALB,Albania,0.9365232,6086.009,Europe
2000,ALB,Albania,0.9553966,6582.0166,Europe
2001,ALB,Albania,1.0230986,7232.9907,Europe
2002,ALB,Albania,1.1959662,7590.49,Europe
2003,ALB,Albania,1.3801702,8025.2812,Europe
2004,ALB,Albania,1.3478992,8483.294,Europe
2005,ALB,Albania,1.3853046,8964.318,Europe
2006,ALB,Albania,1.2818633,9564.029,Europe
2007,ALB,Albania,1.3244282,10262.967,Europe
2008,ALB,Albania,1.4862808,11056.352,Europe
2009,ALB,Albania,1.4755803,11430.622,Europe
2010,ALB,Albania,1.6446854,11829.054,Europe
2011,ALB,Albania,1.7775874,12153.114,Europe
2012,ALB,Albania,1.6941584,12463.57,Europe
2013,ALB,Albania,1.8386787,12873.483,Europe
2014,ALB,Albania,2.091259,13366.56,Europe
2015,ALB,Albania,1.625643,13876.819,Europe
2016,ALB,Albania,1.5718573,14643.489,Europe
2017,ALB,Albania,1.8438027,15359.461,Europe
2018,ALB,Albania,1.7949029,16170.99,Europe
2019,ALB,Albania,1.7124815,16761.193,Europe
2020,ALB,Albania,1.6939825,16457.787,Europe
2021,ALB,Albania,1.802687,18212.871,Europe
2022,ALB,Albania,1.5908402,19388.873,Europe
2023,ALB,Albania,1.5710765,20481.035,Europe
2024,ALB,Albania,1.5919901,21641.074,Europe
1990,DZA,Algeria,2.990726,11728.546,Africa
1991,DZA,Algeria,3.0004637,11314.864,Africa
1992,DZA,Algeria,2.9774103,11241.415,Africa
1993,DZA,Algeria,2.9807472,10743.706,Africa
1994,DZA,Algeria,3.1501276,10414.035,Africa
1995,DZA,Algeria,3.3686354,10588.443,Africa
1996,DZA,Algeria,3.4291797,10808.879,Africa
1997,DZA,Algeria,2.9587216,10725.968,Africa
1998,DZA,Algeria,3.5183222,11094.888,Africa
1999,DZA,Algeria,2.9734142,11292.037,Africa
2000,DZA,Algeria,2.7359807,11558.221,Africa
2001,DZA,Algeria,2.745478,11742.595,Africa
2002,DZA,Algeria,2.8238127,12213.126,Africa
2003,DZA,Algeria,2.923871,12835.182,Africa
2004,DZA,Algeria,2.7844713,13226.765,Africa
2005,DZA,Algeria,3.3091779,13738.496,Africa
2006,DZA,Algeria,3.0870595,13920.694,Africa
2007,DZA,Algeria,3.1456718,14114.675,Africa
2008,DZA,Algeria,3.119057,14206.776,Africa
2009,DZA,Algeria,3.277727,14104.428,Africa
2010,DZA,Algeria,3.25651,14496.421,Africa
2011,DZA,Algeria,3.3795078,14641.964,Africa
2012,DZA,Algeria,3.6017866,14697.54,Africa
2013,DZA,Algeria,3.6844282,14778.191,Africa
2014,DZA,Algeria,3.8881397,15073.763,Africa
2015,DZA,Algeria,4.0060844,15239.518,Africa
2016,DZA,Algeria,3.8752885,15511.686,Africa
2017,DZA,Algeria,3.9638858,15427.664,Africa
2018,DZA,Algeria,4.104483,15343.426,Africa
2019,DZA,Algeria,4.2135787,15199.199,Africa
2020,DZA,Algeria,3.8857946,14194.155,Africa
2021,DZA,Algeria,4.0668306,14496.865,Africa
2022,DZA,Algeria,4.238998,14782.2,Africa
2023,DZA,Algeria,4.394023,15159.324,Africa
2024,DZA,Algeria,4.233817,15501.92,Africa
1990,AND,Andorra,7.6600275,50036.3,Europe
1991,AND,Andorra,7.109418,47624.97,Europe
1992,AND,Andorra,6.6931267,45246.53,Europe
1993,AND,Andorra,6.4257345,42605.66,Europe
1994,AND,Andorra,6.2360168,42716.367,Europe
1995,AND,Andorra,6.647648,44375.023,Europe
1996,AND,Andorra,7.0983343,46386.09,Europe
1997,AND,Andorra,7.189642,50032.35,Europe
1998,AND,Andorra,7.5072784,51092.223,Europe
1999,AND,Andorra,7.80381,52921.047,Europe
2000,AND,Andorra,7.974552,54809.145,Europe
2001,AND,Andorra,7.953851,59109.016,Europe
2002,AND,Andorra,7.9858103,61188.637,Europe
2003,AND,Andorra,7.696261,63656.195,Europe
2004,AND,Andorra,7.590003,64353.484,Europe
2005,AND,Andorra,7.476006,65114.805,Europe
2006,AND,Andorra,6.857717,66390.3,Europe
2007,AND,Andorra,6.57633,65534.117,Europe
2008,AND,Andorra,6.449391,60691.605,Europe
2009,AND,Andorra,6.157102,57203.973,Europe
2010,AND,Andorra,6.399643,58285.06,Europe
2011,AND,Andorra,6.310664,60470.465,Europe
2012,AND,Andorra,6.34042,58172.133,Europe
2013,AND,Andorra,6.3323584,57332.16,Europe
2014,AND,Andorra,6.2594266,59929.246,Europe
2015,AND,Andorra,6.4454327,62105.152,Europe
2016,AND,Andorra,6.546754,64402.81,Europe
2017,AND,Andorra,6.406289,63239.656,Europe
2018,AND,Andorra,6.6280575,63048.598,Europe
2019,AND,Andorra,6.4186583,63215.9,Europe
2020,AND,Andorra,4.876055,55488.492,Europe
2021,AND,Andorra,5.2824354,59332.203,Europe
2022,AND,Andorra,5.311056,63913.383,Europe
2023,AND,Andorra,5.1700654,64631.297,Europe
2024,AND,Andorra,5.1816607,65928.305,Europe
1990,AGO,Angola,0.43778652,8368.723,Africa
1991,AGO,Angola,0.42117858,8172.5054,Africa
1992,AGO,Angola,0.41569275,7447.494,Africa
1993,AGO,Angola,0.44814283,5483.2773,Africa
1994,AGO,Angola,0.8568642,5379.475,Africa
1995,AGO,Angola,0.92093813,5983.184,Africa
1996,AGO,Angola,1.0760698,6567.6777,Africa
1997,AGO,Angola,1.0834786,6810.2163,Africa
1998,AGO,Angola,1.0893121,6895.026,Africa
1999,AGO,Angola,1.1017437,6817.057,Africa
2000,AGO,Angola,0.98766494,6796.4062,Africa
2001,AGO,Angola,0.94991744,6848.683,Africa
2002,AGO,Angola,0.92799395,7523.813,Africa
2003,AGO,Angola,0.97440386,7518.8896,Africa
2004,AGO,Angola,0.914801,8081.757,Africa
2005,AGO,Angola,0.79760987,8895.377,Africa
2006,AGO,Angola,0.8565874,9588.822,Africa
2007,AGO,Angola,0.8464459,10437.59,Africa
2008,AGO,Angola,0.8689214,11134.705,Africa
2009,AGO,Angola,0.92208517,10933.271,Africa
2010,AGO,Angola,0.9866278,11077.13,Africa
2011,AGO,Angola,0.9660866,11037.639,Africa
2012,AGO,Angola,1.0303273,11519.993,Africa
2013,AGO,Angola,0.9825774,11626.1875,Africa
2014,AGO,Angola,0.9606558,11721.664,Africa
2015,AGO,Angola,0.9768244,11392.906,Africa
2016,AGO,Angola,0.87261665,10805.712,Africa
2017,AGO,Angola,0.7805891,10414.236,Africa
2018,AGO,Angola,0.7437751,10000.944,Africa
2019,AGO,Angola,0.6860121,9648.011,Africa
2020,AGO,Angola,0.49473175,8960.338,Africa
2021,AGO,Angola,0.5565367,8862.281,Africa
2022,AGO,Angola,0.59180546,8950.143,Africa
2023,AGO,Angola,0.5897924,8788.261,Africa
2024,AGO,Angola,0.5894967,8901.888,Africa
1990,ATG,Antigua and Barbuda,3.8331828,21074.576,North America
1991,ATG,Antigua and Barbuda,3.9294703,21424.291,North America
1992,ATG,Antigua and Barbuda,3.8674986,21330.273,North America
1993,ATG,Antigua and Barbuda,3.9096968,22051.438,North America
1994,ATG,Antigua and Barbuda,4.0004787,23081.664,North America
1995,ATG,Antigua and Barbuda,3.9750183,21639.602,North America
1996,ATG,Antigua and Barbuda,4.1044965,22597.314,North America
1997,ATG,Antigua and Barbuda,4.3305426,23350.309,North America
1998,ATG,Antigua and Barbuda,4.451636,23996.115,North America
1999,ATG,Antigua and Barbuda,4.674421,24462.203,North America
2000,ATG,Antigua and Barbuda,4.7432637,25547.611,North America
2001,ATG,Antigua and Barbuda,4.9121737,24014.775,North America
2002,ATG,Antigua and Barbuda,5.230957,23958.164,North America
2003,ATG,Antigua and Barbuda,5.550375,25136.002,North America
2004,ATG,Antigua and Barbuda,5.723982,26303.617,North America
2005,ATG,Antigua and Barbuda,6.027829,27692.635,North America
2006,ATG,Antigua and Barbuda,6.408216,30827.342,North America
2007,ATG,Antigua and Barbuda,6.54638,33245.27,North America
2008,ATG,Antigua and Barbuda,6.4950438,32756.307,North America
2009,ATG,Antigua and Barbuda,6.614897,28405.69,North America
2010,ATG,Antigua and Barbuda,6.440348,25826.61,North America
2011,ATG,Antigua and Barbuda,6.3223624,25023.918,North America
2012,ATG,Antigua and Barbuda,6.3813004,25592.906,North America
2013,ATG,Antigua and Barbuda,6.32341,25206.846,North America
2014,ATG,Antigua and Barbuda,6.396648,25557.525,North America
2015,ATG,Antigua and Barbuda,6.474005,25734.152,North America
2016,ATG,Antigua and Barbuda,6.596666,26627.715,North America
2017,ATG,Antigua and Barbuda,6.640982,27199.195,North America
2018,ATG,Antigua and Barbuda,6.768622,28878.607,North America
2019,ATG,Antigua and Barbuda,6.9769855,29651.863,North America
2020,ATG,Antigua and Barbuda,6.700688,23930.672,North America
2021,ATG,Antigua and Barbuda,6.8632064,25745.496,North America
2022,ATG,Antigua and Barbuda,6.9125686,27941.785,North America
2023,ATG,Antigua and Barbuda,6.863025,28474.045,North America
2024,ATG,Antigua and Barbuda,7.092406,29371.639,North America
1990,ARG,Argentina,3.424979,17007.285,South America
1991,ARG,Argentina,3.5427592,18295.61,South America
1992,ARG,Argentina,3.606454,19476.283,South America
1993,ARG,Argentina,3.4556832,20791.346,South America
1994,ARG,Argentina,3.423716,21711.844,South America
1995,ARG,Argentina,3.576146,20819.5,South America
1996,ARG,Argentina,3.7012532,21695.596,South America
1997,ARG,Argentina,3.8004286,23172.158,South America
1998,ARG,Argentina,3.8354225,23783.102,South America
1999,ARG,Argentina,4.031685,22714.512,South America
2000,ARG,Argentina,3.8521757,22281.38,South America
2001,ARG,Argentina,3.588163,21066.459,South America
2002,ARG,Argentina,3.2850976,18571.701,South America
2003,ARG,Argentina,3.4983344,20005.139,South America
2004,ARG,Argentina,4.050791,21591.45,South America
2005,ARG,Argentina,4.123947,23262.408,South America
2006,ARG,Argentina,4.4001102,24877.25,South America
2007,ARG,Argentina,4.3422694,26850.664,South America
2008,ARG,Argentina,4.64068,27658.484,South America
2009,ARG,Argentina,4.3661532,25747.197,South America
2010,ARG,Argentina,4.507803,28056.258,South America
2011,ARG,Argentina,4.550224,29425.76,South America
2012,ARG,Argentina,4.5471244,28825.967,South America
2013,ARG,Argentina,4.4507732,29227.66,South America
2014,ARG,Argentina,4.3821793,28200.814,South America
2015,ARG,Argentina,4.4117293,28669.207,South America
2016,ARG,Argentina,4.3284545,27802.105,South America
2017,ARG,Argentina,4.223813,28334.904,South America
2018,ARG,Argentina,4.0865293,27367.115,South America
2019,ARG,Argentina,4.011869,26629.553,South America
2020,ARG,Argentina,3.6425223,23877.094,South America
2021,ARG,Argentina,4.1974697,26300.273,South America
2022,ARG,Argentina,4.047052,27825.027,South America
2023,ARG,Argentina,3.9177263,27230.396,South America
2024,ARG,Argentina,3.7434063,26771.965,South America
1990,ARM,Armenia,2.5345948,6137.6006,Asia
1991,ARM,Armenia,2.042888,5326.753,Asia
1992,ARM,Armenia,1.6024374,3136.7244,Asia
1993,ARM,Armenia,0.72690433,2958.8804,Asia
1994,ARM,Armenia,0.7979213,3200.8965,Asia
1995,ARM,Armenia,1.016661,3480.7559,Asia
1996,ARM,Armenia,0.7625837,3717.3357,Asia
1997,ARM,Armenia,1.0019927,3879.1794,Asia
1998,ARM,Armenia,1.0656698,4211.5127,Asia
1999,ARM,Armenia,0.9598779,4406.9673,Asia
2000,ARM,Armenia,1.117025,4589.0083,Asia
2001,ARM,Armenia,1.1453632,5044.1167,Asia
2002,ARM,Armenia,1.0069239,5731.3535,Asia
2003,ARM,Armenia,1.1370804,6569.2603,Asia
2004,ARM,Armenia,1.2212219,7299.4,Asia
2005,ARM,Armenia,1.4556371,8362.9,Asia
2006,ARM,Armenia,1.4719211,9525.231,Asia
2007,ARM,Armenia,1.7144572,10898.849,Asia
2008,ARM,Armenia,1.8833776,11727.482,Asia
2009,ARM,Armenia,1.4814032,10143.235,Asia
2010,ARM,Armenia,1.4521643,10438.564,Asia
2011,ARM,Armenia,1.6997676,10990.177,Asia
2012,ARM,Armenia,1.9668759,11796.274,Asia
2013,ARM,Armenia,1.8939531,12194.019,Asia
2014,ARM,Armenia,1.917619,12667.376,Asia
2015,ARM,Armenia,1.8722591,13112.76,Asia
2016,ARM,Armenia,1.7838441,13192.994,Asia
2017,ARM,Armenia,1.8993666,14243.875,Asia
2018,ARM,Armenia,2.000749,15037.045,Asia
2019,ARM,Armenia,2.1639683,16215.36,Asia
2020,ARM,Armenia,2.3505504,15052.936,Asia
2021,ARM,Armenia,2.5609183,15921.705,Asia
2022,ARM,Armenia,2.6723685,17886.178,Asia
2023,ARM,Armenia,2.524371,19402.752,Asia
2024,ARM,Armenia,2.498691,20078.785,Asia
1990,ABW,Aruba,7.5608516,33063.0,North America
1991,ABW,Aruba,7.9814916,33993.207,North America
1992,ABW,Aruba,7.8184905,34371.164,North America
1993,ABW,Aruba,9.122505,34540.336,North America
1994,ABW,Aruba,8.976114,35490.723,North America
1995,ABW,Aruba,9.3614645,35386.86,North America
1996,ABW,Aruba,9.195357,34419.43,North America
1997,ABW,Aruba,9.349359,35444.58,North America
1998,ABW,Aruba,9.620471,35271.906,North America
1999,ABW,Aruba,9.363043,35227.477,North America
2000,ABW,Aruba,26.787004,37524.035,North America
2001,ABW,Aruba,26.652435,38729.457,North America
2002,ABW,Aruba,26.660248,38098.906,North America
2003,ABW,Aruba,27.74074,38086.01,North America
2004,ABW,Aruba,28.062775,40000.562,North America
2005,ABW,Aruba,28.809982,38828.215,North America
2006,ABW,Aruba,28.42007,38566.8,North America
2007,ABW,Aruba,29.204588,39462.586,North America
2008,ABW,Aruba,27.157389,39881.59,North America
2009,ABW,Aruba,26.525524,34986.15,North America
2010,ABW,Aruba,25.029972,33951.625,North America
2011,ABW,Aruba,24.706015,34837.94,North America
2012,ABW,Aruba,13.21249,33972.34,North America
2013,ABW,Aruba,8.394657,35621.785,North America
2014,ABW,Aruba,8.435128,35746.863,North America
2015,ABW,Aruba,8.614971,36660.633,North America
2016,ABW,Aruba,8.410633,36832.902,North America
2017,ABW,Aruba,8.42044,38116.832,North America
2018,ABW,Aruba,8.15775,39278.83,North America
2019,ABW,Aruba,7.766699,39652.633,North America
2020,ABW,Aruba,7.6410794,30347.637,North America
2021,ABW,Aruba,8.004834,35104.785,North America
2022,ABW,Aruba,8.241623,38979.836,North America
2023,ABW,Aruba,8.213218,41964.77,North America
2024,ABW,Aruba,8.518487,44558.93,North America
1990,AUS,Australia,16.235903,36267.742,Oceania
1991,AUS,Australia,16.10294,35670.668,Oceania
1992,AUS,Australia,16.207693,35426.285,Oceania
1993,AUS,Australia,16.294191,36533.15,Oceania
1994,AUS,Australia,16.405329,37622.652,Oceania
1995,AUS,Australia,16.853085,38653.336,Oceania
1996,AUS,Australia,17.036093,39663.16,Oceania
1997,AUS,Australia,17.305813,40773.566,Oceania
1998,AUS,Australia,17.861351,42257.17,Oceania
1999,AUS,Australia,18.184906,43899.074,Oceania
2000,AUS,Australia,18.288157,45099.074,Oceania
2001,AUS,Australia,18.469387,45428.2,Oceania
2002,AUS,Australia,18.495451,46688.395,Oceania
2003,AUS,Australia,18.708109,47581.23,Oceania
2004,AUS,Australia,19.055769,49061.277,Oceania
2005,AUS,Australia,18.974682,49997.066,Oceania
2006,AUS,Australia,19.007372,50693.727,Oceania
2007,AUS,Australia,19.036264,51663.242,Oceania
2008,AUS,Australia,18.91755,52473.383,Oceania
2009,AUS,Australia,18.683231,52407.91,Oceania
2010,AUS,Australia,18.292547,52739.27,Oceania
2011,AUS,Australia,17.96612,53257.047,Oceania
2012,AUS,Australia,17.72246,54403.883,Oceania
2013,AUS,Australia,17.121933,54895.004,Oceania
2014,AUS,Australia,16.639103,55489.07,Oceania
2015,AUS,Australia,16.72746,55879.996,Oceania
2016,AUS,Australia,16.837934,56529.953,Oceania
2017,AUS,Australia,16.71615,56881.855,Oceania
2018,AUS,Australia,16.512163,57647.844,Oceania
2019,AUS,Australia,16.28262,58048.617,Oceania
2020,AUS,Australia,15.481285,57260.465,Oceania
2021,AUS,Australia,14.96633,58327.414,Oceania
2022,AUS,Australia,14.65893,60029.133,Oceania
2023,AUS,Australia,14.529289,60684.96,Oceania
2024,AUS,Australia,14.477199,60303.98,Oceania
1990,AUT,Austria,8.098238,43258.176,Europe
1991,AUT,Austria,8.48123,44302.42,Europe
1992,AUT,Austria,7.6875253,44734.855,Europe
1993,AUT,Austria,7.677596,44601.207,Europe
1994,AUT,Austria,7.694496,45497.137,Europe
1995,AUT,Austria,8.057918,46639.53,Europe
1996,AUT,Austria,8.467657,47608.633,Europe
1997,AUT,Austria,8.444986,48575.16,Europe
1998,AUT,Austria,8.389697,50216.7,Europe
1999,AUT,Austria,8.214732,52004.53,Europe
2000,AUT,Austria,8.262151,53534.344,Europe
2001,AUT,Austria,8.727766,54032.152,Europe
2002,AUT,Austria,8.907645,54565.08,Europe
2003,AUT,Austria,9.530433,54919.79,Europe
2004,AUT,Austria,9.508284,55980.23,Europe
2005,AUT,Austria,9.611559,56890.28,Europe
2006,AUT,Austria,9.28623,58460.24,Europe
2007,AUT,Austria,8.93005,60470.91,Europe
2008,AUT,Austria,8.826658,61157.99,Europe
2009,AUT,Austria,8.06485,58810.44,Europe
2010,AUT,Austria,8.607232,59730.55,Europe
2011,AUT,Austria,8.327111,61272.258,Europe
2012,AUT,Austria,7.977175,61376.723,Europe
2013,AUT,Austria,7.989103,60863.055,Europe
2014,AUT,Austria,7.5058665,60845.66,Europe
2015,AUT,Austria,7.6767116,60951.688,Europe
2016,AUT,Austria,7.692762,61572.71,Europe
2017,AUT,Austria,7.9103565,62535.9,Europe
2018,AUT,Austria,7.5287404,63778.027,Europe
2019,AUT,Austria,7.651411,64609.375,Europe
2020,AUT,Austria,6.969737,60276.414,Europe
2021,AUT,Austria,7.3325477,62968.94,Europe
2022,AUT,Austria,6.779517,65694.555,Europe
2023,AUT,Austria,6.2328863,64536.297,Europe
2024,AUT,Austria,6.180112,63788.08,Europe
1990,AZE,Azerbaijan,7.1005554,10776.067,Asia
1991,AZE,Azerbaijan,6.8460274,10559.212,Asia
1992,AZE,Azerbaijan,7.5852094,8050.2163,Asia
1993,AZE,Azerbaijan,6.4506035,6097.4863,Asia
1994,AZE,Azerbaijan,5.512609,4830.699,Asia
1995,AZE,Azerbaijan,4.3150835,4211.721,Asia
1996,AZE,Azerbaijan,3.989578,4223.523,Asia
1997,AZE,Azerbaijan,3.7603416,4425.5884,Asia
1998,AZE,Azerbaijan,3.9603329,4822.16,Asia
1999,AZE,Azerbaijan,3.5580142,5133.748,Asia
2000,AZE,Azerbaijan,3.6411128,5656.9297,Asia
2001,AZE,Azerbaijan,3.4435568,6168.9854,Asia
2002,AZE,Azerbaijan,3.4314017,6701.0815,Asia
2003,AZE,Azerbaijan,3.6292462,7329.4062,Asia
2004,AZE,Azerbaijan,3.799001,7937.8594,Asia
2005,AZE,Azerbaijan,3.977268,10054.101,Asia
2006,AZE,Azerbaijan,3.9628427,13371.658,Asia
2007,AZE,Azerbaijan,3.4023244,16587.365,Asia
2008,AZE,Azerbaijan,3.6942694,17963.021,Asia
2009,AZE,Azerbaijan,3.2170568,19242.39,Asia
2010,AZE,Azerbaijan,3.0118616,19925.39,Asia
2011,AZE,Azerbaijan,3.2637987,19358.078,Asia
2012,AZE,Azerbaijan,3.4950342,19523.373,Asia
2013,AZE,Azerbaijan,3.5308728,20398.646,Asia
2014,AZE,Azerbaijan,3.5660133,20709.201,Asia
2015,AZE,Azerbaijan,3.5562217,20678.754,Asia
2016,AZE,Azerbaijan,3.5189948,19822.41,Asia
2017,AZE,Azerbaijan,3.480789,19659.004,Asia
2018,AZE,Azerbaijan,3.4439225,19781.852,Asia
2019,AZE,Azerbaijan,3.734001,20101.492,Asia
2020,AZE,Azerbaijan,3.559036,19126.098,Asia
2021,AZE,Azerbaijan,3.7422564,20111.375,Asia
2022,AZE,Azerbaijan,3.999354,21051.244,Asia
2023,AZE,Azerbaijan,4.142986,21310.738,Asia
2024,AZE,Azerbaijan,3.8533201,22072.148,Asia
1990,BHS,Bahamas,7.3292212,33072.16,North America
1991,BHS,Bahamas,7.112789,31148.904,North America
1992,BHS,Bahamas,6.535123,29412.88,North America
1993,BHS,Bahamas,5.9861474,28955.352,North America
1994,BHS,Bahamas,5.968292,29346.361,North America
1995,BHS,Bahamas,6.101177,30128.193,North America
1996,BHS,Bahamas,5.921621,30907.82,North America
1997,BHS,Bahamas,5.1734433,30839.025,North America
1998,BHS,Bahamas,6.308508,31836.527,North America
1999,BHS,Bahamas,6.3622456,33657.805,North America
2000,BHS,Bahamas,6.256653,34597.164,North America
2001,BHS,Bahamas,5.934427,35072.367,North America
2002,BHS,Bahamas,6.1319866,35610.68,North America
2003,BHS,Bahamas,6.168074,34740.76,North America
2004,BHS,Bahamas,6.027699,34617.805,North America
2005,BHS,Bahamas,5.5401344,35365.465,North America
2006,BHS,Bahamas,5.3216376,35789.133,North America
2007,BHS,Bahamas,5.2988286,35797.117,North America
2008,BHS,Bahamas,5.360958,34498.035,North America
2009,BHS,Bahamas,5.938248,32630.264,North America
2010,BHS,Bahamas,6.0720687,32711.459,North America
2011,BHS,Bahamas,5.677289,32535.662,North America
2012,BHS,Bahamas,5.454908,33667.555,North America
2013,BHS,Bahamas,5.259742,32402.916,North America
2014,BHS,Bahamas,5.395677,32712.635,North America
2015,BHS,Bahamas,5.7904425,32777.586,North America
2016,BHS,Bahamas,5.787847,32172.336,North America
2017,BHS,Bahamas,6.455462,33050.035,North America
2018,BHS,Bahamas,6.2509995,33650.215,North America
2019,BHS,Bahamas,6.386963,33202.49,North America
2020,BHS,Bahamas,5.1830635,26452.695,North America
2021,BHS,Bahamas,6.877262,31064.682,North America
2022,BHS,Bahamas,7.4507422,34342.93,North America
2023,BHS,Bahamas,7.4004436,35221.27,North America
2024,BHS,Bahamas,7.64968,36244.05,North America
1990,BHR,Bahrain,22.327099,41856.543,Asia
1991,BHR,Bahrain,21.299963,47644.023,Asia
1992,BHR,Bahrain,18.990427,49511.95,Asia
1993,BHR,Bahrain,29.75755,54433.137,Asia
1994,BHR,Bahrain,24.831974,52886.58,Asia
1995,BHR,Bahrain,24.853659,53537.684,Asia
1996,BHR,Bahrain,26.194952,54289.438,Asia
1997,BHR,Bahrain,27.59657,54512.855,Asia
1998,BHR,Bahrain,28.5835,55638.695,Asia
1999,BHR,Bahrain,27.884869,56522.227,Asia
2000,BHR,Bahrain,28.673351,57968.996,Asia
2001,BHR,Bahrain,28.114794,57280.7,Asia
2002,BHR,Bahrain,26.736988,55096.656,Asia
2003,BHR,Bahrain,25.856058,54431.875,Asia
2004,BHR,Bahrain,24.331476,54045.094,Asia
2005,BHR,Bahrain,26.255672,53478.266,Asia
2006,BHR,Bahrain,24.165707,52691.934,Asia
2007,BHR,Bahrain,25.180452,52731.793,Asia
2008,BHR,Bahrain,26.344282,52765.39,Asia
2009,BHR,Bahrain,23.77264,50665.75,Asia
2010,BHR,Bahrain,24.02024,50704.848,Asia
2011,BHR,Bahrain,23.654049,53132.33,Asia
2012,BHR,Bahrain,22.364824,54516.84,Asia
2013,BHR,Bahrain,24.839422,55376.402,Asia
2014,BHR,Bahrain,23.590342,55065.82,Asia
2015,BHR,Bahrain,23.743637,54149.914,Asia
2016,BHR,Bahrain,22.128733,54107.074,Asia
2017,BHR,Bahrain,22.210873,53859.773,Asia
2018,BHR,Bahrain,21.83343,54893.074,Asia
2019,BHR,Bahrain,25.319227,56749.96,Asia
2020,BHR,Bahrain,25.23751,53814.246,Asia
2021,BHR,Bahrain,24.148386,54954.676,Asia
2022,BHR,Bahrain,24.66764,57572.996,Asia
2023,BHR,Bahrain,24.71003,57819.906,Asia
2024,BHR,Bahrain,24.270082,58891.832,Asia
1990,BGD,Bangladesh,0.12614106,2069.7822,Asia
1991,BGD,Bangladesh,0.12965418,2101.3835,Asia
1992,BGD,Bangladesh,0.13273484,2174.3823,Asia
1993,BGD,Bangladesh,0.136067,2234.81,Asia
1994,BGD,Bangladesh,0.14585535,2279.0942,Asia
1995,BGD,Bangladesh,0.17174801,2351.7039,Asia
1996,BGD,Bangladesh,0.17224969,2413.543,Asia
1997,BGD,Bangladesh,0.18195334,2475.5957,Asia
1998,BGD,Bangladesh,0.17910586,2555.0613,Asia
1999,BGD,Bangladesh,0.18994531,2624.0654,Asia
2000,BGD,Bangladesh,0.19725299,2712.935,Asia
2001,BGD,Bangladesh,0.22706799,2803.5547,Asia
2002,BGD,Bangladesh,0.23037535,2866.4346,Asia
2003,BGD,Bangladesh,0.23760977,2958.915,Asia
2004,BGD,Bangladesh,0.25176665,3071.838,Asia
2005,BGD,Bangladesh,0.26062584,3231.6138,Asia
2006,BGD,Bangladesh,0.2850007,3407.4272,Asia
2007,BGD,Bangladesh,0.28836617,3608.9155,Asia
2008,BGD,Bangladesh,0.30333978,3787.9382,Asia
2009,BGD,Bangladesh,0.3260235,3942.1362,Asia
2010,BGD,Bangladesh,0.3550251,4125.464,Asia
2011,BGD,Bangladesh,0.36195275,4352.4263,Asia
2012,BGD,Bangladesh,0.38501203,4592.0483,Asia
2013,BGD,Bangladesh,0.41373482,4822.726,Asia
2014,BGD,Bangladesh,0.4276385,5068.6396,Asia
2015,BGD,Bangladesh,0.48277447,5352.7114,Asia
2016,BGD,Bangladesh,0.5084272,5682.5356,Asia
2017,BGD,Bangladesh,0.53352815,6005.707,Asia
2018,BGD,Bangladesh,0.52963835,6392.5933,Asia
2019,BGD,Bangladesh,0.57489496,6838.326,Asia
2020,BGD,Bangladesh,0.5756478,7015.1978,Asia
2021,BGD,Bangladesh,0.58768314,7441.0693,Asia
2022,BGD,Bangladesh,0.6030491,7888.164,Asia
2023,BGD,Bangladesh,0.60960233,8242.398,Asia
2024,BGD,Bangladesh,0.6240862,8486.785,Asia
1990,BRB,Barbados,4.010728,19613.248,North America
1991,BRB,Barbados,4.5634584,18790.87,North America
1992,BRB,Barbados,4.473067,17660.324,North America
1993,BRB,Barbados,3.5843601,17748.555,North America
1994,BRB,Barbados,3.5930128,18064.4,North America
1995,BRB,Barbados,3.9031737,18398.75,North America
1996,BRB,Barbados,4.0019827,19112.504,North America
1997,BRB,Barbados,4.404291,20010.217,North America
1998,BRB,Barbados,4.678125,20752.81,North America
1999,BRB,Barbados,4.9583955,20815.836,North America
2000,BRB,Barbados,4.995379,21779.22,North America
2001,BRB,Barbados,4.9821935,21234.709,North America
2002,BRB,Barbados,4.9850125,21262.309,North America
2003,BRB,Barbados,5.1110315,21591.791,North America
2004,BRB,Barbados,5.1881166,21771.902,North America
2005,BRB,Barbados,5.31813,22514.484,North America
2006,BRB,Barbados,5.4480743,23766.607,North America
2007,BRB,Barbados,5.4148574,24145.754,North America
2008,BRB,Barbados,6.356092,24171.652,North America
2009,BRB,Barbados,6.200283,22840.885,North America
2010,BRB,Barbados,5.6915326,22243.457,North America
2011,BRB,Barbados,5.8889804,22102.482,North America
2012,BRB,Barbados,5.6119213,21286.332,North America
2013,BRB,Barbados,5.545567,20854.568,North America
2014,BRB,Barbados,4.9132366,20959.965,North America
2015,BRB,Barbados,4.783702,20666.965,North America
2016,BRB,Barbados,4.9049907,20930.633,North America
2017,BRB,Barbados,4.994143,21035.793,North America
2018,BRB,Barbados,5.154179,20727.422,North America
2019,BRB,Barbados,4.949633,20737.979,North America
2020,BRB,Barbados,4.456891,17728.072,North America
2021,BRB,Barbados,4.2179356,17682.732,North America
2022,BRB,Barbados,4.6577086,20716.285,North America
2023,BRB,Barbados,4.6635275,21318.672,North America
2024,BRB,Barbados,4.8328743,21837.725,North America
1990,BLR,Belarus,10.647569,12351.636,Europe
1991,BLR,Belarus,10.220432,12197.788,Europe
1992,BLR,Belarus,9.160398,11002.602,Europe
1993,BLR,Belarus,7.8773518,10143.984,Europe
1994,BLR,Belarus,6.645997,8967.73,Europe
1995,BLR,Belarus,5.983303,8061.196,Europe
1996,BLR,Belarus,6.0845547,8314.856,Europe
1997,BLR,Belarus,6.0951624,9301.327,Europe
1998,BLR,Belarus,5.9702945,10128.156,Europe
1999,BLR,Belarus,5.784889,10519.749,Europe
2000,BLR,Belarus,5.506232,11182.455,Europe
2001,BLR,Belarus,5.444186,11771.087,Europe
2002,BLR,Belarus,5.4635525,12443.933,Europe
2003,BLR,Belarus,5.6345267,13413.927,Europe
2004,BLR,Belarus,5.9961243,15052.118,Europe
2005,BLR,Belarus,6.143694,16579.873,Europe
2006,BLR,Belarus,6.4331007,18349.871,Europe
2007,BLR,Belarus,6.3029184,20019.611,Europe
2008,BLR,Belarus,6.6039224,22137.947,Europe
2009,BLR,Belarus,6.3770075,22236.838,Europe
2010,BLR,Belarus,6.586985,24012.613,Europe
2011,BLR,Belarus,6.476822,25404.756,Europe
2012,BLR,Belarus,6.6143084,25879.133,Europe
2013,BLR,Belarus,6.7781887,26147.625,Europe
2014,BLR,Belarus,6.7245016,26564.436,Europe
2015,BLR,Belarus,6.2006974,25513.213,Europe
2016,BLR,Belarus,6.125662,24846.83,Europe
2017,BLR,Belarus,6.2600746,25503.98,Europe
2018,BLR,Belarus,6.558066,26363.463,Europe
2019,BLR,Belarus,6.5890727,26798.82,Europe
2020,BLR,Belarus,6.322667,26731.496,Europe
2021,BLR,Belarus,6.5786033,27611.18,Europe
2022,BLR,Belarus,6.226867,26537.508,Europe
2023,BLR,Belarus,6.1143074,27782.438,Europe
2024,BLR,Belarus,6.163221,29040.973,Europe
1990,BEL,Belgium,12.080694,41640.06,Europe
1991,BEL,Belgium,12.340902,42246.074,Europe
1992,BEL,Belgium,12.195839,42719.047,Europe
1993,BEL,Belgium,12.042838,42143.195,Europe
1994,BEL,Belgium,12.340153,43369.277,Europe
1995,BEL,Belgium,12.42636,44310.63,Europe
1996,BEL,Belgium,12.750186,44808.523,Europe
1997,BEL,Belgium,12.180701,46396.004,Europe
1998,BEL,Belgium,12.766186,47205.31,Europe
1999,BEL,Belgium,12.195414,48765.766,Europe
2000,BEL,Belgium,12.366287,50455.734,Europe
2001,BEL,Belgium,12.256729,50835.4,Europe
2002,BEL,Belgium,12.27944,51471.85,Europe
2003,BEL,Belgium,12.363994,51788.844,Europe
2004,BEL,Belgium,12.360431,53406.69,Europe
2005,BEL,Belgium,11.991515,54346.895,Europe
2006,BEL,Belgium,11.7458515,55367.62,Europe
2007,BEL,Belgium,11.3400345,56983.46,Europe
2008,BEL,Belgium,11.2238655,56787.74,Europe
2009,BEL,Belgium,9.970168,55258.707,Europe
2010,BEL,Belgium,10.475143,56240.203,Europe
2011,BEL,Belgium,9.526456,56585.3,Europe
2012,BEL,Belgium,9.226742,56356.824,Europe
2013,BEL,Belgium,9.212671,56263.176,Europe
2014,BEL,Belgium,8.660123,57002.91,Europe
2015,BEL,Belgium,8.986653,57509.023,Europe
2016,BEL,Belgium,8.807806,57901.496,Europe
2017,BEL,Belgium,8.726891,58529.332,Europe
2018,BEL,Belgium,8.772404,59357.69,Europe
2019,BEL,Belgium,8.685232,60479.977,Europe
2020,BEL,Belgium,7.9076037,57333.543,Europe
2021,BEL,Belgium,8.204076,60669.215,Europe
2022,BEL,Belgium,7.6375527,62561.78,Europe
2023,BEL,Belgium,7.2316356,63095.402,Europe
2024,BEL,Belgium,7.2798314,63347.785,Europe
1990,BLZ,Belize,1.7010213,8251.617,North America
1991,BLZ,Belize,2.1742365,9028.073,North America
1992,BLZ,Belize,1.8608236,9967.777,North America
1993,BLZ,Belize,1.9361776,10366.859,North America
1994,BLZ,Belize,1.8770775,10146.399,North America
1995,BLZ,Belize,1.8484657,9967.847,North America
1996,BLZ,Belize,1.4633632,9782.645,North America
1997,BLZ,Belize,1.7860103,9862.267,North America
1998,BLZ,Belize,1.6433704,9894.6,North America
1999,BLZ,Belize,1.4934826,10460.635,North America
2000,BLZ,Belize,1.6432608,11363.687,North America
2001,BLZ,Belize,1.7995999,11567.026,North America
2002,BLZ,Belize,1.6887497,11828.187,North America
2003,BLZ,Belize,1.6389759,12589.268,North America
2004,BLZ,Belize,1.442971,12807.166,North America
2005,BLZ,Belize,1.4931206,12714.97,North America
2006,BLZ,Belize,1.5399824,12912.53,North America
2007,BLZ,Belize,1.5961798,12973.207,North America
2008,BLZ,Belize,1.4204676,12415.681,North America
2009,BLZ,Belize,1.6408472,12033.91,North America
2010,BLZ,Belize,1.6818045,11913.664,North America
2011,BLZ,Belize,1.7463291,11641.771,North America
2012,BLZ,Belize,1.4133562,11843.415,North America
2013,BLZ,Belize,1.3835117,12064.797,North America
2014,BLZ,Belize,1.4385759,12272.296,North America
2015,BLZ,Belize,1.9227874,12348.795,North America
2016,BLZ,Belize,1.8484907,12063.06,North America
2017,BLZ,Belize,1.7867663,11572.301,North America
2018,BLZ,Belize,1.7345725,11451.897,North America
2019,BLZ,Belize,1.9942306,11765.975,North America
2020,BLZ,Belize,1.6724775,10045.141,North America
2021,BLZ,Belize,1.7544485,11716.327,North America
2022,BLZ,Belize,1.7970879,12565.364,North America
2023,BLZ,Belize,1.8643363,12371.009,North America
2024,BLZ,Belize,1.9085852,12621.408,North America
1990,BEN,Benin,0.10969383,2207.0679,Africa
1991,BEN,Benin,0.113761224,2230.4604,Africa
1992,BEN,Benin,0.11943116,2226.5667,Africa
1993,BEN,Benin,0.13748719,2254.2456,Africa
1994,BEN,Benin,0.1495162,2215.3662,Africa
1995,BEN,Benin,0.1535734,2300.141,Africa
1996,BEN,Benin,0.18520522,2337.6304,Africa
1997,BEN,Benin,0.18591908,2399.786,Africa
1998,BEN,Benin,0.16405587,2419.1,Africa
1999,BEN,Benin,0.20876396,2470.685,Africa
2000,BEN,Benin,0.20396094,2536.169,Africa
2001,BEN,Benin,0.22685939,2591.065,Africa
2002,BEN,Benin,0.27491033,2630.1807,Africa
2003,BEN,Benin,0.30253705,2639.0437,Africa
2004,BEN,Benin,0.31787828,2672.844,Africa
2005,BEN,Benin,0.29547676,2632.4724,Africa
2006,BEN,Benin,0.38548398,2652.2185,Africa
2007,BEN,Benin,0.43901852,2729.1375,Africa
2008,BEN,Benin,0.42466354,2777.6196,Africa
2009,BEN,Benin,0.44424498,2758.0725,Africa
2010,BEN,Benin,0.4776112,2733.574,Africa
2011,BEN,Benin,0.44381663,2732.0125,Africa
2012,BEN,Benin,0.42341638,2779.7266,Africa
2013,BEN,Benin,0.42637473,2893.0466,Africa
2014,BEN,Benin,0.4328207,2987.3823,Africa
2015,BEN,Benin,0.46812668,2952.0022,Africa
2016,BEN,Benin,0.4539761,2962.6638,Africa
2017,BEN,Benin,0.46138746,3041.7793,Africa
2018,BEN,Benin,0.45774767,3155.4512,Africa
2019,BEN,Benin,0.41429225,3281.1047,Africa
2020,BEN,Benin,0.42393637,3317.8596,Africa
2021,BEN,Benin,0.43283412,3464.2886,Africa
2022,BEN,Benin,0.44276863,3588.3252,Africa
2023,BEN,Benin,0.4200842,3721.2126,Africa
2024,BEN,Benin,0.4194466,3901.326,Africa
1990,BMU,Bermuda,8.717144,79747.484,North America
1991,BMU,Bermuda,9.285224,76365.05,North America
1992,BMU,Bermuda,7.901147,75766.695,North America
1993,BMU,Bermuda,9.154706,77503.46,North America
1994,BMU,Bermuda,8.972202,77470.3,North America
1995,BMU,Bermuda,8.921728,80427.24,North America
1996,BMU,Bermuda,8.817701,82122.78,North America
1997,BMU,Bermuda,8.70439,85380.836,North America
1998,BMU,Bermuda,8.57726,88034.81,North America
1999,BMU,Bermuda,8.389651,90290.56,North America
2000,BMU,Bermuda,8.390975,98019.93,North America
2001,BMU,Bermuda,8.525474,104560.836,North America
2002,BMU,Bermuda,8.959156,102559.766,North America
2003,BMU,Bermuda,8.983127,105642.98,North America
2004,BMU,Bermuda,9.3098955,107803.2,North America
2005,BMU,Bermuda,9.28704,109335.38,North America
2006,BMU,Bermuda,10.434428,115170.9,North America
2007,BMU,Bermuda,11.568079,118691.07,North America
2008,BMU,Bermuda,10.184368,115942.73,North America
2009,BMU,Bermuda,7.4332175,108962.82,North America
2010,BMU,Bermuda,9.483592,105968.875,North America
2011,BMU,Bermuda,6.954088,101989.93,North America
2012,BMU,Bermuda,5.7551246,96711.07,North America
2013,BMU,Bermuda,8.411995,96549.79,North America
2014,BMU,Bermuda,10.493115,93042.27,North America
2015,BMU,Bermuda,8.542138,93859.875,North America
2016,BMU,Bermuda,9.698925,93265.07,North America
2017,BMU,Bermuda,10.081285,96437.195,North America
2018,BMU,Bermuda,10.902713,95639.23,North America
2019,BMU,Bermuda,9.255699,95519.92,North America
2020,BMU,Bermuda,6.7700143,88618.086,North America
2021,BMU,Bermuda,7.9883714,92319.67,North America
2022,BMU,Bermuda,8.193772,98145.17,North America
2023,BMU,Bermuda,8.183635,103052.35,North America
2024,BMU,Bermuda,8.506047,109311.94,North America
1990,BTN,Bhutan,0.3151732,3411.3838,Asia
1991,BTN,Bhutan,0.30967224,3338.0095,Asia
1992,BTN,Bhutan,0.37221262,3624.598,Asia
1993,BTN,Bhutan,0.3277313,3850.5513,Asia
1994,BTN,Bhutan,0.38305962,4042.4941,Asia
1995,BTN,Bhutan,0.45432165,4379.8706,Asia
1996,BTN,Bhutan,0.54350644,4616.92,Asia
1997,BTN,Bhutan,0.6982395,4778.705,Asia
1998,BTN,Bhutan,0.6764254,4965.8765,Asia
1999,BTN,Bhutan,0.66233486,5241.3667,Asia
2000,BTN,Bhutan,0.6649192,5287.574,Asia
2001,BTN,Bhutan,0.7589067,5545.6304,Asia
2002,BTN,Bhutan,0.79114115,5991.255,Asia
2003,BTN,Bhutan,0.77471787,6323.541,Asia
2004,BTN,Bhutan,0.67042804,6517.997,Asia
2005,BTN,Bhutan,0.8250561,6850.804,Asia
2006,BTN,Bhutan,0.61287296,7140.856,Asia
2007,BTN,Bhutan,0.585265,8195.07,Asia
2008,BTN,Bhutan,0.9417083,8470.035,Asia
2009,BTN,Bhutan,0.9841598,9019.118,Asia
2010,BTN,Bhutan,1.2905003,9985.284,Asia
2011,BTN,Bhutan,1.4192859,10714.687,Asia
2012,BTN,Bhutan,1.6032863,11143.944,Asia
2013,BTN,Bhutan,1.7496243,11212.4795,Asia
2014,BTN,Bhutan,1.8172723,11744.519,Asia
2015,BTN,Bhutan,1.9360701,12400.298,Asia
2016,BTN,Bhutan,2.0862627,13320.976,Asia
2017,BTN,Bhutan,2.1863887,13482.343,Asia
2018,BTN,Bhutan,2.213729,13854.8545,Asia
2019,BTN,Bhutan,2.0460508,14555.188,Asia
2020,BTN,Bhutan,1.5761578,12979.937,Asia
2021,BTN,Bhutan,1.8759198,13458.8125,Asia
2022,BTN,Bhutan,1.9843147,14061.3125,Asia
2023,BTN,Bhutan,2.0723257,14610.296,Asia
1990,BOL,Bolivia,1.4049575,6247.1045,South America
1991,BOL,Bolivia,1.4430395,6440.486,South America
1992,BOL,Bolivia,1.4838054,6414.3286,South America
1993,BOL,Bolivia,1.5254359,6556.8164,South America
1994,BOL,Bolivia,1.248761,6731.2847,South America
1995,BOL,Bolivia,1.1465307,6914.342,South America
1996,BOL,Bolivia,1.2500104,7083.6133,South America
1997,BOL,Bolivia,1.436464,7301.5093,South America
1998,BOL,Bolivia,1.3549254,7534.5166,South America
1999,BOL,Bolivia,1.2943878,7435.7256,South America
2000,BOL,Bolivia,0.9809387,7492.4336,South America
2001,BOL,Bolivia,0.9999472,7491.1523,South America
2002,BOL,Bolivia,1.1701754,7550.0156,South America
2003,BOL,Bolivia,1.2135043,7625.9053,South America
2004,BOL,Bolivia,1.2006482,7811.5967,South America
2005,BOL,Bolivia,1.317933,8020.6357,South America
2006,BOL,Bolivia,1.2989998,8263.319,South America
2007,BOL,Bolivia,1.3153074,8493.948,South America
2008,BOL,Bolivia,1.3224934,8865.272,South America
2009,BOL,Bolivia,1.361099,9011.557,South America
2010,BOL,Bolivia,1.4543422,9230.398,South America
2011,BOL,Bolivia,1.5510005,9554.445,South America
2012,BOL,Bolivia,1.6712606,9884.462,South America
2013,BOL,Bolivia,1.6641724,10391.384,South America
2014,BOL,Bolivia,1.8343189,10790.848,South America
2015,BOL,Bolivia,1.8066506,11144.642,South America
2016,BOL,Bolivia,1.9006767,11448.021,South America
2017,BOL,Bolivia,1.9552563,11755.256,South America
2018,BOL,Bolivia,1.9558697,11920.313,South America
2019,BOL,Bolivia,1.9371525,11930.916,South America
2020,BOL,Bolivia,1.5504168,10285.659,South America
2021,BOL,Bolivia,1.8234005,11202.441,South America
2022,BOL,Bolivia,1.9448458,11487.715,South America
2023,BOL,Bolivia,2.0107968,11616.157,South America
2024,BOL,Bolivia,2.3127308,11329.151,South America
1990,BIH,Bosnia and Herzegovina,4.466982,2413.9482,Europe
1991,BIH,Bosnia and Herzegovina,3.1536236,2183.5352,Europe
1992,BIH,Bosnia and Herzegovina,3.549011,2150.9197,Europe
1993,BIH,Bosnia and Herzegovina,3.222084,2281.8992,Europe
1994,BIH,Bosnia and Herzegovina,0.86029464,2657.814,Europe
1995,BIH,Bosnia and Herzegovina,0.9165747,3090.391,Europe
1996,BIH,Bosnia and Herzegovina,1.0939958,4569.0015,Europe
1997,BIH,Bosnia and Herzegovina,2.0819538,6020.9854,Europe
1998,BIH,Bosnia and Herzegovina,2.5800138,6899.3257,Europe
1999,BIH,Bosnia and Herzegovina,2.501809,7481.335,Europe
2000,BIH,Bosnia and Herzegovina,3.2939522,7830.534,Europe
2001,BIH,Bosnia and Herzegovina,3.1733232,7982.552,Europe
2002,BIH,Bosnia and Herzegovina,3.3840928,8366.727,Europe
2003,BIH,Bosnia and Herzegovina,3.436171,8709.993,Europe
2004,BIH,Bosnia and Herzegovina,3.7339993,9344.869,Europe
2005,BIH,Bosnia and Herzegovina,3.917028,9814.511,Europe
2006,BIH,Bosnia and Herzegovina,4.2790227,10430.455,Europe
2007,BIH,Bosnia and Herzegovina,4.3539753,11178.728,Europe
2008,BIH,Bosnia and Herzegovina,5.0550623,11983.77,Europe
2009,BIH,Bosnia and Herzegovina,5.293341,11826.699,Europe
2010,BIH,Bosnia and Herzegovina,5.5478983,12142.912,Europe
2011,BIH,Bosnia and Herzegovina,6.3511963,12487.701,Europe
2012,BIH,Bosnia and Herzegovina,6.0319147,12626.979,Europe
2013,BIH,Bosnia and Herzegovina,6.0376544,13135.772,Europe
2014,BIH,Bosnia and Herzegovina,5.4173074,13458.908,Europe
2015,BIH,Bosnia and Herzegovina,5.2466326,14220.149,Europe
2016,BIH,Bosnia and Herzegovina,6.258016,14873.703,Europe
2017,BIH,Bosnia and Herzegovina,6.4609365,15554.724,Europe
2018,BIH,Bosnia and Herzegovina,6.5186605,16349.067,Europe
2019,BIH,Bosnia and Herzegovina,6.2203493,17029.367,Europe
2020,BIH,Bosnia and Herzegovina,6.31391,16747.105,Europe
2021,BIH,Bosnia and Herzegovina,6.554153,18286.738,Europe
2022,BIH,Bosnia and Herzegovina,6.4724236,19298.197,Europe
2023,BIH,Bosnia and Herzegovina,6.242028,19805.0,Europe
2024,BIH,Bosnia and Herzegovina,6.1391783,20527.693,Europe
1990,BWA,Botswana,2.0681398,10520.918,Africa
1991,BWA,Botswana,1.9633931,11001.802,Africa
1992,BWA,Botswana,2.0124896,11008.681,Africa
1993,BWA,Botswana,2.2498155,10902.951,Africa
1994,BWA,Botswana,2.0753875,10989.67,Africa
1995,BWA,Botswana,2.0314243,11457.699,Africa
1996,BWA,Botswana,1.7939303,11832.938,Africa
1997,BWA,Botswana,1.7810626,12526.353,Africa
1998,BWA,Botswana,2.0795043,12306.25,Africa
1999,BWA,Botswana,1.9234813,13207.447,Africa
2000,BWA,Botswana,2.2520688,13185.817,Africa
2001,BWA,Botswana,2.2468498,12949.641,Africa
2002,BWA,Botswana,2.278496,13479.696,Africa
2003,BWA,Botswana,2.1541483,13857.259,Africa
2004,BWA,Botswana,2.155231,13984.842,Africa
2005,BWA,Botswana,2.2264223,14361.958,Africa
2006,BWA,Botswana,2.2048197,15275.583,Africa
2007,BWA,Botswana,2.2123566,15850.234,Africa
2008,BWA,Botswana,2.3092914,16040.315,Africa
2009,BWA,Botswana,1.936756,13489.951,Africa
2010,BWA,Botswana,2.2316918,14545.02,Africa
2011,BWA,Botswana,1.9429603,15236.719,Africa
2012,BWA,Botswana,2.4076023,14957.619,Africa
2013,BWA,Botswana,2.6454382,16369.426,Africa
2014,BWA,Botswana,3.1537738,17052.193,Africa
2015,BWA,Botswana,2.4588568,15994.964,Africa
2016,BWA,Botswana,2.837354,16905.588,Africa
2017,BWA,Botswana,3.1173916,17352.896,Africa
2018,BWA,Botswana,3.324487,17825.02,Africa
2019,BWA,Botswana,3.209815,18106.01,Africa
2020,BWA,Botswana,2.617259,16289.392,Africa
2021,BWA,Botswana,2.782961,17960.625,Africa
2022,BWA,Botswana,3.0311775,18647.373,Africa
2023,BWA,Botswana,2.9225686,18932.48,Africa
2024,BWA,Botswana,2.9596071,18068.506,Africa
1990,BRA,Brazil,1.466092,12633.288,South America
1991,BRA,Brazil,1.5119112,12546.561,South America
1992,BRA,Brazil,1.5141841,12271.979,South America
1993,BRA,Brazil,1.5581249,12669.429,South America
1994,BRA,Brazil,1.5948403,13202.931,South America
1995,BRA,Brazil,1.66122,13550.439,South America
1996,BRA,Brazil,1.7619148,13641.63,South America
1997,BRA,Brazil,1.8417497,13896.625,South America
1998,BRA,Brazil,1.8760941,13737.703,South America
1999,BRA,Brazil,1.9066226,13602.414,South America
2000,BRA,Brazil,1.9548683,14005.348,South America
2001,BRA,Brazil,1.9634905,14016.132,South America
2002,BRA,Brazil,1.948225,14265.905,South America
2003,BRA,Brazil,1.9080932,14259.366,South America
2004,BRA,Brazil,1.9785615,14911.261,South America
2005,BRA,Brazil,1.9728968,15221.014,South America
2006,BRA,Brazil,1.976238,15657.4795,South America
2007,BRA,Brazil,2.0714328,16440.584,South America
2008,BRA,Brazil,2.167588,17113.367,South America
2009,BRA,Brazil,2.0292346,16939.441,South America
2010,BRA,Brazil,2.2729204,18062.158,South America
2011,BRA,Brazil,2.3653224,18627.81,South America
2012,BRA,Brazil,2.5268083,18832.219,South America
2013,BRA,Brazil,2.6782215,19241.506,South America
2014,BRA,Brazil,2.7814436,19183.172,South America
2015,BRA,Brazil,2.6189272,18357.068,South America
2016,BRA,Brazil,2.4197884,17620.928,South America
2017,BRA,Brazil,2.429146,17724.48,South America
2018,BRA,Brazil,2.3123908,17917.75,South America
2019,BRA,Brazil,2.2979572,18018.621,South America
2020,BRA,Brazil,2.1470218,17327.516,South America
2021,BRA,Brazil,2.3696554,18075.705,South America
2022,BRA,Brazil,2.2826612,18554.047,South America
2023,BRA,Brazil,2.2922719,19079.812,South America
2024,BRA,Brazil,2.2783718,19652.365,South America
1990,BRN,Brunei,19.618296,118163.68,Asia
1991,BRN,Brunei,25.993633,118220.69,Asia
1992,BRN,Brunei,24.711987,111457.22,Asia
1993,BRN,Brunei,21.125895,107899.13,Asia
1994,BRN,Brunei,18.630276,106239.234,Asia
1995,BRN,Brunei,20.207224,105043.85,Asia
1996,BRN,Brunei,19.989492,102522.125,Asia
1997,BRN,Brunei,20.234827,106503.42,Asia
1998,BRN,Brunei,17.910738,97171.64,Asia
1999,BRN,Brunei,18.7158,99083.32,Asia
2000,BRN,Brunei,18.032026,100323.44,Asia
2001,BRN,Brunei,17.272831,99680.766,Asia
2002,BRN,Brunei,15.540434,101571.586,Asia
2003,BRN,Brunei,17.71134,103226.914,Asia
2004,BRN,Brunei,16.90654,101497.76,Asia
2005,BRN,Brunei,15.124172,99795.69,Asia
2006,BRN,Brunei,19.589458,102248.51,Asia
2007,BRN,Brunei,21.776941,96752.62,Asia
2008,BRN,Brunei,24.260351,91275.5,Asia
2009,BRN,Brunei,20.118517,87875.83,Asia
2010,BRN,Brunei,20.43478,88586.516,Asia
2011,BRN,Brunei,23.924784,90279.664,Asia
2012,BRN,Brunei,23.423746,89718.46,Asia
2013,BRN,Brunei,18.545628,86606.65,Asia
2014,BRN,Brunei,21.189787,83310.62,Asia
2015,BRN,Brunei,16.42092,81910.19,Asia
2016,BRN,Brunei,17.851791,78880.625,Asia
2017,BRN,Brunei,21.510313,78966.87,Asia
2018,BRN,Brunei,21.335896,78099.05,Asia
2019,BRN,Brunei,21.60471,80228.16,Asia
2020,BRN,Brunei,24.937006,80280.9,Asia
2021,BRN,Brunei,25.920458,78248.8,Asia
2022,BRN,Brunei,26.8725,76357.83,Asia
2023,BRN,Brunei,27.241413,76616.7,Asia
2024,BRN,Brunei,26.046202,79071.734,Asia
1990,BGR,Bulgaria,8.686779,14954.961,Europe
1991,BGR,Bulgaria,7.0747633,13828.244,Europe
1992,BGR,Bulgaria,6.7011375,12961.038,Europe
1993,BGR,Bulgaria,6.896467,12871.45,Europe
1994,BGR,Bulgaria,6.698713,13150.034,Europe
1995,BGR,Bulgaria,6.9298277,13591.41,Europe
1996,BGR,Bulgaria,7.050726,14372.831,Europe
1997,BGR,Bulgaria,6.7914696,12419.431,Europe
1998,BGR,Bulgaria,6.5264907,12976.321,Europe
1999,BGR,Bulgaria,5.7479424,11953.647,Europe
2000,BGR,Bulgaria,5.687045,12563.888,Europe
2001,BGR,Bulgaria,6.1827483,13306.56,Europe
2002,BGR,Bulgaria,5.868906,14397.061,Europe
2003,BGR,Bulgaria,6.4695783,15271.547,Europe
2004,BGR,Bulgaria,6.3923783,16389.027,Europe
2005,BGR,Bulgaria,6.5757046,17678.107,Europe
2006,BGR,Bulgaria,6.784753,19024.623,Europe
2007,BGR,Bulgaria,7.3375487,20440.338,Europe
2008,BGR,Bulgaria,7.1694345,21846.045,Europe
2009,BGR,Bulgaria,6.1097956,21251.305,Europe
2010,BGR,Bulgaria,6.4289203,21724.377,Europe
2011,BGR,Bulgaria,7.1978717,22321.125,Europe
2012,BGR,Bulgaria,6.5978446,22618.904,Europe
2013,BGR,Bulgaria,5.861707,22954.492,Europe
2014,BGR,Bulgaria,6.253115,23455.58,Europe
2015,BGR,Bulgaria,6.7052627,24562.75,Europe
2016,BGR,Bulgaria,6.3618603,25636.852,Europe
2017,BGR,Bulgaria,6.705518,26691.87,Europe
2018,BGR,Bulgaria,6.192869,27691.01,Europe
2019,BGR,Bulgaria,6.0490556,29150.043,Europe
2020,BGR,Bulgaria,5.274422,28521.324,Europe
2021,BGR,Bulgaria,6.1601954,30959.111,Europe
2022,BGR,Bulgaria,6.8755846,32433.793,Europe
2023,BGR,Bulgaria,5.076801,33073.816,Europe
2024,BGR,Bulgaria,4.6793866,34221.53,Europe
1990,BFA,Burkina Faso,0.06480454,1107.856,Africa
1991,BFA,Burkina Faso,0.067861736,1178.077,Africa
1992,BFA,Burkina Faso,0.065827556,1152.0448,Africa
1993,BFA,Burkina Faso,0.06421093,1162.6493,Africa
1994,BFA,Burkina Faso,0.065145455,1148.6072,Africa
1995,BFA,Burkina Faso,0.06361487,1183.5286,Africa
1996,BFA,Burkina Faso,0.06819519,1280.696,Africa
1997,BFA,Burkina Faso,0.06984521,1326.9423,Africa
1998,BFA,Burkina Faso,0.07543591,1385.0931,Africa
1999,BFA,Burkina Faso,0.08986508,1444.5669,Africa
2000,BFA,Burkina Faso,0.078049414,1428.574,Africa
2001,BFA,Burkina Faso,0.08656977,1477.2849,Africa
2002,BFA,Burkina Faso,0.08416317,1494.678,Africa
2003,BFA,Burkina Faso,0.09053791,1561.8331,Africa
2004,BFA,Burkina Faso,0.08203178,1581.2562,Africa
2005,BFA,Burkina Faso,0.07922409,1664.9955,Africa
2006,BFA,Burkina Faso,0.08468466,1714.7604,Africa
2007,BFA,Burkina Faso,0.10909914,1731.9304,Africa
2008,BFA,Burkina Faso,0.11913781,1779.3271,Africa
2009,BFA,Burkina Faso,0.11688715,1779.323,Africa
2010,BFA,Burkina Faso,0.12271354,1873.9714,Africa
2011,BFA,Burkina Faso,0.12899202,1939.8666,Africa
2012,BFA,Burkina Faso,0.15208146,2003.6647,Africa
2013,BFA,Burkina Faso,0.15873493,2057.064,Africa
2014,BFA,Burkina Faso,0.15730137,2083.1985,Africa
2015,BFA,Burkina Faso,0.19937555,2101.7026,Africa
2016,BFA,Burkina Faso,0.20624086,2162.7258,Africa
2017,BFA,Burkina Faso,0.23230799,2232.2878,Africa
2018,BFA,Burkina Faso,0.25570858,2316.3943,Africa
2019,BFA,Burkina Faso,0.2680103,2391.5364,Africa
2020,BFA,Burkina Faso,0.26156566,2380.9316,Africa
2021,BFA,Burkina Faso,0.28773117,2486.431,Africa
2022,BFA,Burkina Faso,0.29064742,2469.1995,Africa
2023,BFA,Burkina Faso,0.273973,2486.2068,Africa
2024,BFA,Burkina Faso,0.27634817,2547.6724,Africa
1990,BDI,Burundi,0.03738072,1460.2765,Africa
1991,BDI,Burundi,0.04175418,1501.846,Africa
1992,BDI,Burundi,0.036900148,1476.9944,Africa
1993,BDI,Burundi,0.04001658,1429.1213,Africa
1994,BDI,Burundi,0.041039888,1365.4835,Africa
1995,BDI,Burundi,0.039259393,1184.284,Africa
1996,BDI,Burundi,0.039835863,1088.7893,Africa
1997,BDI,Burundi,0.041046202,1071.5594,Africa
1998,BDI,Burundi,0.0402695,1101.2205,Africa
1999,BDI,Burundi,0.03989424,1064.2876,Africa
2000,BDI,Burundi,0.041905377,1033.4719,Africa
2001,BDI,Burundi,0.030927436,1028.6185,Africa
2002,BDI,Burundi,0.031141218,1044.4802,Africa
2003,BDI,Burundi,0.023930175,999.6158,Africa
2004,BDI,Burundi,0.027064055,1009.5892,Africa
2005,BDI,Burundi,0.020765217,981.5332,Africa
2006,BDI,Burundi,0.023757286,998.06946,Africa
2007,BDI,Burundi,0.022894729,994.96356,Africa
2008,BDI,Burundi,0.023692505,1001.6175,Africa
2009,BDI,Burundi,0.024160078,988.19635,Africa
2010,BDI,Burundi,0.035559736,991.0389,Africa
2011,BDI,Burundi,0.042604737,994.6912,Africa
2012,BDI,Burundi,0.03892828,1002.27454,Africa
2013,BDI,Burundi,0.041766603,1014.5231,Africa
2014,BDI,Burundi,0.03288268,1022.29156,Africa
2015,BDI,Burundi,0.03217066,995.3191,Africa
2016,BDI,Burundi,0.038141336,1009.636,Africa
2017,BDI,Burundi,0.04488647,1023.9704,Africa
2018,BDI,Burundi,0.054395214,1046.5951,Africa
2019,BDI,Burundi,0.055907715,1057.9501,Africa
2020,BDI,Burundi,0.05860566,1030.7703,Africa
2021,BDI,Burundi,0.05951778,1035.5386,Africa
2022,BDI,Burundi,0.06587466,1031.2542,Africa
2023,BDI,Burundi,0.06579634,1036.1671,Africa
2024,BDI,Burundi,0.065253265,1051.2593,Africa
1990,KHM,Cambodia,0.17090957,2646.098,Asia
1991,KHM,Cambodia,0.16969016,2731.3796,Asia
1992,KHM,Cambodia,0.16619474,2769.4883,Asia
1993,KHM,Cambodia,0.16073938,2714.5916,Asia
1994,KHM,Cambodia,0.15426683,1650.391,Asia
1995,KHM,Cambodia,0.14958088,1672.7393,Asia
1996,KHM,Cambodia,0.14043684,1643.0157,Asia
1997,KHM,Cambodia,0.12666163,1595.1713,Asia
1998,KHM,Cambodia,0.15557638,1602.3837,Asia
1999,KHM,Cambodia,0.1544374,1775.4124,Asia
2000,KHM,Cambodia,0.16023311,1922.0317,Asia
2001,KHM,Cambodia,0.17656456,2032.0809,Asia
2002,KHM,Cambodia,0.16759162,2126.3416,Asia
2003,KHM,Cambodia,0.17265834,2309.8394,Asia
2004,KHM,Cambodia,0.16902593,2491.3093,Asia
2005,KHM,Cambodia,0.16439903,2781.8904,Asia
2006,KHM,Cambodia,0.20873387,3041.1047,Asia
2007,KHM,Cambodia,0.25209647,3308.1575,Asia
2008,KHM,Cambodia,0.28009662,3501.9258,Asia
2009,KHM,Cambodia,0.32075632,3587.609,Asia
2010,KHM,Cambodia,0.34945744,3711.5376,Asia
2011,KHM,Cambodia,0.3580236,3921.979,Asia
2012,KHM,Cambodia,0.37285504,4159.1636,Asia
2013,KHM,Cambodia,0.37084115,4419.399,Asia
2014,KHM,Cambodia,0.43530843,4702.7305,Asia
2015,KHM,Cambodia,0.5239673,4968.5728,Asia
2016,KHM,Cambodia,0.67139864,5283.7295,Asia
2017,KHM,Cambodia,0.75199807,5632.0312,Asia
2018,KHM,Cambodia,0.8564005,6050.591,Asia
2019,KHM,Cambodia,1.1301459,6448.885,Asia
2020,KHM,Cambodia,1.2550187,6128.782,Asia
2021,KHM,Cambodia,1.223931,6225.5327,Asia
2022,KHM,Cambodia,1.2129679,6458.368,Asia
2023,KHM,Cambodia,1.2288593,6695.292,Asia
2024,KHM,Cambodia,1.2405994,7008.889,Asia
1990,CMR,Cameroon,0.22986522,4517.6187,Africa
1991,CMR,Cameroon,0.22871324,4220.653,Africa
1992,CMR,Cameroon,0.22590515,3974.2776,Africa
1993,CMR,Cameroon,0.23198985,3556.3186,Africa
1994,CMR,Cameroon,0.3840852,3522.7488,Africa
1995,CMR,Cameroon,0.41158357,3526.5437,Africa
1996,CMR,Cameroon,0.44537953,3577.592,Africa
1997,CMR,Cameroon,0.390468,3641.7075,Africa
1998,CMR,Cameroon,0.37986752,3714.132,Africa
1999,CMR,Cameroon,0.35933894,3780.0623,Africa
2000,CMR,Cameroon,0.37475404,3822.9443,Africa
2001,CMR,Cameroon,0.3633318,3884.873,Africa
2002,CMR,Cameroon,0.34025183,3951.4194,Africa
2003,CMR,Cameroon,0.35300136,4054.7812,Africa
2004,CMR,Cameroon,0.34306374,4222.9663,Africa
2005,CMR,Cameroon,0.31765655,4199.7227,Africa
2006,CMR,Cameroon,0.3125808,4241.5176,Africa
2007,CMR,Cameroon,0.4104939,4302.619,Africa
2008,CMR,Cameroon,0.3941315,4300.2666,Africa
2009,CMR,Cameroon,0.44757628,4286.577,Africa
2010,CMR,Cameroon,0.42624035,4286.583,Africa
2011,CMR,Cameroon,0.40061057,4307.852,Africa
2012,CMR,Cameroon,0.3655555,4382.1113,Africa
2013,CMR,Cameroon,0.36693028,4473.5723,Africa
2014,CMR,Cameroon,0.39778858,4588.4863,Africa
2015,CMR,Cameroon,0.43270966,4698.667,Africa
2016,CMR,Cameroon,0.424868,4767.132,Africa
2017,CMR,Cameroon,0.39711067,4797.9756,Africa
2018,CMR,Cameroon,0.3968279,4851.48,Africa
2019,CMR,Cameroon,0.37658802,4882.3555,Africa
2020,CMR,Cameroon,0.3707004,4763.482,Africa
2021,CMR,Cameroon,0.36162904,4793.556,Africa
2022,CMR,Cameroon,0.3543776,4843.6504,Africa
2023,CMR,Cameroon,0.34169704,4875.251,Africa
2024,CMR,Cameroon,0.33071235,4916.9336,Africa
1990,CAN,Canada,16.481726,40475.113,North America
1991,CAN,Canada,15.973789,39139.312,North America
1992,CAN,Canada,16.259357,39023.184,North America
1993,CAN,Canada,16.096474,39622.48,North America
1994,CAN,Canada,16.415466,40952.137,North America
1995,CAN,Canada,16.677519,41617.723,North America
1996,CAN,Canada,17.058207,41880.55,North America
1997,CAN,Canada,17.366419,43241.242,North America
1998,CAN,Canada,17.461765,44553.28,North America
1999,CAN,Canada,17.773502,46464.547,North America
2000,CAN,Canada,18.344023,48399.305,North America
2001,CAN,Canada,17.90825,48774.168,North America
2002,CAN,Canada,17.892685,49695.008,North America
2003,CAN,Canada,18.255484,50139.785,North America
2004,CAN,Canada,17.93459,51210.68,North America
2005,CAN,Canada,17.583017,52356.56,North America
2006,CAN,Canada,17.287231,53195.78,North America
2007,CAN,Canada,17.827667,53761.863,North America
2008,CAN,Canada,17.166817,53711.68,North America
2009,CAN,Canada,15.997278,51552.42,North America
2010,CAN,Canada,16.20929,52558.44,North America
2011,CAN,Canada,16.287806,53681.13,North America
2012,CAN,Canada,16.086172,54034.805,North America
2013,CAN,Canada,16.11036,54712.18,North America
2014,CAN,Canada,15.853792,55723.484,North America
2015,CAN,Canada,15.655382,55660.867,North America
2016,CAN,Canada,15.231254,55606.156,North America
2017,CAN,Canada,15.394822,56612.33,North America
2018,CAN,Canada,15.420052,57337.492,North America
2019,CAN,Canada,15.324565,57583.848,North America
2020,CAN,Canada,13.732821,54092.88,North America
2021,CAN,Canada,13.977163,56995.117,North America
2022,CAN,Canada,14.107159,58321.062,North America
2023,CAN,Canada,13.880179,57517.44,North America
2024,CAN,Canada,13.419917,56706.824,North America
1990,CPV,Cape Verde,0.4782054,1848.7587,Africa
1991,CPV,Cape Verde,0.42870182,1830.076,Africa
1992,CPV,Cape Verde,0.45633996,1984.6807,Africa
1993,CPV,Cape Verde,0.41928768,2111.6213,Africa
1994,CPV,Cape Verde,0.4287156,2465.994,Africa
1995,CPV,Cape Verde,0.4732084,2763.3972,Africa
1996,CPV,Cape Verde,0.5165511,3022.8882,Africa
1997,CPV,Cape Verde,0.52487624,3302.974,Africa
1998,CPV,Cape Verde,0.5498637,3657.381,Africa
1999,CPV,Cape Verde,0.6400315,4006.4797,Africa
2000,CPV,Cape Verde,0.65466815,4510.1357,Africa
2001,CPV,Cape Verde,0.75620246,4540.907,Africa
2002,CPV,Cape Verde,0.82371277,4710.241,Africa
2003,CPV,Cape Verde,0.87462187,4841.2656,Africa
2004,CPV,Cape Verde,0.8942607,5268.303,Africa
2005,CPV,Cape Verde,0.9214228,5565.7695,Africa
2006,CPV,Cape Verde,1.0079719,5941.3823,Africa
2007,CPV,Cape Verde,1.0190166,6767.4067,Africa
2008,CPV,Cape Verde,0.94274396,7169.1396,Africa
2009,CPV,Cape Verde,1.0351754,6994.574,Africa
2010,CPV,Cape Verde,1.0924591,7072.1216,Africa
2011,CPV,Cape Verde,1.2035358,7325.784,Africa
2012,CPV,Cape Verde,0.98047143,7397.8223,Africa
2013,CPV,Cape Verde,0.96565807,7440.6626,Africa
2014,CPV,Cape Verde,0.95831233,7491.022,Africa
2015,CPV,Cape Verde,0.9653302,7560.1367,Africa
2016,CPV,Cape Verde,1.0365306,7881.303,Africa
2017,CPV,Cape Verde,1.1144183,8234.56,Africa
2018,CPV,Cape Verde,1.1132917,8531.13,Africa
2019,CPV,Cape Verde,1.225809,9111.63,Africa
2020,CPV,Cape Verde,1.0108902,7207.8687,Africa
2021,CPV,Cape Verde,1.1417755,7685.4194,Africa
2022,CPV,Cape Verde,1.1498797,8850.106,Africa
2023,CPV,Cape Verde,1.094112,9228.461,Africa
2024,CPV,Cape Verde,1.1312839,9848.953,Africa
1990,CAF,Central African Republic,0.06379019,1481.2526,Africa
1991,CAF,Central African Republic,0.06429817,1427.6902,Africa
1992,CAF,Central African Republic,0.06348557,1294.2025,Africa
1993,CAF,Central African Republic,0.06265545,1257.8284,Africa
1994,CAF,Central African Republic,0.064104,1278.915,Africa
1995,CAF,Central African Republic,0.06237877,1334.1033,Africa
1996,CAF,Central African Republic,0.061849147,1247.9688,Africa
1997,CAF,Central African Republic,0.06121018,1278.4883,Africa
1998,CAF,Central African Republic,0.06058146,1302.7515,Africa
1999,CAF,Central African Republic,0.06189435,1313.2357,Africa
2000,CAF,Central African Republic,0.032497343,1245.814,Africa
2001,CAF,Central African Republic,0.03645773,1272.857,Africa
2002,CAF,Central African Republic,0.029267522,1290.3832,Africa
2003,CAF,Central African Republic,0.027682537,1191.8732,Africa
2004,CAF,Central African Republic,0.029711688,1236.2854,Africa
2005,CAF,Central African Republic,0.029901043,1219.594,Africa
2006,CAF,Central African Republic,0.031805687,1251.8708,Africa
2007,CAF,Central African Republic,0.034482565,1284.5529,Africa
2008,CAF,Central African Republic,0.032951165,1283.2728,Africa
2009,CAF,Central African Republic,0.033977978,1402.6816,Africa
2010,CAF,Central African Republic,0.03751255,1479.4137,Africa
2011,CAF,Central African Republic,0.033710234,1517.1484,Africa
2012,CAF,Central African Republic,0.03973239,1577.9806,Africa
2013,CAF,Central African Republic,0.022098806,996.89636,Africa
2014,CAF,Central African Republic,0.028530968,1001.85596,Africa
2015,CAF,Central African Republic,0.04194826,1043.9218,Africa
2016,CAF,Central African Republic,0.05052546,1073.9448,Africa
2017,CAF,Central African Republic,0.05962059,1103.8661,Africa
2018,CAF,Central African Republic,0.05557588,1125.7009,Africa
2019,CAF,Central African Republic,0.06298451,1145.0956,Africa
2020,CAF,Central African Republic,0.06633153,1136.5706,Africa
2021,CAF,Central African Republic,0.07167305,1128.5524,Africa
2022,CAF,Central African Republic,0.07402691,1136.8018,Africa
2023,CAF,Central African Republic,0.075552724,1132.6764,Africa
2024,CAF,Central African Republic,0.07403937,1111.2194,Africa
1990,TCD,Chad,0.0630791,1711.3699,Africa
1991,TCD,Chad,0.06258516,1790.7379,Africa
1992,TCD,Chad,0.062248915,1853.6766,Africa
1993,TCD,Chad,0.060245458,1526.0543,Africa
1994,TCD,Chad,0.06129162,1642.5165,Africa
1995,TCD,Chad,0.060291607,1591.1416,Africa
1996,TCD,Chad,0.059812497,1555.914,Africa
1997,TCD,Chad,0.059071068,1588.0986,Africa
1998,TCD,Chad,0.05842654,1641.0571,Africa
1999,TCD,Chad,0.057594273,1573.5853,Africa
2000,TCD,Chad,0.057272878,1506.7158,Africa
2001,TCD,Chad,0.057426963,1626.5668,Africa
2002,TCD,Chad,0.058271352,1704.273,Africa
2003,TCD,Chad,0.09300483,1878.5858,Africa
2004,TCD,Chad,0.091349974,2400.97,Africa
2005,TCD,Chad,0.08998427,2705.8164,Africa
2006,TCD,Chad,0.08941238,2596.0325,Africa
2007,TCD,Chad,0.098266356,2613.4739,Africa
2008,TCD,Chad,0.07602303,2601.3613,Africa
2009,TCD,Chad,0.10255048,2474.7075,Africa
2010,TCD,Chad,0.10038562,2717.4055,Africa
2011,TCD,Chad,0.100087225,2741.0708,Africa
2012,TCD,Chad,0.13220878,2886.2747,Africa
2013,TCD,Chad,0.15208156,2864.113,Africa
2014,TCD,Chad,0.15383954,2820.678,Africa
2015,TCD,Chad,0.1605635,2822.5793,Africa
2016,TCD,Chad,0.15756783,2622.598,Africa
2017,TCD,Chad,0.14983028,2496.2622,Africa
2018,TCD,Chad,0.14752606,2552.3704,Africa
2019,TCD,Chad,0.13783364,2604.5315,Africa
2020,TCD,Chad,0.13680632,2513.0293,Africa
2021,TCD,Chad,0.14977008,2435.0728,Africa
2022,TCD,Chad,0.15173951,2449.4824,Africa
2023,TCD,Chad,0.14743946,2433.0989,Africa
2024,TCD,Chad,0.13948385,2412.866,Africa
1990,CHL,Chile,2.449037,10952.655,South America
1991,CHL,Chile,2.2610672,11607.53,South America
1992,CHL,Chile,2.3047636,12735.602,South America
1993,CHL,Chile,2.417898,13377.306,South America
1994,CHL,Chile,2.652569,13846.349,South America
1995,CHL,Chile,2.8609886,14908.035,South America
1996,CHL,Chile,3.2731185,15744.738,South America
1997,CHL,Chile,3.7463424,16683.906,South America
1998,CHL,Chile,3.784981,17156.973,South America
1999,CHL,Chile,4.0085335,16896.125,South America
2000,CHL,Chile,3.7734768,17525.271,South America
2001,CHL,Chile,3.3740683,17870.3,South America
2002,CHL,Chile,3.4579308,18240.201,South America
2003,CHL,Chile,3.4384434,18902.871,South America
2004,CHL,Chile,3.6584854,19961.984,South America
2005,CHL,Chile,3.7382884,20918.527,South America
2006,CHL,Chile,3.879552,21968.537,South America
2007,CHL,Chile,4.226911,22878.883,South America
2008,CHL,Chile,4.189623,23509.781,South America
2009,CHL,Chile,3.8777666,23013.582,South America
2010,CHL,Chile,4.1525846,24116.77,South America
2011,CHL,Chile,4.4993253,25366.27,South America
2012,CHL,Chile,4.5448008,26670.498,South America
2013,CHL,Chile,4.6210914,27291.357,South America
2014,CHL,Chile,4.3431134,27505.049,South America
2015,CHL,Chile,4.5312576,27811.375,South America
2016,CHL,Chile,4.6121125,27958.729,South America
2017,CHL,Chile,4.533392,27892.994,South America
2018,CHL,Chile,4.469476,28492.662,South America
2019,CHL,Chile,4.7910333,28218.535,South America
2020,CHL,Chile,4.1391664,26248.562,South America
2021,CHL,Chile,4.298362,29089.85,South America
2022,CHL,Chile,4.385191,29569.479,South America
2023,CHL,Chile,3.9475496,29563.678,South America
2024,CHL,Chile,3.983124,30182.787,South America
1990,CHN,China,2.1528878,1666.9277,Asia
1991,CHN,China,2.2370765,1798.2761,Asia
1992,CHN,China,2.3057148,2030.3864,Asia
1993,CHN,China,2.4340296,2286.7598,Asia
1994,CHN,China,2.559043,2556.6406,Asia
1995,CHN,China,2.7465813,2808.034,Asia
1996,CHN,China,2.8427844,3055.9697,Asia
1997,CHN,China,2.8299394,3305.7905,Asia
1998,CHN,China,2.6824508,3533.566,Asia
1999,CHN,China,2.817025,3774.1377,Asia
2000,CHN,China,2.8700879,4066.0364,Asia
2001,CHN,China,2.912365,4372.157,Asia
2002,CHN,China,3.184619,4744.3984,Asia
2003,CHN,China,3.7351773,5192.006,Asia
2004,CHN,China,4.001966,5684.169,Asia
2005,CHN,China,4.4899764,6298.323,Asia
2006,CHN,China,4.921031,7057.1,Asia
2007,CHN,China,5.2606664,8013.716,Asia
2008,CHN,China,5.6172485,8743.745,Asia
2009,CHN,China,5.8706574,9518.433,Asia
2010,CHN,China,6.370445,10476.3125,Asia
2011,CHN,China,6.998823,11405.018,Asia
2012,CHN,China,7.131918,12217.8545,Asia
2013,CHN,China,7.2097993,13080.829,Asia
2014,CHN,China,7.187588,13968.581,Asia
2015,CHN,China,7.0609546,14856.78,Asia
2016,CHN,China,6.9428844,15772.765,Asia
2017,CHN,China,7.080384,16757.973,Asia
2018,CHN,China,7.2915606,17806.791,Asia
2019,CHN,China,7.5260706,18820.514,Asia
2020,CHN,China,7.64075,19215.154,Asia
2021,CHN,China,7.910899,20843.297,Asia
2022,CHN,China,8.217776,21499.383,Asia
2023,CHN,China,8.556261,22687.076,Asia
2024,CHN,China,8.65839,23845.62,Asia
1990,COL,Colombia,1.7526762,9998.811,South America
1991,COL,Colombia,1.7103267,9996.098,South America
1992,COL,Colombia,1.8169323,10196.433,South America
1993,COL,Colombia,1.8367445,10533.115,South America
1994,COL,Colombia,1.9068248,10927.938,South America
1995,COL,Colombia,1.6576017,11279.0,South America
1996,COL,Colombia,1.6353179,11303.131,South America
1997,COL,Colombia,1.7535986,11483.505,South America
1998,COL,Colombia,1.7347395,11343.88,South America
1999,COL,Colombia,1.4376818,10679.709,South America
2000,COL,Colombia,1.4380411,10813.494,South America
2001,COL,Colombia,1.4219637,10823.45,South America
2002,COL,Colombia,1.3742627,10925.148,South America
2003,COL,Colombia,1.3931869,11183.291,South America
2004,COL,Colombia,1.3076525,11607.938,South America
2005,COL,Colombia,1.4302857,11999.255,South America
2006,COL,Colombia,1.4632028,12636.625,South America
2007,COL,Colombia,1.4032476,13318.304,South America
2008,COL,Colombia,1.5307138,13591.061,South America
2009,COL,Colombia,1.6211535,13586.752,South America
2010,COL,Colombia,1.684584,14037.064,South America
2011,COL,Colombia,1.6613352,14852.37,South America
2012,COL,Colombia,1.7209545,15279.479,South America
2013,COL,Colombia,1.8730689,15912.247,South America
2014,COL,Colombia,1.9766101,16480.363,South America
2015,COL,Colombia,1.9379755,16821.38,South America
2016,COL,Colombia,1.9306005,17003.244,South America
2017,COL,Colombia,1.7339902,16986.033,South America
2018,COL,Colombia,1.8523545,17104.13,South America
2019,COL,Colombia,1.9828873,17336.771,South America
2020,COL,Colombia,1.8231317,15861.5,South America
2021,COL,Colombia,2.0265136,17383.09,South America
2022,COL,Colombia,1.7286528,18458.72,South America
2023,COL,Colombia,1.7199993,18382.998,South America
2024,COL,Colombia,1.752047,18477.215,South America
1990,COM,Comoros,0.14009865,3114.5618,Africa
1991,COM,Comoros,0.14477032,2852.1768,Africa
1992,COM,Comoros,0.14967385,2999.1226,Africa
1993,COM,Comoros,0.14696811,3019.8838,Africa
1994,COM,Comoros,0.15198652,2848.619,Africa
1995,COM,Comoros,0.15683845,2957.409,Africa
1996,COM,Comoros,0.15416148,2892.0825,Africa
1997,COM,Comoros,0.15874623,2968.0771,Africa
1998,COM,Comoros,0.17021869,2918.133,Africa
1999,COM,Comoros,0.18114677,2943.9202,Africa
2000,COM,Comoros,0.19137299,2858.857,Africa
2001,COM,Comoros,0.19417383,2952.4424,Africa
2002,COM,Comoros,0.19010712,3023.5244,Africa
2003,COM,Comoros,0.23791873,3023.19,Africa
2004,COM,Comoros,0.2586898,3058.3833,Africa
2005,COM,Comoros,0.24110185,3166.3628,Africa
2006,COM,Comoros,0.27869937,3048.6924,Africa
2007,COM,Comoros,0.17223208,3012.5474,Africa
2008,COM,Comoros,0.17466639,3070.3696,Africa
2009,COM,Comoros,0.21118188,3107.453,Africa
2010,COM,Comoros,0.24618918,3161.3748,Africa
2011,COM,Comoros,0.21389568,3227.2166,Africa
2012,COM,Comoros,0.2257624,3263.163,Africa
2013,COM,Comoros,0.26314163,3337.5986,Africa
2014,COM,Comoros,0.23173186,3334.5752,Africa
2015,COM,Comoros,0.24706165,3302.3862,Africa
2016,COM,Comoros,0.27662337,3342.7668,Africa
2017,COM,Comoros,0.34864247,3401.8523,Africa
2018,COM,Comoros,0.37039024,3457.587,Africa
2019,COM,Comoros,0.39594093,3451.4214,Africa
2020,COM,Comoros,0.4613275,3377.7456,Africa
2021,COM,Comoros,0.60904104,3377.8853,Africa
2022,COM,Comoros,0.63734925,3399.2783,Africa
2023,COM,Comoros,0.6375075,3434.4019,Africa
2024,COM,Comoros,0.6365447,3482.535,Africa
1990,COG,Congo,0.4233904,8699.526,Africa
1991,COG,Congo,0.4420956,8658.161,Africa
1992,COG,Congo,0.51168084,8636.637,Africa
1993,COG,Congo,0.44716233,8302.697,Africa
1994,COG,Congo,1.2658788,7617.6074,Africa
1995,COG,Congo,1.1728358,7701.3247,Africa
1996,COG,Congo,1.4282691,7812.048,Africa
1997,COG,Congo,1.6727157,7599.0483,Africa
1998,COG,Congo,1.3107008,7711.6323,Africa
1999,COG,Congo,1.2910448,7312.3267,Africa
2000,COG,Congo,1.3594972,7570.583,Africa
2001,COG,Congo,1.2766243,7567.439,Africa
2002,COG,Congo,0.81183815,7729.3887,Africa
2003,COG,Congo,0.94554263,7577.4565,Africa
2004,COG,Congo,0.99524397,7577.446,Africa
2005,COG,Congo,1.1773973,7876.118,Africa
2006,COG,Congo,1.2471627,8192.58,Africa
2007,COG,Congo,1.070063,7375.8247,Africa
2008,COG,Congo,1.0381061,7587.288,Africa
2009,COG,Congo,1.1547306,8138.45,Africa
2010,COG,Congo,1.2325344,8583.662,Africa
2011,COG,Congo,1.0947329,8492.421,Africa
2012,COG,Congo,1.0585532,9079.687,Africa
2013,COG,Congo,1.2127337,8798.494,Africa
2014,COG,Congo,1.09952,9159.257,Africa
2015,COG,Congo,1.1057556,8977.707,Africa
2016,COG,Congo,1.0966322,8001.8257,Africa
2017,COG,Congo,1.056052,7372.7705,Africa
2018,COG,Congo,1.193601,7029.3364,Africa
2019,COG,Congo,1.2985657,6939.369,Africa
2020,COG,Congo,1.334534,6350.5093,Africa
2021,COG,Congo,1.2546886,6263.2114,Africa
2022,COG,Congo,1.446125,6205.105,Africa
2023,COG,Congo,1.3382533,6172.2876,Africa
2024,COG,Congo,1.3958335,6181.4707,Africa
1990,CRI,Costa Rica,0.9319116,10953.426,North America
1991,CRI,Costa Rica,1.0250698,10920.1,North America
1992,CRI,Costa Rica,1.137339,11626.836,North America
1993,CRI,Costa Rica,1.1526568,12144.449,North America
1994,CRI,Costa Rica,1.5033114,12385.454,North America
1995,CRI,Costa Rica,1.3545603,12593.226,North America
1996,CRI,Costa Rica,1.2913505,12467.621,North America
1997,CRI,Costa Rica,1.3237193,12856.583,North America
1998,CRI,Costa Rica,1.3782653,13481.06,North America
1999,CRI,Costa Rica,1.4021941,13760.924,North America
2000,CRI,Costa Rica,1.3630247,14018.742,North America
2001,CRI,Costa Rica,1.4063284,14250.463,North America
2002,CRI,Costa Rica,1.524723,14495.992,North America
2003,CRI,Costa Rica,1.5828342,14891.34,North America
2004,CRI,Costa Rica,1.6182607,15323.289,North America
2005,CRI,Costa Rica,1.5628277,15703.963,North America
2006,CRI,Costa Rica,1.6143328,16620.135,North America
2007,CRI,Costa Rica,1.8050741,17743.623,North America
2008,CRI,Costa Rica,1.786941,18334.014,North America
2009,CRI,Costa Rica,1.7096632,17932.615,North America
2010,CRI,Costa Rica,1.637679,18660.92,North America
2011,CRI,Costa Rica,1.5784479,19254.914,North America
2012,CRI,Costa Rica,1.5473616,19960.793,North America
2013,CRI,Costa Rica,1.6079941,20232.268,North America
2014,CRI,Costa Rica,1.6156219,20724.922,North America
2015,CRI,Costa Rica,1.5261014,21254.783,North America
2016,CRI,Costa Rica,1.6085756,21925.6,North America
2017,CRI,Costa Rica,1.625584,22622.553,North America
2018,CRI,Costa Rica,1.6069579,23005.312,North America
2019,CRI,Costa Rica,1.5322173,23364.783,North America
2020,CRI,Costa Rica,1.3416045,22211.861,North America
2021,CRI,Costa Rica,1.5149114,23852.926,North America
2022,CRI,Costa Rica,1.5762514,24831.719,North America
2023,CRI,Costa Rica,1.6594821,25979.629,North America
2024,CRI,Costa Rica,1.7077205,26973.436,North America
1990,CIV,Cote d'Ivoire,0.39225647,5255.51,Africa
1991,CIV,Cote d'Ivoire,0.33971196,5052.8516,Africa
1992,CIV,Cote d'Ivoire,0.29117006,4843.2935,Africa
1993,CIV,Cote d'Ivoire,0.37077582,4645.4673,Africa
1994,CIV,Cote d'Ivoire,0.2892791,4502.4595,Africa
1995,CIV,Cote d'Ivoire,0.41905755,4638.7573,Africa
1996,CIV,Cote d'Ivoire,0.48736253,4807.4243,Africa
1997,CIV,Cote d'Ivoire,0.44937733,5072.597,Africa
1998,CIV,Cote d'Ivoire,0.40495548,5093.132,Africa
1999,CIV,Cote d'Ivoire,0.35405606,4987.357,Africa
2000,CIV,Cote d'Ivoire,0.37460092,4838.3403,Africa
2001,CIV,Cote d'Ivoire,0.42100108,4609.1445,Africa
2002,CIV,Cote d'Ivoire,0.39937046,4368.928,Africa
2003,CIV,Cote d'Ivoire,0.27714372,4060.0005,Africa
2004,CIV,Cote d'Ivoire,0.37694627,4088.945,Africa
2005,CIV,Cote d'Ivoire,0.37710994,4032.2458,Africa
2006,CIV,Cote d'Ivoire,0.33519748,4049.2603,Africa
2007,CIV,Cote d'Ivoire,0.31636202,3999.691,Africa
2008,CIV,Cote d'Ivoire,0.31200454,4096.7236,Africa
2009,CIV,Cote d'Ivoire,0.25729427,4151.0537,Africa
2010,CIV,Cote d'Ivoire,0.27680218,4338.6523,Africa
2011,CIV,Cote d'Ivoire,0.28383818,4017.4077,Africa
2012,CIV,Cote d'Ivoire,0.36391443,4234.1807,Africa
2013,CIV,Cote d'Ivoire,0.4043384,4597.1865,Africa
2014,CIV,Cote d'Ivoire,0.40376183,4907.5747,Africa
2015,CIV,Cote d'Ivoire,0.3784605,5110.8623,Africa
2016,CIV,Cote d'Ivoire,0.46093678,5320.8467,Africa
2017,CIV,Cote d'Ivoire,0.44894835,5556.114,Africa
2018,CIV,Cote d'Ivoire,0.37922856,5670.2,Africa
2019,CIV,Cote d'Ivoire,0.37380695,5894.879,Africa
2020,CIV,Cote d'Ivoire,0.38106292,5787.8154,Africa
2021,CIV,Cote d'Ivoire,0.46106416,6045.2046,Africa
2022,CIV,Cote d'Ivoire,0.47719425,6272.264,Africa
2023,CIV,Cote d'Ivoire,0.45089495,6520.899,Africa
2024,CIV,Cote d'Ivoire,0.46434766,6747.038,Africa
1990,HRV,Croatia,4.7331753,23399.736,Europe
1991,HRV,Croatia,3.5230823,18812.943,Europe
1992,HRV,Croatia,3.4250019,17020.238,Europe
1993,HRV,Croatia,3.554331,15570.403,Europe
1994,HRV,Croatia,3.4337494,16301.754,Europe
1995,HRV,Croatia,3.6400027,17522.75,Europe
1996,HRV,Croatia,3.8003798,18849.98,Europe
1997,HRV,Croatia,4.1222434,20110.514,Europe
1998,HRV,Croatia,4.2828264,20575.975,Europe
1999,HRV,Croatia,4.578895,20489.678,Europe
2000,HRV,Croatia,4.542812,21302.25,Europe
2001,HRV,Croatia,4.8304005,22826.625,Europe
2002,HRV,Croatia,5.0897875,24137.115,Europe
2003,HRV,Croatia,5.3930573,25473.906,Europe
2004,HRV,Croatia,5.302187,26528.887,Europe
2005,HRV,Croatia,5.4000564,27641.207,Europe
2006,HRV,Croatia,5.4442253,29035.53,Europe
2007,HRV,Croatia,5.7465234,30508.28,Europe
2008,HRV,Croatia,5.4502077,31113.865,Europe
2009,HRV,Croatia,5.046313,29024.76,Europe
2010,HRV,Croatia,4.8773313,28702.004,Europe
2011,HRV,Croatia,4.8155785,28769.33,Europe
2012,HRV,Croatia,4.472641,28259.346,Europe
2013,HRV,Croatia,4.337481,28397.855,Europe
2014,HRV,Croatia,4.18296,28456.736,Europe
2015,HRV,Croatia,4.2531147,29466.7,Europe
2016,HRV,Croatia,4.370736,30821.164,Europe
2017,HRV,Croatia,4.5874524,32348.934,Europe
2018,HRV,Croatia,4.396296,33729.906,Europe
2019,HRV,Croatia,4.470374,35122.85,Europe
2020,HRV,Croatia,4.2666397,32493.312,Europe
2021,HRV,Croatia,4.4343224,36930.285,Europe
2022,HRV,Croatia,4.500902,39864.01,Europe
2023,HRV,Croatia,4.740115,41320.203,Europe
2024,HRV,Croatia,4.764723,42829.2,Europe
2000,CUW,Curacao,34.11047,34307.125,North America
2001,CUW,Curacao,34.92195,35339.066,North America
2002,CUW,Curacao,33.401493,35435.996,North America
2003,CUW,Curacao,32.969097,34812.79,North America
2004,CUW,Curacao,34.156677,34288.74,North America
2005,CUW,Curacao,33.513817,33651.504,North America
2006,CUW,Curacao,34.655098,33334.855,North America
2007,CUW,Curacao,38.720078,33490.254,North America
2008,CUW,Curacao,36.975464,33795.13,North America
2009,CUW,Curacao,37.579937,33397.4,North America
2010,CUW,Curacao,25.712542,33004.555,North America
2011,CUW,Curacao,32.452293,32704.355,North America
2012,CUW,Curacao,39.075623,32320.877,North America
2013,CUW,Curacao,36.365517,31753.385,North America
2014,CUW,Curacao,41.18201,31128.646,North America
2015,CUW,Curacao,44.00204,30861.32,North America
2016,CUW,Curacao,36.970398,30209.79,North America
2017,CUW,Curacao,29.481585,29729.102,North America
2018,CUW,Curacao,23.80924,29256.814,North America
2019,CUW,Curacao,12.641481,28659.656,North America
2020,CUW,Curacao,10.851662,23669.771,North America
2021,CUW,Curacao,11.546135,24905.768,North America
2022,CUW,Curacao,11.920108,26734.646,North America
2023,CUW,Curacao,11.890415,27617.92,North America
2024,CUW,Curacao,12.344206,28762.059,North America
1990,CYP,Cyprus,5.8955126,27666.65,Europe
1991,CYP,Cyprus,6.4285626,27159.04,Europe
1992,CYP,Cyprus,6.798151,28931.936,Europe
1993,CYP,Cyprus,6.964269,28439.332,Europe
1994,CYP,Cyprus,7.097449,29500.746,Europe
1995,CYP,Cyprus,6.799325,31393.377,Europe
1996,CYP,Cyprus,7.060902,31282.738,Europe
1997,CYP,Cyprus,7.021577,31656.96,Europe
1998,CYP,Cyprus,7.2132015,33182.125,Europe
1999,CYP,Cyprus,7.370247,34452.867,Europe
2000,CYP,Cyprus,7.4993653,36121.816,Europe
2001,CYP,Cyprus,7.2393413,37146.996,Europe
2002,CYP,Cyprus,7.3075433,38090.934,Europe
2003,CYP,Cyprus,7.5637994,38617.973,Europe
2004,CYP,Cyprus,7.650352,40020.09,Europe
2005,CYP,Cyprus,7.6742024,41362.266,Europe
2006,CYP,Cyprus,7.7607594,42595.38,Europe
2007,CYP,Cyprus,7.9004884,43823.94,Europe
2008,CYP,Cyprus,7.9664574,44295.812,Europe
2009,CYP,Cyprus,7.60606,42253.562,Europe
2010,CYP,Cyprus,7.156974,42102.457,Europe
2011,CYP,Cyprus,6.7966948,41212.86,Europe
2012,CYP,Cyprus,6.231036,39190.383,Europe
2013,CYP,Cyprus,5.5563617,36650.723,Europe
2014,CYP,Cyprus,5.766146,36105.05,Europe
2015,CYP,Cyprus,5.7010694,37258.652,Europe
2016,CYP,Cyprus,5.9411874,39501.016,Europe
2017,CYP,Cyprus,5.955064,41418.16,Europe
2018,CYP,Cyprus,5.763717,43510.21,Europe
2019,CYP,Cyprus,5.692592,45454.363,Europe
2020,CYP,Cyprus,5.300958,43402.54,Europe
2021,CYP,Cyprus,5.2764926,47632.77,Europe
2022,CYP,Cyprus,5.3108797,50623.797,Europe
2023,CYP,Cyprus,5.3443794,51453.727,Europe
2024,CYP,Cyprus,5.373922,52635.582,Europe
1990,CZE,Czechia,15.943747,27918.137,Europe
1991,CZE,Czechia,14.44877,24734.77,Europe
1992,CZE,Czechia,14.129348,24584.33,Europe
1993,CZE,Czechia,13.577581,24573.992,Europe
1994,CZE,Czechia,12.852731,25279.791,Europe
1995,CZE,Czechia,12.764089,26869.02,Europe
1996,CZE,Czechia,13.113578,28021.67,Europe
1997,CZE,Czechia,12.737488,27884.74,Europe
1998,CZE,Czechia,12.246615,27801.44,Europe
1999,CZE,Czechia,11.380794,28213.455,Europe
2000,CZE,Czechia,12.429018,29427.406,Europe
2001,CZE,Czechia,12.428257,30399.873,Europe
2002,CZE,Czechia,12.108837,30919.549,Europe
2003,CZE,Czechia,12.449295,31949.297,Europe
2004,CZE,Czechia,12.504434,33452.34,Europe
2005,CZE,Czechia,12.228751,35535.746,Europe
2006,CZE,Czechia,12.279241,37786.88,Europe
2007,CZE,Czechia,12.417233,39629.008,Europe
2008,CZE,Czechia,11.84469,40328.344,Europe
2009,CZE,Czechia,11.032746,38175.14,Europe
2010,CZE,Czechia,11.225506,39097.387,Europe
2011,CZE,Czechia,10.974041,39708.164,Europe
2012,CZE,Czechia,10.590268,39347.05,Europe
2013,CZE,Czechia,10.152071,39317.555,Europe
2014,CZE,Czechia,9.910655,40158.016,Europe
2015,CZE,Czechia,9.975821,42066.574,Europe
2016,CZE,Czechia,10.125045,43069.465,Europe
2017,CZE,Czechia,10.220285,45177.523,Europe
2018,CZE,Czechia,10.0789385,46301.082,Europe
2019,CZE,Czechia,9.568804,47763.617,Europe
2020,CZE,Czechia,8.688184,45119.938,Europe
2021,CZE,Czechia,9.175987,47796.035,Europe
2022,CZE,Czechia,8.904502,48390.66,Europe
2023,CZE,Czechia,7.6997585,47558.41,Europe
2024,CZE,Czechia,7.043965,47963.9,Europe
1990,COD,Democratic Republic of Congo,0.11582591,2403.9702,Africa
1991,COD,Democratic Republic of Congo,0.08259817,2129.449,Africa
1992,COD,Democratic Republic of Congo,0.07158555,1842.5485,Africa
1993,COD,Democratic Republic of Congo,0.065483764,1538.3969,Africa
1994,COD,Democratic Republic of Congo,0.06453633,1410.0565,Africa
1995,COD,Democratic Republic of Congo,0.06968071,1362.1877,Africa
1996,COD,Democratic Republic of Congo,0.076665014,1322.5801,Africa
1997,COD,Democratic Republic of Congo,0.0671175,1228.3907,Africa
1998,COD,Democratic Republic of Congo,0.05778852,1176.0505,Africa
1999,COD,Democratic Republic of Congo,0.044966333,1088.6504,Africa
2000,COD,Democratic Republic of Congo,0.033752073,981.42206,Africa
2001,COD,Democratic Republic of Congo,0.031601254,930.85785,Africa
2002,COD,Democratic Republic of Congo,0.032261897,929.4528,Africa
2003,COD,Democratic Republic of Congo,0.037873823,953.0446,Africa
2004,COD,Democratic Republic of Congo,0.03557848,987.74695,Africa
2005,COD,Democratic Republic of Congo,0.03891736,1016.6339,Africa
2006,COD,Democratic Republic of Congo,0.038797192,1036.1333,Africa
2007,COD,Democratic Republic of Congo,0.04198256,1091.004,Africa
2008,COD,Democratic Republic of Congo,0.04170046,1136.9468,Africa
2009,COD,Democratic Republic of Congo,0.036830176,1108.5751,Africa
2010,COD,Democratic Republic of Congo,0.03989632,1158.0143,Africa
2011,COD,Democratic Republic of Congo,0.042922717,1205.7399,Africa
2012,COD,Democratic Republic of Congo,0.038186394,1267.2383,Africa
2013,COD,Democratic Republic of Congo,0.05173664,1342.7416,Africa
2014,COD,Democratic Republic of Congo,0.064614125,1392.7584,Africa
2015,COD,Democratic Republic of Congo,0.04040672,1433.2158,Africa
2016,COD,Democratic Republic of Congo,0.031676006,1388.8016,Africa
2017,COD,Democratic Republic of Congo,0.0335339,1395.7196,Africa
2018,COD,Democratic Republic of Congo,0.04191342,1431.7285,Africa
2019,COD,Democratic Republic of Congo,0.044305593,1394.7646,Africa
2020,COD,Democratic Republic of Congo,0.04484622,1361.028,Africa
2021,COD,Democratic Republic of Congo,0.043290805,1402.3856,Africa
2022,COD,Democratic Republic of Congo,0.057544336,1484.3384,Africa
2023,COD,Democratic Republic of Congo,0.05559222,1559.338,Africa
2024,COD,Democratic Republic of Congo,0.05403233,1602.075,Africa
1990,DNK,Denmark,10.402008,46200.477,Europe
1991,DNK,Denmark,12.437001,46752.67,Europe
1992,DNK,Denmark,11.278738,47540.926,Europe
1993,DNK,Denmark,11.6743,47345.414,Europe
1994,DNK,Denmark,12.422385,49684.137,Europe
1995,DNK,Denmark,11.780834,50927.547,Europe
1996,DNK,Denmark,14.231168,52106.562,Europe
1997,DNK,Denmark,12.381705,53534.613,Europe
1998,DNK,Denmark,11.54511,54581.414,Europe
1999,DNK,Denmark,11.021205,56015.355,Europe
2000,DNK,Denmark,10.170421,57907.504,Europe
2001,DNK,Denmark,10.430784,58248.555,Europe
2002,DNK,Denmark,10.33384,58327.83,Europe
2003,DNK,Denmark,11.250178,58425.965,Europe
2004,DNK,Denmark,10.195032,59893.094,Europe
2005,DNK,Denmark,9.509078,61137.68,Europe
2006,DNK,Denmark,10.942724,63262.742,Europe
2007,DNK,Denmark,10.017085,63604.562,Europe
2008,DNK,Denmark,9.329914,62968.16,Europe
2009,DNK,Denmark,8.844816,59516.508,Europe
2010,DNK,Denmark,8.866418,60190.633,Europe
2011,DNK,Denmark,7.9407773,60729.055,Europe
2012,DNK,Denmark,7.128379,60497.69,Europe
2013,DNK,Denmark,7.4373164,61085.03,Europe
2014,DNK,Denmark,6.6571136,61552.8,Europe
2015,DNK,Denmark,6.177417,62405.715,Europe
2016,DNK,Denmark,6.44471,63823.45,Europe
2017,DNK,Denmark,6.0127726,65352.4,Europe
2018,DNK,Denmark,5.973422,66238.7,Europe
2019,DNK,Denmark,5.3228407,67131.47,Europe
2020,DNK,Denmark,4.8528743,65744.44,Europe
2021,DNK,Denmark,5.0545783,69715.18,Europe
2022,DNK,Denmark,4.9288173,69475.32,Europe
2023,DNK,Denmark,4.8470974,69379.22,Europe
2024,DNK,Denmark,4.746057,71431.29,Europe
2013,DJI,Djibouti,0.3866828,4469.074,Africa
2014,DJI,Djibouti,0.41648516,4705.0493,Africa
2015,DJI,Djibouti,0.4948673,4961.868,Africa
2016,DJI,Djibouti,0.412241,5226.5005,Africa
2017,DJI,Djibouti,0.39223146,5421.9565,Africa
2018,DJI,Djibouti,0.43989566,5590.5044,Africa
2019,DJI,Djibouti,0.49619916,5809.3047,Africa
2020,DJI,Djibouti,0.41898745,5791.4775,Africa
2021,DJI,Djibouti,0.49731505,5960.108,Africa
2022,DJI,Djibouti,0.4840291,6180.68,Africa
2023,DJI,Djibouti,0.48359296,6510.6787,Africa
2024,DJI,Djibouti,0.48264864,6871.1245,Africa
1990,DMA,Dominica,0.8417667,11311.552,North America
1991,DMA,Dominica,0.8456889,11518.765,North America
1992,DMA,Dominica,0.8454084,11747.611,North America
1993,DMA,Dominica,0.8968367,11982.859,North America
1994,DMA,Dominica,1.00177,11979.399,North America
1995,DMA,Dominica,1.1599942,12343.9,North America
1996,DMA,Dominica,1.0555731,12737.897,North America
1997,DMA,Dominica,1.1629229,13037.149,North America
1998,DMA,Dominica,1.1128081,13563.453,North America
1999,DMA,Dominica,1.1702162,13661.679,North America
2000,DMA,Dominica,1.4971033,14054.655,North America
2001,DMA,Dominica,1.609394,14091.549,North America
2002,DMA,Dominica,1.5002121,13640.703,North America
2003,DMA,Dominica,1.7103512,14398.002,North America
2004,DMA,Dominica,2.0810905,14962.246,North America
2005,DMA,Dominica,2.1850765,15080.5205,North America
2006,DMA,Dominica,2.0762827,15727.705,North America
2007,DMA,Dominica,2.5007696,16560.518,North America
2008,DMA,Dominica,2.4474196,17738.041,North America
2009,DMA,Dominica,2.7129314,17534.033,North America
2010,DMA,Dominica,2.4472065,17516.787,North America
2011,DMA,Dominica,2.1748586,17475.041,North America
2012,DMA,Dominica,2.3847957,17431.129,North America
2013,DMA,Dominica,2.2593608,17282.637,North America
2014,DMA,Dominica,2.3945332,17520.855,North America
2015,DMA,Dominica,2.497153,16920.912,North America
2016,DMA,Dominica,2.4732933,17364.078,North America
2017,DMA,Dominica,2.246081,16314.2295,North America
2018,DMA,Dominica,2.4177725,16877.125,North America
2019,DMA,Dominica,2.5361629,17619.434,North America
2020,DMA,Dominica,2.3310647,14919.531,North America
2021,DMA,Dominica,2.3982625,15808.975,North America
2022,DMA,Dominica,2.4663935,17550.8,North America
2023,DMA,Dominica,2.4730878,18278.225,North America
2024,DMA,Dominica,2.5799234,18739.363,North America
1990,DOM,Dominican Republic,1.248666,7327.7266,North America
1991,DOM,Dominican Republic,1.3053235,7246.2466,North America
1992,DOM,Dominican Republic,1.3971735,7900.768,North America
1993,DOM,Dominican Republic,1.4740629,8318.492,North America
1994,DOM,Dominican Republic,1.5216968,8372.071,North America
1995,DOM,Dominican Republic,1.9130118,8685.017,North America
1996,DOM,Dominican Republic,2.048894,9036.884,North America
1997,DOM,Dominican Republic,2.1083906,9671.148,North America
1998,DOM,Dominican Republic,2.1366487,10150.446,North America
1999,DOM,Dominican Republic,2.1044798,10582.077,North America
2000,DOM,Dominican Republic,2.2060328,10896.318,North America
2001,DOM,Dominican Republic,2.188307,10991.137,North America
2002,DOM,Dominican Republic,2.3576155,11313.069,North America
2003,DOM,Dominican Republic,2.3673694,11000.868,North America
2004,DOM,Dominican Republic,1.894983,11131.2705,North America
2005,DOM,Dominican Republic,1.935153,12022.508,North America
2006,DOM,Dominican Republic,2.0372174,12961.918,North America
2007,DOM,Dominican Republic,2.1055288,13754.921,North America
2008,DOM,Dominican Republic,2.1136951,14030.141,North America
2009,DOM,Dominican Republic,2.0305235,13992.41,North America
2010,DOM,Dominican Republic,2.0819619,14975.001,North America
2011,DOM,Dominican Republic,2.103672,15258.086,North America
2012,DOM,Dominican Republic,2.075673,15487.277,North America
2013,DOM,Dominican Republic,2.0445297,16054.768,North America
2014,DOM,Dominican Republic,2.0613797,16993.588,North America
2015,DOM,Dominican Republic,2.2028282,17973.188,North America
2016,DOM,Dominican Republic,2.2878761,18968.975,North America
2017,DOM,Dominican Republic,2.1988876,19501.875,North America
2018,DOM,Dominican Republic,2.337508,20662.848,North America
2019,DOM,Dominican Republic,2.6134562,21451.287,North America
2020,DOM,Dominican Republic,2.3825326,19545.41,North America
2021,DOM,Dominican Republic,2.6397047,22053.459,North America
2022,DOM,Dominican Republic,2.7802987,22986.959,North America
2023,DOM,Dominican Republic,2.8089135,23282.49,North America
2024,DOM,Dominican Republic,2.8992038,24229.889,North America
1994,TLS,East Timor,0.0,2786.6763,Asia
1995,TLS,East Timor,0.0,2891.8647,Asia
1996,TLS,East Timor,0.0,3038.2305,Asia
1997,TLS,East Timor,0.0,3073.9705,Asia
1998,TLS,East Timor,0.06422559,2931.481,Asia
1999,TLS,East Timor,0.18326846,2136.6494,Asia
2000,TLS,East Timor,0.29507646,3783.7834,Asia
2001,TLS,East Timor,0.14631402,4038.336,Asia
2002,TLS,East Timor,0.29787412,3480.9885,Asia
2003,TLS,East Timor,0.27106175,3264.9465,Asia
2004,TLS,East Timor,0.53493506,3234.9758,Asia
2005,TLS,East Timor,0.3386498,3263.9446,Asia
2006,TLS,East Timor,0.32429323,3038.9526,Asia
2007,TLS,East Timor,0.28666294,3256.5698,Asia
2008,TLS,East Timor,0.27617633,3530.8823,Asia
2009,TLS,East Timor,0.3039178,3792.3582,Asia
2010,TLS,East Timor,0.28868577,4047.2495,Asia
2011,TLS,East Timor,0.39081725,4189.8,Asia
2012,TLS,East Timor,0.5210148,4297.915,Asia
2013,TLS,East Timor,0.53505445,4340.2783,Asia
2014,TLS,East Timor,0.5305636,4445.3594,Asia
2015,TLS,East Timor,0.48993015,4467.8003,Asia
2016,TLS,East Timor,0.5234541,4515.423,Asia
2017,TLS,East Timor,0.55351996,4290.0273,Asia
2018,TLS,East Timor,0.48357552,4188.8413,Asia
2019,TLS,East Timor,0.5191845,5103.1494,Asia
2020,TLS,East Timor,0.48724145,6594.882,Asia
2021,TLS,East Timor,0.4593354,6825.046,Asia
2022,TLS,East Timor,0.48899838,5348.492,Asia
2023,TLS,East Timor,0.45995858,4331.078,Asia
2024,TLS,East Timor,0.47700548,3890.9575,Asia
1990,ECU,Ecuador,1.5754483,9104.816,South America
1991,ECU,Ecuador,1.5135384,9292.618,South America
1992,ECU,Ecuador,2.0125597,9291.371,South America
1993,ECU,Ecuador,2.16253,9284.315,South America
1994,ECU,Ecuador,1.2608284,9494.175,South America
1995,ECU,Ecuador,2.0304213,9525.177,South America
1996,ECU,Ecuador,2.1452327,9509.275,South America
1997,ECU,Ecuador,1.6175864,9739.267,South America
1998,ECU,Ecuador,1.8868942,9876.751,South America
1999,ECU,Ecuador,1.7638682,9242.967,South America
2000,ECU,Ecuador,1.6509491,9183.052,South America
2001,ECU,Ecuador,1.815233,9405.117,South America
2002,ECU,Ecuador,1.8922564,9697.556,South America
2003,ECU,Ecuador,2.0275195,9802.814,South America
2004,ECU,Ecuador,2.1537893,10290.663,South America
2005,ECU,Ecuador,2.2137334,10660.205,South America
2006,ECU,Ecuador,2.1142087,10933.49,South America
2007,ECU,Ecuador,2.4002497,10952.822,South America
2008,ECU,Ecuador,2.091753,11474.525,South America
2009,ECU,Ecuador,2.2807763,11403.527,South America
2010,ECU,Ecuador,2.41893,11665.698,South America
2011,ECU,Ecuador,2.510752,12449.078,South America
2012,ECU,Ecuador,2.4076736,12961.026,South America
2013,ECU,Ecuador,2.5105705,13689.152,South America
2014,ECU,Ecuador,2.7289972,14064.799,South America
2015,ECU,Ecuador,2.5388634,13881.57,South America
2016,ECU,Ecuador,2.3855908,13586.516,South America
2017,ECU,Ecuador,2.3387234,14179.153,South America
2018,ECU,Ecuador,2.2552624,14083.507,South America
2019,ECU,Ecuador,2.3115683,13870.489,South America
2020,ECU,Ecuador,1.8507442,12440.326,South America
2021,ECU,Ecuador,2.159484,13507.444,South America
2022,ECU,Ecuador,2.36007,14186.639,South America
2023,ECU,Ecuador,2.4805002,14343.019,South America
2024,ECU,Ecuador,2.535337,13935.539,South America
1990,EGY,Egypt,1.2480806,8006.6216,Africa
1991,EGY,Egypt,1.2401799,7876.5527,Africa
1992,EGY,Egypt,1.2592472,8034.5625,Africa
1993,EGY,Egypt,1.4437534,8079.0547,Africa
1994,EGY,Egypt,1.3608489,8221.047,Africa
1995,EGY,Egypt,1.4922212,8423.578,Africa
1996,EGY,Egypt,1.447787,8662.331,Africa
1997,EGY,Egypt,1.6210911,8950.654,Africa
1998,EGY,Egypt,1.7765288,9245.479,Africa
1999,EGY,Egypt,1.7755245,9588.859,Africa
2000,EGY,Egypt,1.9544393,9981.628,Africa
2001,EGY,Egypt,1.6928145,10117.333,Africa
2002,EGY,Egypt,1.6836745,10143.506,Africa
2003,EGY,Egypt,1.9261036,10250.377,Africa
2004,EGY,Egypt,1.9114492,10451.821,Africa
2005,EGY,Egypt,2.0583456,10700.609,Africa
2006,EGY,Egypt,2.1570544,11211.832,Africa
2007,EGY,Egypt,2.245012,11782.006,Africa
2008,EGY,Egypt,2.2810254,12391.585,Africa
2009,EGY,Egypt,2.345589,12728.081,Africa
2010,EGY,Egypt,2.2725692,13128.988,Africa
2011,EGY,Egypt,2.4335008,13082.427,Africa
2012,EGY,Egypt,2.28126,13076.806,Africa
2013,EGY,Egypt,2.2981055,13058.075,Africa
2014,EGY,Egypt,2.3301265,13136.365,Africa
2015,EGY,Egypt,2.2757032,13425.912,Africa
2016,EGY,Egypt,2.411969,13727.32,Africa
2017,EGY,Egypt,2.443332,14018.36,Africa
2018,EGY,Egypt,2.2889705,14488.209,Africa
2019,EGY,Egypt,2.1762276,15026.568,Africa
2020,EGY,Egypt,2.2533324,15309.236,Africa
2021,EGY,Egypt,2.4048865,15579.016,Africa
2022,EGY,Egypt,2.2189891,16360.391,Africa
2023,EGY,Egypt,2.1847339,16691.387,Africa
2024,EGY,Egypt,2.2170217,16798.152,Africa
1990,SLV,El Salvador,0.45763046,5976.0176,North America
1991,SLV,El Salvador,0.57313424,5960.059,North America
1992,SLV,El Salvador,0.5931054,6275.1875,North America
1993,SLV,El Salvador,0.70074534,6553.0723,North America
1994,SLV,El Salvador,0.78788036,6795.506,North America
1995,SLV,El Salvador,0.8652779,7057.9204,North America
1996,SLV,El Salvador,0.7578753,7062.3003,North America
1997,SLV,El Salvador,0.9236263,7234.9443,North America
1998,SLV,El Salvador,0.97116596,7381.1147,North America
1999,SLV,El Salvador,0.9413256,7498.4673,North America
2000,SLV,El Salvador,0.95025206,7545.4478,North America
2001,SLV,El Salvador,0.9767586,7580.323,North America
2002,SLV,El Salvador,1.0081846,7675.671,North America
2003,SLV,El Salvador,1.0662569,7780.272,North America
2004,SLV,El Salvador,1.035191,7841.532,North America
2005,SLV,El Salvador,1.0426328,8050.5347,North America
2006,SLV,El Salvador,1.1144657,8404.247,North America
2007,SLV,El Salvador,1.134631,8548.835,North America
2008,SLV,El Salvador,1.057286,8704.806,North America
2009,SLV,El Salvador,1.0387776,8494.498,North America
2010,SLV,El Salvador,1.0360224,8648.93,North America
2011,SLV,El Salvador,1.0618316,8943.062,North America
2012,SLV,El Salvador,1.0527395,9165.42,North America
2013,SLV,El Salvador,0.98683953,9327.564,North America
2014,SLV,El Salvador,0.99306273,9451.744,North America
2015,SLV,El Salvador,1.0733306,9646.154,North America
2016,SLV,El Salvador,1.0598669,9863.761,North America
2017,SLV,El Salvador,0.9562393,10064.794,North America
2018,SLV,El Salvador,1.0373579,10297.203,North America
2019,SLV,El Salvador,1.2268993,10543.938,North America
2020,SLV,El Salvador,0.98398876,9692.449,North America
2021,SLV,El Salvador,1.1152391,10809.714,North America
2022,SLV,El Salvador,1.2599217,11085.618,North America
2023,SLV,El Salvador,1.3740716,11424.6455,North America
2024,SLV,El Salvador,1.4155904,11669.082,North America
1990,GNQ,Equatorial Guinea,0.13132921,1122.8176,Africa
1991,GNQ,Equatorial Guinea,0.13398887,1070.8276,Africa
1992,GNQ,Equatorial Guinea,0.12912144,1390.4791,Africa
1993,GNQ,Equatorial Guinea,0.13134351,1487.812,Africa
1994,GNQ,Equatorial Guinea,2.0889869,1672.3455,Africa
1995,GNQ,Equatorial Guinea,2.1415136,1892.1166,Africa
1996,GNQ,Equatorial Guinea,2.2901587,3033.8403,Africa
1997,GNQ,Equatorial Guinea,3.2011082,7296.1,Africa
1998,GNQ,Equatorial Guinea,3.5776846,8684.657,Africa
1999,GNQ,Equatorial Guinea,3.7627807,10492.465,Africa
2000,GNQ,Equatorial Guinea,3.8380704,11767.471,Africa
2001,GNQ,Equatorial Guinea,4.122257,18031.965,Africa
2002,GNQ,Equatorial Guinea,3.4652054,20242.432,Africa
2003,GNQ,Equatorial Guinea,3.6913478,21709.574,Africa
2004,GNQ,Equatorial Guinea,6.8198905,28225.986,Africa
2005,GNQ,Equatorial Guinea,6.5507903,31302.957,Africa
2006,GNQ,Equatorial Guinea,6.232549,32251.768,Africa
2007,GNQ,Equatorial Guinea,5.512643,35540.45,Africa
2008,GNQ,Equatorial Guinea,5.4636536,39994.617,Africa
2009,GNQ,Equatorial Guinea,4.299807,38706.605,Africa
2010,GNQ,Equatorial Guinea,5.36254,33668.875,Africa
2011,GNQ,Equatorial Guinea,4.8854165,34341.934,Africa
2012,GNQ,Equatorial Guinea,5.315122,35711.492,Africa
2013,GNQ,Equatorial Guinea,6.0676517,32894.37,Africa
2014,GNQ,Equatorial Guinea,5.4587445,31765.9,Africa
2015,GNQ,Equatorial Guinea,4.8213663,27797.795,Africa
2016,GNQ,Equatorial Guinea,4.997847,24435.064,Africa
2017,GNQ,Equatorial Guinea,4.3622804,22250.44,Africa
2018,GNQ,Equatorial Guinea,4.351806,20165.48,Africa
2019,GNQ,Equatorial Guinea,3.3012357,18446.592,Africa
2020,GNQ,Equatorial Guinea,3.7224493,17089.154,Africa
2021,GNQ,Equatorial Guinea,4.029795,16821.45,Africa
2022,GNQ,Equatorial Guinea,4.1567073,16932.771,Africa
2023,GNQ,Equatorial Guinea,3.7418964,15688.238,Africa
2024,GNQ,Equatorial Guinea,3.704236,15454.429,Africa
1990,EST,Estonia,23.5025,19163.229,Europe
1991,EST,Estonia,21.80648,17718.955,Europe
1992,EST,Estonia,15.850474,14225.231,Europe
1993,EST,Estonia,12.918034,13758.295,Europe
1994,EST,Estonia,13.579116,13824.843,Europe
1995,EST,Estonia,12.426883,14710.969,Europe
1996,EST,Estonia,13.266521,15667.591,Europe
1997,EST,Estonia,13.136339,17915.453,Europe
1998,EST,Estonia,11.999038,18873.375,Europe
1999,EST,Estonia,11.349218,18737.898,Europe
2000,EST,Estonia,11.074418,20528.57,Europe
2001,EST,Estonia,11.432236,21874.695,Europe
2002,EST,Estonia,11.133531,23539.906,Europe
2003,EST,Estonia,12.58399,25487.533,Europe
2004,EST,Estonia,12.711765,27384.084,Europe
2005,EST,Estonia,12.613808,30164.006,Europe
2006,EST,Estonia,12.204592,33304.594,Europe
2007,EST,Estonia,14.865635,35989.863,Europe
2008,EST,Estonia,13.323684,34236.95,Europe
2009,EST,Estonia,10.794068,29284.404,Europe
2010,EST,Estonia,14.243671,30070.299,Europe
2011,EST,Estonia,14.274907,32456.121,Europe
2012,EST,Estonia,13.429013,33768.574,Europe
2013,EST,Estonia,14.897581,34484.223,Europe
2014,EST,Estonia,14.290275,35723.625,Europe
2015,EST,Estonia,12.003551,36356.44,Europe
2016,EST,Estonia,13.248403,37470.043,Europe
2017,EST,Estonia,14.13057,39533.465,Europe
2018,EST,Estonia,13.465254,40853.65,Europe
2019,EST,Estonia,9.261298,42218.96,Europe
2020,EST,Estonia,6.917664,40920.527,Europe
2021,EST,Estonia,7.8024516,44251.54,Europe
2022,EST,Estonia,8.863261,43128.633,Europe
2023,EST,Estonia,6.3957644,41288.617,Europe
2024,EST,Estonia,6.105464,41189.668,Europe
1990,SWZ,Eswatini,1.1003306,5447.739,Africa
1991,SWZ,Eswatini,0.96018356,5325.3525,Africa
1992,SWZ,Eswatini,0.88160384,5291.8965,Africa
1993,SWZ,Eswatini,0.7280267,5299.532,Africa
1994,SWZ,Eswatini,1.1091359,5427.35,Africa
1995,SWZ,Eswatini,1.0911515,5693.822,Africa
1996,SWZ,Eswatini,0.79584014,5796.6523,Africa
1997,SWZ,Eswatini,1.1319797,5876.803,Africa
1998,SWZ,Eswatini,1.1390967,5952.854,Africa
1999,SWZ,Eswatini,1.205,6062.348,Africa
2000,SWZ,Eswatini,1.157503,6106.0747,Africa
2001,SWZ,Eswatini,1.0457954,6135.453,Africa
2002,SWZ,Eswatini,1.0202217,6335.8135,Africa
2003,SWZ,Eswatini,0.9411554,6578.302,Africa
2004,SWZ,Eswatini,0.9354865,6775.2217,Africa
2005,SWZ,Eswatini,0.9405999,7142.1924,Africa
2006,SWZ,Eswatini,0.93589884,7584.72,Africa
2007,SWZ,Eswatini,0.9573921,7866.731,Africa
2008,SWZ,Eswatini,0.9275966,7926.3794,Africa
2009,SWZ,Eswatini,0.95482457,7988.5977,Africa
2010,SWZ,Eswatini,0.8965116,8245.642,Africa
2011,SWZ,Eswatini,0.8587666,8350.892,Africa
2012,SWZ,Eswatini,0.98782957,8645.845,Africa
2013,SWZ,Eswatini,1.1640495,8951.058,Africa
2014,SWZ,Eswatini,0.67069316,9084.494,Africa
2015,SWZ,Eswatini,0.7438149,9186.653,Africa
2016,SWZ,Eswatini,0.88929254,9402.509,Africa
2017,SWZ,Eswatini,0.8383368,9660.552,Africa
2018,SWZ,Eswatini,0.8682516,9578.101,Africa
2019,SWZ,Eswatini,0.9316162,10099.586,Africa
2020,SWZ,Eswatini,0.8294222,9695.825,Africa
2021,SWZ,Eswatini,0.819892,9990.435,Africa
2022,SWZ,Eswatini,0.8435616,9927.605,Africa
2023,SWZ,Eswatini,0.8367388,10181.504,Africa
2024,SWZ,Eswatini,0.8405372,10380.396,Africa
1990,ETH,Ethiopia,0.06272888,874.3469,Africa
1991,ETH,Ethiopia,0.059506003,777.52356,Africa
1992,ETH,Ethiopia,0.056634992,680.8348,Africa
1993,ETH,Ethiopia,0.05573794,743.7085,Africa
1994,ETH,Ethiopia,0.03950982,741.17664,Africa
1995,ETH,Ethiopia,0.04355351,760.26434,Africa
1996,ETH,Ethiopia,0.046986714,826.99164,Africa
1997,ETH,Ethiopia,0.048533186,826.0052,Africa
1998,ETH,Ethiopia,0.04967246,772.7866,Africa
1999,ETH,Ethiopia,0.0473315,787.67957,Africa
2000,ETH,Ethiopia,0.051368907,810.27075,Africa
2001,ETH,Ethiopia,0.06137175,851.3134,Africa
2002,ETH,Ethiopia,0.06186438,838.29803,Africa
2003,ETH,Ethiopia,0.06596311,795.77216,Africa
2004,ETH,Ethiopia,0.06780678,877.1145,Africa
2005,ETH,Ethiopia,0.06324217,952.11566,Africa
2006,ETH,Ethiopia,0.065897726,1024.7291,Africa
2007,ETH,Ethiopia,0.07026919,1109.1433,Africa
2008,ETH,Ethiopia,0.0750213,1193.7473,Africa
2009,ETH,Ethiopia,0.073328234,1262.464,Africa
2010,ETH,Ethiopia,0.070071824,1381.1904,Africa
2011,ETH,Ethiopia,0.07895706,1492.5339,Africa
2012,ETH,Ethiopia,0.08338755,1576.7688,Africa
2013,ETH,Ethiopia,0.09898247,1696.8651,Africa
2014,ETH,Ethiopia,0.11415848,1821.3916,Africa
2015,ETH,Ethiopia,0.12095851,1957.4146,Africa
2016,ETH,Ethiopia,0.13421538,2084.8406,Africa
2017,ETH,Ethiopia,0.13315514,2222.8281,Africa
2018,ETH,Ethiopia,0.14305523,2311.165,Africa
2019,ETH,Ethiopia,0.1484148,2437.9705,Africa
2020,ETH,Ethiopia,0.14072774,2516.549,Africa
2021,ETH,Ethiopia,0.1466006,2588.413,Africa
2022,ETH,Ethiopia,0.13526215,2655.5928,Africa
2023,ETH,Ethiopia,0.13653299,2757.9592,Africa
2024,ETH,Ethiopia,0.13506985,2892.2222,Africa
2008,FRO,Faroe Islands,13.061985,54263.33,Europe
2009,FRO,Faroe Islands,11.85785,51533.543,Europe
2010,FRO,Faroe Islands,13.001266,51479.195,Europe
2011,FRO,Faroe Islands,11.765874,53440.336,Europe
2012,FRO,Faroe Islands,12.336957,57523.324,Europe
2013,FRO,Faroe Islands,13.427915,60948.77,Europe
2014,FRO,Faroe Islands,12.310254,64018.094,Europe
2015,FRO,Faroe Islands,12.434051,64008.85,Europe
2016,FRO,Faroe Islands,12.6436615,64155.027,Europe
2017,FRO,Faroe Islands,13.994748,65460.605,Europe
2018,FRO,Faroe Islands,14.207669,66193.34,Europe
2019,FRO,Faroe Islands,14.269453,68134.03,Europe
2020,FRO,Faroe Islands,14.415052,66032.914,Europe
2021,FRO,Faroe Islands,14.704373,68426.8,Europe
2022,FRO,Faroe Islands,13.377783,70256.72,Europe
2023,FRO,Faroe Islands,13.037725,71807.31,Europe
2024,FRO,Faroe Islands,13.089157,72059.58,Europe
1990,FJI,Fiji,1.0360715,7820.7173,Oceania
1991,FJI,Fiji,0.8401444,7547.678,Oceania
1992,FJI,Fiji,0.9299165,7950.0664,Oceania
1993,FJI,Fiji,0.92189455,8067.8047,Oceania
1994,FJI,Fiji,0.9097837,8432.299,Oceania
1995,FJI,Fiji,0.9223124,8600.093,Oceania
1996,FJI,Fiji,0.98589057,8956.351,Oceania
1997,FJI,Fiji,0.94106966,8669.252,Oceania
1998,FJI,Fiji,0.9039731,8673.878,Oceania
1999,FJI,Fiji,0.9093955,9328.606,Oceania
2000,FJI,Fiji,0.9690087,9070.993,Oceania
2001,FJI,Fiji,1.181649,9157.809,Oceania
2002,FJI,Fiji,0.97358567,9357.754,Oceania
2003,FJI,Fiji,1.1461935,9361.464,Oceania
2004,FJI,Fiji,1.487451,9766.527,Oceania
2005,FJI,Fiji,1.158516,9745.581,Oceania
2006,FJI,Fiji,1.2921549,9837.086,Oceania
2007,FJI,Fiji,1.2079439,9672.29,Oceania
2008,FJI,Fiji,0.87604755,9711.966,Oceania
2009,FJI,Fiji,0.7754087,9536.817,Oceania
2010,FJI,Fiji,1.1308804,9784.304,Oceania
2011,FJI,Fiji,1.0193485,10020.695,Oceania
2012,FJI,Fiji,0.993171,10140.693,Oceania
2013,FJI,Fiji,1.1315564,10604.156,Oceania
2014,FJI,Fiji,1.2857696,11183.313,Oceania
2015,FJI,Fiji,1.5915086,11674.063,Oceania
2016,FJI,Fiji,1.462942,11951.92,Oceania
2017,FJI,Fiji,1.5832261,12597.327,Oceania
2018,FJI,Fiji,1.6139121,13100.096,Oceania
2019,FJI,Fiji,1.6498482,13056.331,Oceania
2020,FJI,Fiji,1.4975775,10812.035,Oceania
2021,FJI,Fiji,1.1871994,10322.428,Oceania
2022,FJI,Fiji,1.5103477,12118.318,Oceania
2023,FJI,Fiji,1.4955322,13194.805,Oceania
2024,FJI,Fiji,1.5561111,13592.464,Oceania
1990,FIN,Finland,11.414846,38807.117,Europe
1991,FIN,Finland,11.008421,36326.082,Europe
1992,FIN,Finland,10.763673,34926.383,Europe
1993,FIN,Finland,11.115949,34486.754,Europe
1994,FIN,Finland,12.133155,35699.72,Europe
1995,FIN,Finland,11.378802,37069.63,Europe
1996,FIN,Finland,12.4963045,38301.51,Europe
1997,FIN,Finland,12.199201,40630.92,Europe
1998,FIN,Finland,11.517897,42733.445,Europe
1999,FIN,Finland,11.397506,44505.71,Europe
2000,FIN,Finland,11.01523,46968.84,Europe
2001,FIN,Finland,12.050957,48099.3,Europe
2002,FIN,Finland,12.508105,48792.49,Europe
2003,FIN,Finland,13.93796,49655.547,Europe
2004,FIN,Finland,13.187464,51494.707,Europe
2005,FIN,Finland,10.87746,52744.047,Europe
2006,FIN,Finland,12.983438,54653.98,Europe
2007,FIN,Finland,12.62386,57313.293,Europe
2008,FIN,Finland,11.033468,57494.586,Europe
2009,FIN,Finland,10.474345,52599.15,Europe
2010,FIN,Finland,11.950002,54017.945,Europe
2011,FIN,Finland,10.512902,55053.39,Europe
2012,FIN,Finland,9.448505,53957.668,Europe
2013,FIN,Finland,9.508818,53183.43,Europe
2014,FIN,Finland,8.719286,52710.734,Europe
2015,FIN,Finland,8.064647,52782.49,Europe
2016,FIN,Finland,8.598358,53984.633,Europe
2017,FIN,Finland,8.107076,55637.227,Europe
2018,FIN,Finland,8.291922,56226.336,Europe
2019,FIN,Finland,7.686688,56922.49,Europe
2020,FIN,Finland,6.82145,55424.86,Europe
2021,FIN,Finland,6.825398,56790.375,Europe
2022,FIN,Finland,6.5245185,57068.305,Europe
2023,FIN,Finland,5.6771917,56250.88,Europe
2024,FIN,Finland,5.300579,56123.15,Europe
1990,FRA,France,6.9293327,38655.887,Europe
1991,FRA,France,7.3180947,38937.953,Europe
1992,FRA,France,7.096411,39331.902,Europe
1993,FRA,France,6.728049,39020.613,Europe
1994,FRA,France,6.5845513,39801.39,Europe
1995,FRA,France,6.6496673,40570.72,Europe
1996,FRA,France,6.909002,40990.74,Europe
1997,FRA,France,6.76169,41876.934,Europe
1998,FRA,France,7.049427,43162.543,Europe
1999,FRA,France,6.9912124,44400.137,Europe
2000,FRA,France,6.849684,45922.48,Europe
2001,FRA,France,6.8707247,46454.87,Europe
2002,FRA,France,6.746978,46610.78,Europe
2003,FRA,France,6.799168,46730.977,Europe
2004,FRA,France,6.7686367,47720.44,Europe
2005,FRA,France,6.756068,48257.465,Europe
2006,FRA,France,6.5539103,49223.246,Europe
2007,FRA,France,6.3502436,50157.785,Europe
2008,FRA,France,6.2088747,50068.297,Europe
2009,FRA,France,5.8853593,48404.965,Europe
2010,FRA,France,5.945996,49130.42,Europe
2011,FRA,France,5.572035,50085.684,Europe
2012,FRA,France,5.59021,49935.625,Europe
2013,FRA,France,5.591334,50066.53,Europe
2014,FRA,France,5.067184,50326.566,Europe
2015,FRA,France,5.116293,50682.895,Europe
2016,FRA,France,5.1545954,50984.074,Europe
2017,FRA,France,5.182955,51895.566,Europe
2018,FRA,France,4.93138,52560.953,Europe
2019,FRA,France,4.812466,53448.555,Europe
2020,FRA,France,4.271517,49311.332,Europe
2021,FRA,France,4.649748,52517.336,Europe
2022,FRA,France,4.4555726,53673.812,Europe
2023,FRA,France,4.067842,54296.723,Europe
2024,FRA,France,3.969368,54799.348,Europe
1990,GAB,Gabon,4.5588517,23884.81,Africa
1991,GAB,Gabon,4.4732976,24665.68,Africa
1992,GAB,Gabon,4.735169,23268.998,Africa
1993,GAB,Gabon,4.664925,23551.682,Africa
1994,GAB,Gabon,4.148745,23794.314,Africa
1995,GAB,Gabon,4.647739,24344.186,Africa
1996,GAB,Gabon,5.10898,24595.973,Africa
1997,GAB,Gabon,4.6781135,25359.66,Africa
1998,GAB,Gabon,5.325312,25585.508,Africa
1999,GAB,Gabon,4.83822,22713.715,Africa
2000,GAB,Gabon,4.804243,21717.225,Africa
2001,GAB,Gabon,4.948112,21604.781,Africa
2002,GAB,Gabon,4.6465807,20981.48,Africa
2003,GAB,Gabon,4.8801312,20875.455,Africa
2004,GAB,Gabon,4.4922967,20438.932,Africa
2005,GAB,Gabon,4.252182,20385.29,Africa
2006,GAB,Gabon,3.6745975,19224.127,Africa
2007,GAB,Gabon,3.2370512,19751.877,Africa
2008,GAB,Gabon,3.3467827,18493.092,Africa
2009,GAB,Gabon,3.192437,17911.146,Africa
2010,GAB,Gabon,3.2143426,18530.576,Africa
2011,GAB,Gabon,3.0566165,19153.088,Africa
2012,GAB,Gabon,2.7160041,19450.402,Africa
2013,GAB,Gabon,2.7131112,19836.455,Africa
2014,GAB,Gabon,2.8626618,20008.99,Africa
2015,GAB,Gabon,2.8280737,20147.71,Africa
2016,GAB,Gabon,2.672476,19988.176,Africa
2017,GAB,Gabon,2.5501933,19555.707,Africa
2018,GAB,Gabon,2.5147185,19225.598,Africa
2019,GAB,Gabon,2.4726572,19491.406,Africa
2020,GAB,Gabon,2.4266992,18681.484,Africa
2021,GAB,Gabon,2.333091,18523.58,Africa
2022,GAB,Gabon,2.3792052,18662.049,Africa
2023,GAB,Gabon,2.1414058,18701.422,Africa
2024,GAB,Gabon,2.126386,18923.662,Africa
1990,GMB,Gambia,0.18759404,2653.783,Africa
1991,GMB,Gambia,0.17987563,2623.6416,Africa
1992,GMB,Gambia,0.17271206,2604.269,Africa
1993,GMB,Gambia,0.17574295,2586.1304,Africa
1994,GMB,Gambia,0.17017795,2508.104,Africa
1995,GMB,Gambia,0.17098203,2456.0007,Africa
1996,GMB,Gambia,0.16892305,2439.0454,Africa
1997,GMB,Gambia,0.16693132,2486.938,Africa
1998,GMB,Gambia,0.17561732,2502.765,Africa
1999,GMB,Gambia,0.19409713,2589.9778,Africa
2000,GMB,Gambia,0.18885365,2658.6177,Africa
2001,GMB,Gambia,0.20096546,2737.696,Africa
2002,GMB,Gambia,0.19564238,2578.5571,Africa
2003,GMB,Gambia,0.19044395,2682.48,Africa
2004,GMB,Gambia,0.19661151,2794.1936,Africa
2005,GMB,Gambia,0.19121854,2653.6423,Africa
2006,GMB,Gambia,0.20292838,2564.6865,Africa
2007,GMB,Gambia,0.19712557,2567.1572,Africa
2008,GMB,Gambia,0.19954023,2649.611,Africa
2009,GMB,Gambia,0.19970204,2745.3254,Africa
2010,GMB,Gambia,0.22440796,2824.2126,Africa
2011,GMB,Gambia,0.22348389,2519.8398,Africa
2012,GMB,Gambia,0.22058277,2574.935,Africa
2013,GMB,Gambia,0.203766,2572.4473,Africa
2014,GMB,Gambia,0.23359843,2465.1096,Africa
2015,GMB,Gambia,0.26188722,2495.9575,Africa
2016,GMB,Gambia,0.25830215,2478.4604,Africa
2017,GMB,Gambia,0.2549886,2533.1868,Africa
2018,GMB,Gambia,0.27026132,2651.4329,Africa
2019,GMB,Gambia,0.2893204,2750.8213,Africa
2020,GMB,Gambia,0.27817774,2702.319,Africa
2021,GMB,Gambia,0.2816257,2777.7961,Africa
2022,GMB,Gambia,0.3064694,2863.1804,Africa
2023,GMB,Gambia,0.2863896,2963.5986,Africa
2024,GMB,Gambia,0.29086024,3057.684,Africa
1990,GEO,Georgia,2.7253904,12917.095,Asia
1991,GEO,Georgia,2.7142825,10120.163,Asia
1992,GEO,Georgia,2.6683443,5533.211,Asia
1993,GEO,Georgia,1.9085042,3882.0203,Asia
1994,GEO,Georgia,1.1686698,3532.32,Asia
1995,GEO,Georgia,0.4599636,3762.8115,Asia
1996,GEO,Georgia,0.8406113,4339.005,Asia
1997,GEO,Georgia,0.9396515,4951.813,Asia
1998,GEO,Georgia,1.0627306,5233.2886,Asia
1999,GEO,Georgia,0.95291656,5495.245,Asia
2000,GEO,Georgia,1.0390624,5706.2725,Asia
2001,GEO,Georgia,0.884378,6074.0864,Asia
2002,GEO,Georgia,0.81072295,6464.325,Asia
2003,GEO,Georgia,0.9131137,7227.737,Asia
2004,GEO,Georgia,1.0547115,7693.915,Asia
2005,GEO,Georgia,1.2531954,8485.587,Asia
2006,GEO,Georgia,1.5695319,9337.989,Asia
2007,GEO,Georgia,1.665823,10567.274,Asia
2008,GEO,Georgia,1.4581112,10856.104,Asia
2009,GEO,Georgia,1.5745497,10553.09,Asia
2010,GEO,Georgia,1.6144768,11294.368,Asia
2011,GEO,Georgia,2.0198402,12288.683,Asia
2012,GEO,Georgia,2.1602435,13193.96,Asia
2013,GEO,Georgia,2.1075783,13913.002,Asia
2014,GEO,Georgia,2.3881645,14475.313,Asia
2015,GEO,Georgia,2.5822062,14936.844,Asia
2016,GEO,Georgia,2.6484108,15442.956,Asia
2017,GEO,Georgia,2.652296,16237.624,Asia
2018,GEO,Georgia,2.6057036,17228.68,Asia
2019,GEO,Georgia,2.770044,18186.88,Asia
2020,GEO,Georgia,2.7341554,17031.145,Asia
2021,GEO,Georgia,2.8375084,18915.654,Asia
2022,GEO,Georgia,3.1622012,20966.527,Asia
2023,GEO,Georgia,3.1312468,22590.53,Asia
2024,GEO,Georgia,3.0948753,24883.908,Asia
1990,DEU,Germany,13.233256,42287.652,Europe
1991,DEU,Germany,12.663626,44125.145,Europe
1992,DEU,Germany,11.978324,44672.69,Europe
1993,DEU,Germany,11.773517,43948.15,Europe
1994,DEU,Germany,11.534621,44933.293,Europe
1995,DEU,Germany,11.459825,45475.688,Europe
1996,DEU,Germany,11.666093,45814.85,Europe
1997,DEU,Germany,11.306132,46596.18,Europe
1998,DEU,Germany,11.26054,47565.453,Europe
1999,DEU,Germany,10.9630375,48547.004,Europe
2000,DEU,Germany,10.990293,49875.875,Europe
2001,DEU,Germany,11.1706505,50606.71,Europe
2002,DEU,Germany,10.952268,50406.38,Europe
2003,DEU,Germany,10.893722,50111.574,Europe
2004,DEU,Germany,10.677804,50704.92,Europe
2005,DEU,Germany,10.57788,51182.96,Europe
2006,DEU,Germany,10.849607,53222.04,Europe
2007,DEU,Germany,10.407971,54832.96,Europe
2008,DEU,Germany,10.561389,55425.11,Europe
2009,DEU,Germany,9.760688,52484.855,Europe
2010,DEU,Germany,10.22758,54738.707,Europe
2011,DEU,Germany,9.95007,57858.42,Europe
2012,DEU,Germany,10.060916,58017.586,Europe
2013,DEU,Germany,10.263195,58089.17,Europe
2014,DEU,Germany,9.739761,59108.7,Europe
2015,DEU,Germany,9.756902,59573.707,Europe
2016,DEU,Germany,9.642186,60407.973,Europe
2017,DEU,Germany,9.441122,61866.49,Europe
2018,DEU,Germany,9.101415,62381.348,Europe
2019,DEU,Germany,8.480803,62849.375,Europe
2020,DEU,Germany,7.738692,60203.29,Europe
2021,DEU,Germany,8.100614,62530.766,Europe
2022,DEU,Germany,7.942359,63676.086,Europe
2023,DEU,Germany,7.022808,63039.37,Europe
2024,DEU,Germany,6.7688236,62554.555,Europe
1990,GHA,Ghana,0.22824657,2785.6711,Africa
1991,GHA,Ghana,0.24714877,2859.827,Africa
1992,GHA,Ghana,0.20035017,2897.8354,Africa
1993,GHA,Ghana,0.23013853,2964.266,Africa
1994,GHA,Ghana,0.26714796,2989.3474,Africa
1995,GHA,Ghana,0.2657602,3039.6887,Africa
1996,GHA,Ghana,0.27279136,3106.1855,Africa
1997,GHA,Ghana,0.3023374,3160.445,Africa
1998,GHA,Ghana,0.29879728,3229.4822,Africa
1999,GHA,Ghana,0.2931219,3290.2686,Africa
2000,GHA,Ghana,0.27054933,3327.352,Africa
2001,GHA,Ghana,0.29596046,3369.507,Africa
2002,GHA,Ghana,0.31275645,3425.6182,Africa
2003,GHA,Ghana,0.3138782,3507.751,Africa
2004,GHA,Ghana,0.29497623,3607.3652,Africa
2005,GHA,Ghana,0.2723039,3721.3079,Africa
2006,GHA,Ghana,0.36991856,3857.8616,Africa
2007,GHA,Ghana,0.37990725,3923.1257,Africa
2008,GHA,Ghana,0.34327182,4174.7812,Africa
2009,GHA,Ghana,0.27622372,4269.16,Africa
2010,GHA,Ghana,0.35103095,4495.689,Africa
2011,GHA,Ghana,0.39580444,5005.367,Africa
2012,GHA,Ghana,0.47282326,5339.7134,Africa
2013,GHA,Ghana,0.46045056,5593.775,Africa
2014,GHA,Ghana,0.4727469,5619.0723,Africa
2015,GHA,Ghana,0.50766945,5607.366,Africa
2016,GHA,Ghana,0.4739508,5666.078,Africa
2017,GHA,Ghana,0.41446012,5993.631,Africa
2018,GHA,Ghana,0.49578497,6234.512,Africa
2019,GHA,Ghana,0.52513593,6508.2466,Africa
2020,GHA,Ghana,0.60098386,6412.6855,Africa
2021,GHA,Ghana,0.6321311,6607.503,Africa
2022,GHA,Ghana,0.6258142,6728.454,Africa
2023,GHA,Ghana,0.5959423,6808.5376,Africa
2024,GHA,Ghana,0.6106143,7055.625,Africa
1990,GRC,Greece,8.133435,26916.312,Europe
1991,GRC,Greece,8.092473,27419.604,Europe
1992,GRC,Greece,8.202206,27401.424,Europe
1993,GRC,Greece,8.094237,26804.854,Europe
1994,GRC,Greece,8.257865,27204.396,Europe
1995,GRC,Greece,8.266988,27646.148,Europe
1996,GRC,Greece,8.430785,27905.107,Europe
1997,GRC,Greece,8.830563,28768.24,Europe
1998,GRC,Greece,9.238181,29592.525,Europe
1999,GRC,Greece,9.128898,30263.055,Europe
2000,GRC,Greece,9.549867,31386.64,Europe
2001,GRC,Greece,9.716853,32675.93,Europe
2002,GRC,Greece,9.641644,34081.027,Europe
2003,GRC,Greece,9.989182,35970.703,Europe
2004,GRC,Greece,10.0010195,37811.492,Europe
2005,GRC,Greece,10.371121,38146.965,Europe
2006,GRC,Greece,10.205,40483.156,Europe
2007,GRC,Greece,10.370105,41796.234,Europe
2008,GRC,Greece,10.028104,41709.387,Europe
2009,GRC,Greece,9.391326,39886.215,Europe
2010,GRC,Greece,8.751197,37566.75,Europe
2011,GRC,Greece,8.507211,33906.492,Europe
2012,GRC,Greece,8.272102,31250.227,Europe
2013,GRC,Greece,7.4504676,30762.443,Europe
2014,GRC,Greece,7.218808,31213.377,Europe
2015,GRC,Greece,6.924253,31347.977,Europe
2016,GRC,Greece,6.6223903,31468.62,Europe
2017,GRC,Greece,6.959737,31995.41,Europe
2018,GRC,Greece,6.6889496,32722.33,Europe
2019,GRC,Greece,6.132932,33502.75,Europe
2020,GRC,Greece,5.1944113,30487.113,Europe
2021,GRC,Greece,5.4376464,33531.156,Europe
2022,GRC,Greece,5.532692,35831.344,Europe
2023,GRC,Greece,5.0755324,36700.51,Europe
2024,GRC,Greece,5.310692,37474.28,Europe
1990,GRL,Greenland,11.216532,38137.57,North America
1991,GRL,Greenland,10.932902,38162.934,North America
1992,GRL,Greenland,10.674389,36343.125,North America
1993,GRL,Greenland,9.7776985,34578.348,North America
1994,GRL,Greenland,8.883549,36428.914,North America
1995,GRL,Greenland,9.556546,37584.07,North America
1996,GRL,Greenland,10.647983,38090.71,North America
1997,GRL,Greenland,11.000624,38581.215,North America
1998,GRL,Greenland,10.618603,41500.23,North America
1999,GRL,Greenland,10.580965,42072.055,North America
2000,GRL,Greenland,11.866045,44991.676,North America
2001,GRL,Greenland,10.947549,45405.855,North America
2002,GRL,Greenland,10.233693,44793.27,North America
2003,GRL,Greenland,11.435216,46649.047,North America
2004,GRL,Greenland,10.937041,49742.06,North America
2005,GRL,Greenland,11.00072,52189.0,North America
2006,GRL,Greenland,11.312631,55243.71,North America
2007,GRL,Greenland,11.181738,56763.24,North America
2008,GRL,Greenland,11.530847,60506.195,North America
2009,GRL,Greenland,10.207438,61035.566,North America
2010,GRL,Greenland,11.666225,61863.28,North America
2011,GRL,Greenland,12.40216,61170.92,North America
2012,GRL,Greenland,9.631143,62111.1,North America
2013,GRL,Greenland,9.94481,61659.64,North America
2014,GRL,Greenland,8.942201,64799.305,North America
2015,GRL,Greenland,9.770197,63364.055,North America
2016,GRL,Greenland,9.079561,66245.73,North America
2017,GRL,Greenland,9.55366,66297.18,North America
2018,GRL,Greenland,9.335829,66887.68,North America
2019,GRL,Greenland,9.376927,68534.945,North America
2020,GRL,Greenland,9.794296,68533.734,North America
2021,GRL,Greenland,9.74501,69302.01,North America
2022,GRL,Greenland,10.483111,70681.23,North America
2023,GRL,Greenland,10.883719,71037.54,North America
1990,GRD,Grenada,1.062847,8883.919,North America
1991,GRD,Grenada,1.0904113,8932.304,North America
1992,GRD,Grenada,1.1538113,8785.759,North America
1993,GRD,Grenada,1.2165862,8548.039,North America
1994,GRD,Grenada,1.3853223,8629.086,North America
1995,GRD,Grenada,1.4459909,8750.818,North America
1996,GRD,Grenada,1.4712187,9076.719,North America
1997,GRD,Grenada,1.600471,9467.777,North America
1998,GRD,Grenada,1.6588099,10509.109,North America
1999,GRD,Grenada,1.7849059,11158.489,North America
2000,GRD,Grenada,1.7388197,11625.051,North America
2001,GRD,Grenada,1.7981074,11333.237,North America
2002,GRD,Grenada,1.8588005,11677.703,North America
2003,GRD,Grenada,1.9515313,12726.526,North America
2004,GRD,Grenada,1.8766028,12593.3545,North America
2005,GRD,Grenada,1.9698206,14211.843,North America
2006,GRD,Grenada,2.0291061,13594.355,North America
2007,GRD,Grenada,2.1546702,14376.282,North America
2008,GRD,Grenada,2.3455203,14463.56,North America
2009,GRD,Grenada,2.2392466,13463.58,North America
2010,GRD,Grenada,2.298208,13354.908,North America
2011,GRD,Grenada,2.2227259,13397.85,North America
2012,GRD,Grenada,2.371374,13161.3955,North America
2013,GRD,Grenada,2.6471422,13386.319,North America
2014,GRD,Grenada,2.1185129,14287.954,North America
2015,GRD,Grenada,2.2682164,15136.696,North America
2016,GRD,Grenada,2.3865147,15640.827,North America
2017,GRD,Grenada,2.5389786,16291.489,North America
2018,GRD,Grenada,2.660052,16964.852,North America
2019,GRD,Grenada,2.8744688,17036.916,North America
2020,GRD,Grenada,2.4877398,14647.745,North America
2021,GRD,Grenada,2.6688147,15290.251,North America
2022,GRD,Grenada,2.928238,16376.428,North America
2023,GRD,Grenada,3.0998428,17093.156,North America
2024,GRD,Grenada,3.2159822,17751.51,North America
1990,GTM,Guatemala,0.5161014,7594.7285,North America
1991,GTM,Guatemala,0.51296,7662.1675,North America
1992,GTM,Guatemala,0.60819584,7822.26,North America
1993,GTM,Guatemala,0.56970334,7915.4067,North America
1994,GTM,Guatemala,0.6609885,8018.28,North America
1995,GTM,Guatemala,0.6869987,8195.346,North America
1996,GTM,Guatemala,0.6179207,8222.065,North America
1997,GTM,Guatemala,0.6870994,8364.161,North America
1998,GTM,Guatemala,0.77387166,8559.986,North America
1999,GTM,Guatemala,0.77684575,8668.427,North America
2000,GTM,Guatemala,0.8328197,8770.404,North America
2001,GTM,Guatemala,0.8477825,8771.155,North America
2002,GTM,Guatemala,0.87316126,8901.536,North America
2003,GTM,Guatemala,0.831194,8926.153,North America
2004,GTM,Guatemala,0.8632435,9003.857,North America
2005,GTM,Guatemala,0.9198268,9099.724,North America
2006,GTM,Guatemala,0.9108661,9386.001,North America
2007,GTM,Guatemala,0.8875601,9772.806,North America
2008,GTM,Guatemala,0.7703355,9889.572,North America
2009,GTM,Guatemala,0.82477576,9740.709,North America
2010,GTM,Guatemala,0.74600375,9825.018,North America
2011,GTM,Guatemala,0.7422373,10032.089,North America
2012,GTM,Guatemala,0.7519584,10126.828,North America
2013,GTM,Guatemala,0.81193084,10297.84,North America
2014,GTM,Guatemala,0.8560798,10553.564,North America
2015,GTM,Guatemala,0.9672817,10785.958,North America
2016,GTM,Guatemala,1.0156711,10872.594,North America
2017,GTM,Guatemala,1.0256746,11005.459,North America
2018,GTM,Guatemala,1.088612,11192.372,North America
2019,GTM,Guatemala,1.1259985,11466.377,North America
2020,GTM,Guatemala,0.98845255,11097.15,North America
2021,GTM,Guatemala,1.1355486,11825.142,North America
2022,GTM,Guatemala,1.0596977,12147.931,North America
2023,GTM,Guatemala,1.088896,12384.948,North America
2024,GTM,Guatemala,1.0800844,12640.888,North America
1990,GIN,Guinea,0.15033236,2105.7473,Africa
1991,GIN,Guinea,0.1477162,2075.992,Africa
1992,GIN,Guinea,0.14678532,2076.5505,Africa
1993,GIN,Guinea,0.14649475,2115.8665,Africa
1994,GIN,Guinea,0.14765532,2134.8977,Africa
1995,GIN,Guinea,0.14843726,2171.7256,Africa
1996,GIN,Guinea,0.15231231,2205.3237,Africa
1997,GIN,Guinea,0.1561435,2272.411,Africa
1998,GIN,Guinea,0.16230056,2311.3274,Africa
1999,GIN,Guinea,0.16757068,2346.2703,Africa
2000,GIN,Guinea,0.17127107,2358.2876,Africa
2001,GIN,Guinea,0.17762326,2412.7517,Africa
2002,GIN,Guinea,0.18205798,2498.1318,Africa
2003,GIN,Guinea,0.18628149,2473.2341,Africa
2004,GIN,Guinea,0.19001792,2477.503,Africa
2005,GIN,Guinea,0.19299136,2501.2217,Africa
2006,GIN,Guinea,0.19559601,2478.6133,Africa
2007,GIN,Guinea,0.1994627,2587.005,Africa
2008,GIN,Guinea,0.19839679,2629.5398,Africa
2009,GIN,Guinea,0.20625383,2537.3064,Africa
2010,GIN,Guinea,0.23648737,2594.8306,Africa
2011,GIN,Guinea,0.23998472,2673.4087,Africa
2012,GIN,Guinea,0.21907014,2762.9036,Africa
2013,GIN,Guinea,0.18562467,2802.56,Africa
2014,GIN,Guinea,0.20662637,2834.9663,Africa
2015,GIN,Guinea,0.20858188,2869.8516,Africa
2016,GIN,Guinea,0.22362354,3099.7888,Africa
2017,GIN,Guinea,0.3913775,3332.7659,Africa
2018,GIN,Guinea,0.29675895,3455.645,Africa
2019,GIN,Guinea,0.31487304,3557.4624,Africa
2020,GIN,Guinea,0.331328,3630.9934,Africa
2021,GIN,Guinea,0.29667225,3738.8052,Africa
2022,GIN,Guinea,0.2883205,3792.0107,Africa
2023,GIN,Guinea,0.26899692,3904.824,Africa
2024,GIN,Guinea,0.27287328,4016.3418,Africa
1990,GNB,Guinea-Bissau,0.097839326,1967.9681,Africa
1991,GNB,Guinea-Bissau,0.09577737,2024.7277,Africa
1992,GNB,Guinea-Bissau,0.0929981,1987.6154,Africa
1993,GNB,Guinea-Bissau,0.093438044,1963.4401,Africa
1994,GNB,Guinea-Bissau,0.090590335,1964.5077,Africa
1995,GNB,Guinea-Bissau,0.09160409,1999.8202,Africa
1996,GNB,Guinea-Bissau,0.08651001,2185.7673,Africa
1997,GNB,Guinea-Bissau,0.10059457,2283.8835,Africa
1998,GNB,Guinea-Bissau,0.07405274,1738.5413,Africa
1999,GNB,Guinea-Bissau,0.081744425,1992.7285,Africa
2000,GNB,Guinea-Bissau,0.041543733,1974.6217,Africa
2001,GNB,Guinea-Bissau,0.03776478,2025.6006,Africa
2002,GNB,Guinea-Bissau,0.04831085,2053.962,Africa
2003,GNB,Guinea-Bissau,0.055565286,2002.2775,Africa
2004,GNB,Guinea-Bissau,0.03257929,1979.5746,Africa
2005,GNB,Guinea-Bissau,0.06630042,2060.5383,Africa
2006,GNB,Guinea-Bissau,0.082842335,2065.0837,Africa
2007,GNB,Guinea-Bissau,0.058079008,2065.8613,Africa
2008,GNB,Guinea-Bissau,0.07879257,2105.543,Africa
2009,GNB,Guinea-Bissau,0.064812,2102.9272,Africa
2010,GNB,Guinea-Bissau,0.06549741,2164.1335,Africa
2011,GNB,Guinea-Bissau,0.06835464,2278.4058,Africa
2012,GNB,Guinea-Bissau,0.06877939,2180.6077,Africa
2013,GNB,Guinea-Bissau,0.08425571,2192.4563,Africa
2014,GNB,Guinea-Bissau,0.08207103,2156.2021,Africa
2015,GNB,Guinea-Bissau,0.08614126,2230.391,Africa
2016,GNB,Guinea-Bissau,0.092005126,2293.2358,Africa
2017,GNB,Guinea-Bissau,0.09759871,2342.4153,Africa
2018,GNB,Guinea-Bissau,0.102933824,2373.5015,Africa
2019,GNB,Guinea-Bissau,0.13034482,2442.1067,Africa
2020,GNB,Guinea-Bissau,0.15469445,2455.856,Africa
2021,GNB,Guinea-Bissau,0.1655067,2522.7676,Africa
2022,GNB,Guinea-Bissau,0.16357648,2603.2402,Africa
2023,GNB,Guinea-Bissau,0.15294452,2693.7766,Africa
2024,GNB,Guinea-Bissau,0.15544437,2744.2798,Africa
1990,GUY,Guyana,1.5049014,5074.431,South America
1991,GUY,Guyana,1.4795727,5396.4634,South America
1992,GUY,Guyana,1.3875846,5799.2183,South America
1993,GUY,Guyana,1.38683,6247.866,South America
1994,GUY,Guyana,1.929388,6755.3286,South America
1995,GUY,Guyana,2.062946,7071.213,South America
1996,GUY,Guyana,2.177583,7612.304,South America
1997,GUY,Guyana,2.3697631,8064.5674,South America
1998,GUY,Guyana,2.394376,7915.2295,South America
1999,GUY,Guyana,2.4011617,8139.97,South America
2000,GUY,Guyana,2.2851017,8025.2935,South America
2001,GUY,Guyana,2.2765682,8212.043,South America
2002,GUY,Guyana,2.24065,8314.027,South America
2003,GUY,Guyana,2.4487262,8267.429,South America
2004,GUY,Guyana,2.5278113,8404.2,South America
2005,GUY,Guyana,2.123508,8256.525,South America
2006,GUY,Guyana,1.9889536,8702.331,South America
2007,GUY,Guyana,2.3527086,9354.08,South America
2008,GUY,Guyana,2.25779,9546.709,South America
2009,GUY,Guyana,2.5332901,9924.526,South America
2010,GUY,Guyana,2.5135448,10374.395,South America
2011,GUY,Guyana,2.62219,10958.86,South America
2012,GUY,Guyana,2.6217158,11534.999,South America
2013,GUY,Guyana,2.5354204,11896.907,South America
2014,GUY,Guyana,2.6184232,12030.053,South America
2015,GUY,Guyana,2.5882287,12040.083,South America
2016,GUY,Guyana,2.893261,12420.473,South America
2017,GUY,Guyana,2.8082547,12801.641,South America
2018,GUY,Guyana,2.9300408,12980.357,South America
2019,GUY,Guyana,3.2751155,13402.422,South America
2020,GUY,Guyana,3.8394089,19234.13,South America
2021,GUY,Guyana,3.596365,22865.928,South America
2022,GUY,Guyana,5.351061,37068.2,South America
2023,GUY,Guyana,5.2990813,49312.36,South America
2024,GUY,Guyana,5.4269924,70516.72,South America
1990,HTI,Haiti,0.14497922,3959.0251,North America
1991,HTI,Haiti,0.13926043,3952.1726,North America
1992,HTI,Haiti,0.124240376,3668.3132,North America
1993,HTI,Haiti,0.09385668,3401.759,North America
1994,HTI,Haiti,0.024690771,2938.07,North America
1995,HTI,Haiti,0.115793735,3167.913,North America
1996,HTI,Haiti,0.13215493,3237.0198,North America
1997,HTI,Haiti,0.17167047,3262.4592,North America
1998,HTI,Haiti,0.15430465,3272.0496,North America
1999,HTI,Haiti,0.15597609,3299.2354,North America
2000,HTI,Haiti,0.1968101,3267.0764,North America
2001,HTI,Haiti,0.1734194,3197.0571,North America
2002,HTI,Haiti,0.20652866,3173.7385,North America
2003,HTI,Haiti,0.19316219,3227.1208,North America
2004,HTI,Haiti,0.18439661,3130.8555,North America
2005,HTI,Haiti,0.18924116,3173.2607,North America
2006,HTI,Haiti,0.18941464,3174.9763,North America
2007,HTI,Haiti,0.18845646,3268.8188,North America
2008,HTI,Haiti,0.18400474,3300.2585,North America
2009,HTI,Haiti,0.19412234,3437.3806,North America
2010,HTI,Haiti,0.21721616,3205.4983,North America
2011,HTI,Haiti,0.22911558,3330.9983,North America
2012,HTI,Haiti,0.22465797,3296.2478,North America
2013,HTI,Haiti,0.26444125,3387.4717,North America
2014,HTI,Haiti,0.26013404,3434.636,North America
2015,HTI,Haiti,0.25224766,3433.0752,North America
2016,HTI,Haiti,0.27895868,3446.7527,North America
2017,HTI,Haiti,0.28966093,3485.4924,North America
2018,HTI,Haiti,0.31023884,3496.8787,North America
2019,HTI,Haiti,0.28084463,3392.4326,North America
2020,HTI,Haiti,0.2904154,3239.8354,North America
2021,HTI,Haiti,0.3083372,3145.0068,North America
2022,HTI,Haiti,0.2495167,3057.4285,North America
2023,HTI,Haiti,0.24616757,2965.9463,North America
2024,HTI,Haiti,0.2523404,2809.6453,North America
1990,HND,Honduras,0.50289357,1172.0798,North America
1991,HND,Honduras,0.4931823,1436.0507,North America
1992,HND,Honduras,0.53179276,1521.9473,North America
1993,HND,Honduras,0.5422533,1681.0824,North America
1994,HND,Honduras,0.5791174,2108.2742,North America
1995,HND,Honduras,0.668376,2555.0261,North America
1996,HND,Honduras,0.65642715,3054.1577,North America
1997,HND,Honduras,0.6605224,3635.9807,North America
1998,HND,Honduras,0.7716146,3950.835,North America
1999,HND,Honduras,0.73503304,4293.827,North America
2000,HND,Honduras,0.7649248,4579.6895,North America
2001,HND,Honduras,0.83825123,4578.9478,North America
2002,HND,Honduras,0.8568089,4627.023,North America
2003,HND,Honduras,0.93925804,4714.867,North America
2004,HND,Honduras,0.9856358,4885.343,North America
2005,HND,Honduras,0.9139511,5056.6753,North America
2006,HND,Honduras,1.0054038,5263.1504,North America
2007,HND,Honduras,1.0487074,5461.9014,North America
2008,HND,Honduras,1.0649376,5566.7065,North America
2009,HND,Honduras,0.9805253,5313.756,North America
2010,HND,Honduras,0.9689999,5396.0723,North America
2011,HND,Honduras,1.0370072,5488.4336,North America
2012,HND,Honduras,1.0451261,5600.608,North America
2013,HND,Honduras,1.0493833,5644.134,North America
2014,HND,Honduras,1.0485588,5705.1626,North America
2015,HND,Honduras,1.1797605,5812.5347,North America
2016,HND,Honduras,1.0559229,5926.49,North America
2017,HND,Honduras,1.0635973,6099.6074,North America
2018,HND,Honduras,1.0113649,6219.28,North America
2019,HND,Honduras,1.1024681,6264.019,North America
2020,HND,Honduras,0.9858834,5603.264,North America
2021,HND,Honduras,1.0748178,6202.981,North America
2022,HND,Honduras,1.1221477,6352.587,North America
2023,HND,Honduras,1.1652912,6467.88,North America
2024,HND,Honduras,1.187437,6585.8555,North America
1990,HKG,Hong Kong,4.882152,31598.756,Asia
1991,HKG,Hong Kong,5.0573225,33124.688,Asia
1992,HKG,Hong Kong,5.716088,34895.76,Asia
1993,HKG,Hong Kong,5.8920474,36428.527,Asia
1994,HKG,Hong Kong,5.1436543,37767.195,Asia
1995,HKG,Hong Kong,5.062341,37905.652,Asia
1996,HKG,Hong Kong,4.586858,37804.07,Asia
1997,HKG,Hong Kong,4.752771,39402.594,Asia
1998,HKG,Hong Kong,5.968871,36776.383,Asia
1999,HKG,Hong Kong,6.4307203,37339.926,Asia
2000,HKG,Hong Kong,5.931011,39848.59,Asia
2001,HKG,Hong Kong,5.504457,39777.855,Asia
2002,HKG,Hong Kong,5.717772,40258.17,Asia
2003,HKG,Hong Kong,6.2303214,41570.58,Asia
2004,HKG,Hong Kong,5.975141,44836.207,Asia
2005,HKG,Hong Kong,6.2725916,47938.9,Asia
2006,HKG,Hong Kong,6.0473623,50981.793,Asia
2007,HKG,Hong Kong,6.2502203,53813.08,Asia
2008,HKG,Hong Kong,6.0954485,54630.375,Asia
2009,HKG,Hong Kong,5.8862305,53172.3,Asia
2010,HKG,Hong Kong,5.6413803,56355.41,Asia
2011,HKG,Hong Kong,6.0408654,58672.83,Asia
2012,HKG,Hong Kong,5.935016,59015.332,Asia
2013,HKG,Hong Kong,6.099736,60601.61,Asia
2014,HKG,Hong Kong,6.215143,61839.812,Asia
2015,HKG,Hong Kong,5.756334,62779.75,Asia
2016,HKG,Hong Kong,5.8539157,63749.41,Asia
2017,HKG,Hong Kong,5.6993694,65662.836,Asia
2018,HKG,Hong Kong,5.7015047,66993.97,Asia
2019,HKG,Hong Kong,5.596796,65388.332,Asia
2020,HKG,Hong Kong,4.4742217,61328.527,Asia
2021,HKG,Hong Kong,4.4941583,65884.94,Asia
2022,HKG,Hong Kong,4.120568,64036.645,Asia
2023,HKG,Hong Kong,4.428082,64434.56,Asia
2024,HKG,Hong Kong,4.4941745,66153.98,Asia
1990,HUN,Hungary,7.0730515,21297.0,Europe
1991,HUN,Hungary,6.728052,18765.416,Europe
1992,HUN,Hungary,6.0050035,18197.531,Europe
1993,HUN,Hungary,6.0820847,18113.336,Europe
1994,HUN,Hungary,5.9845986,18672.707,Europe
1995,HUN,Hungary,5.9542155,18977.244,Europe
1996,HUN,Hungary,6.1232386,19029.113,Europe
1997,HUN,Hungary,6.000424,19635.295,Europe
1998,HUN,Hungary,5.9751363,20438.383,Europe
1999,HUN,Hungary,6.0250854,21128.889,Europe
2000,HUN,Hungary,5.7155046,22117.92,Europe
2001,HUN,Hungary,5.884682,23069.21,Europe
2002,HUN,Hungary,5.8038373,24229.295,Europe
2003,HUN,Hungary,6.094711,25255.871,Europe
2004,HUN,Hungary,5.94747,26568.12,Europe
2005,HUN,Hungary,5.9749513,27765.79,Europe
2006,HUN,Hungary,5.923272,28903.047,Europe
2007,HUN,Hungary,5.8250046,29044.066,Europe
2008,HUN,Hungary,5.7089357,29384.008,Europe
2009,HUN,Hungary,5.1450424,27445.959,Europe
2010,HUN,Hungary,5.2101464,27801.834,Europe
2011,HUN,Hungary,5.04249,28415.117,Europe
2012,HUN,Hungary,4.7113004,28179.656,Europe
2013,HUN,Hungary,4.397312,28891.021,Europe
2014,HUN,Hungary,4.424574,30264.95,Europe
2015,HUN,Hungary,4.732789,31485.568,Europe
2016,HUN,Hungary,4.794759,32378.967,Europe
2017,HUN,Hungary,5.050634,33828.715,Europe
2018,HUN,Hungary,5.0505667,35798.043,Europe
2019,HUN,Hungary,5.0314445,37662.676,Europe
2020,HUN,Hungary,4.831583,36119.52,Europe
2021,HUN,Hungary,4.9780636,38887.19,Europe
2022,HUN,Hungary,4.674298,40610.973,Europe
2023,HUN,Hungary,4.164973,40333.254,Europe
2024,HUN,Hungary,4.135669,40686.934,Europe
1990,ISL,Iceland,8.719046,42336.426,Europe
1991,ISL,Iceland,8.157205,41754.977,Europe
1992,ISL,Iceland,8.61522,39842.375,Europe
1993,ISL,Iceland,9.099711,39957.32,Europe
1994,ISL,Iceland,8.829784,41042.01,Europe
1995,ISL,Iceland,9.22916,40867.562,Europe
1996,ISL,Iceland,9.380348,42475.695,Europe
1997,ISL,Iceland,9.655014,43873.668,Europe
1998,ISL,Iceland,9.624513,46449.344,Europe
1999,ISL,Iceland,10.239481,47679.87,Europe
2000,ISL,Iceland,10.42593,49338.473,Europe
2001,ISL,Iceland,10.050558,50556.992,Europe
2002,ISL,Iceland,10.402995,50379.46,Europe
2003,ISL,Iceland,10.30826,51173.2,Europe
2004,ISL,Iceland,10.634728,54592.53,Europe
2005,ISL,Iceland,10.02641,57512.42,Europe
2006,ISL,Iceland,10.380252,59364.29,Europe
2007,ISL,Iceland,11.21189,62940.746,Europe
2008,ISL,Iceland,12.003968,62831.17,Europe
2009,ISL,Iceland,11.708181,57406.47,Europe
2010,ISL,Iceland,11.398676,56211.836,Europe
2011,ISL,Iceland,10.977909,56813.742,Europe
2012,ISL,Iceland,10.90585,57173.043,Europe
2013,ISL,Iceland,10.771516,58671.93,Europe
2014,ISL,Iceland,10.519396,59133.27,Europe
2015,ISL,Iceland,10.699156,60725.727,Europe
2016,ISL,Iceland,10.411099,63612.555,Europe
2017,ISL,Iceland,10.511092,64303.38,Europe
2018,ISL,Iceland,10.387562,65521.93,Europe
2019,ISL,Iceland,9.849048,64826.434,Europe
2020,ISL,Iceland,9.107118,59543.812,Europe
2021,ISL,Iceland,9.367136,61610.215,Europe
2022,ISL,Iceland,9.458432,65380.316,Europe
2023,ISL,Iceland,9.052132,68118.4,Europe
2024,ISL,Iceland,9.666935,67310.055,Europe
1990,IND,India,0.668214,2203.147,Asia
1991,IND,India,0.69619745,2178.686,Asia
1992,IND,India,0.72586346,2249.698,Asia
1993,IND,India,0.7344633,2307.6072,Asia
1994,IND,India,0.7586807,2411.4626,Asia
1995,IND,India,0.7919185,2542.422,Asia
1996,IND,India,0.8406862,2680.2788,Asia
1997,IND,India,0.8587196,2734.521,Asia
1998,IND,India,0.8597363,2847.9624,Asia
1999,IND,India,0.92580426,3041.4827,Asia
2000,IND,India,0.9330219,3099.503,Asia
2001,IND,India,0.92884284,3188.8103,Asia
2002,IND,India,0.94091654,3250.6956,Asia
2003,IND,India,0.95665747,3445.926,Asia
2004,IND,India,0.9987847,3656.1262,Asia
2005,IND,India,1.0352627,3881.966,Asia
2006,IND,India,1.1026897,4129.7783,Asia
2007,IND,India,1.1703311,4379.696,Asia
2008,IND,India,1.2338176,4450.39,Asia
2009,IND,India,1.3164382,4731.362,Asia
2010,IND,India,1.3498628,5059.2827,Asia
2011,IND,India,1.3999841,5249.5493,Asia
2012,IND,India,1.5070187,5460.4375,Asia
2013,IND,India,1.5398146,5732.2417,Asia
2014,IND,India,1.6368889,6079.8438,Asia
2015,IND,India,1.6805544,6488.146,Asia
2016,IND,India,1.7504745,6940.626,Asia
2017,IND,India,1.7840685,7326.607,Asia
2018,IND,India,1.8879061,7714.34,Asia
2019,IND,India,1.8798543,7930.0913,Asia
2020,IND,India,1.7272933,7399.531,Asia
2021,IND,India,1.8920738,8050.0186,Asia
2022,IND,India,1.9861692,8594.392,Asia
2023,IND,India,2.1297693,9301.756,Asia
2024,IND,India,2.2009783,9818.043,Asia
1990,IDN,Indonesia,0.84463084,4873.0537,Asia
1991,IDN,Indonesia,0.9356241,5118.468,Asia
1992,IDN,Indonesia,1.0486954,5357.376,Asia
1993,IDN,Indonesia,1.1120389,5609.152,Asia
1994,IDN,Indonesia,1.1150004,5931.235,Asia
1995,IDN,Indonesia,1.1117487,6312.9346,Asia
1996,IDN,Indonesia,1.2443422,6695.4097,Asia
1997,IDN,Indonesia,1.3542215,6897.0024,Asia
1998,IDN,Indonesia,1.1643667,5897.6855,Asia
1999,IDN,Indonesia,1.3697853,5855.658,Asia
2000,IDN,Indonesia,1.3007095,6056.382,Asia
2001,IDN,Indonesia,1.4457434,6190.5195,Asia
2002,IDN,Indonesia,1.387741,6381.9497,Asia
2003,IDN,Indonesia,1.5064515,6599.092,Asia
2004,IDN,Indonesia,1.5035917,6843.5464,Asia
2005,IDN,Indonesia,1.5045645,7140.8545,Asia
2006,IDN,Indonesia,1.4805014,7434.488,Asia
2007,IDN,Indonesia,1.634917,7802.464,Asia
2008,IDN,Indonesia,1.5214325,8165.0615,Asia
2009,IDN,Indonesia,1.6389457,8435.456,Asia
2010,IDN,Indonesia,1.8082032,8848.225,Asia
2011,IDN,Indonesia,2.0060833,9274.97,Asia
2012,IDN,Indonesia,2.041047,9708.612,Asia
2013,IDN,Indonesia,1.9285924,10121.814,Asia
2014,IDN,Indonesia,1.9238018,10504.387,Asia
2015,IDN,Indonesia,2.1052775,10893.662,Asia
2016,IDN,Indonesia,2.0707185,11319.663,Asia
2017,IDN,Indonesia,2.1355352,11772.574,Asia
2018,IDN,Indonesia,2.249951,12262.231,Asia
2019,IDN,Indonesia,2.440643,12757.785,Asia
2020,IDN,Indonesia,2.268087,12388.545,Asia
2021,IDN,Indonesia,2.2870014,12757.074,Asia
2022,IDN,Indonesia,2.7185707,13334.266,Asia
2023,IDN,Indonesia,2.7111824,13889.975,Asia
2024,IDN,Indonesia,2.8650963,14470.4375,Asia
1990,IRN,Iran,3.6155233,9656.001,Asia
1991,IRN,Iran,3.7181766,10592.332,Asia
1992,IRN,Iran,3.7295725,10727.418,Asia
1993,IRN,Iran,3.85959,10531.995,Asia
1994,IRN,Iran,4.304606,10333.433,Asia
1995,IRN,Iran,4.354519,10465.026,Asia
1996,IRN,Iran,4.3990874,11010.01,Asia
1997,IRN,Iran,4.231056,11025.721,Asia
1998,IRN,Iran,4.7371707,11101.508,Asia
1999,IRN,Iran,5.7215986,11163.695,Asia
2000,IRN,Iran,5.5287676,11643.122,Asia
2001,IRN,Iran,5.78059,11739.009,Asia
2002,IRN,Iran,5.8377256,12583.045,Asia
2003,IRN,Iran,5.9760165,13519.45,Asia
2004,IRN,Iran,6.2929487,13807.195,Asia
2005,IRN,Iran,6.498752,13935.774,Asia
2006,IRN,Iran,6.826492,14320.657,Asia
2007,IRN,Iran,6.806341,15237.424,Asia
2008,IRN,Iran,6.999057,15091.251,Asia
2009,IRN,Iran,7.1072636,15055.149,Asia
2010,IRN,Iran,7.252517,15729.913,Asia
2011,IRN,Iran,7.3531413,15947.766,Asia
2012,IRN,Iran,7.5503836,15159.295,Asia
2013,IRN,Iran,7.5856357,14734.74,Asia
2014,IRN,Iran,7.9044347,15262.852,Asia
2015,IRN,Iran,7.770076,14841.905,Asia
2016,IRN,Iran,7.6919622,15920.372,Asia
2017,IRN,Iran,8.190451,16167.968,Asia
2018,IRN,Iran,7.7164273,15364.805,Asia
2019,IRN,Iran,8.354448,14841.075,Asia
2020,IRN,Iran,8.49939,15381.585,Asia
2021,IRN,Iran,8.812627,15884.428,Asia
2022,IRN,Iran,8.569505,16377.961,Asia
2023,IRN,Iran,8.715231,17044.816,Asia
2024,IRN,Iran,8.656227,17484.133,Asia
1990,IRQ,Iraq,2.8259327,10735.094,Asia
1991,IRQ,Iraq,2.561187,3819.1619,Asia
1992,IRQ,Iraq,3.2249866,4916.264,Asia
1993,IRQ,Iraq,3.294748,6105.0415,Asia
1994,IRQ,Iraq,3.8020515,6044.871,Asia
1995,IRQ,Iraq,3.8337562,5969.6694,Asia
1996,IRQ,Iraq,3.4799242,6419.3696,Asia
1997,IRQ,Iraq,3.4403985,7545.73,Asia
1998,IRQ,Iraq,3.5388265,9871.734,Asia
1999,IRQ,Iraq,3.4868164,11237.854,Asia
2000,IRQ,Iraq,3.4278352,12702.164,Asia
2001,IRQ,Iraq,3.8416781,12529.608,Asia
2002,IRQ,Iraq,3.733308,11144.051,Asia
2003,IRQ,Iraq,3.7841146,6849.332,Asia
2004,IRQ,Iraq,4.0980616,10210.563,Asia
2005,IRQ,Iraq,4.022954,10078.443,Asia
2006,IRQ,Iraq,3.4538834,10568.914,Asia
2007,IRQ,Iraq,2.1612523,10853.816,Asia
2008,IRQ,Iraq,3.2561963,11511.938,Asia
2009,IRQ,Iraq,3.5002573,11470.518,Asia
2010,IRQ,Iraq,3.671512,11816.841,Asia
2011,IRQ,Iraq,3.8408003,12267.585,Asia
2012,IRQ,Iraq,3.9827716,13357.015,Asia
2013,IRQ,Iraq,4.016338,13712.932,Asia
2014,IRQ,Iraq,3.7623115,13536.823,Asia
2015,IRQ,Iraq,3.7946744,13516.027,Asia
2016,IRQ,Iraq,3.9805984,15016.092,Asia
2017,IRQ,Iraq,4.257336,14417.631,Asia
2018,IRQ,Iraq,4.62321,14456.235,Asia
2019,IRQ,Iraq,4.655681,14910.225,Asia
2020,IRQ,Iraq,4.086228,12827.635,Asia
2021,IRQ,Iraq,4.483625,12731.754,Asia
2022,IRQ,Iraq,4.9385333,13433.397,Asia
2023,IRQ,Iraq,5.056339,13202.323,Asia
2024,IRQ,Iraq,5.074398,12725.043,Asia
1990,IRL,Ireland,9.3754015,29555.633,Europe
1991,IRL,Ireland,9.5282135,29953.244,Europe
1992,IRL,Ireland,9.413212,30744.191,Europe
1993,IRL,Ireland,9.428422,31414.596,Europe
1994,IRL,Ireland,9.704017,33092.062,Europe
1995,IRL,Ireland,9.929767,36094.76,Europe
1996,IRL,Ireland,10.298033,38452.945,Europe
1997,IRL,Ireland,10.566967,42265.164,Europe
1998,IRL,Ireland,10.969448,45493.168,Europe
1999,IRL,Ireland,11.3085575,49719.887,Europe
2000,IRL,Ireland,11.89966,53675.004,Europe
2001,IRL,Ireland,12.324086,55630.1,Europe
2002,IRL,Ireland,11.730197,57927.49,Europe
2003,IRL,Ireland,11.441199,58709.156,Europe
2004,IRL,Ireland,11.354153,61558.58,Europe
2005,IRL,Ireland,11.588379,63689.086,Europe
2006,IRL,Ireland,11.150127,65087.18,Europe
2007,IRL,Ireland,10.847387,66590.195,Europe
2008,IRL,Ireland,10.557548,62320.668,Europe
2009,IRL,Ireland,9.302911,58547.266,Europe
2010,IRL,Ireland,9.1665125,59209.1,Europe
2011,IRL,Ireland,8.309539,59899.918,Europe
2012,IRL,Ireland,8.309304,59405.047,Europe
2013,IRL,Ireland,8.060807,60388.94,Europe
2014,IRL,Ireland,7.910693,65575.805,Europe
2015,IRL,Ireland,8.2329445,80954.664,Europe
2016,IRL,Ireland,8.492474,80899.02,Europe
2017,IRL,Ireland,8.116082,87882.71,Europe
2018,IRL,Ireland,7.9880743,93276.016,Europe
2019,IRL,Ireland,7.540263,96371.29,Europe
2020,IRL,Ireland,7.0349927,101968.555,Europe
2021,IRL,Ireland,7.4523654,116903.61,Europe
2022,IRL,Ireland,7.177214,123219.08,Europe
2023,IRL,Ireland,6.4595604,117862.125,Europe
2024,IRL,Ireland,6.3388243,119037.734,Europe
1990,ISR,Israel,7.882156,25335.271,Asia
1991,ISR,Israel,7.562609,25698.93,Asia
1992,ISR,Israel,8.489098,26752.4,Asia
1993,ISR,Israel,8.697238,27123.107,Asia
1994,ISR,Israel,9.100507,28393.0,Asia
1995,ISR,Israel,9.312419,29470.816,Asia
1996,ISR,Israel,9.443628,30386.197,Asia
1997,ISR,Israel,9.7168045,30707.006,Asia
1998,ISR,Israel,9.673296,31246.857,Asia
1999,ISR,Israel,9.208766,31465.613,Asia
2000,ISR,Israel,9.739403,33275.062,Asia
2001,ISR,Israel,10.067699,32590.229,Asia
2002,ISR,Israel,9.284213,31897.584,Asia
2003,ISR,Israel,9.598092,31780.78,Asia
2004,ISR,Israel,8.87052,32675.209,Asia
2005,ISR,Israel,8.401589,33512.89,Asia
2006,ISR,Israel,9.080757,34770.027,Asia
2007,ISR,Israel,9.019775,36317.85,Asia
2008,ISR,Israel,9.598181,36827.926,Asia
2009,ISR,Israel,8.862073,36403.164,Asia
2010,ISR,Israel,9.307533,37722.41,Asia
2011,ISR,Israel,9.181438,39075.375,Asia
2012,ISR,Israel,9.829567,39299.35,Asia
2013,ISR,Israel,8.141993,40148.777,Asia
2014,ISR,Israel,7.6329613,40872.582,Asia
2015,ISR,Israel,7.815259,40967.37,Asia
2016,ISR,Israel,7.4499764,41963.676,Asia
2017,ISR,Israel,7.037854,42947.06,Asia
2018,ISR,Israel,7.04882,43814.297,Asia
2019,ISR,Israel,6.809169,44580.81,Asia
2020,ISR,Israel,6.7366834,42915.94,Asia
2021,ISR,Israel,6.5918126,46162.082,Asia
2022,ISR,Israel,6.8401985,48098.188,Asia
2023,ISR,Israel,5.9831605,47527.152,Asia
2024,ISR,Israel,5.6074414,47338.844,Asia
1990,ITA,Italy,7.68362,42656.746,Europe
1991,ITA,Italy,7.6695366,43283.02,Europe
1992,ITA,Italy,7.6662855,43614.484,Europe
1993,ITA,Italy,7.526011,43216.11,Europe
1994,ITA,Italy,7.392994,44136.707,Europe
1995,ITA,Italy,7.8148036,45410.14,Europe
1996,ITA,Italy,7.7471423,46008.24,Europe
1997,ITA,Italy,7.8436203,46869.426,Europe
1998,ITA,Italy,8.054232,47701.4,Europe
1999,ITA,Italy,8.132449,48493.664,Europe
2000,ITA,Italy,8.19941,50353.42,Europe
2001,ITA,Italy,8.196022,51332.29,Europe
2002,ITA,Italy,8.309492,51369.113,Europe
2003,ITA,Italy,8.574582,51126.258,Europe
2004,ITA,Italy,8.606314,51495.004,Europe
2005,ITA,Italy,8.567466,51585.645,Europe
2006,ITA,Italy,8.443186,52304.242,Europe
2007,ITA,Italy,8.286317,52747.19,Europe
2008,ITA,Italy,8.027509,51806.39,Europe
2009,ITA,Italy,7.078524,48774.39,Europe
2010,ITA,Italy,7.2413816,49301.695,Europe
2011,ITA,Italy,7.0218983,49473.016,Europe
2012,ITA,Italy,6.665015,47795.957,Europe
2013,ITA,Italy,6.0912943,46833.363,Europe
2014,ITA,Italy,5.7593956,46825.652,Europe
2015,ITA,Italy,5.9635468,47311.824,Europe
2016,ITA,Italy,5.9216995,47987.84,Europe
2017,ITA,Italy,5.8397813,48849.22,Europe
2018,ITA,Italy,5.790691,49133.145,Europe
2019,ITA,Italy,5.6483817,49690.63,Europe
2020,ITA,Italy,5.0506783,45505.07,Europe
2021,ITA,Italy,5.6242104,49825.395,Europe
2022,ITA,Italy,5.704794,52333.33,Europe
2023,ITA,Italy,5.248631,52870.324,Europe
2024,ITA,Italy,5.087886,53265.004,Europe
1990,JAM,Jamaica,3.162834,8879.653,North America
1991,JAM,Jamaica,3.2284052,9227.876,North America
1992,JAM,Jamaica,3.179254,9315.858,North America
1993,JAM,Jamaica,3.2658134,10088.232,North America
1994,JAM,Jamaica,3.3082285,10123.234,North America
1995,JAM,Jamaica,3.6691394,10257.807,North America
1996,JAM,Jamaica,3.8374875,10147.464,North America
1997,JAM,Jamaica,3.9516358,9939.662,North America
1998,JAM,Jamaica,3.7723796,9624.93,North America
1999,JAM,Jamaica,3.845163,9650.4375,North America
2000,JAM,Jamaica,3.955013,9667.925,North America
2001,JAM,Jamaica,4.030026,9736.0625,North America
2002,JAM,Jamaica,3.863762,9869.713,North America
2003,JAM,Jamaica,4.0152617,10169.75,North America
2004,JAM,Jamaica,3.9570825,10244.207,North America
2005,JAM,Jamaica,3.875178,10278.684,North America
2006,JAM,Jamaica,4.28499,10522.236,North America
2007,JAM,Jamaica,3.9609401,10622.444,North America
2008,JAM,Jamaica,3.9535663,10490.469,North America
2009,JAM,Jamaica,2.9000545,9992.977,North America
2010,JAM,Jamaica,2.793193,9805.901,North America
2011,JAM,Jamaica,2.9800084,9932.483,North America
2012,JAM,Jamaica,2.84486,9829.035,North America
2013,JAM,Jamaica,3.0415494,9839.965,North America
2014,JAM,Jamaica,2.747366,9872.159,North America
2015,JAM,Jamaica,2.8425038,9931.898,North America
2016,JAM,Jamaica,2.894788,10179.254,North America
2017,JAM,Jamaica,2.758836,10391.038,North America
2018,JAM,Jamaica,2.858282,10636.093,North America
2019,JAM,Jamaica,3.3434515,10816.372,North America
2020,JAM,Jamaica,2.4254513,9891.97,North America
2021,JAM,Jamaica,2.5769415,10430.691,North America
2022,JAM,Jamaica,2.7852037,11096.638,North America
2023,JAM,Jamaica,2.8413825,11398.8125,North America
2024,JAM,Jamaica,2.9592197,11340.264,North America
1990,JPN,Japan,9.358634,35272.418,Asia
1991,JPN,Japan,9.416044,36372.035,Asia
1992,JPN,Japan,9.450228,36563.62,Asia
1993,JPN,Japan,9.366616,36277.92,Asia
1994,JPN,Japan,9.762861,36568.71,Asia
1995,JPN,Japan,9.834065,37442.895,Asia
1996,JPN,Japan,9.912181,38528.793,Asia
1997,JPN,Japan,9.828307,38814.254,Asia
1998,JPN,Japan,9.493024,38217.195,Asia
1999,JPN,Japan,9.76424,38020.094,Asia
2000,JPN,Japan,9.920687,39005.914,Asia
2001,JPN,Japan,9.790459,39062.28,Asia
2002,JPN,Japan,10.004505,38987.91,Asia
2003,JPN,Japan,10.055865,39501.81,Asia
2004,JPN,Japan,10.007541,40351.777,Asia
2005,JPN,Japan,10.056906,41075.824,Asia
2006,JPN,Japan,9.87084,41613.15,Asia
2007,JPN,Japan,10.141284,42182.176,Asia
2008,JPN,Japan,9.587431,41645.57,Asia
2009,JPN,Japan,9.050865,39279.5,Asia
2010,JPN,Japan,9.447968,40881.797,Asia
2011,JPN,Japan,9.845555,40967.344,Asia
2012,JPN,Japan,10.178457,41596.92,Asia
2013,JPN,Japan,10.271204,42492.242,Asia
2014,JPN,Japan,9.885529,42674.7,Asia
2015,JPN,Japan,9.58534,43386.71,Asia
2016,JPN,Japan,9.436406,43736.13,Asia
2017,JPN,Japan,9.321171,44505.277,Asia
2018,JPN,Japan,8.971074,44848.49,Asia
2019,JPN,Japan,8.698248,44730.91,Asia
2020,JPN,Japan,8.212569,42992.48,Asia
2021,JPN,Japan,8.422242,44355.348,Asia
2022,JPN,Japan,8.237319,44972.344,Asia
2023,JPN,Japan,7.9352145,45858.66,Asia
2024,JPN,Japan,7.7724743,46106.92,Asia
1990,JOR,Jordan,2.9239788,7589.8203,Asia
1991,JOR,Jordan,2.551905,7134.29,Asia
1992,JOR,Jordan,2.952944,7737.969,Asia
1993,JOR,Jordan,2.7618268,7675.4717,Asia
1994,JOR,Jordan,2.964325,7680.1406,Asia
1995,JOR,Jordan,2.8305912,7829.081,Asia
1996,JOR,Jordan,2.8648403,7731.4785,Asia
1997,JOR,Jordan,2.8353777,7775.5425,Asia
1998,JOR,Jordan,2.7975612,7826.74,Asia
1999,JOR,Jordan,2.7418673,7920.0195,Asia
2000,JOR,Jordan,2.8589284,8086.922,Asia
2001,JOR,Jordan,2.883838,8339.786,Asia
2002,JOR,Jordan,2.974868,8638.08,Asia
2003,JOR,Jordan,3.0083313,8800.497,Asia
2004,JOR,Jordan,3.2307155,9326.668,Asia
2005,JOR,Jordan,3.4480503,9839.688,Asia
2006,JOR,Jordan,3.2407455,9977.759,Asia
2007,JOR,Jordan,3.1784663,10161.402,Asia
2008,JOR,Jordan,3.0025284,10641.59,Asia
2009,JOR,Jordan,3.0167632,10938.503,Asia
2010,JOR,Jordan,2.855723,10953.538,Asia
2011,JOR,Jordan,2.8620572,10977.482,Asia
2012,JOR,Jordan,3.1723576,11086.03,Asia
2013,JOR,Jordan,3.010706,10799.354,Asia
2014,JOR,Jordan,2.97608,10148.998,Asia
2015,JOR,Jordan,2.7029984,9581.689,Asia
2016,JOR,Jordan,2.493358,9321.904,Asia
2017,JOR,Jordan,2.548305,9339.811,Asia
2018,JOR,Jordan,2.429594,9311.531,Asia
2019,JOR,Jordan,2.3022892,9288.527,Asia
2020,JOR,Jordan,1.8979398,9022.64,Asia
2021,JOR,Jordan,1.9148241,9182.496,Asia
2022,JOR,Jordan,1.9924614,9266.575,Asia
2023,JOR,Jordan,2.0210526,9381.3545,Asia
2024,JOR,Jordan,2.009813,9520.251,Asia
1990,KAZ,Kazakhstan,15.588459,16837.691,Asia
1991,KAZ,Kazakhstan,15.071848,14877.527,Asia
1992,KAZ,Kazakhstan,13.473055,14045.104,Asia
1993,KAZ,Kazakhstan,12.015333,12795.875,Asia
1994,KAZ,Kazakhstan,10.248383,11334.983,Asia
1995,KAZ,Kazakhstan,10.069489,10600.33,Asia
1996,KAZ,Kazakhstan,9.424668,10857.436,Asia
1997,KAZ,Kazakhstan,9.181003,11298.58,Asia
1998,KAZ,Kazakhstan,9.306227,11364.031,Asia
1999,KAZ,Kazakhstan,7.6839137,11815.773,Asia
2000,KAZ,Kazakhstan,9.173343,12935.864,Asia
2001,KAZ,Kazakhstan,8.862384,14612.029,Asia
2002,KAZ,Kazakhstan,10.012865,15960.874,Asia
2003,KAZ,Kazakhstan,11.114357,17344.752,Asia
2004,KAZ,Kazakhstan,11.701824,18886.582,Asia
2005,KAZ,Kazakhstan,12.427798,20565.53,Asia
2006,KAZ,Kazakhstan,13.638661,22574.344,Asia
2007,KAZ,Kazakhstan,13.883832,24351.346,Asia
2008,KAZ,Kazakhstan,13.764466,24895.664,Asia
2009,KAZ,Kazakhstan,13.429075,24901.354,Asia
2010,KAZ,Kazakhstan,14.735143,26374.84,Asia
2011,KAZ,Kazakhstan,13.955058,27946.16,Asia
2012,KAZ,Kazakhstan,14.172037,28881.242,Asia
2013,KAZ,Kazakhstan,14.44096,30177.488,Asia
2014,KAZ,Kazakhstan,16.790108,30986.438,Asia
2015,KAZ,Kazakhstan,16.757872,30893.76,Asia
2016,KAZ,Kazakhstan,16.431355,30758.322,Asia
2017,KAZ,Kazakhstan,17.034184,31524.441,Asia
2018,KAZ,Kazakhstan,17.407537,32330.227,Asia
2019,KAZ,Kazakhstan,15.411059,33298.21,Asia
2020,KAZ,Kazakhstan,14.463993,32011.549,Asia
2021,KAZ,Kazakhstan,12.404203,32945.85,Asia
2022,KAZ,Kazakhstan,13.693581,33506.26,Asia
2023,KAZ,Kazakhstan,14.076408,34703.234,Asia
2024,KAZ,Kazakhstan,13.937352,35973.965,Asia
1990,KEN,Kenya,0.25286898,4177.486,Africa
1991,KEN,Kenya,0.20319088,4102.4766,Africa
1992,KEN,Kenya,0.22576506,3946.8408,Africa
1993,KEN,Kenya,0.25128794,3844.9204,Africa
1994,KEN,Kenya,0.25225896,3833.2236,Africa
1995,KEN,Kenya,0.28251144,3890.0986,Africa
1996,KEN,Kenya,0.3394903,3941.4092,Africa
1997,KEN,Kenya,0.29274827,3853.3713,Africa
1998,KEN,Kenya,0.3461119,3871.8218,Africa
1999,KEN,Kenya,0.33701253,3848.4646,Africa
2000,KEN,Kenya,0.3389006,3756.6362,Africa
2001,KEN,Kenya,0.29170913,3778.2585,Africa
2002,KEN,Kenya,0.23963098,3681.2568,Africa
2003,KEN,Kenya,0.1995752,3674.086,Africa
2004,KEN,Kenya,0.2195501,3743.5679,Africa
2005,KEN,Kenya,0.23617308,3844.7356,Africa
2006,KEN,Kenya,0.25923568,3970.7334,Africa
2007,KEN,Kenya,0.25591367,4116.451,Africa
2008,KEN,Kenya,0.25757587,4002.8835,Africa
2009,KEN,Kenya,0.30153793,4012.1943,Africa
2010,KEN,Kenya,0.28502947,4211.5244,Africa
2011,KEN,Kenya,0.28573626,4307.106,Africa
2012,KEN,Kenya,0.25623727,4387.938,Africa
2013,KEN,Kenya,0.27036667,4443.371,Africa
2014,KEN,Kenya,0.2869488,4558.552,Africa
2015,KEN,Kenya,0.3230555,4679.622,Africa
2016,KEN,Kenya,0.33836323,4770.3105,Africa
2017,KEN,Kenya,0.3288992,4846.8623,Africa
2018,KEN,Kenya,0.3386544,5017.668,Africa
2019,KEN,Kenya,0.35464606,5171.7124,Africa
2020,KEN,Kenya,0.3828149,5057.4014,Africa
2021,KEN,Kenya,0.38688725,5338.8525,Africa
2022,KEN,Kenya,0.37868083,5491.694,Africa
2023,KEN,Kenya,0.38283524,5691.825,Africa
2024,KEN,Kenya,0.37611777,5845.201,Africa
1990,KIR,Kiribati,0.29362112,2213.5403,Oceania
1991,KIR,Kiribati,0.2878052,2047.1538,Oceania
1992,KIR,Kiribati,0.33028138,2495.9963,Oceania
1993,KIR,Kiribati,0.37172967,2455.45,Oceania
1994,KIR,Kiribati,0.36624894,2468.7212,Oceania
1995,KIR,Kiribati,0.36075863,2498.7876,Oceania
1996,KIR,Kiribati,0.39904642,2455.501,Oceania
1997,KIR,Kiribati,0.34828484,2439.4102,Oceania
1998,KIR,Kiribati,0.34214213,2502.862,Oceania
1999,KIR,Kiribati,0.3363821,2364.3462,Oceania
2000,KIR,Kiribati,0.41339472,2481.4153,Oceania
2001,KIR,Kiribati,0.36498064,2357.5818,Oceania
2002,KIR,Kiribati,0.43675297,2341.6956,Oceania
2003,KIR,Kiribati,0.4279056,2258.034,Oceania
2004,KIR,Kiribati,0.45754245,2199.6707,Oceania
2005,KIR,Kiribati,0.48581773,2183.7812,Oceania
2006,KIR,Kiribati,0.5128164,2264.1616,Oceania
2007,KIR,Kiribati,0.5025029,2286.4465,Oceania
2008,KIR,Kiribati,0.45696744,2172.3577,Oceania
2009,KIR,Kiribati,0.44733703,2137.9658,Oceania
2010,KIR,Kiribati,0.5392349,2119.6401,Oceania
2011,KIR,Kiribati,0.49665642,2150.383,Oceania
2012,KIR,Kiribati,0.48943388,2242.0137,Oceania
2013,KIR,Kiribati,0.48275316,2382.3704,Oceania
2014,KIR,Kiribati,0.47650838,2381.3484,Oceania
2015,KIR,Kiribati,0.5018061,2615.8416,Oceania
2016,KIR,Kiribati,0.46384445,2761.9336,Oceania
2017,KIR,Kiribati,0.57874435,2822.6697,Oceania
2018,KIR,Kiribati,0.5701696,2877.602,Oceania
2019,KIR,Kiribati,0.5617455,2927.4846,Oceania
2020,KIR,Kiribati,0.55202603,2834.6858,Oceania
2021,KIR,Kiribati,0.5422356,3020.494,Oceania
2022,KIR,Kiribati,0.53352547,3107.7761,Oceania
2023,KIR,Kiribati,0.52276295,3140.5833,Oceania
2024,KIR,Kiribati,0.5386222,3257.1362,Oceania
2008,OWID_KOS,Kosovo,4.0860634,7098.403,Europe
2009,OWID_KOS,Kosovo,4.51842,7481.459,Europe
2010,OWID_KOS,Kosovo,4.67063,7877.102,Europe
2011,OWID_KOS,Kosovo,4.6286993,8359.937,Europe
2012,OWID_KOS,Kosovo,4.3440437,8431.662,Europe
2013,OWID_KOS,Kosovo,4.383573,8828.276,Europe
2014,OWID_KOS,Kosovo,3.9409475,9150.75,Europe
2015,OWID_KOS,Kosovo,4.660203,9824.991,Europe
2016,OWID_KOS,Kosovo,4.991303,10434.889,Europe
2017,OWID_KOS,Kosovo,4.537384,10856.29,Europe
2018,OWID_KOS,Kosovo,4.5507927,11188.225,Europe
2019,OWID_KOS,Kosovo,4.7781363,11774.118,Europe
2020,OWID_KOS,Kosovo,4.825547,11137.503,Europe
2021,OWID_KOS,Kosovo,5.0623536,12362.421,Europe
2022,OWID_KOS,Kosovo,4.9881287,13022.463,Europe
2023,OWID_KOS,Kosovo,4.8353086,14240.203,Europe
2024,OWID_KOS,Kosovo,4.777991,15716.293,Europe
1990,KWT,Kuwait,22.473087,38932.945,Asia
1991,KWT,Kuwait,364.79083,28633.969,Asia
1992,KWT,Kuwait,18.155218,43266.934,Asia
1993,KWT,Kuwait,29.400784,56684.188,Asia
1994,KWT,Kuwait,34.40616,61753.848,Asia
1995,KWT,Kuwait,33.45957,64093.52,Asia
1996,KWT,Kuwait,29.919403,62665.223,Asia
1997,KWT,Kuwait,31.753155,62151.953,Asia
1998,KWT,Kuwait,28.688478,62450.09,Asia
1999,KWT,Kuwait,28.99168,59533.953,Asia
2000,KWT,Kuwait,28.12683,60585.3,Asia
2001,KWT,Kuwait,29.44005,59099.664,Asia
2002,KWT,Kuwait,29.181572,59348.617,Asia
2003,KWT,Kuwait,29.618095,67984.31,Asia
2004,KWT,Kuwait,30.526264,73298.06,Asia
2005,KWT,Kuwait,33.35809,78193.9,Asia
2006,KWT,Kuwait,32.232666,79521.35,Asia
2007,KWT,Kuwait,30.820711,79474.76,Asia
2008,KWT,Kuwait,31.847826,77036.51,Asia
2009,KWT,Kuwait,31.776943,67896.266,Asia
2010,KWT,Kuwait,30.482365,62956.215,Asia
2011,KWT,Kuwait,27.81871,64844.5,Asia
2012,KWT,Kuwait,30.326586,64908.26,Asia
2013,KWT,Kuwait,23.675167,62458.81,Asia
2014,KWT,Kuwait,20.457846,60065.656,Asia
2015,KWT,Kuwait,24.336504,57763.516,Asia
2016,KWT,Kuwait,25.978886,56936.62,Asia
2017,KWT,Kuwait,24.071701,52285.586,Asia
2018,KWT,Kuwait,23.697384,51623.81,Asia
2019,KWT,Kuwait,23.559092,51380.645,Asia
2020,KWT,Kuwait,20.477186,49372.82,Asia
2021,KWT,Kuwait,20.149948,50651.957,Asia
2022,KWT,Kuwait,25.242083,51379.883,Asia
2023,KWT,Kuwait,25.454494,47777.402,Asia
2024,KWT,Kuwait,26.24753,46137.47,Asia
1990,KGZ,Kyrgyzstan,4.3062763,6095.681,Asia
1991,KGZ,Kyrgyzstan,3.50773,5520.4297,Asia
1992,KGZ,Kyrgyzstan,2.4002047,4701.991,Asia
1993,KGZ,Kyrgyzstan,1.8302389,3973.8833,Asia
1994,KGZ,Kyrgyzstan,1.3216236,3176.9238,Asia
1995,KGZ,Kyrgyzstan,0.9561505,2974.7117,Asia
1996,KGZ,Kyrgyzstan,1.1816964,3138.6663,Asia
1997,KGZ,Kyrgyzstan,1.1470057,3399.9343,Asia
1998,KGZ,Kyrgyzstan,1.2023735,3419.2234,Asia
1999,KGZ,Kyrgyzstan,0.93435687,3491.9377,Asia
2000,KGZ,Kyrgyzstan,0.9104719,3638.4631,Asia
2001,KGZ,Kyrgyzstan,0.7604043,3795.8906,Asia
2002,KGZ,Kyrgyzstan,0.9611034,3760.5325,Asia
2003,KGZ,Kyrgyzstan,1.0418855,3982.9272,Asia
2004,KGZ,Kyrgyzstan,1.1162995,4211.5225,Asia
2005,KGZ,Kyrgyzstan,1.0519857,4156.9585,Asia
2006,KGZ,Kyrgyzstan,1.0330939,4240.1704,Asia
2007,KGZ,Kyrgyzstan,1.2275218,4558.713,Asia
2008,KGZ,Kyrgyzstan,1.4002517,4894.943,Asia
2009,KGZ,Kyrgyzstan,1.2429179,4969.9614,Asia
2010,KGZ,Kyrgyzstan,1.157307,4876.4795,Asia
2011,KGZ,Kyrgyzstan,1.3620738,5092.8516,Asia
2012,KGZ,Kyrgyzstan,1.7706753,4993.3945,Asia
2013,KGZ,Kyrgyzstan,1.679027,5418.5405,Asia
2014,KGZ,Kyrgyzstan,1.7354746,5513.7544,Asia
2015,KGZ,Kyrgyzstan,1.7102621,5600.2144,Asia
2016,KGZ,Kyrgyzstan,1.5751394,5715.0103,Asia
2017,KGZ,Kyrgyzstan,1.5054495,5861.222,Asia
2018,KGZ,Kyrgyzstan,1.7621223,5951.8286,Asia
2019,KGZ,Kyrgyzstan,1.3930722,6087.602,Asia
2020,KGZ,Kyrgyzstan,1.2527478,5537.7954,Asia
2021,KGZ,Kyrgyzstan,1.5157713,5736.479,Asia
2022,KGZ,Kyrgyzstan,1.6551521,6139.778,Asia
2023,KGZ,Kyrgyzstan,1.5755129,6575.7754,Asia
2024,KGZ,Kyrgyzstan,1.6379259,7048.9897,Asia
1990,LAO,Laos,0.11896215,2005.5005,Asia
1991,LAO,Laos,0.12309382,2033.5826,Asia
1992,LAO,Laos,0.12999901,2088.02,Asia
1993,LAO,Laos,0.12965138,2152.2766,Asia
1994,LAO,Laos,0.13112305,2267.7822,Asia
1995,LAO,Laos,0.13609742,2368.0547,Asia
1996,LAO,Laos,0.14931132,2473.773,Asia
1997,LAO,Laos,0.15380564,2589.2075,Asia
1998,LAO,Laos,0.15625483,2642.5662,Asia
1999,LAO,Laos,0.15834379,2786.5205,Asia
2000,LAO,Laos,0.17682974,2899.0195,Asia
2001,LAO,Laos,0.19182697,3015.6326,Asia
2002,LAO,Laos,0.2077689,3143.2234,Asia
2003,LAO,Laos,0.2142815,3282.9854,Asia
2004,LAO,Laos,0.22182061,3441.17,Asia
2005,LAO,Laos,0.22778855,3630.5588,Asia
2006,LAO,Laos,0.2946967,3881.5374,Asia
2007,LAO,Laos,0.30311298,4112.253,Asia
2008,LAO,Laos,0.34661734,4367.163,Asia
2009,LAO,Laos,0.427364,4625.072,Asia
2010,LAO,Laos,0.47375357,4946.1055,Asia
2011,LAO,Laos,0.48187655,5266.879,Asia
2012,LAO,Laos,0.5105654,5608.9697,Asia
2013,LAO,Laos,0.6350123,5974.4736,Asia
2014,LAO,Laos,0.65387225,6341.2124,Asia
2015,LAO,Laos,1.3503778,6703.741,Asia
2016,LAO,Laos,2.374729,7063.2554,Asia
2017,LAO,Laos,2.7963116,7432.4595,Asia
2018,LAO,Laos,2.873369,7775.086,Asia
2019,LAO,Laos,2.5339587,8075.275,Asia
2020,LAO,Laos,2.4900937,7995.595,Asia
2021,LAO,Laos,2.929837,8080.4355,Asia
2022,LAO,Laos,2.9830346,8183.0327,Asia
2023,LAO,Laos,3.1516066,8372.156,Asia
2024,LAO,Laos,3.140345,8600.324,Asia
1990,LVA,Latvia,7.3912163,17508.787,Europe
1991,LVA,Latvia,6.7648315,15376.091,Europe
1992,LVA,Latvia,5.428084,10582.207,Europe
1993,LVA,Latvia,4.6499653,10255.142,Europe
1994,LVA,Latvia,4.1131306,10656.608,Europe
1995,LVA,Latvia,3.6742284,10707.515,Europe
1996,LVA,Latvia,3.7477655,11077.862,Europe
1997,LVA,Latvia,3.5672417,12215.016,Europe
1998,LVA,Latvia,3.446172,13138.401,Europe
1999,LVA,Latvia,3.2281199,13619.099,Europe
2000,LVA,Latvia,2.990149,14554.213,Europe
2001,LVA,Latvia,3.2059655,15695.906,Europe
2002,LVA,Latvia,3.2536795,17096.559,Europe
2003,LVA,Latvia,3.3753157,18717.668,Europe
2004,LVA,Latvia,3.41457,20574.12,Europe
2005,LVA,Latvia,3.48728,23213.354,Europe
2006,LVA,Latvia,3.7449162,26431.814,Europe
2007,LVA,Latvia,3.9246342,29423.736,Europe
2008,LVA,Latvia,3.7645316,28726.973,Europe
2009,LVA,Latvia,3.480879,24520.68,Europe
2010,LVA,Latvia,4.0777874,24119.73,Europe
2011,LVA,Latvia,3.7906103,25308.732,Europe
2012,LVA,Latvia,3.6958487,27496.545,Europe
2013,LVA,Latvia,3.660572,28375.184,Europe
2014,LVA,Latvia,3.5966146,29243.742,Europe
2015,LVA,Latvia,3.671832,30599.613,Europe
2016,LVA,Latvia,3.6791766,31668.516,Europe
2017,LVA,Latvia,3.714261,33036.39,Europe
2018,LVA,Latvia,4.0689178,34729.707,Europe
2019,LVA,Latvia,3.9876633,35208.195,Europe
2020,LVA,Latvia,3.681657,34225.9,Europe
2021,LVA,Latvia,3.8281586,36912.01,Europe
2022,LVA,Latvia,3.5129132,37718.71,Europe
2023,LVA,Latvia,3.5007896,37277.723,Europe
2024,LVA,Latvia,3.4520962,37611.67,Europe
1990,LBN,Lebanon,2.188543,5345.512,Asia
1991,LBN,Lebanon,2.2118666,7828.172,Asia
1992,LBN,Lebanon,2.5956604,8924.152,Asia
1993,LBN,Lebanon,2.7102456,9695.315,Asia
1994,LBN,Lebanon,2.8563986,10294.8125,Asia
1995,LBN,Lebanon,3.0940526,10762.442,Asia
1996,LBN,Lebanon,3.160711,11757.282,Asia
1997,LBN,Lebanon,3.6750705,11668.4,Asia
1998,LBN,Lebanon,3.8950913,11885.308,Asia
1999,LBN,Lebanon,3.8610103,11617.25,Asia
2000,LBN,Lebanon,3.5724258,11571.732,Asia
2001,LBN,Lebanon,3.7271454,11817.931,Asia
2002,LBN,Lebanon,3.639235,12053.834,Asia
2003,LBN,Lebanon,4.0943484,12272.344,Asia
2004,LBN,Lebanon,3.7415411,12882.076,Asia
2005,LBN,Lebanon,3.5645077,13024.665,Asia
2006,LBN,Lebanon,3.1134334,13003.681,Asia
2007,LBN,Lebanon,2.8376856,13941.562,Asia
2008,LBN,Lebanon,3.5363462,14955.142,Asia
2009,LBN,Lebanon,4.1979804,16264.351,Asia
2010,LBN,Lebanon,3.9665632,17390.758,Asia
2011,LBN,Lebanon,3.976463,17353.195,Asia
2012,LBN,Lebanon,4.265304,17323.3,Asia
2013,LBN,Lebanon,3.8589656,16396.496,Asia
2014,LBN,Lebanon,3.7800622,15205.873,Asia
2015,LBN,Lebanon,3.9754894,14980.0205,Asia
2016,LBN,Lebanon,4.1811824,15572.361,Asia
2017,LBN,Lebanon,4.516256,16128.584,Asia
2018,LBN,Lebanon,4.313433,16290.052,Asia
2019,LBN,Lebanon,4.3387065,15659.566,Asia
2020,LBN,Lebanon,4.1550837,12507.437,Asia
2021,LBN,Lebanon,3.405726,11599.775,Asia
2022,LBN,Lebanon,2.6739883,11474.751,Asia
2023,LBN,Lebanon,2.694868,11330.269,Asia
1990,LSO,Lesotho,0.81390816,1422.1505,Africa
1991,LSO,Lesotho,0.82929987,1494.2404,Africa
1992,LSO,Lesotho,0.8469162,1571.827,Africa
1993,LSO,Lesotho,0.8573356,1602.5963,Africa
1994,LSO,Lesotho,0.8686212,1675.5978,Africa
1995,LSO,Lesotho,0.8749555,1709.6943,Africa
1996,LSO,Lesotho,0.8805084,1786.1823,Africa
1997,LSO,Lesotho,0.8901345,1837.6965,Africa
1998,LSO,Lesotho,0.9022246,1856.6908,Africa
1999,LSO,Lesotho,0.9108613,1860.7006,Africa
2000,LSO,Lesotho,0.9233507,1932.158,Africa
2001,LSO,Lesotho,0.93575007,2004.0334,Africa
2002,LSO,Lesotho,0.9551779,2024.7872,Africa
2003,LSO,Lesotho,0.9727303,2127.373,Africa
2004,LSO,Lesotho,1.0037694,2178.6648,Africa
2005,LSO,Lesotho,1.0299301,2275.016,Africa
2006,LSO,Lesotho,1.0454761,2381.0203,Africa
2007,LSO,Lesotho,1.0617174,2470.3147,Africa
2008,LSO,Lesotho,1.0787721,2589.1663,Africa
2009,LSO,Lesotho,1.119056,2538.1934,Africa
2010,LSO,Lesotho,1.1398057,2651.378,Africa
2011,LSO,Lesotho,1.3698964,2749.3196,Africa
2012,LSO,Lesotho,1.3724041,2894.227,Africa
2013,LSO,Lesotho,1.0333629,2914.3752,Africa
2014,LSO,Lesotho,1.0780144,2930.6172,Africa
2015,LSO,Lesotho,0.97144276,2986.9587,Africa
2016,LSO,Lesotho,0.95107454,3057.261,Africa
2017,LSO,Lesotho,1.0599036,2924.681,Africa
2018,LSO,Lesotho,0.99167114,2846.4182,Africa
2019,LSO,Lesotho,0.9900399,2773.2864,Africa
2020,LSO,Lesotho,0.88825154,2517.1104,Africa
2021,LSO,Lesotho,1.3690085,2544.7825,Africa
2022,LSO,Lesotho,1.1160188,2577.5454,Africa
2023,LSO,Lesotho,1.0788054,2595.8296,Africa
2024,LSO,Lesotho,1.100255,2640.2854,Africa
1990,LBR,Liberia,0.20512603,1866.4055,Africa
1991,LBR,Liberia,0.19143552,1819.4978,Africa
1992,LBR,Liberia,0.18898162,1115.0377,Africa
1993,LBR,Liberia,0.19363102,718.6832,Africa
1994,LBR,Liberia,0.1931487,563.6404,Africa
1995,LBR,Liberia,0.1918105,534.8097,Africa
1996,LBR,Liberia,0.1914907,582.678,Africa
1997,LBR,Liberia,0.18491004,1111.9376,Africa
1998,LBR,Liberia,0.17716266,1308.4056,Africa
1999,LBR,Liberia,0.13330244,1507.3147,Africa
2000,LBR,Liberia,0.13743748,1868.1798,Africa
2001,LBR,Liberia,0.13721623,1867.1191,Africa
2002,LBR,Liberia,0.13959803,1887.646,Africa
2003,LBR,Liberia,0.14766917,1308.1509,Africa
2004,LBR,Liberia,0.17194374,1326.5356,Africa
2005,LBR,Liberia,0.19708236,1335.6173,Africa
2006,LBR,Liberia,0.19166711,1364.6035,Africa
2007,LBR,Liberia,0.17137542,1422.1002,Africa
2008,LBR,Liberia,0.13891526,1463.124,Africa
2009,LBR,Liberia,0.13238102,1492.9982,Africa
2010,LBR,Liberia,0.17474402,1538.8508,Africa
2011,LBR,Liberia,0.19482812,1601.0337,Africa
2012,LBR,Liberia,0.20923974,1668.9729,Africa
2013,LBR,Liberia,0.19557425,1774.5206,Africa
2014,LBR,Liberia,0.16070946,1750.1438,Africa
2015,LBR,Liberia,0.14995185,1714.0905,Africa
2016,LBR,Liberia,0.13597633,1653.3105,Africa
2017,LBR,Liberia,0.13763127,1661.3029,Africa
2018,LBR,Liberia,0.123087056,1647.9745,Africa
2019,LBR,Liberia,0.18471727,1575.7666,Africa
2020,LBR,Liberia,0.15084057,1497.377,Africa
2021,LBR,Liberia,0.14879413,1539.2089,Africa
2022,LBR,Liberia,0.16075158,1578.9984,Africa
2023,LBR,Liberia,0.15182881,1616.9237,Africa
2024,LBR,Liberia,0.15310843,1646.0586,Africa
1990,LBY,Libya,8.214126,18126.588,Africa
1991,LBY,Libya,9.378534,20506.877,Africa
1992,LBY,Libya,7.9787817,19538.139,Africa
1993,LBY,Libya,8.1783,18434.64,Africa
1994,LBY,Libya,10.651084,18444.514,Africa
1995,LBY,Libya,11.126412,17723.268,Africa
1996,LBY,Libya,10.817645,17809.152,Africa
1997,LBY,Libya,10.223617,18451.7,Africa
1998,LBY,Libya,10.047762,17532.926,Africa
1999,LBY,Libya,9.631955,17402.568,Africa
2000,LBY,Libya,10.035502,17747.02,Africa
2001,LBY,Libya,9.829229,17115.988,Africa
2002,LBY,Libya,9.535416,16629.436,Africa
2003,LBY,Libya,9.873042,18422.734,Africa
2004,LBY,Libya,9.910548,18851.203,Africa
2005,LBY,Libya,9.555808,20649.463,Africa
2006,LBY,Libya,8.603376,21545.299,Africa
2007,LBY,Libya,7.2721353,22422.012,Africa
2008,LBY,Libya,7.970455,21915.197,Africa
2009,LBY,Libya,8.108886,20518.965,Africa
2010,LBY,Libya,9.10271,21115.525,Africa
2011,LBY,Libya,8.440869,10741.921,Africa
2012,LBY,Libya,9.969773,20601.002,Africa
2013,LBY,Libya,8.143835,16557.5,Africa
2014,LBY,Libya,10.634143,12499.083,Africa
2015,LBY,Libya,9.318403,12195.349,Africa
2016,LBY,Libya,8.651652,11831.826,Africa
2017,LBY,Libya,9.956155,15428.116,Africa
2018,LBY,Libya,9.146443,16385.164,Africa
2019,LBY,Libya,10.6139965,14337.196,Africa
2020,LBY,Libya,5.1254168,9978.664,Africa
2021,LBY,Libya,7.8922286,12641.51,Africa
2022,LBY,Libya,8.163843,11450.06,Africa
2023,LBY,Libya,8.79032,12476.598,Africa
2024,LBY,Libya,8.841596,12583.834,Africa
1990,LTU,Lithuania,9.67186,20586.229,Europe
1991,LTU,Lithuania,10.217834,19384.818,Europe
1992,LTU,Lithuania,5.7249885,15280.389,Europe
1993,LTU,Lithuania,4.4344625,12861.695,Europe
1994,LTU,Lithuania,4.3139544,11686.438,Europe
1995,LTU,Lithuania,4.151416,12164.204,Europe
1996,LTU,Lithuania,4.372551,12873.201,Europe
1997,LTU,Lithuania,4.243233,14045.005,Europe
1998,LTU,Lithuania,4.509047,15202.912,Europe
1999,LTU,Lithuania,3.8177571,15143.193,Europe
2000,LTU,Lithuania,3.383328,15771.427,Europe
2001,LTU,Lithuania,3.6261756,16933.023,Europe
2002,LTU,Lithuania,3.6776543,18216.545,Europe
2003,LTU,Lithuania,3.706708,20302.984,Europe
2004,LTU,Lithuania,3.9251728,21867.287,Europe
2005,LTU,Lithuania,4.17262,23944.701,Europe
2006,LTU,Lithuania,4.3413134,26129.34,Europe
2007,LTU,Lithuania,4.7885156,29370.773,Europe
2008,LTU,Lithuania,4.664335,30445.781,Europe
2009,LTU,Lithuania,4.055672,26217.545,Europe
2010,LTU,Lithuania,4.4554987,26887.492,Europe
2011,LTU,Lithuania,4.6092105,29240.748,Europe
2012,LTU,Lithuania,4.7030005,30920.33,Europe
2013,LTU,Lithuania,4.4444146,32474.64,Europe
2014,LTU,Lithuania,4.379493,33975.086,Europe
2015,LTU,Lithuania,4.4894176,35251.297,Europe
2016,LTU,Lithuania,4.5664067,36618.15,Europe
2017,LTU,Lithuania,4.6927924,38774.49,Europe
2018,LTU,Lithuania,4.7866178,41019.79,Europe
2019,LTU,Lithuania,4.8826694,43062.324,Europe
2020,LTU,Lithuania,4.8285885,43091.797,Europe
2021,LTU,Lithuania,4.9304504,45873.527,Europe
2022,LTU,Lithuania,4.5777125,46651.215,Europe
2023,LTU,Lithuania,4.3822517,46159.707,Europe
2024,LTU,Lithuania,4.386505,47165.367,Europe
1990,LUX,Luxembourg,30.93778,81450.57,Europe
1991,LUX,Luxembourg,32.109104,87313.72,Europe
1992,LUX,Luxembourg,31.097712,87729.4,Europe
1993,LUX,Luxembourg,31.062395,90195.664,Europe
1994,LUX,Luxembourg,28.624136,92375.36,Europe
1995,LUX,Luxembourg,22.37544,92391.34,Europe
1996,LUX,Luxembourg,22.199514,92416.516,Europe
1997,LUX,Luxembourg,20.402363,96211.734,Europe
1998,LUX,Luxembourg,18.051826,101364.67,Europe
1999,LUX,Luxembourg,18.886122,108180.41,Europe
2000,LUX,Luxembourg,19.95295,114141.586,Europe
2001,LUX,Luxembourg,20.838215,116258.43,Europe
2002,LUX,Luxembourg,22.353651,118757.53,Europe
2003,LUX,Luxembourg,23.129478,120396.26,Europe
2004,LUX,Luxembourg,25.781944,123720.26,Europe
2005,LUX,Luxembourg,25.949068,124866.86,Europe
2006,LUX,Luxembourg,25.177423,130284.97,Europe
2007,LUX,Luxembourg,23.532677,138677.97,Europe
2008,LUX,Luxembourg,22.83615,135812.22,Europe
2009,LUX,Luxembourg,21.316484,129002.24,Europe
2010,LUX,Luxembourg,22.053823,131432.06,Europe
2011,LUX,Luxembourg,21.38425,129885.37,Europe
2012,LUX,Luxembourg,20.450043,128895.41,Europe
2013,LUX,Luxembourg,18.999275,129945.45,Europe
2014,LUX,Luxembourg,17.62919,130247.664,Europe
2015,LUX,Luxembourg,16.388624,130097.26,Europe
2016,LUX,Luxembourg,15.556185,133661.66,Europe
2017,LUX,Luxembourg,15.508656,132169.83,Europe
2018,LUX,Luxembourg,15.714555,131733.89,Europe
2019,LUX,Luxembourg,15.721521,132724.75,Europe
2020,LUX,Luxembourg,12.795942,129865.63,Europe
2021,LUX,Luxembourg,13.134188,136772.44,Europe
2022,LUX,Luxembourg,11.134566,132570.83,Europe
2023,LUX,Luxembourg,10.2852545,130048.92,Europe
2024,LUX,Luxembourg,10.459649,128475.28,Europe
1990,MAC,Macao,2.567032,55300.746,Asia
1991,MAC,Macao,2.67006,54602.055,Asia
1992,MAC,Macao,2.6279979,58652.79,Asia
1993,MAC,Macao,2.8921435,59589.977,Asia
1994,MAC,Macao,3.0241716,60120.66,Asia
1995,MAC,Macao,2.8212678,60205.707,Asia
1996,MAC,Macao,3.1956131,59115.234,Asia
1997,MAC,Macao,3.2925985,58639.523,Asia
1998,MAC,Macao,3.414289,55296.5,Asia
1999,MAC,Macao,3.3126929,53348.01,Asia
2000,MAC,Macao,3.493785,55994.76,Asia
2001,MAC,Macao,3.506606,57173.86,Asia
2002,MAC,Macao,3.0451245,61625.957,Asia
2003,MAC,Macao,3.0307977,67994.78,Asia
2004,MAC,Macao,3.2824936,84004.45,Asia
2005,MAC,Macao,3.3946743,87185.52,Asia
2006,MAC,Macao,2.859169,93828.32,Asia
2007,MAC,Macao,2.6097217,102879.64,Asia
2008,MAC,Macao,2.105688,102474.67,Asia
2009,MAC,Macao,3.447344,104911.14,Asia
2010,MAC,Macao,2.193938,130758.28,Asia
2011,MAC,Macao,2.246861,155385.33,Asia
2012,MAC,Macao,1.9272721,164239.27,Asia
2013,MAC,Macao,1.6522367,174569.52,Asia
2014,MAC,Macao,2.1192448,162813.44,Asia
2015,MAC,Macao,2.850239,123194.07,Asia
2016,MAC,Macao,2.8072777,120530.055,Asia
2017,MAC,Macao,2.980806,133322.62,Asia
2018,MAC,Macao,1.8854574,139541.16,Asia
2019,MAC,Macao,1.8074762,133453.89,Asia
2020,MAC,Macao,1.5126553,59662.484,Asia
2021,MAC,Macao,1.4826874,73374.445,Asia
2022,MAC,Macao,1.4889758,59921.44,Asia
2023,MAC,Macao,1.4607671,104815.2,Asia
2024,MAC,Macao,1.4665723,111693.5,Asia
1990,MDG,Madagascar,0.078328095,1968.2723,Africa
1991,MDG,Madagascar,0.082508005,1789.8417,Africa
1992,MDG,Madagascar,0.078341946,1757.2946,Africa
1993,MDG,Madagascar,0.07792896,1740.2952,Africa
1994,MDG,Madagascar,0.084635735,1686.3419,Africa
1995,MDG,Madagascar,0.08486352,1661.2706,Africa
1996,MDG,Madagascar,0.086074546,1643.3258,Africa
1997,MDG,Madagascar,0.102408156,1649.4481,Africa
1998,MDG,Madagascar,0.10452676,1658.8885,Africa
1999,MDG,Madagascar,0.110393636,1681.3594,Africa
2000,MDG,Madagascar,0.118377954,1701.4432,Africa
2001,MDG,Madagascar,0.10254746,1748.5035,Africa
2002,MDG,Madagascar,0.070208035,1486.4343,Africa
2003,MDG,Madagascar,0.094034925,1584.7493,Africa
2004,MDG,Madagascar,0.09697502,1620.1195,Africa
2005,MDG,Madagascar,0.090879135,1648.1763,Africa
2006,MDG,Madagascar,0.084877506,1686.8634,Africa
2007,MDG,Madagascar,0.085030064,1731.6176,Africa
2008,MDG,Madagascar,0.085418634,1794.4023,Africa
2009,MDG,Madagascar,0.078852236,1673.1555,Africa
2010,MDG,Madagascar,0.08437475,1635.2451,Africa
2011,MDG,Madagascar,0.10208666,1614.5514,Africa
2012,MDG,Madagascar,0.1133812,1617.7908,Africa
2013,MDG,Madagascar,0.12696019,1610.6023,Africa
2014,MDG,Madagascar,0.11997098,1620.3579,Africa
2015,MDG,Madagascar,0.12275394,1627.5806,Africa
2016,MDG,Madagascar,0.1247817,1648.9122,Africa
2017,MDG,Madagascar,0.14199392,1669.7277,Africa
2018,MDG,Madagascar,0.13109523,1678.7863,Africa
2019,MDG,Madagascar,0.14693762,1707.8315,Africa
2020,MDG,Madagascar,0.13083282,1545.7272,Africa
2021,MDG,Madagascar,0.14300844,1577.4325,Africa
2022,MDG,Madagascar,0.13830549,1602.7136,Africa
2023,MDG,Madagascar,0.14254327,1629.4609,Africa
2024,MDG,Madagascar,0.14166704,1657.0497,Africa
1990,MWI,Malawi,0.0771964,1047.4644,Africa
1991,MWI,Malawi,0.07998139,1104.3905,Africa
1992,MWI,Malawi,0.07765985,994.0365,Africa
1993,MWI,Malawi,0.08543113,1074.5848,Africa
1994,MWI,Malawi,0.08871215,975.8497,Africa
1995,MWI,Malawi,0.08897331,1140.7561,Africa
1996,MWI,Malawi,0.08882437,1200.3206,Africa
1997,MWI,Malawi,0.08693609,1221.094,Africa
1998,MWI,Malawi,0.08355085,1241.5243,Africa
1999,MWI,Malawi,0.08085438,1249.7753,Africa
2000,MWI,Malawi,0.075467125,1239.3917,Africa
2001,MWI,Malawi,0.067047715,1149.5804,Africa
2002,MWI,Malawi,0.07207096,1140.8428,Africa
2003,MWI,Malawi,0.07509989,1176.1239,Africa
2004,MWI,Malawi,0.072129995,1208.2197,Africa
2005,MWI,Malawi,0.06583464,1214.7427,Africa
2006,MWI,Malawi,0.064500906,1237.2739,Africa
2007,MWI,Malawi,0.067704454,1318.3319,Africa
2008,MWI,Malawi,0.07145645,1378.4288,Africa
2009,MWI,Malawi,0.07068769,1449.7261,Africa
2010,MWI,Malawi,0.06556937,1504.3751,Africa
2011,MWI,Malawi,0.067726314,1533.2289,Africa
2012,MWI,Malawi,0.06624946,1518.1481,Africa
2013,MWI,Malawi,0.06931331,1555.5061,Africa
2014,MWI,Malawi,0.06107204,1597.5648,Africa
2015,MWI,Malawi,0.061449982,1597.6914,Africa
2016,MWI,Malawi,0.066776246,1593.5955,Africa
2017,MWI,Malawi,0.0661337,1613.0593,Africa
2018,MWI,Malawi,0.09121552,1638.9166,Africa
2019,MWI,Malawi,0.0891084,1687.2894,Africa
2020,MWI,Malawi,0.09563126,1656.4398,Africa
2021,MWI,Malawi,0.08392642,1687.5936,Africa
2022,MWI,Malawi,0.08757896,1659.9594,Africa
2023,MWI,Malawi,0.087780796,1649.2987,Africa
2024,MWI,Malawi,0.08688312,1634.2466,Africa
1990,MYS,Malaysia,3.0431683,12013.697,Asia
1991,MYS,Malaysia,3.5864918,12795.05,Asia
1992,MYS,Malaysia,3.8737822,13567.894,Asia
1993,MYS,Malaysia,4.482424,14533.79,Asia
1994,MYS,Malaysia,4.4145036,15474.015,Asia
1995,MYS,Malaysia,5.390652,16568.516,Asia
1996,MYS,Malaysia,5.2809606,17771.71,Asia
1997,MYS,Malaysia,5.5424604,18604.514,Asia
1998,MYS,Malaysia,5.0113263,16817.172,Asia
1999,MYS,Malaysia,4.634905,17428.625,Asia
2000,MYS,Malaysia,5.3501554,18532.91,Asia
2001,MYS,Malaysia,5.563507,18186.441,Asia
2002,MYS,Malaysia,5.4780774,18708.87,Asia
2003,MYS,Malaysia,6.215024,19329.006,Asia
2004,MYS,Malaysia,6.717976,20168.506,Asia
2005,MYS,Malaysia,6.5791078,20767.586,Asia
2006,MYS,Malaysia,6.441329,21444.486,Asia
2007,MYS,Malaysia,6.498702,22305.12,Asia
2008,MYS,Malaysia,6.994802,22898.002,Asia
2009,MYS,Malaysia,6.8310843,22106.643,Asia
2010,MYS,Malaysia,6.956588,23307.97,Asia
2011,MYS,Malaysia,6.9766316,24115.818,Asia
2012,MYS,Malaysia,7.180488,25006.36,Asia
2013,MYS,Malaysia,8.009178,25736.354,Asia
2014,MYS,Malaysia,7.9832,26818.432,Asia
2015,MYS,Malaysia,7.554295,27699.627,Asia
2016,MYS,Malaysia,7.4644914,28425.371,Asia
2017,MYS,Malaysia,7.5553155,29551.545,Asia
2018,MYS,Malaysia,7.9805346,30459.965,Asia
2019,MYS,Malaysia,8.303469,31300.508,Asia
2020,MYS,Malaysia,7.735682,29200.453,Asia
2021,MYS,Malaysia,7.9729576,29822.85,Asia
2022,MYS,Malaysia,8.124508,32129.223,Asia
2023,MYS,Malaysia,7.8658104,32857.668,Asia
2024,MYS,Malaysia,8.16206,34116.23,Asia
1990,MDV,Maldives,0.7498443,8945.805,Asia
1991,MDV,Maldives,0.663854,8799.255,Asia
1992,MDV,Maldives,0.9676097,9120.992,Asia
1993,MDV,Maldives,0.7929667,9378.522,Asia
1994,MDV,Maldives,0.788802,9866.075,Asia
1995,MDV,Maldives,0.9707473,10894.173,Asia
1996,MDV,Maldives,1.1033032,11495.099,Asia
1997,MDV,Maldives,1.231776,12210.969,Asia
1998,MDV,Maldives,1.1016155,12884.723,Asia
1999,MDV,Maldives,1.5188359,13449.203,Asia
2000,MDV,Maldives,1.597986,13738.281,Asia
2001,MDV,Maldives,1.6098306,12977.999,Asia
2002,MDV,Maldives,2.0227754,13689.807,Asia
2003,MDV,Maldives,1.7177105,15316.119,Asia
2004,MDV,Maldives,2.2002282,15958.656,Asia
2005,MDV,Maldives,1.9609632,13942.875,Asia
2006,MDV,Maldives,2.3697755,16829.977,Asia
2007,MDV,Maldives,2.4051108,17439.951,Asia
2008,MDV,Maldives,2.4958682,18344.486,Asia
2009,MDV,Maldives,2.5353708,16230.009,Asia
2010,MDV,Maldives,2.5794091,16730.014,Asia
2011,MDV,Maldives,2.6375725,17581.768,Asia
2012,MDV,Maldives,2.8700407,17390.148,Asia
2013,MDV,Maldives,2.738313,17986.89,Asia
2014,MDV,Maldives,3.1889908,18765.36,Asia
2015,MDV,Maldives,2.995107,18829.447,Asia
2016,MDV,Maldives,3.231609,19345.18,Asia
2017,MDV,Maldives,3.301859,20036.717,Asia
2018,MDV,Maldives,3.6709237,21072.58,Asia
2019,MDV,Maldives,4.0866613,21855.502,Asia
2020,MDV,Maldives,3.3420072,14242.975,Asia
2021,MDV,Maldives,3.8687005,19052.623,Asia
2022,MDV,Maldives,4.22769,21357.81,Asia
2023,MDV,Maldives,4.1925783,22333.047,Asia
2024,MDV,Maldives,4.3694687,23034.41,Asia
1990,MLI,Mali,0.04600185,1890.5021,Africa
1991,MLI,Mali,0.045487475,2087.919,Africa
1992,MLI,Mali,0.048413675,1942.7285,Africa
1993,MLI,Mali,0.05154526,1985.3806,Africa
1994,MLI,Mali,0.055020675,2051.755,Africa
1995,MLI,Mali,0.05843677,2022.4038,Africa
1996,MLI,Mali,0.062079754,2105.2754,Africa
1997,MLI,Mali,0.06790974,2142.7876,Africa
1998,MLI,Mali,0.08522821,2228.2004,Africa
1999,MLI,Mali,0.08648113,2269.0874,Africa
2000,MLI,Mali,0.092239566,2187.719,Africa
2001,MLI,Mali,0.097504385,2458.4617,Africa
2002,MLI,Mali,0.09839803,2455.6194,Africa
2003,MLI,Mali,0.09820771,2611.837,Africa
2004,MLI,Mali,0.10794224,2565.9775,Africa
2005,MLI,Mali,0.10771179,2546.3328,Africa
2006,MLI,Mali,0.10973555,2555.0747,Africa
2007,MLI,Mali,0.12341926,2515.947,Africa
2008,MLI,Mali,0.13095535,2523.1997,Africa
2009,MLI,Mali,0.12224778,2575.5454,Africa
2010,MLI,Mali,0.1309786,2632.2646,Africa
2011,MLI,Mali,0.13838123,2623.3462,Africa
2012,MLI,Mali,0.14369018,2520.5293,Africa
2013,MLI,Mali,0.15712795,2528.53,Africa
2014,MLI,Mali,0.17421013,2609.1672,Africa
2015,MLI,Mali,0.18281606,2686.5605,Africa
2016,MLI,Mali,0.22333899,2759.1106,Africa
2017,MLI,Mali,0.24057674,2816.1943,Africa
2018,MLI,Mali,0.25429592,2862.4072,Africa
2019,MLI,Mali,0.26551783,2916.1716,Africa
2020,MLI,Mali,0.29152176,2796.4104,Africa
2021,MLI,Mali,0.33021975,2796.228,Africa
2022,MLI,Mali,0.3042441,2813.811,Africa
2023,MLI,Mali,0.28368795,2860.4282,Africa
2024,MLI,Mali,0.2850997,2916.1853,Africa
1990,MLT,Malta,6.5977826,18207.428,Europe
1991,MLT,Malta,6.118082,18832.13,Europe
1992,MLT,Malta,6.119478,19513.186,Europe
1993,MLT,Malta,7.629392,20184.914,Europe
1994,MLT,Malta,6.9687915,21127.064,Europe
1995,MLT,Malta,6.376517,22310.963,Europe
1996,MLT,Malta,6.5371246,23002.21,Europe
1997,MLT,Malta,6.5430026,24028.895,Europe
1998,MLT,Malta,6.4120502,25096.875,Europe
1999,MLT,Malta,6.4824777,26126.09,Europe
2000,MLT,Malta,6.1718907,31066.924,Europe
2001,MLT,Malta,6.7940903,30600.973,Europe
2002,MLT,Malta,6.773783,31206.271,Europe
2003,MLT,Malta,7.2528267,32146.68,Europe
2004,MLT,Malta,6.935497,32061.572,Europe
2005,MLT,Malta,6.4109755,32775.75,Europe
2006,MLT,Malta,6.3913054,33419.473,Europe
2007,MLT,Malta,6.5383353,34980.402,Europe
2008,MLT,Malta,6.4951987,36286.375,Europe
2009,MLT,Malta,6.0857034,35511.355,Europe
2010,MLT,Malta,6.1971707,37527.34,Europe
2011,MLT,Malta,6.1422067,37739.445,Europe
2012,MLT,Malta,6.4438725,38935.7,Europe
2013,MLT,Malta,5.6706905,40919.793,Europe
2014,MLT,Malta,5.563529,43161.543,Europe
2015,MLT,Malta,3.8147235,46170.17,Europe
2016,MLT,Malta,3.0220766,46965.6,Europe
2017,MLT,Malta,3.2853162,51626.348,Europe
2018,MLT,Malta,3.194038,53417.016,Europe
2019,MLT,Malta,3.272104,53391.438,Europe
2020,MLT,Malta,3.089255,50387.82,Europe
2021,MLT,Malta,3.072962,56852.32,Europe
2022,MLT,Malta,3.3590784,56841.957,Europe
2023,MLT,Malta,3.317301,60418.395,Europe
2024,MLT,Malta,3.2037206,62700.496,Europe
1992,MHL,Marshall Islands,1.6580615,4029.3413,Oceania
1993,MHL,Marshall Islands,1.7109866,4207.4097,Oceania
1994,MHL,Marshall Islands,1.7655612,4396.9146,Oceania
1995,MHL,Marshall Islands,1.8212621,4703.433,Oceania
1996,MHL,Marshall Islands,1.8772415,4174.814,Oceania
1997,MHL,Marshall Islands,1.8588794,3867.3428,Oceania
1998,MHL,Marshall Islands,1.8418725,3805.887,Oceania
1999,MHL,Marshall Islands,1.8239383,3718.811,Oceania
2000,MHL,Marshall Islands,1.9504347,3772.2158,Oceania
2001,MHL,Marshall Islands,2.0062187,4000.7305,Oceania
2002,MHL,Marshall Islands,2.136817,4121.84,Oceania
2003,MHL,Marshall Islands,2.127882,4040.655,Oceania
2004,MHL,Marshall Islands,2.1926143,4012.3445,Oceania
2005,MHL,Marshall Islands,2.1873362,4075.1587,Oceania
2006,MHL,Marshall Islands,2.324739,4075.5764,Oceania
2007,MHL,Marshall Islands,2.463785,4222.413,Oceania
2008,MHL,Marshall Islands,2.4638324,3903.3057,Oceania
2009,MHL,Marshall Islands,2.5348604,4047.2268,Oceania
2010,MHL,Marshall Islands,2.603872,4269.3584,Oceania
2011,MHL,Marshall Islands,2.610742,4259.116,Oceania
2012,MHL,Marshall Islands,2.6355612,4244.0444,Oceania
2013,MHL,Marshall Islands,2.74641,4469.8535,Oceania
2014,MHL,Marshall Islands,2.7949815,4491.9917,Oceania
2015,MHL,Marshall Islands,2.9268172,4670.1094,Oceania
2016,MHL,Marshall Islands,2.9938405,4896.522,Oceania
2017,MHL,Marshall Islands,3.1488483,5199.344,Oceania
2018,MHL,Marshall Islands,3.2348201,5635.3076,Oceania
2019,MHL,Marshall Islands,3.3286395,6405.0757,Oceania
2020,MHL,Marshall Islands,3.4300692,6417.1846,Oceania
2021,MHL,Marshall Islands,3.5412085,6767.958,Oceania
2022,MHL,Marshall Islands,3.7019005,6936.865,Oceania
2023,MHL,Marshall Islands,3.802466,6801.6147,Oceania
2024,MHL,Marshall Islands,4.1115723,7209.2666,Oceania
1990,MRT,Mauritania,0.43727973,5519.6104,Africa
1991,MRT,Mauritania,0.43208,5456.5557,Africa
1992,MRT,Mauritania,0.43340325,5350.118,Africa
1993,MRT,Mauritania,0.4262452,5439.8223,Africa
1994,MRT,Mauritania,0.42650598,5097.2085,Africa
1995,MRT,Mauritania,0.43897757,5446.2695,Africa
1996,MRT,Mauritania,0.4505823,5650.3413,Africa
1997,MRT,Mauritania,0.44673365,5302.3667,Africa
1998,MRT,Mauritania,0.43381974,5310.158,Africa
1999,MRT,Mauritania,0.4310249,5359.989,Africa
2000,MRT,Mauritania,0.42620137,5008.608,Africa
2001,MRT,Mauritania,0.43769407,4847.4106,Africa
2002,MRT,Mauritania,0.45621744,4806.8984,Africa
2003,MRT,Mauritania,0.45897254,5023.6523,Africa
2004,MRT,Mauritania,0.48279917,5139.2256,Africa
2005,MRT,Mauritania,0.48780018,5445.8296,Africa
2006,MRT,Mauritania,0.51435083,6284.702,Africa
2007,MRT,Mauritania,0.56823957,6002.7783,Africa
2008,MRT,Mauritania,0.575122,5813.356,Africa
2009,MRT,Mauritania,0.6126736,5639.7876,Africa
2010,MRT,Mauritania,0.6173812,5605.7637,Africa
2011,MRT,Mauritania,0.635654,5653.2173,Africa
2012,MRT,Mauritania,0.6763049,5716.252,Africa
2013,MRT,Mauritania,0.5807892,5769.7285,Africa
2014,MRT,Mauritania,0.66590583,5837.852,Africa
2015,MRT,Mauritania,0.7570643,5969.5425,Africa
2016,MRT,Mauritania,0.6420559,5866.2812,Africa
2017,MRT,Mauritania,0.8505046,6050.6216,Africa
2018,MRT,Mauritania,1.0246092,6153.6377,Africa
2019,MRT,Mauritania,1.0325818,6162.2104,Africa
2020,MRT,Mauritania,1.0394301,5963.2354,Africa
2021,MRT,Mauritania,0.95032835,5836.566,Africa
2022,MRT,Mauritania,1.0803561,6053.2617,Africa
2023,MRT,Mauritania,1.0028783,6276.475,Africa
2024,MRT,Mauritania,1.0134012,6482.69,Africa
1990,MUS,Mauritius,1.3424166,9058.666,Africa
1991,MUS,Mauritius,1.3785051,9358.886,Africa
1992,MUS,Mauritius,1.5276556,9838.103,Africa
1993,MUS,Mauritius,1.5660373,10216.242,Africa
1994,MUS,Mauritius,1.4156724,10490.889,Africa
1995,MUS,Mauritius,1.5763909,10847.03,Africa
1996,MUS,Mauritius,1.6626276,11336.6045,Africa
1997,MUS,Mauritius,1.6861211,11832.288,Africa
1998,MUS,Mauritius,1.8149679,12419.468,Africa
1999,MUS,Mauritius,2.0114121,12582.752,Africa
2000,MUS,Mauritius,2.210509,13481.754,Africa
2001,MUS,Mauritius,2.334449,13823.417,Africa
2002,MUS,Mauritius,2.3365946,13949.475,Africa
2003,MUS,Mauritius,2.4631307,14669.5,Africa
2004,MUS,Mauritius,2.471399,15209.017,Africa
2005,MUS,Mauritius,2.620026,15387.98,Africa
2006,MUS,Mauritius,2.870235,16061.603,Africa
2007,MUS,Mauritius,2.9034424,16904.275,Africa
2008,MUS,Mauritius,2.9550357,17750.594,Africa
2009,MUS,Mauritius,2.8991694,18290.406,Africa
2010,MUS,Mauritius,3.0506911,19045.654,Africa
2011,MUS,Mauritius,3.0450964,19790.53,Africa
2012,MUS,Mauritius,3.0751846,20425.707,Africa
2013,MUS,Mauritius,3.1503313,21061.03,Africa
2014,MUS,Mauritius,3.2556133,21827.48,Africa
2015,MUS,Mauritius,3.2577507,22603.088,Africa
2016,MUS,Mauritius,3.3610594,23460.002,Africa
2017,MUS,Mauritius,3.517361,24361.875,Africa
2018,MUS,Mauritius,3.4569364,25324.178,Africa
2019,MUS,Mauritius,3.5179577,26047.975,Africa
2020,MUS,Mauritius,2.9609385,22258.387,Africa
2021,MUS,Mauritius,3.1009886,23010.201,Africa
2022,MUS,Mauritius,3.3826706,25085.988,Africa
2023,MUS,Mauritius,3.602115,26635.012,Africa
2024,MUS,Mauritius,3.6766226,28011.158,Africa
1990,MEX,Mexico,3.8245006,17169.592,North America
1991,MEX,Mexico,3.9065359,17511.73,North America
1992,MEX,Mexico,3.8637242,17796.406,North America
1993,MEX,Mexico,3.852906,17970.588,North America
1994,MEX,Mexico,3.9383492,18422.82,North America
1995,MEX,Mexico,3.6418269,17028.121,North America
1996,MEX,Mexico,3.694254,17775.873,North America
1997,MEX,Mexico,3.8551505,18737.643,North America
1998,MEX,Mexico,3.987453,19573.066,North America
1999,MEX,Mexico,3.9750144,19793.285,North America
2000,MEX,Mexico,3.968903,20470.494,North America
2001,MEX,Mexico,4.0708127,20078.219,North America
2002,MEX,Mexico,4.040439,19744.793,North America
2003,MEX,Mexico,4.2335887,19701.463,North America
2004,MEX,Mexico,4.201275,20127.225,North America
2005,MEX,Mexico,4.379822,20277.256,North America
2006,MEX,Mexico,4.4243016,20965.826,North America
2007,MEX,Mexico,4.353924,21102.27,North America
2008,MEX,Mexico,4.2852488,20992.56,North America
2009,MEX,Mexico,4.109744,19385.543,North America
2010,MEX,Mexico,4.0168395,20058.385,North America
2011,MEX,Mexico,4.1937428,20457.6,North America
2012,MEX,Mexico,4.292929,20898.936,North America
2013,MEX,Mexico,4.1862144,20805.348,North America
2014,MEX,Mexico,4.040969,21069.766,North America
2015,MEX,Mexico,3.9598958,21408.928,North America
2016,MEX,Mexico,3.9167483,21578.264,North America
2017,MEX,Mexico,3.7634232,21777.523,North America
2018,MEX,Mexico,3.760188,21997.773,North America
2019,MEX,Mexico,3.7231612,21704.186,North America
2020,MEX,Mexico,3.382808,19728.482,North America
2021,MEX,Mexico,3.500541,20782.588,North America
2022,MEX,Mexico,3.5284045,21391.857,North America
2023,MEX,Mexico,3.5321004,21917.248,North America
2024,MEX,Mexico,3.5227275,22039.629,North America
1992,FSM,Micronesia (country),1.293304,3347.6455,Oceania
1993,FSM,Micronesia (country),1.3344539,3543.7498,Oceania
1994,FSM,Micronesia (country),1.4106518,3459.8857,Oceania
1995,FSM,Micronesia (country),1.5952977,3663.7825,Oceania
1996,FSM,Micronesia (country),1.6545794,3526.0925,Oceania
1997,FSM,Micronesia (country),1.7480916,3296.3357,Oceania
1998,FSM,Micronesia (country),1.8419664,3380.5332,Oceania
1999,FSM,Micronesia (country),1.7058187,3409.417,Oceania
2000,FSM,Micronesia (country),1.6020416,3555.4995,Oceania
2001,FSM,Micronesia (country),1.4671911,3609.8726,Oceania
2002,FSM,Micronesia (country),1.3357519,3623.1963,Oceania
2003,FSM,Micronesia (country),1.4356089,3692.4172,Oceania
2004,FSM,Micronesia (country),1.2765524,3586.1125,Oceania
2005,FSM,Micronesia (country),1.019422,3685.9944,Oceania
2006,FSM,Micronesia (country),1.025691,3701.3508,Oceania
2007,FSM,Micronesia (country),1.1669215,3665.6575,Oceania
2008,FSM,Micronesia (country),1.042562,3601.9004,Oceania
2009,FSM,Micronesia (country),1.3574393,3674.4883,Oceania
2010,FSM,Micronesia (country),0.9538207,3764.953,Oceania
2011,FSM,Micronesia (country),1.0885323,3901.6758,Oceania
2012,FSM,Micronesia (country),1.1884198,3828.747,Oceania
2013,FSM,Micronesia (country),1.2537153,3680.1064,Oceania
2014,FSM,Micronesia (country),1.2843451,3575.8508,Oceania
2015,FSM,Micronesia (country),1.3142642,3723.399,Oceania
2016,FSM,Micronesia (country),1.309915,3746.1301,Oceania
2017,FSM,Micronesia (country),1.3050458,3813.4421,Oceania
2018,FSM,Micronesia (country),1.2999408,3798.592,Oceania
2019,FSM,Micronesia (country),1.2956035,3940.2644,Oceania
2020,FSM,Micronesia (country),1.2881637,3852.2002,Oceania
2021,FSM,Micronesia (country),1.2800287,3946.416,Oceania
2022,FSM,Micronesia (country),1.2907457,3814.9907,Oceania
2023,FSM,Micronesia (country),1.2786695,3814.7202,Oceania
2024,FSM,Micronesia (country),1.3309593,3824.1523,Oceania
1990,MDA,Moldova,8.201354,15902.895,Europe
1991,MDA,Moldova,6.645831,13342.06,Europe
1992,MDA,Moldova,4.708137,9461.428,Europe
1993,MDA,Moldova,3.562265,9363.593,Europe
1994,MDA,Moldova,2.8023643,6490.353,Europe
1995,MDA,Moldova,2.5837898,6428.84,Europe
1996,MDA,Moldova,2.6636314,6063.1406,Europe
1997,MDA,Moldova,1.6763359,6185.8394,Europe
1998,MDA,Moldova,1.4920737,5783.486,Europe
1999,MDA,Moldova,1.0949736,5597.4653,Europe
2000,MDA,Moldova,0.8436784,5727.079,Europe
2001,MDA,Moldova,0.9037703,6090.0347,Europe
2002,MDA,Moldova,0.9779864,6580.2783,Europe
2003,MDA,Moldova,1.0754136,7034.358,Europe
2004,MDA,Moldova,1.1400539,7573.6177,Europe
2005,MDA,Moldova,1.2378939,8161.4736,Europe
2006,MDA,Moldova,1.2826668,8577.028,Europe
2007,MDA,Moldova,1.2926619,8854.834,Europe
2008,MDA,Moldova,1.373297,9563.698,Europe
2009,MDA,Moldova,1.2248387,9001.234,Europe
2010,MDA,Moldova,1.3300986,9649.951,Europe
2011,MDA,Moldova,1.3901005,10217.309,Europe
2012,MDA,Moldova,1.3684151,10158.386,Europe
2013,MDA,Moldova,1.4372926,11080.063,Europe
2014,MDA,Moldova,1.4225419,11641.121,Europe
2015,MDA,Moldova,1.4556859,11691.08,Europe
2016,MDA,Moldova,1.5156391,12377.366,Europe
2017,MDA,Moldova,1.593989,13118.822,Europe
2018,MDA,Moldova,1.6967708,13895.504,Europe
2019,MDA,Moldova,1.727951,14621.24,Europe
2020,MDA,Moldova,1.6659853,13559.26,Europe
2021,MDA,Moldova,1.9049147,15682.07,Europe
2022,MDA,Moldova,1.7018101,15358.016,Europe
2023,MDA,Moldova,1.7375865,15990.4795,Europe
2024,MDA,Moldova,1.7551568,16376.611,Europe
1990,MNG,Mongolia,4.52331,6637.8193,Asia
1991,MNG,Mongolia,5.429429,5874.2554,Asia
1992,MNG,Mongolia,4.886993,5324.488,Asia
1993,MNG,Mongolia,4.043529,5162.1,Asia
1994,MNG,Mongolia,3.410949,5213.846,Asia
1995,MNG,Mongolia,3.355313,5457.685,Asia
1996,MNG,Mongolia,3.3575282,5494.3213,Asia
1997,MNG,Mongolia,3.1873918,5628.1064,Asia
1998,MNG,Mongolia,3.158794,5735.8438,Asia
1999,MNG,Mongolia,3.0761979,5829.1665,Asia
2000,MNG,Mongolia,3.0270114,5818.243,Asia
2001,MNG,Mongolia,3.1496732,5917.071,Asia
2002,MNG,Mongolia,3.27853,6117.9824,Asia
2003,MNG,Mongolia,3.1463904,6463.7896,Asia
2004,MNG,Mongolia,3.343203,7070.667,Asia
2005,MNG,Mongolia,3.321716,7499.848,Asia
2006,MNG,Mongolia,3.590729,8043.9966,Asia
2007,MNG,Mongolia,4.5851007,8750.134,Asia
2008,MNG,Mongolia,4.5238576,9379.8545,Asia
2009,MNG,Mongolia,4.8887124,9095.977,Asia
2010,MNG,Mongolia,5.097588,9507.119,Asia
2011,MNG,Mongolia,7.7837563,10960.096,Asia
2012,MNG,Mongolia,12.5189295,12078.919,Asia
2013,MNG,Mongolia,15.24536,13210.095,Asia
2014,MNG,Mongolia,10.171428,13943.428,Asia
2015,MNG,Mongolia,7.820735,13974.597,Asia
2016,MNG,Mongolia,8.42837,13898.1455,Asia
2017,MNG,Mongolia,10.997071,14401.537,Asia
2018,MNG,Mongolia,14.306628,15230.241,Asia
2019,MNG,Mongolia,14.578362,15790.696,Asia
2020,MNG,Mongolia,12.9080105,14801.342,Asia
2021,MNG,Mongolia,10.771015,14792.251,Asia
2022,MNG,Mongolia,11.944179,15310.435,Asia
2023,MNG,Mongolia,12.874261,16222.864,Asia
2024,MNG,Mongolia,12.859549,16842.65,Asia
1997,MNE,Montenegro,2.96929,14638.797,Europe
1998,MNE,Montenegro,3.1226497,15403.052,Europe
1999,MNE,Montenegro,2.1527605,13993.415,Europe
2000,MNE,Montenegro,2.3896496,14452.276,Europe
2001,MNE,Montenegro,2.566302,14552.556,Europe
2002,MNE,Montenegro,2.7462206,14770.316,Europe
2003,MNE,Montenegro,2.940909,15076.714,Europe
2004,MNE,Montenegro,3.2095447,15716.141,Europe
2005,MNE,Montenegro,3.0504684,16348.968,Europe
2006,MNE,Montenegro,3.254315,17727.44,Europe
2007,MNE,Montenegro,3.2452526,18966.531,Europe
2008,MNE,Montenegro,4.116431,20239.006,Europe
2009,MNE,Montenegro,2.6591656,18985.018,Europe
2010,MNE,Montenegro,3.831593,19476.244,Europe
2011,MNE,Montenegro,3.8047888,20110.57,Europe
2012,MNE,Montenegro,3.493126,19576.494,Europe
2013,MNE,Montenegro,3.3966699,20201.375,Europe
2014,MNE,Montenegro,3.3368337,20641.85,Europe
2015,MNE,Montenegro,3.5639925,21131.928,Europe
2016,MNE,Montenegro,3.2282143,21834.182,Europe
2017,MNE,Montenegro,3.3915422,22513.875,Europe
2018,MNE,Montenegro,3.903202,23562.273,Europe
2019,MNE,Montenegro,4.0493402,24585.219,Europe
2020,MNE,Montenegro,3.9536924,20904.688,Europe
2021,MNE,Montenegro,3.9925413,23690.078,Europe
2022,MNE,Montenegro,4.0595264,25583.422,Europe
2023,MNE,Montenegro,3.7989702,27243.518,Europe
2024,MNE,Montenegro,3.7217364,28105.709,Europe
1990,MAR,Morocco,0.9147687,4418.66,Africa
1991,MAR,Morocco,0.9552058,4656.126,Africa
1992,MAR,Morocco,0.9811329,4483.2495,Africa
1993,MAR,Morocco,1.0455822,4379.764,Africa
1994,MAR,Morocco,1.0816504,4771.093,Africa
1995,MAR,Morocco,1.0890489,4444.2285,Africa
1996,MAR,Morocco,1.101328,4916.48,Africa
1997,MAR,Morocco,1.1015766,4766.1104,Africa
1998,MAR,Morocco,1.118006,5033.9233,Africa
1999,MAR,Morocco,1.1413679,5043.665,Africa
2000,MAR,Morocco,1.1680162,5100.1157,Africa
2001,MAR,Morocco,1.2774382,5417.5786,Africa
2002,MAR,Morocco,1.2778043,5544.072,Africa
2003,MAR,Morocco,1.2366714,5810.053,Africa
2004,MAR,Morocco,1.4097261,5996.39,Africa
2005,MAR,Morocco,1.4711298,6103.4224,Africa
2006,MAR,Morocco,1.5030109,6488.674,Africa
2007,MAR,Morocco,1.5683955,6620.5903,Africa
2008,MAR,Morocco,1.6253583,6901.9507,Africa
2009,MAR,Morocco,1.5878394,7063.727,Africa
2010,MAR,Morocco,1.6744752,7210.6367,Africa
2011,MAR,Morocco,1.6670716,7503.793,Africa
2012,MAR,Morocco,1.7074838,7628.644,Africa
2013,MAR,Morocco,1.6753621,7839.032,Africa
2014,MAR,Morocco,1.6715473,7951.7983,Africa
2015,MAR,Morocco,1.6903471,8198.809,Africa
2016,MAR,Morocco,1.6690949,8141.9404,Africa
2017,MAR,Morocco,1.7238358,8450.009,Africa
2018,MAR,Morocco,1.7387096,8611.75,Africa
2019,MAR,Morocco,1.8984194,8768.176,Africa
2020,MAR,Morocco,1.764199,8054.563,Africa
2021,MAR,Morocco,1.9016743,8623.266,Africa
2022,MAR,Morocco,1.8693061,8690.448,Africa
2023,MAR,Morocco,1.8286018,8915.352,Africa
2024,MAR,Morocco,1.813556,9162.747,Africa
1990,MOZ,Mozambique,0.07830564,547.6228,Africa
1991,MOZ,Mozambique,0.0705106,563.5121,Africa
1992,MOZ,Mozambique,0.07545598,510.8228,Africa
1993,MOZ,Mozambique,0.08115505,549.04877,Africa
1994,MOZ,Mozambique,0.07303744,546.2097,Africa
1995,MOZ,Mozambique,0.07086062,525.4187,Africa
1996,MOZ,Mozambique,0.0662007,562.8575,Africa
1997,MOZ,Mozambique,0.06904058,612.3715,Africa
1998,MOZ,Mozambique,0.06412141,660.6502,Africa
1999,MOZ,Mozambique,0.06587967,722.30554,Africa
2000,MOZ,Mozambique,0.07291618,711.9764,Africa
2001,MOZ,Mozambique,0.08382869,785.79016,Africa
2002,MOZ,Mozambique,0.08107551,842.64526,Africa
2003,MOZ,Mozambique,0.09568231,883.23914,Africa
2004,MOZ,Mozambique,0.093948774,934.134,Africa
2005,MOZ,Mozambique,0.08715759,970.38995,Africa
2006,MOZ,Mozambique,0.09215442,1041.8047,Africa
2007,MOZ,Mozambique,0.10282695,1095.1257,Africa
2008,MOZ,Mozambique,0.09990597,1141.9425,Africa
2009,MOZ,Mozambique,0.10892431,1178.7091,Africa
2010,MOZ,Mozambique,0.114683606,1224.2302,Africa
2011,MOZ,Mozambique,0.13136378,1275.5295,Africa
2012,MOZ,Mozambique,0.12539078,1338.516,Africa
2013,MOZ,Mozambique,0.14285164,1385.8325,Africa
2014,MOZ,Mozambique,0.31480834,1449.9293,Africa
2015,MOZ,Mozambique,0.25352782,1512.5997,Africa
2016,MOZ,Mozambique,0.31267935,1537.9086,Africa
2017,MOZ,Mozambique,0.24516313,1532.0073,Africa
2018,MOZ,Mozambique,0.24157281,1538.8351,Africa
2019,MOZ,Mozambique,0.2374965,1528.8899,Africa
2020,MOZ,Mozambique,0.20596471,1466.1248,Africa
2021,MOZ,Mozambique,0.24353753,1457.2354,Africa
2022,MOZ,Mozambique,0.28465265,1476.6656,Africa
2023,MOZ,Mozambique,0.27035564,1512.2764,Africa
2024,MOZ,Mozambique,0.24869162,1500.3143,Africa
1990,MMR,Myanmar,0.10637899,775.32825,Asia
1991,MMR,Myanmar,0.1024261,759.2828,Asia
1992,MMR,Myanmar,0.118238695,821.32776,Asia
1993,MMR,Myanmar,0.12777637,859.3455,Asia
1994,MMR,Myanmar,0.14680639,911.46844,Asia
1995,MMR,Myanmar,0.16177835,962.2094,Asia
1996,MMR,Myanmar,0.16656253,1011.1599,Asia
1997,MMR,Myanmar,0.16975161,1054.7675,Asia
1998,MMR,Myanmar,0.18180226,1102.791,Asia
1999,MMR,Myanmar,0.19946551,1209.0165,Asia
2000,MMR,Myanmar,0.22563869,1359.9304,Asia
2001,MMR,Myanmar,0.1934779,1498.3116,Asia
2002,MMR,Myanmar,0.2017636,1661.7358,Asia
2003,MMR,Myanmar,0.21422155,1874.1713,Asia
2004,MMR,Myanmar,0.26696014,2110.2373,Asia
2005,MMR,Myanmar,0.24342664,2377.9026,Asia
2006,MMR,Myanmar,0.26822394,2669.327,Asia
2007,MMR,Myanmar,0.26690307,2968.3032,Asia
2008,MMR,Myanmar,0.20194042,3254.739,Asia
2009,MMR,Myanmar,0.20983903,3578.1743,Asia
2010,MMR,Myanmar,0.26772776,3893.7903,Asia
2011,MMR,Myanmar,0.3059909,4078.6123,Asia
2012,MMR,Myanmar,0.23728523,4340.9995,Asia
2013,MMR,Myanmar,0.25296757,4666.9536,Asia
2014,MMR,Myanmar,0.31272367,5006.507,Asia
2015,MMR,Myanmar,0.42826813,5313.886,Asia
2016,MMR,Myanmar,0.41059896,5580.9897,Asia
2017,MMR,Myanmar,0.45540875,5877.8745,Asia
2018,MMR,Myanmar,0.65076286,6201.263,Asia
2019,MMR,Myanmar,0.63861066,6562.989,Asia
2020,MMR,Myanmar,0.65239656,5926.8345,Asia
2021,MMR,Myanmar,0.54853755,5178.4473,Asia
2022,MMR,Myanmar,0.58855194,5350.4766,Asia
2023,MMR,Myanmar,0.5873035,5364.138,Asia
2024,MMR,Myanmar,0.5798787,5276.2944,Asia
1991,NAM,Namibia,0.73761964,7618.333,Africa
1992,NAM,Namibia,0.7797751,7911.0103,Africa
1993,NAM,Namibia,0.91071904,7541.561,Africa
1994,NAM,Namibia,1.0005578,7437.3354,Africa
1995,NAM,Namibia,1.0108021,7506.105,Africa
1996,NAM,Namibia,1.0439273,7538.925,Africa
1997,NAM,Namibia,1.0736707,7656.325,Africa
1998,NAM,Namibia,1.0763118,7709.89,Africa
1999,NAM,Namibia,0.9797503,7773.9434,Africa
2000,NAM,Namibia,0.9448855,7858.3877,Africa
2001,NAM,Namibia,1.2015644,7786.5415,Africa
2002,NAM,Namibia,1.0429932,8017.2812,Africa
2003,NAM,Namibia,1.0910966,8237.366,Africa
2004,NAM,Namibia,1.1527311,9130.824,Africa
2005,NAM,Namibia,1.2874242,9245.137,Africa
2006,NAM,Namibia,1.2673873,9773.298,Africa
2007,NAM,Namibia,1.1525968,10162.24,Africa
2008,NAM,Namibia,1.3961102,10286.513,Africa
2009,NAM,Namibia,1.2804775,10166.29,Africa
2010,NAM,Namibia,1.321587,10614.62,Africa
2011,NAM,Namibia,1.2978189,10965.273,Africa
2012,NAM,Namibia,1.4553826,11266.609,Africa
2013,NAM,Namibia,1.3335127,11593.575,Africa
2014,NAM,Namibia,1.3403752,11982.696,Africa
2015,NAM,Namibia,1.4293277,12166.565,Africa
2016,NAM,Namibia,1.4685864,11846.788,Africa
2017,NAM,Namibia,1.4319179,11408.726,Africa
2018,NAM,Namibia,1.4103903,11214.386,Africa
2019,NAM,Namibia,1.4073112,10813.305,Africa
2020,NAM,Namibia,1.2608001,9652.248,Africa
2021,NAM,Namibia,1.2836621,9709.1,Africa
2022,NAM,Namibia,1.181398,9953.098,Africa
2023,NAM,Namibia,1.1618446,10137.673,Africa
2024,NAM,Namibia,1.1448735,10281.336,Africa
1990,NRU,Nauru,12.916122,30123.365,Oceania
1991,NRU,Nauru,12.6178465,23836.965,Oceania
1992,NRU,Nauru,12.040629,19620.383,Oceania
1993,NRU,Nauru,11.220389,16326.138,Oceania
1994,NRU,Nauru,10.815704,15640.759,Oceania
1995,NRU,Nauru,10.430549,14361.795,Oceania
1996,NRU,Nauru,10.052126,12636.182,Oceania
1997,NRU,Nauru,10.040321,11488.991,Oceania
1998,NRU,Nauru,9.679844,10133.678,Oceania
1999,NRU,Nauru,8.974234,9478.301,Oceania
2000,NRU,Nauru,8.632178,8844.947,Oceania
2001,NRU,Nauru,7.9440227,8277.868,Oceania
2002,NRU,Nauru,7.614448,7487.931,Oceania
2003,NRU,Nauru,6.5389647,7526.416,Oceania
2004,NRU,Nauru,6.1769137,7200.948,Oceania
2005,NRU,Nauru,6.1848874,7208.8306,Oceania
2006,NRU,Nauru,4.370142,7829.715,Oceania
2007,NRU,Nauru,4.013543,6109.601,Oceania
2008,NRU,Nauru,4.017544,7339.5786,Oceania
2009,NRU,Nauru,4.0139427,6926.98,Oceania
2010,NRU,Nauru,4.3675375,6908.357,Oceania
2011,NRU,Nauru,3.9841835,7881.1313,Oceania
2012,NRU,Nauru,3.9171932,9639.566,Oceania
2013,NRU,Nauru,4.5195937,9798.482,Oceania
2014,NRU,Nauru,4.7646294,11112.968,Oceania
2015,NRU,Nauru,5.007745,11270.468,Oceania
2016,NRU,Nauru,4.591068,11529.886,Oceania
2017,NRU,Nauru,4.841864,10631.914,Oceania
2018,NRU,Nauru,4.7795463,10401.28,Oceania
2019,NRU,Nauru,4.4186406,11183.096,Oceania
2020,NRU,Nauru,4.71153,11304.572,Oceania
2021,NRU,Nauru,4.6866207,12112.235,Oceania
2022,NRU,Nauru,4.9893417,12363.6455,Oceania
2023,NRU,Nauru,4.933193,12372.5205,Oceania
2024,NRU,Nauru,5.129512,12468.762,Oceania
1990,NPL,Nepal,0.036950145,1808.2649,Asia
1991,NPL,Nepal,0.051222056,1874.2751,Asia
1992,NPL,Nepal,0.05982273,1896.9717,Asia
1993,NPL,Nepal,0.065973684,1916.9435,Asia
1994,NPL,Nepal,0.07456812,2023.1152,Asia
1995,NPL,Nepal,0.10379272,2043.6052,Asia
1996,NPL,Nepal,0.10345584,2105.5083,Asia
1997,NPL,Nepal,0.11374559,2166.3127,Asia
1998,NPL,Nepal,0.09388908,2188.222,Asia
1999,NPL,Nepal,0.13227177,2242.6501,Asia
2000,NPL,Nepal,0.12374187,2340.8157,Asia
2001,NPL,Nepal,0.12971939,2413.8142,Asia
2002,NPL,Nepal,0.102506384,2380.2441,Asia
2003,NPL,Nepal,0.10940126,2439.4949,Asia
2004,NPL,Nepal,0.09925989,2521.541,Asia
2005,NPL,Nepal,0.11352463,2580.231,Asia
2006,NPL,Nepal,0.092468634,2641.348,Asia
2007,NPL,Nepal,0.09594943,2708.7144,Asia
2008,NPL,Nepal,0.12431684,2852.6099,Asia
2009,NPL,Nepal,0.15184647,2961.839,Asia
2010,NPL,Nepal,0.17657728,3085.314,Asia
2011,NPL,Nepal,0.18994576,3176.6504,Asia
2012,NPL,Nepal,0.19866605,3316.5007,Asia
2013,NPL,Nepal,0.22536574,3426.5579,Asia
2014,NPL,Nepal,0.27419657,3621.7317,Asia
2015,NPL,Nepal,0.2481578,3745.2617,Asia
2016,NPL,Nepal,0.3608613,3743.7446,Asia
2017,NPL,Nepal,0.44344956,4071.7043,Asia
2018,NPL,Nepal,0.49996966,4371.3857,Asia
2019,NPL,Nepal,0.44873866,4607.5244,Asia
2020,NPL,Nepal,0.539615,4412.542,Asia
2021,NPL,Nepal,0.52540195,4546.2295,Asia
2022,NPL,Nepal,0.5925866,4763.3877,Asia
2023,NPL,Nepal,0.61788374,4861.2305,Asia
2024,NPL,Nepal,0.6332349,5046.816,Asia
1990,NLD,Netherlands,10.846517,43128.312,Europe
1991,NLD,Netherlands,11.314292,43833.484,Europe
1992,NLD,Netherlands,11.211611,44245.527,Europe
1993,NLD,Netherlands,11.123338,44490.758,Europe
1994,NLD,Netherlands,11.104094,45532.805,Europe
1995,NLD,Netherlands,11.145648,46720.29,Europe
1996,NLD,Netherlands,11.671497,48095.965,Europe
1997,NLD,Netherlands,11.159401,49881.875,Europe
1998,NLD,Netherlands,11.145193,51879.38,Europe
1999,NLD,Netherlands,10.73093,54134.363,Europe
2000,NLD,Netherlands,10.72025,56016.87,Europe
2001,NLD,Netherlands,10.9662895,56887.434,Europe
2002,NLD,Netherlands,10.850785,56664.414,Europe
2003,NLD,Netherlands,11.008101,56452.867,Europe
2004,NLD,Netherlands,11.085795,57391.363,Europe
2005,NLD,Netherlands,10.818227,58422.01,Europe
2006,NLD,Netherlands,10.505694,60391.543,Europe
2007,NLD,Netherlands,10.466663,62601.62,Europe
2008,NLD,Netherlands,10.598356,63678.402,Europe
2009,NLD,Netherlands,10.21529,61029.73,Europe
2010,NLD,Netherlands,10.880462,61518.555,Europe
2011,NLD,Netherlands,10.049582,62318.14,Europe
2012,NLD,Netherlands,9.798995,61480.812,Europe
2013,NLD,Netherlands,9.720324,61281.29,Europe
2014,NLD,Netherlands,9.248505,62045.855,Europe
2015,NLD,Netherlands,9.584029,63081.395,Europe
2016,NLD,Netherlands,9.579465,64267.74,Europe
2017,NLD,Netherlands,9.372927,65666.0,Europe
2018,NLD,Netherlands,9.084534,66758.266,Europe
2019,NLD,Netherlands,8.708599,67847.85,Europe
2020,NLD,Netherlands,7.7664127,64862.19,Europe
2021,NLD,Netherlands,7.889522,68573.56,Europe
2022,NLD,Netherlands,7.1213217,71324.04,Europe
2023,NLD,Netherlands,6.4676642,70198.93,Europe
2024,NLD,Netherlands,6.29691,70498.88,Europe
1990,NZL,New Zealand,7.503754,30695.467,Oceania
1991,NZL,New Zealand,7.5180583,28924.744,Oceania
1992,NZL,New Zealand,7.9705563,28938.098,Oceania
1993,NZL,New Zealand,7.7641287,30438.627,Oceania
1994,NZL,New Zealand,7.7008963,31574.357,Oceania
1995,NZL,New Zealand,7.617349,32584.654,Oceania
1996,NZL,New Zealand,7.853252,33231.45,Oceania
1997,NZL,New Zealand,8.276897,33480.145,Oceania
1998,NZL,New Zealand,7.8284817,33469.254,Oceania
1999,NZL,New Zealand,8.197648,35084.293,Oceania
2000,NZL,New Zealand,8.352687,35879.793,Oceania
2001,NZL,New Zealand,8.827948,36885.645,Oceania
2002,NZL,New Zealand,8.736571,37959.066,Oceania
2003,NZL,New Zealand,9.004052,38976.914,Oceania
2004,NZL,New Zealand,8.767515,39971.77,Oceania
2005,NZL,New Zealand,9.045037,40848.297,Oceania
2006,NZL,New Zealand,8.920358,41475.12,Oceania
2007,NZL,New Zealand,8.614808,42346.09,Oceania
2008,NZL,New Zealand,8.795646,41561.184,Oceania
2009,NZL,New Zealand,8.037123,41132.336,Oceania
2010,NZL,New Zealand,8.001102,41270.93,Oceania
2011,NZL,New Zealand,7.8127985,41814.887,Oceania
2012,NZL,New Zealand,8.141623,42570.332,Oceania
2013,NZL,New Zealand,7.9075756,43338.438,Oceania
2014,NZL,New Zealand,7.8265586,44255.504,Oceania
2015,NZL,New Zealand,7.76004,44963.832,Oceania
2016,NZL,New Zealand,7.2400074,45626.684,Oceania
2017,NZL,New Zealand,7.4097495,46193.29,Oceania
2018,NZL,New Zealand,7.281771,46947.938,Oceania
2019,NZL,New Zealand,7.357706,47362.32,Oceania
2020,NZL,New Zealand,6.727745,46266.395,Oceania
2021,NZL,New Zealand,6.773412,48248.72,Oceania
2022,NZL,New Zealand,6.229061,49964.176,Oceania
2023,NZL,New Zealand,6.1010647,49508.27,Oceania
2024,NZL,New Zealand,6.229343,49316.4,Oceania
1990,NIC,Nicaragua,0.4907021,4217.609,North America
1991,NIC,Nicaragua,0.46587572,4113.6875,North America
1992,NIC,Nicaragua,0.54395413,4037.2754,North America
1993,NIC,Nicaragua,0.5118432,3934.0928,North America
1994,NIC,Nicaragua,0.55263287,3979.9854,North America
1995,NIC,Nicaragua,0.5924066,4130.286,North America
1996,NIC,Nicaragua,0.60076845,4311.493,North America
1997,NIC,Nicaragua,0.64620835,4408.329,North America
1998,NIC,Nicaragua,0.693262,4502.598,North America
1999,NIC,Nicaragua,0.7246764,4750.9487,North America
2000,NIC,Nicaragua,0.7386014,4878.2476,North America
2001,NIC,Nicaragua,0.7683972,4958.3276,North America
2002,NIC,Nicaragua,0.77197194,4935.4854,North America
2003,NIC,Nicaragua,0.82718307,5000.612,North America
2004,NIC,Nicaragua,0.8272959,5204.382,North America
2005,NIC,Nicaragua,0.79616284,5356.9585,North America
2006,NIC,Nicaragua,0.81319416,5500.406,North America
2007,NIC,Nicaragua,0.82583445,5697.211,North America
2008,NIC,Nicaragua,0.78063035,5809.0996,North America
2009,NIC,Nicaragua,0.7835324,5538.3657,North America
2010,NIC,Nicaragua,0.7761396,5701.128,North America
2011,NIC,Nicaragua,0.8229098,5976.253,North America
2012,NIC,Nicaragua,0.7682788,6275.7876,North America
2013,NIC,Nicaragua,0.7663428,6494.1494,North America
2014,NIC,Nicaragua,0.7780093,6712.2173,North America
2015,NIC,Nicaragua,0.8794708,6939.0327,North America
2016,NIC,Nicaragua,0.8629591,7158.758,North America
2017,NIC,Nicaragua,0.8614027,7391.197,North America
2018,NIC,Nicaragua,0.8090502,7049.0273,North America
2019,NIC,Nicaragua,0.8032668,6756.5938,North America
2020,NIC,Nicaragua,0.7069047,6523.3696,North America
2021,NIC,Nicaragua,0.772426,7119.1694,North America
2022,NIC,Nicaragua,0.7623672,7277.8228,North America
2023,NIC,Nicaragua,0.79551613,7496.5293,North America
2024,NIC,Nicaragua,0.8140884,7661.602,North America
1990,NER,Niger,0.07226614,1411.8489,Africa
1991,NER,Niger,0.06625654,1362.7455,Africa
1992,NER,Niger,0.059079688,1347.3323,Africa
1993,NER,Niger,0.06615635,1309.6112,Africa
1994,NER,Niger,0.061405797,1291.6816,Africa
1995,NER,Niger,0.05744391,1280.3354,Africa
1996,NER,Niger,0.06360106,1239.4767,Africa
1997,NER,Niger,0.06239016,1217.3125,Africa
1998,NER,Niger,0.064812034,1294.1619,Africa
1999,NER,Niger,0.06131255,1247.6471,Africa
2000,NER,Niger,0.059384946,1190.5668,Africa
2001,NER,Niger,0.054205693,1233.0651,Africa
2002,NER,Niger,0.055441953,1248.8231,Africa
2003,NER,Niger,0.05811559,1231.2781,Africa
2004,NER,Niger,0.05995699,1192.0824,Africa
2005,NER,Niger,0.050255112,1233.8755,Africa
2006,NER,Niger,0.04702387,1260.1205,Africa
2007,NER,Niger,0.04768312,1252.7483,Africa
2008,NER,Niger,0.051559046,1300.5542,Africa
2009,NER,Niger,0.059721623,1277.6923,Africa
2010,NER,Niger,0.07009443,1336.5641,Africa
2011,NER,Niger,0.07644417,1318.1013,Africa
2012,NER,Niger,0.10382003,1403.1897,Africa
2013,NER,Niger,0.112223126,1423.2617,Africa
2014,NER,Niger,0.1174162,1462.8213,Africa
2015,NER,Niger,0.110272095,1471.6614,Africa
2016,NER,Niger,0.10352625,1500.0085,Africa
2017,NER,Niger,0.10461656,1520.0016,Africa
2018,NER,Niger,0.0812783,1574.3384,Africa
2019,NER,Niger,0.10952548,1612.6373,Africa
2020,NER,Niger,0.1281763,1615.6927,Africa
2021,NER,Niger,0.10563177,1585.5992,Africa
2022,NER,Niger,0.12645128,1717.5189,Africa
2023,NER,Niger,0.11977888,1689.5642,Africa
2024,NER,Niger,0.11726506,1803.4369,Africa
1990,NGA,Nigeria,0.39935368,5423.807,Africa
1991,NGA,Nigeria,0.41958869,5301.3633,Africa
1992,NGA,Nigeria,0.45091593,5403.1533,Africa
1993,NGA,Nigeria,0.42526343,5154.758,Africa
1994,NGA,Nigeria,0.74451894,4929.268,Africa
1995,NGA,Nigeria,0.7600689,4797.5117,Africa
1996,NGA,Nigeria,0.85945815,4869.8213,Africa
1997,NGA,Nigeria,0.81922936,4884.0474,Africa
1998,NGA,Nigeria,0.720408,4880.88,Africa
1999,NGA,Nigeria,0.68947214,4781.6733,Africa
2000,NGA,Nigeria,0.7661745,4889.0034,Africa
2001,NGA,Nigeria,0.7717245,5039.549,Africa
2002,NGA,Nigeria,0.6735968,5654.897,Africa
2003,NGA,Nigeria,0.7290653,5905.315,Africa
2004,NGA,Nigeria,0.67321587,6275.299,Africa
2005,NGA,Nigeria,0.7010616,6496.932,Africa
2006,NGA,Nigeria,0.60436517,6702.9453,Africa
2007,NGA,Nigeria,0.53612256,6949.4263,Africa
2008,NGA,Nigeria,0.5488045,7215.7695,Africa
2009,NGA,Nigeria,0.47535717,7581.406,Africa
2010,NGA,Nigeria,0.67239475,7962.6396,Africa
2011,NGA,Nigeria,0.73588383,8153.5317,Africa
2012,NGA,Nigeria,0.62499523,8265.905,Africa
2013,NGA,Nigeria,0.648446,8581.208,Africa
2014,NGA,Nigeria,0.6668816,8884.774,Africa
2015,NGA,Nigeria,0.57965857,8892.058,Africa
2016,NGA,Nigeria,0.5955475,8534.692,Africa
2017,NGA,Nigeria,0.5619865,8396.784,Africa
2018,NGA,Nigeria,0.52106166,8362.623,Africa
2019,NGA,Nigeria,0.61034876,8361.787,Africa
2020,NGA,Nigeria,0.58365196,7664.211,Africa
2021,NGA,Nigeria,0.6762326,7588.479,Africa
2022,NGA,Nigeria,0.58902264,7752.262,Africa
2023,NGA,Nigeria,0.5677305,7843.8345,Africa
2024,NGA,Nigeria,0.5837386,7994.216,Africa
1990,MKD,North Macedonia,5.37786,12904.54,Europe
1991,MKD,North Macedonia,3.788313,12153.549,Europe
1992,MKD,North Macedonia,4.129967,11486.776,Europe
1993,MKD,North Macedonia,3.7866411,10764.747,Europe
1994,MKD,North Macedonia,3.966162,10650.783,Europe
1995,MKD,North Macedonia,3.9655287,10501.133,Europe
1996,MKD,North Macedonia,4.678873,10551.566,Europe
1997,MKD,North Macedonia,4.169054,10787.575,Europe
1998,MKD,North Macedonia,4.7346683,11092.875,Europe
1999,MKD,North Macedonia,4.288241,11519.005,Europe
2000,MKD,North Macedonia,4.1159735,11988.295,Europe
2001,MKD,North Macedonia,4.0127397,11571.859,Europe
2002,MKD,North Macedonia,3.7779531,11830.312,Europe
2003,MKD,North Macedonia,4.0997686,12077.899,Europe
2004,MKD,North Macedonia,3.9439373,12683.434,Europe
2005,MKD,North Macedonia,4.113172,13354.517,Europe
2006,MKD,North Macedonia,4.1406145,14118.288,Europe
2007,MKD,North Macedonia,4.3292103,15118.307,Europe
2008,MKD,North Macedonia,4.315403,16038.107,Europe
2009,MKD,North Macedonia,4.0024796,16084.295,Europe
2010,MKD,North Macedonia,3.9882076,16731.16,Europe
2011,MKD,North Macedonia,4.3240137,17201.307,Europe
2012,MKD,North Macedonia,4.1713424,17190.066,Europe
2013,MKD,North Macedonia,3.701642,17758.3,Europe
2014,MKD,North Macedonia,3.5872626,18452.283,Europe
2015,MKD,North Macedonia,3.393199,19215.154,Europe
2016,MKD,North Macedonia,3.368327,19825.855,Europe
2017,MKD,North Macedonia,3.6529996,20121.135,Europe
2018,MKD,North Macedonia,3.4660208,20806.008,Europe
2019,MKD,North Macedonia,4.0179386,21766.975,Europe
2020,MKD,North Macedonia,3.7285478,20971.53,Europe
2021,MKD,North Macedonia,3.5212708,22144.285,Europe
2022,MKD,North Macedonia,3.9952326,22822.328,Europe
2023,MKD,North Macedonia,4.006106,23455.32,Europe
2024,MKD,North Macedonia,3.6311553,24203.285,Europe
1990,NOR,Norway,8.254036,57106.883,Europe
1991,NOR,Norway,7.8528857,58588.47,Europe
1992,NOR,Norway,8.026121,60333.45,Europe
1993,NOR,Norway,8.336998,61681.805,Europe
1994,NOR,Norway,8.731301,64432.074,Europe
1995,NOR,Norway,8.825208,66762.16,Europe
1996,NOR,Norway,9.481557,69764.38,Europe
1997,NOR,Norway,9.453828,73053.97,Europe
1998,NOR,Norway,9.441456,74558.3,Europe
1999,NOR,Norway,9.549757,75583.836,Europe
2000,NOR,Norway,9.381491,77587.21,Europe
2001,NOR,Norway,9.641643,78791.305,Europe
2002,NOR,Norway,9.380972,79447.09,Europe
2003,NOR,Norway,9.621514,79728.78,Europe
2004,NOR,Norway,9.638396,82440.95,Europe
2005,NOR,Norway,9.361427,84080.0,Europe
2006,NOR,Norway,9.410819,85458.55,Europe
2007,NOR,Norway,9.684611,87043.5,Europe
2008,NOR,Norway,9.373132,86379.664,Europe
2009,NOR,Norway,8.925522,83642.07,Europe
2010,NOR,Norway,9.338823,83256.79,Europe
2011,NOR,Norway,9.040032,83092.44,Europe
2012,NOR,Norway,8.819053,84237.15,Europe
2013,NOR,Norway,8.7673025,84070.46,Europe
2014,NOR,Norway,8.754434,84830.26,Europe
2015,NOR,Norway,8.7716675,85550.3,Europe
2016,NOR,Norway,8.538622,85787.62,Europe
2017,NOR,Norway,8.375709,87194.11,Europe
2018,NOR,Norway,8.37238,87338.47,Europe
2019,NOR,Norway,8.015733,87725.73,Europe
2020,NOR,Norway,7.672967,86096.055,Europe
2021,NOR,Norway,7.591971,88984.14,Europe
2022,NOR,Norway,7.4829626,91051.086,Europe
2023,NOR,Norway,7.042548,90085.44,Europe
2024,NOR,Norway,6.667616,91105.25,Europe
1990,OMN,Oman,6.3975863,35201.55,Asia
1991,OMN,Oman,6.296853,35574.676,Asia
1992,OMN,Oman,6.168484,36841.402,Asia
1993,OMN,Oman,6.574442,37455.34,Asia
1994,OMN,Oman,8.389684,37782.723,Asia
1995,OMN,Oman,8.873414,38946.773,Asia
1996,OMN,Oman,8.436642,39455.83,Asia
1997,OMN,Oman,8.282418,41191.03,Asia
1998,OMN,Oman,8.343377,40574.676,Asia
1999,OMN,Oman,9.798938,40145.93,Asia
2000,OMN,Oman,10.509595,42086.043,Asia
2001,OMN,Oman,9.744401,43492.285,Asia
2002,OMN,Oman,11.543568,42654.15,Asia
2003,OMN,Oman,14.621943,41247.586,Asia
2004,OMN,Oman,12.161969,41351.77,Asia
2005,OMN,Oman,12.942205,41551.14,Asia
2006,OMN,Oman,16.084703,42540.44,Asia
2007,OMN,Oman,17.628532,43696.97,Asia
2008,OMN,Oman,18.060146,46586.395,Asia
2009,OMN,Oman,16.57708,48304.117,Asia
2010,OMN,Oman,18.650982,48191.613,Asia
2011,OMN,Oman,18.625143,44440.31,Asia
2012,OMN,Oman,17.790545,41964.082,Asia
2013,OMN,Oman,17.107052,40854.484,Asia
2014,OMN,Oman,16.537405,39639.99,Asia
2015,OMN,Oman,16.220999,39813.79,Asia
2016,OMN,Oman,15.0857725,39860.99,Asia
2017,OMN,Oman,14.621537,38691.11,Asia
2018,OMN,Oman,15.37186,38673.605,Asia
2019,OMN,Oman,15.689613,38292.387,Asia
2020,OMN,Oman,15.886151,37560.6,Asia
2021,OMN,Oman,16.674276,38719.457,Asia
2022,OMN,Oman,16.488375,39780.21,Asia
2023,OMN,Oman,15.806381,37793.617,Asia
2024,OMN,Oman,15.651107,36721.082,Asia
1990,PAK,Pakistan,0.5839355,3199.7297,Asia
1991,PAK,Pakistan,0.56202626,3252.351,Asia
1992,PAK,Pakistan,0.58289564,3404.1213,Asia
1993,PAK,Pakistan,0.60758656,3369.238,Asia
1994,PAK,Pakistan,0.6425968,3395.5044,Asia
1995,PAK,Pakistan,0.6212881,3462.4734,Asia
1996,PAK,Pakistan,0.67511857,3526.1416,Asia
1997,PAK,Pakistan,0.65801567,3462.5815,Asia
1998,PAK,Pakistan,0.6602456,3454.1768,Asia
1999,PAK,Pakistan,0.66010743,3484.4568,Asia
2000,PAK,Pakistan,0.67110217,3531.713,Asia
2001,PAK,Pakistan,0.6617698,3559.7278,Asia
2002,PAK,Pakistan,0.67739564,3563.6785,Asia
2003,PAK,Pakistan,0.677049,3668.7793,Asia
2004,PAK,Pakistan,0.7276534,3859.646,Asia
2005,PAK,Pakistan,0.7406387,4042.1545,Asia
2006,PAK,Pakistan,0.7675285,4185.8667,Asia
2007,PAK,Pakistan,0.8040892,4257.926,Asia
2008,PAK,Pakistan,0.78048605,4233.348,Asia
2009,PAK,Pakistan,0.76323503,4270.439,Asia
2010,PAK,Pakistan,0.7403367,4228.7817,Asia
2011,PAK,Pakistan,0.7336991,4246.067,Asia
2012,PAK,Pakistan,0.7249827,4292.021,Asia
2013,PAK,Pakistan,0.7020431,4407.147,Asia
2014,PAK,Pakistan,0.7038469,4520.235,Asia
2015,PAK,Pakistan,0.66682756,4645.286,Asia
2016,PAK,Pakistan,0.80286133,4886.6123,Asia
2017,PAK,Pakistan,0.9494198,5031.5605,Asia
2018,PAK,Pakistan,0.8967553,5255.0635,Asia
2019,PAK,Pakistan,0.8267986,5295.953,Asia
2020,PAK,Pakistan,0.91705513,5135.0146,Asia
2021,PAK,Pakistan,1.0170143,5367.2734,Asia
2022,PAK,Pakistan,0.8697954,5526.2793,Asia
2023,PAK,Pakistan,0.7549797,5418.7695,Asia
2024,PAK,Pakistan,0.71556884,5500.3237,Asia
1990,PLW,Palau,15.344588,17851.184,Oceania
1991,PLW,Palau,14.998145,18301.05,Oceania
1992,PLW,Palau,12.124118,16728.021,Oceania
1993,PLW,Palau,11.8431425,14327.272,Oceania
1994,PLW,Palau,11.779947,15008.319,Oceania
1995,PLW,Palau,11.279084,16232.837,Oceania
1996,PLW,Palau,11.189052,17455.115,Oceania
1997,PLW,Palau,10.915591,17408.885,Oceania
1998,PLW,Palau,10.864783,17358.283,Oceania
1999,PLW,Palau,10.647786,16093.402,Oceania
2000,PLW,Palau,10.874102,15447.952,Oceania
2001,PLW,Palau,10.966097,16433.64,Oceania
2002,PLW,Palau,10.882982,17075.248,Oceania
2003,PLW,Palau,10.796728,16579.314,Oceania
2004,PLW,Palau,10.710751,17015.68,Oceania
2005,PLW,Palau,11.267026,17507.436,Oceania
2006,PLW,Palau,11.58075,17749.773,Oceania
2007,PLW,Palau,13.083005,18255.67,Oceania
2008,PLW,Palau,10.781567,17574.074,Oceania
2009,PLW,Palau,10.364646,16688.723,Oceania
2010,PLW,Palau,11.338111,16524.043,Oceania
2011,PLW,Palau,11.741643,17670.914,Oceania
2012,PLW,Palau,12.562757,18279.889,Oceania
2013,PLW,Palau,12.85614,17931.432,Oceania
2014,PLW,Palau,12.392334,18786.834,Oceania
2015,PLW,Palau,11.327076,20212.018,Oceania
2016,PLW,Palau,11.717236,20449.13,Oceania
2017,PLW,Palau,12.118848,19821.098,Oceania
2018,PLW,Palau,11.910105,19572.344,Oceania
2019,PLW,Palau,12.130408,19519.018,Oceania
2020,PLW,Palau,11.721839,18183.736,Oceania
2021,PLW,Palau,11.932843,15780.55,Oceania
2022,PLW,Palau,12.215194,16040.908,Oceania
2023,PLW,Palau,12.180102,16425.973,Oceania
1994,PSE,Palestine,0.38100812,3966.6887,Asia
1995,PSE,Palestine,0.35854074,4062.963,Asia
1996,PSE,Palestine,0.37749404,3932.227,Asia
1997,PSE,Palestine,0.30238837,4311.5386,Asia
1998,PSE,Palestine,0.49217808,4805.1914,Asia
1999,PSE,Palestine,0.44717196,5071.8213,Asia
2000,PSE,Palestine,0.52661717,4520.89,Asia
2001,PSE,Palestine,0.41473454,3996.5088,Asia
2002,PSE,Palestine,0.34739068,3409.1729,Asia
2003,PSE,Palestine,0.37523407,3788.9265,Asia
2004,PSE,Palestine,0.63049203,4503.0806,Asia
2005,PSE,Palestine,0.7693831,4885.0728,Asia
2006,PSE,Palestine,0.6222102,4714.3735,Asia
2007,PSE,Palestine,0.62264663,4769.5234,Asia
2008,PSE,Palestine,0.5358629,4984.8057,Asia
2009,PSE,Palestine,0.53260636,5270.663,Asia
2010,PSE,Palestine,0.5062389,5432.2437,Asia
2011,PSE,Palestine,0.5456948,5805.3213,Asia
2012,PSE,Palestine,0.5206573,6009.1094,Asia
2013,PSE,Palestine,0.56463766,6142.202,Asia
2014,PSE,Palestine,0.6422121,5990.427,Asia
2015,PSE,Palestine,0.6636677,6072.6504,Asia
2016,PSE,Palestine,0.69835776,6464.1333,Asia
2017,PSE,Palestine,0.6883403,6426.7954,Asia
2018,PSE,Palestine,0.60958487,6342.9375,Asia
2019,PSE,Palestine,0.65848595,6269.891,Asia
2020,PSE,Palestine,0.6562355,5423.6826,Asia
2021,PSE,Palestine,0.7009545,5663.1216,Asia
2022,PSE,Palestine,0.8862943,5753.084,Asia
2023,PSE,Palestine,0.8791239,5361.131,Asia
2024,PSE,Palestine,0.86981934,3845.503,Asia
1990,PAN,Panama,1.0660136,10263.688,North America
1991,PAN,Panama,1.2314014,10994.55,North America
1992,PAN,Panama,1.5998945,11649.796,North America
1993,PAN,Panama,1.433672,12032.808,North America
1994,PAN,Panama,1.5492127,12123.35,North America
1995,PAN,Panama,1.3243806,12086.644,North America
1996,PAN,Panama,1.5813854,12327.852,North America
1997,PAN,Panama,1.611844,13013.891,North America
1998,PAN,Panama,2.0163357,13826.532,North America
1999,PAN,Panama,1.880865,14261.741,North America
2000,PAN,Panama,1.8721396,14572.976,North America
2001,PAN,Panama,2.2509563,14427.83,North America
2002,PAN,Panama,1.8246654,14507.144,North America
2003,PAN,Panama,1.8586432,14957.554,North America
2004,PAN,Panama,1.6931334,15875.112,North America
2005,PAN,Panama,2.0349927,16867.96,North America
2006,PAN,Panama,2.1576018,18190.273,North America
2007,PAN,Panama,2.075219,20208.822,North America
2008,PAN,Panama,1.9450976,21867.818,North America
2009,PAN,Panama,2.2588375,21822.988,North America
2010,PAN,Panama,2.4967968,22739.111,North America
2011,PAN,Panama,2.6802132,24999.46,North America
2012,PAN,Panama,2.5378184,26926.885,North America
2013,PAN,Panama,2.685683,28135.328,North America
2014,PAN,Panama,2.746235,28931.805,North America
2015,PAN,Panama,2.689891,29933.156,North America
2016,PAN,Panama,2.564798,30765.236,North America
2017,PAN,Panama,2.334379,31979.812,North America
2018,PAN,Panama,2.1884246,32681.447,North America
2019,PAN,Panama,2.9397075,33163.727,North America
2020,PAN,Panama,1.5273576,26881.799,North America
2021,PAN,Panama,2.334559,30932.764,North America
2022,PAN,Panama,2.6602929,33915.152,North America
2023,PAN,Panama,2.9160857,35872.95,North America
2024,PAN,Panama,2.8046095,36394.918,North America
1990,PNG,Papua New Guinea,0.55291724,3164.149,Oceania
1991,PNG,Papua New Guinea,0.5402383,3358.1887,Oceania
1992,PNG,Papua New Guinea,0.5258528,3690.345,Oceania
1993,PNG,Papua New Guinea,0.50793725,4206.429,Oceania
1994,PNG,Papua New Guinea,0.48790815,4297.891,Oceania
1995,PNG,Papua New Guinea,0.44179922,4008.722,Oceania
1996,PNG,Papua New Guinea,0.45651782,4167.036,Oceania
1997,PNG,Papua New Guinea,0.523495,3864.2302,Oceania
1998,PNG,Papua New Guinea,0.68446344,3590.1,Oceania
1999,PNG,Papua New Guinea,0.47641286,3531.6594,Oceania
2000,PNG,Papua New Guinea,0.53058714,3326.7986,Oceania
2001,PNG,Papua New Guinea,0.58235204,3211.7593,Oceania
2002,PNG,Papua New Guinea,0.6188555,3100.7952,Oceania
2003,PNG,Papua New Guinea,0.66189414,3064.444,Oceania
2004,PNG,Papua New Guinea,0.740686,3046.333,Oceania
2005,PNG,Papua New Guinea,0.7625308,3136.5857,Oceania
2006,PNG,Papua New Guinea,0.7485404,3202.4873,Oceania
2007,PNG,Papua New Guinea,0.94510376,3345.8503,Oceania
2008,PNG,Papua New Guinea,0.77190316,3233.9182,Oceania
2009,PNG,Papua New Guinea,0.71081686,3349.6436,Oceania
2010,PNG,Papua New Guinea,0.6176331,3579.1714,Oceania
2011,PNG,Papua New Guinea,0.6741552,3514.8328,Oceania
2012,PNG,Papua New Guinea,0.54105073,3577.4517,Oceania
2013,PNG,Papua New Guinea,0.54584146,3615.2832,Oceania
2014,PNG,Papua New Guinea,0.71859366,3998.6182,Oceania
2015,PNG,Papua New Guinea,0.7224157,4154.5234,Oceania
2016,PNG,Papua New Guinea,0.7837863,4275.7485,Oceania
2017,PNG,Papua New Guinea,0.7136226,4322.2227,Oceania
2018,PNG,Papua New Guinea,0.8085464,4211.1455,Oceania
2019,PNG,Papua New Guinea,0.78912693,4301.6113,Oceania
2020,PNG,Papua New Guinea,0.8059286,4077.6313,Oceania
2021,PNG,Papua New Guinea,0.78629434,3976.9038,Oceania
2022,PNG,Papua New Guinea,0.82680374,4125.493,Oceania
2023,PNG,Papua New Guinea,0.8044313,4205.8477,Oceania
2024,PNG,Papua New Guinea,0.7890545,4288.5283,Oceania
1990,PRY,Paraguay,0.5277272,9962.48,South America
1991,PRY,Paraguay,0.50619274,10040.3125,South America
1992,PRY,Paraguay,0.604397,9948.421,South America
1993,PRY,Paraguay,0.66597474,10178.455,South America
1994,PRY,Paraguay,0.7589099,10459.09,South America
1995,PRY,Paraguay,0.8570563,10908.272,South America
1996,PRY,Paraguay,0.79068017,10825.287,South America
1997,PRY,Paraguay,0.85341024,11033.016,South America
1998,PRY,Paraguay,0.8925931,10802.56,South America
1999,PRY,Paraguay,0.8719342,10435.398,South America
2000,PRY,Paraguay,0.70428723,9998.593,South America
2001,PRY,Paraguay,0.71077317,9749.259,South America
2002,PRY,Paraguay,0.7323757,9610.748,South America
2003,PRY,Paraguay,0.7558346,9903.45,South America
2004,PRY,Paraguay,0.7530441,10187.194,South America
2005,PRY,Paraguay,0.6924381,10290.101,South America
2006,PRY,Paraguay,0.70852304,10672.993,South America
2007,PRY,Paraguay,0.7269179,11141.87,South America
2008,PRY,Paraguay,0.7605801,11751.14,South America
2009,PRY,Paraguay,0.79787993,11601.285,South America
2010,PRY,Paraguay,0.873277,12738.576,South America
2011,PRY,Paraguay,0.89283776,13109.467,South America
2012,PRY,Paraguay,0.87487036,12834.802,South America
2013,PRY,Paraguay,0.86403793,13700.703,South America
2014,PRY,Paraguay,0.8980856,14219.3545,South America
2015,PRY,Paraguay,0.9815504,14427.601,South America
2016,PRY,Paraguay,1.1500028,14826.664,South America
2017,PRY,Paraguay,1.2525467,15320.337,South America
2018,PRY,Paraguay,1.3230258,15592.984,South America
2019,PRY,Paraguay,1.2691232,15321.324,South America
2020,PRY,Paraguay,1.1272037,14991.66,South America
2021,PRY,Paraguay,1.2248267,15406.167,South America
2022,PRY,Paraguay,1.1143297,15259.1455,South America
2023,PRY,Paraguay,1.1171128,15826.088,South America
2024,PRY,Paraguay,1.1454097,16296.283,South America
1990,PER,Peru,0.9721106,6317.079,South America
1991,PER,Peru,0.92323846,6322.5747,South America
1992,PER,Peru,0.9145589,6161.6357,South America
1993,PER,Peru,1.0201153,6355.262,South America
1994,PER,Peru,1.0123552,6997.706,South America
1995,PER,Peru,1.032615,7372.0425,South America
1996,PER,Peru,0.99620783,7437.1924,South America
1997,PER,Peru,1.0978477,7773.827,South America
1998,PER,Peru,1.0904388,7603.809,South America
1999,PER,Peru,1.1289179,7585.328,South America
2000,PER,Peru,1.0781703,7669.095,South America
2001,PER,Peru,0.936789,7611.6665,South America
2002,PER,Peru,0.9378315,7931.5796,South America
2003,PER,Peru,0.9033261,8174.3794,South America
2004,PER,Peru,1.0233892,8495.986,South America
2005,PER,Peru,1.0789979,8949.954,South America
2006,PER,Peru,0.9991095,9547.913,South America
2007,PER,Peru,1.2115691,10286.3545,South America
2008,PER,Peru,1.2386353,11151.53,South America
2009,PER,Peru,1.364297,11204.377,South America
2010,PER,Peru,1.4613583,12059.018,South America
2011,PER,Peru,1.4443991,12726.6,South America
2012,PER,Peru,1.5400378,13395.399,South America
2013,PER,Peru,1.4326204,14052.138,South America
2014,PER,Peru,1.6399359,14244.566,South America
2015,PER,Peru,1.6154937,14542.793,South America
2016,PER,Peru,1.7072773,14917.449,South America
2017,PER,Peru,1.7470704,15069.522,South America
2018,PER,Peru,1.7560439,15386.26,South America
2019,PER,Peru,1.8079982,15463.543,South America
2020,PER,Peru,1.4384526,13609.6,South America
2021,PER,Peru,1.8084831,15280.551,South America
2022,PER,Peru,1.9352938,15559.821,South America
2023,PER,Peru,1.9519441,15327.582,South America
2024,PER,Peru,2.0529242,15661.75,South America
1990,PHL,Philippines,0.6487035,4504.4624,Asia
1991,PHL,Philippines,0.665936,4378.3955,Asia
1992,PHL,Philippines,0.7246253,4293.7183,Asia
1993,PHL,Philippines,0.715853,4283.1597,Asia
1994,PHL,Philippines,0.7748366,4374.0674,Asia
1995,PHL,Philippines,0.8394482,4477.323,Asia
1996,PHL,Philippines,0.8371868,4631.772,Asia
1997,PHL,Philippines,0.93557286,4758.7085,Asia
1998,PHL,Philippines,0.88900596,4616.673,Asia
1999,PHL,Philippines,0.86549443,4650.7593,Asia
2000,PHL,Philippines,0.8975363,4740.439,Asia
2001,PHL,Philippines,0.8574645,4778.401,Asia
2002,PHL,Philippines,0.8365551,4856.4995,Asia
2003,PHL,Philippines,0.8202433,5003.3833,Asia
2004,PHL,Philippines,0.8333714,5229.4507,Asia
2005,PHL,Philippines,0.8218276,5386.8164,Asia
2006,PHL,Philippines,0.73339576,5578.5723,Asia
2007,PHL,Philippines,0.7687051,5840.068,Asia
2008,PHL,Philippines,0.8263837,5987.0376,Asia
2009,PHL,Philippines,0.8007766,5965.307,Asia
2010,PHL,Philippines,0.8537299,6273.039,Asia
2011,PHL,Philippines,0.844595,6388.313,Asia
2012,PHL,Philippines,0.8732301,6697.556,Asia
2013,PHL,Philippines,0.92896587,7016.5386,Asia
2014,PHL,Philippines,0.9644077,7340.362,Asia
2015,PHL,Philippines,1.0544406,7691.763,Asia
2016,PHL,Philippines,1.1262923,8131.825,Asia
2017,PHL,Philippines,1.235442,8584.136,Asia
2018,PHL,Philippines,1.2776358,9016.286,Asia
2019,PHL,Philippines,1.2869601,9452.294,Asia
2020,PHL,Philippines,1.1728759,8455.185,Asia
2021,PHL,Philippines,1.2402151,8857.79,Asia
2022,PHL,Philippines,1.3246514,9457.104,Asia
2023,PHL,Philippines,1.4011557,9898.533,Asia
2024,PHL,Philippines,1.5096035,10375.94,Asia
1990,POL,Poland,9.889295,12821.464,Europe
1991,POL,Poland,9.786034,11879.754,Europe
1992,POL,Poland,9.527805,12141.235,Europe
1993,POL,Poland,9.530198,12563.1045,Europe
1994,POL,Poland,9.38838,13200.161,Europe
1995,POL,Poland,9.448353,14227.566,Europe
1996,POL,Poland,9.831252,15083.098,Europe
1997,POL,Poland,9.575367,16031.721,Europe
1998,POL,Poland,8.84455,16766.648,Europe
1999,POL,Poland,8.598169,17556.002,Europe
2000,POL,Poland,8.293836,18566.355,Europe
2001,POL,Poland,8.190556,18800.602,Europe
2002,POL,Poland,8.000449,19166.914,Europe
2003,POL,Poland,8.343018,19855.63,Europe
2004,POL,Poland,8.478947,20878.654,Europe
2005,POL,Poland,8.461171,21568.947,Europe
2006,POL,Poland,8.835748,22921.197,Europe
2007,POL,Poland,8.830378,24484.066,Europe
2008,POL,Poland,8.670105,25553.906,Europe
2009,POL,Poland,8.312326,26204.41,Europe
2010,POL,Poland,8.768195,27112.133,Europe
2011,POL,Poland,8.725933,28521.662,Europe
2012,POL,Poland,8.517539,28952.916,Europe
2013,POL,Poland,8.409914,29168.625,Europe
2014,POL,Poland,8.086096,30334.879,Europe
2015,POL,Poland,8.167728,31700.37,Europe
2016,POL,Poland,8.449371,32675.305,Europe
2017,POL,Poland,8.796377,34354.598,Europe
2018,POL,Poland,8.779007,36500.41,Europe
2019,POL,Poland,8.304427,38181.62,Europe
2020,POL,Poland,7.914448,37852.8,Europe
2021,POL,Poland,8.693247,41059.586,Europe
2022,POL,Poland,8.20336,43405.023,Europe
2023,POL,Poland,7.307086,43672.766,Europe
2024,POL,Poland,7.0801096,45153.043,Europe
1990,PRT,Portugal,4.5358243,27190.572,Europe
1991,PRT,Portugal,4.702432,28443.795,Europe
1992,PRT,Portugal,5.1159587,28776.047,Europe
1993,PRT,Portugal,4.9606175,28153.615,Europe
1994,PRT,Portugal,5.0250344,28348.865,Europe
1995,PRT,Portugal,5.4330335,29460.814,Europe
1996,PRT,Portugal,5.145144,30378.756,Europe
1997,PRT,Portugal,5.4071655,31574.402,Europe
1998,PRT,Portugal,5.8281155,32925.664,Europe
1999,PRT,Portugal,6.547137,34018.965,Europe
2000,PRT,Portugal,6.369969,35069.83,Europe
2001,PRT,Portugal,6.2956595,35500.227,Europe
2002,PRT,Portugal,6.682252,35578.52,Europe
2003,PRT,Portugal,6.1680245,35115.38,Europe
2004,PRT,Portugal,6.421131,35658.13,Europe
2005,PRT,Portugal,6.6304703,35870.31,Europe
2006,PRT,Portugal,6.162616,36387.535,Europe
2007,PRT,Portugal,5.9145875,37226.47,Europe
2008,PRT,Portugal,5.680534,37291.504,Europe
2009,PRT,Portugal,5.403325,36092.812,Europe
2010,PRT,Portugal,4.9996824,36703.113,Europe
2011,PRT,Portugal,4.9051266,36127.297,Europe
2012,PRT,Portugal,4.7494764,34804.633,Europe
2013,PRT,Portugal,4.603641,34651.773,Europe
2014,PRT,Portugal,4.607092,35097.41,Europe
2015,PRT,Portugal,5.03681,35803.36,Europe
2016,PRT,Portugal,4.8626604,36636.297,Europe
2017,PRT,Portugal,5.339853,37943.113,Europe
2018,PRT,Portugal,4.972253,39123.613,Europe
2019,PRT,Portugal,4.6004105,40188.285,Europe
2020,PRT,Portugal,4.024692,36852.23,Europe
2021,PRT,Portugal,3.8783576,38657.668,Europe
2022,PRT,Portugal,3.9092069,41070.86,Europe
2023,PRT,Portugal,3.6068447,41768.254,Europe
2024,PRT,Portugal,3.4089074,42197.203,Europe
1990,QAT,Qatar,25.961683,71584.375,Asia
1991,QAT,Qatar,38.28471,68122.87,Asia
1992,QAT,Qatar,57.096703,73450.95,Asia
1993,QAT,Qatar,63.400177,70250.695,Asia
1994,QAT,Qatar,64.81944,69119.88,Asia
1995,QAT,Qatar,64.49131,68732.47,Asia
1996,QAT,Qatar,65.16238,69746.15,Asia
1997,QAT,Qatar,76.71462,87140.04,Asia
1998,QAT,Qatar,63.664547,91901.07,Asia
1999,QAT,Qatar,59.304527,90837.375,Asia
2000,QAT,Qatar,62.646393,93186.97,Asia
2001,QAT,Qatar,67.726944,92115.734,Asia
2002,QAT,Qatar,63.51756,94111.59,Asia
2003,QAT,Qatar,62.617912,93224.36,Asia
2004,QAT,Qatar,61.343662,107023.58,Asia
2005,QAT,Qatar,57.766815,107784.414,Asia
2006,QAT,Qatar,61.420937,115383.63,Asia
2007,QAT,Qatar,49.255165,109579.68,Asia
2008,QAT,Qatar,43.35905,109206.3,Asia
2009,QAT,Qatar,41.174797,108435.75,Asia
2010,QAT,Qatar,43.09007,129044.71,Asia
2011,QAT,Qatar,45.174625,145590.77,Asia
2012,QAT,Qatar,49.15157,143830.56,Asia
2013,QAT,Qatar,44.982407,136453.94,Asia
2014,QAT,Qatar,41.3102,128013.945,Asia
2015,QAT,Qatar,38.44141,123070.82,Asia
2016,QAT,Qatar,35.153873,120054.24,Asia
2017,QAT,Qatar,39.034973,115064.836,Asia
2018,QAT,Qatar,37.166264,114909.79,Asia
2019,QAT,Qatar,36.251686,113160.836,Asia
2020,QAT,Qatar,36.145443,103061.9,Asia
2021,QAT,Qatar,37.082108,116832.66,Asia
2022,QAT,Qatar,37.88961,114740.164,Asia
2023,QAT,Qatar,40.127865,116563.99,Asia
2024,QAT,Qatar,41.27118,110889.79,Asia
1990,ROU,Romania,7.695672,16316.912,Europe
1991,ROU,Romania,6.199307,14333.03,Europe
1992,ROU,Romania,5.7611985,13195.097,Europe
1993,ROU,Romania,5.3720255,13415.074,Europe
1994,ROU,Romania,5.3114414,13962.832,Europe
1995,ROU,Romania,5.546691,14863.247,Europe
1996,ROU,Romania,5.727865,15488.622,Europe
1997,ROU,Romania,5.2702637,14780.059,Europe
1998,ROU,Romania,4.701992,14510.054,Europe
1999,ROU,Romania,4.0105557,14478.109,Europe
2000,ROU,Romania,4.227758,14853.668,Europe
2001,ROU,Romania,4.513159,15848.37,Europe
2002,ROU,Romania,4.5507026,17061.7,Europe
2003,ROU,Romania,4.8027234,17587.535,Europe
2004,ROU,Romania,4.82323,19532.56,Europe
2005,ROU,Romania,4.7770095,20571.012,Europe
2006,ROU,Romania,4.9577546,22354.656,Europe
2007,ROU,Romania,5.198509,24328.494,Europe
2008,ROU,Romania,5.1642756,27039.713,Europe
2009,ROU,Romania,4.2671957,25761.738,Europe
2010,ROU,Romania,4.134961,24903.008,Europe
2011,ROU,Romania,4.5553036,26150.855,Europe
2012,ROU,Romania,4.457074,26767.566,Europe
2013,ROU,Romania,3.927419,26942.043,Europe
2014,ROU,Romania,3.973089,28156.248,Europe
2015,ROU,Romania,3.9276292,29182.0,Europe
2016,ROU,Romania,3.8725147,30189.273,Europe
2017,ROU,Romania,4.0342684,32852.773,Europe
2018,ROU,Romania,4.075668,34829.04,Europe
2019,ROU,Romania,3.9325275,36399.625,Europe
2020,ROU,Romania,3.81315,35283.754,Europe
2021,ROU,Romania,4.026425,37534.156,Europe
2022,ROU,Romania,3.8183794,39256.99,Europe
2023,ROU,Romania,3.54976,40116.855,Europe
2024,ROU,Romania,3.605104,40504.0,Europe
1990,RUS,Russia,17.024376,29643.596,Europe
1991,RUS,Russia,16.110184,28066.922,Europe
1992,RUS,Russia,13.185007,23965.244,Europe
1993,RUS,Russia,12.600125,21899.518,Europe
1994,RUS,Russia,11.11247,19153.363,Europe
1995,RUS,Russia,10.912879,18363.713,Europe
1996,RUS,Russia,10.714368,17699.87,Europe
1997,RUS,Russia,10.02317,17977.352,Europe
1998,RUS,Russia,9.928901,17052.756,Europe
1999,RUS,Russia,10.14716,18200.32,Europe
2000,RUS,Russia,10.091322,20104.75,Europe
2001,RUS,Russia,10.389471,21219.904,Europe
2002,RUS,Russia,10.335309,22319.678,Europe
2003,RUS,Russia,10.556017,24057.928,Europe
2004,RUS,Russia,10.644388,25894.146,Europe
2005,RUS,Russia,10.816067,27656.658,Europe
2006,RUS,Russia,11.265755,30022.672,Europe
2007,RUS,Russia,11.290963,32630.37,Europe
2008,RUS,Russia,11.492318,34342.227,Europe
2009,RUS,Russia,10.74057,31654.004,Europe
2010,RUS,Russia,11.346466,33063.586,Europe
2011,RUS,Russia,11.697759,34444.645,Europe
2012,RUS,Russia,11.782466,35740.7,Europe
2013,RUS,Russia,11.324347,36260.066,Europe
2014,RUS,Russia,11.297595,35853.246,Europe
2015,RUS,Russia,11.253667,35037.152,Europe
2016,RUS,Russia,11.176727,35005.45,Europe
2017,RUS,Russia,11.362259,35570.39,Europe
2018,RUS,Russia,11.677306,36536.695,Europe
2019,RUS,Russia,11.631905,37319.32,Europe
2020,RUS,Russia,11.149055,36376.336,Europe
2021,RUS,Russia,11.482229,38638.43,Europe
2022,RUS,Russia,11.508876,38214.496,Europe
2023,RUS,Russia,11.9164505,39887.34,Europe
2024,RUS,Russia,12.294705,41704.71,Europe
1990,RWA,Rwanda,0.07102939,1122.9913,Africa
1991,RWA,Rwanda,0.062725954,1072.6971,Africa
1992,RWA,Rwanda,0.062406532,1112.5903,Africa
1993,RWA,Rwanda,0.060510766,984.2175,Africa
1994,RWA,Rwanda,0.06803572,575.36755,Africa
1995,RWA,Rwanda,0.07950082,931.3678,Africa
1996,RWA,Rwanda,0.069169044,888.131,Africa
1997,RWA,Rwanda,0.062219635,874.6947,Africa
1998,RWA,Rwanda,0.05958186,913.7196,Africa
1999,RWA,Rwanda,0.06166079,945.7332,Africa
2000,RWA,Rwanda,0.06271452,1016.662,Africa
2001,RWA,Rwanda,0.06262692,1093.1841,Africa
2002,RWA,Rwanda,0.06089663,1220.7395,Africa
2003,RWA,Rwanda,0.05886144,1220.4991,Africa
2004,RWA,Rwanda,0.05849709,1277.1927,Africa
2005,RWA,Rwanda,0.056756996,1360.2959,Africa
2006,RWA,Rwanda,0.055284664,1446.7109,Africa
2007,RWA,Rwanda,0.056772817,1516.2675,Africa
2008,RWA,Rwanda,0.05420935,1641.7777,Africa
2009,RWA,Rwanda,0.055150185,1699.9446,Africa
2010,RWA,Rwanda,0.056309536,1779.1586,Africa
2011,RWA,Rwanda,0.060844686,1874.215,Africa
2012,RWA,Rwanda,0.06634094,1988.0122,Africa
2013,RWA,Rwanda,0.07020843,2032.4048,Africa
2014,RWA,Rwanda,0.07301555,2106.2146,Africa
2015,RWA,Rwanda,0.08305669,2238.5393,Africa
2016,RWA,Rwanda,0.08826083,2316.6372,Africa
2017,RWA,Rwanda,0.09586281,2351.597,Africa
2018,RWA,Rwanda,0.105146945,2493.44,Africa
2019,RWA,Rwanda,0.11063562,2667.4646,Africa
2020,RWA,Rwanda,0.10671424,2520.3174,Africa
2021,RWA,Rwanda,0.12721947,2733.4355,Africa
2022,RWA,Rwanda,0.14337575,2892.4597,Africa
2023,RWA,Rwanda,0.14447089,3062.999,Africa
2024,RWA,Rwanda,0.14263947,3264.6445,Africa
1990,KNA,Saint Kitts and Nevis,2.6264584,14326.041,North America
1991,KNA,Saint Kitts and Nevis,2.6312714,14084.684,North America
1992,KNA,Saint Kitts and Nevis,2.6980853,14557.185,North America
1993,KNA,Saint Kitts and Nevis,2.7524838,15348.688,North America
1994,KNA,Saint Kitts and Nevis,2.89277,15955.838,North America
1995,KNA,Saint Kitts and Nevis,2.9417903,16596.266,North America
1996,KNA,Saint Kitts and Nevis,3.0744703,17340.223,North America
1997,KNA,Saint Kitts and Nevis,3.2041976,18288.494,North America
1998,KNA,Saint Kitts and Nevis,3.4127858,17963.7,North America
1999,KNA,Saint Kitts and Nevis,3.530577,18291.424,North America
2000,KNA,Saint Kitts and Nevis,3.8038523,19840.58,North America
2001,KNA,Saint Kitts and Nevis,3.841258,20648.79,North America
2002,KNA,Saint Kitts and Nevis,4.2171645,20813.404,North America
2003,KNA,Saint Kitts and Nevis,4.20329,19927.182,North America
2004,KNA,Saint Kitts and Nevis,4.507154,20661.346,North America
2005,KNA,Saint Kitts and Nevis,4.1798577,22612.713,North America
2006,KNA,Saint Kitts and Nevis,4.3252063,23258.984,North America
2007,KNA,Saint Kitts and Nevis,4.6256685,23330.045,North America
2008,KNA,Saint Kitts and Nevis,4.6135263,25898.783,North America
2009,KNA,Saint Kitts and Nevis,4.683326,24973.805,North America
2010,KNA,Saint Kitts and Nevis,4.69032,24997.566,North America
2011,KNA,Saint Kitts and Nevis,4.8419123,25380.008,North America
2012,KNA,Saint Kitts and Nevis,4.749745,25114.057,North America
2013,KNA,Saint Kitts and Nevis,4.746114,26532.102,North America
2014,KNA,Saint Kitts and Nevis,4.8218713,28530.307,North America
2015,KNA,Saint Kitts and Nevis,4.900059,28729.566,North America
2016,KNA,Saint Kitts and Nevis,5.056583,29867.027,North America
2017,KNA,Saint Kitts and Nevis,5.1369944,29948.92,North America
2018,KNA,Saint Kitts and Nevis,5.2974997,30576.248,North America
2019,KNA,Saint Kitts and Nevis,5.5378065,31512.193,North America
2020,KNA,Saint Kitts and Nevis,5.156602,26736.928,North America
2021,KNA,Saint Kitts and Nevis,5.012098,26896.617,North America
2022,KNA,Saint Kitts and Nevis,5.3636484,29749.87,North America
2023,KNA,Saint Kitts and Nevis,5.346964,30616.578,North America
2024,KNA,Saint Kitts and Nevis,5.542429,30656.441,North America
1990,LCA,Saint Lucia,1.3021744,17222.148,North America
1991,LCA,Saint Lucia,1.3391813,17080.799,North America
1992,LCA,Saint Lucia,1.5004836,18166.207,North America
1993,LCA,Saint Lucia,1.6314467,18004.031,North America
1994,LCA,Saint Lucia,1.7830173,18020.514,North America
1995,LCA,Saint Lucia,1.8539133,18048.781,North America
1996,LCA,Saint Lucia,1.9482496,18301.152,North America
1997,LCA,Saint Lucia,1.9210402,17920.033,North America
1998,LCA,Saint Lucia,2.084402,18786.998,North America
1999,LCA,Saint Lucia,2.150907,19039.463,North America
2000,LCA,Saint Lucia,2.1481743,18818.885,North America
2001,LCA,Saint Lucia,2.2407408,17993.637,North America
2002,LCA,Saint Lucia,2.1985586,17911.629,North America
2003,LCA,Saint Lucia,2.3155015,18522.514,North America
2004,LCA,Saint Lucia,2.4315128,19715.83,North America
2005,LCA,Saint Lucia,2.3694427,19491.219,North America
2006,LCA,Saint Lucia,2.4843361,20551.06,North America
2007,LCA,Saint Lucia,2.5115936,20759.305,North America
2008,LCA,Saint Lucia,2.517676,21651.234,North America
2009,LCA,Saint Lucia,2.501907,20907.334,North America
2010,LCA,Saint Lucia,2.829658,20849.055,North America
2011,LCA,Saint Lucia,2.814951,21637.87,North America
2012,LCA,Saint Lucia,2.8234422,21515.9,North America
2013,LCA,Saint Lucia,2.8106587,21029.29,North America
2014,LCA,Saint Lucia,2.7983117,21214.477,North America
2015,LCA,Saint Lucia,2.7440357,21142.973,North America
2016,LCA,Saint Lucia,2.6908813,21775.475,North America
2017,LCA,Saint Lucia,2.8048449,22422.598,North America
2018,LCA,Saint Lucia,2.8768585,22981.918,North America
2019,LCA,Saint Lucia,2.8252034,22738.248,North America
2020,LCA,Saint Lucia,2.7336996,17142.045,North America
2021,LCA,Saint Lucia,2.8320374,19101.166,North America
2022,LCA,Saint Lucia,2.8977146,22962.281,North America
2023,LCA,Saint Lucia,2.8838367,23403.744,North America
2024,LCA,Saint Lucia,2.9869597,24252.469,North America
1990,VCT,Saint Vincent and the Grenadines,0.7208406,7467.379,North America
1991,VCT,Saint Vincent and the Grenadines,0.75084645,7524.585,North America
1992,VCT,Saint Vincent and the Grenadines,0.7489247,7984.0796,North America
1993,VCT,Saint Vincent and the Grenadines,0.90988266,8306.775,North America
1994,VCT,Saint Vincent and the Grenadines,1.0706525,8189.8438,North America
1995,VCT,Saint Vincent and the Grenadines,1.1342249,8815.849,North America
1996,VCT,Saint Vincent and the Grenadines,1.1658888,8923.705,North America
1997,VCT,Saint Vincent and the Grenadines,1.1656622,9234.699,North America
1998,VCT,Saint Vincent and the Grenadines,1.4242325,9609.104,North America
1999,VCT,Saint Vincent and the Grenadines,1.4541734,9853.348,North America
2000,VCT,Saint Vincent and the Grenadines,1.2583193,9999.059,North America
2001,VCT,Saint Vincent and the Grenadines,1.5494511,10177.81,North America
2002,VCT,Saint Vincent and the Grenadines,1.6483394,10736.088,North America
2003,VCT,Saint Vincent and the Grenadines,1.7810144,11475.331,North America
2004,VCT,Saint Vincent and the Grenadines,1.9479691,11979.907,North America
2005,VCT,Saint Vincent and the Grenadines,1.9547415,12320.071,North America
2006,VCT,Saint Vincent and the Grenadines,1.9623841,13233.407,North America
2007,VCT,Saint Vincent and the Grenadines,2.1351216,13732.362,North America
2008,VCT,Saint Vincent and the Grenadines,1.9797022,13850.394,North America
2009,VCT,Saint Vincent and the Grenadines,2.5195575,13723.784,North America
2010,VCT,Saint Vincent and the Grenadines,2.0323348,13175.723,North America
2011,VCT,Saint Vincent and the Grenadines,1.9766109,13168.896,North America
2012,VCT,Saint Vincent and the Grenadines,2.1225345,13397.963,North America
2013,VCT,Saint Vincent and the Grenadines,1.9987426,13804.184,North America
2014,VCT,Saint Vincent and the Grenadines,2.3846405,14040.246,North America
2015,VCT,Saint Vincent and the Grenadines,2.1920636,14508.861,North America
2016,VCT,Saint Vincent and the Grenadines,2.2735298,15197.748,North America
2017,VCT,Saint Vincent and the Grenadines,2.011015,15533.222,North America
2018,VCT,Saint Vincent and the Grenadines,2.3044245,16139.066,North America
2019,VCT,Saint Vincent and the Grenadines,2.1101332,16365.325,North America
2020,VCT,Saint Vincent and the Grenadines,2.3001738,15763.705,North America
2021,VCT,Saint Vincent and the Grenadines,2.280025,16200.899,North America
2022,VCT,Saint Vincent and the Grenadines,2.417115,16835.023,North America
2023,VCT,Saint Vincent and the Grenadines,2.4296513,17858.244,North America
2024,VCT,Saint Vincent and the Grenadines,2.5405643,18714.2,North America
1990,WSM,Samoa,0.5418163,3990.9268,Oceania
1991,WSM,Samoa,0.5624343,3891.63,Oceania
1992,WSM,Samoa,0.58076787,3861.889,Oceania
1993,WSM,Samoa,0.618537,3986.4539,Oceania
1994,WSM,Samoa,0.5712867,3854.0393,Oceania
1995,WSM,Samoa,0.6296074,4077.991,Oceania
1996,WSM,Samoa,0.7074725,4333.5127,Oceania
1997,WSM,Samoa,0.7015955,4325.138,Oceania
1998,WSM,Samoa,0.77817583,4386.519,Oceania
1999,WSM,Samoa,0.772314,4448.32,Oceania
2000,WSM,Samoa,0.7864608,4638.594,Oceania
2001,WSM,Samoa,0.84011924,4941.115,Oceania
2002,WSM,Samoa,0.87388474,5183.4546,Oceania
2003,WSM,Samoa,0.8693373,5425.444,Oceania
2004,WSM,Samoa,0.90486133,5568.347,Oceania
2005,WSM,Samoa,0.9209329,5914.8896,Oceania
2006,WSM,Samoa,0.8978287,6017.477,Oceania
2007,WSM,Samoa,0.9511035,6013.2764,Oceania
2008,WSM,Samoa,0.84798306,6182.763,Oceania
2009,WSM,Samoa,0.8799875,6104.1274,Oceania
2010,WSM,Samoa,0.9680317,6427.3115,Oceania
2011,WSM,Samoa,0.9784415,6616.771,Oceania
2012,WSM,Samoa,0.9695193,6311.961,Oceania
2013,WSM,Samoa,0.9608844,6262.3237,Oceania
2014,WSM,Samoa,1.0073432,6247.905,Oceania
2015,WSM,Samoa,1.1257421,6432.36,Oceania
2016,WSM,Samoa,1.1702677,6887.305,Oceania
2017,WSM,Samoa,1.1415275,6919.0156,Oceania
2018,WSM,Samoa,1.1295841,6805.0454,Oceania
2019,WSM,Samoa,1.2399974,7033.521,Oceania
2020,WSM,Samoa,1.1063375,6745.2925,Oceania
2021,WSM,Samoa,1.2510852,6350.1143,Oceania
2022,WSM,Samoa,1.0961072,6449.365,Oceania
2023,WSM,Samoa,1.0838683,7383.7456,Oceania
2024,WSM,Samoa,1.1263857,7686.2495,Oceania
1990,STP,Sao Tome and Principe,0.3872741,3883.2043,Africa
1991,STP,Sao Tome and Principe,0.37890083,3844.8965,Africa
1992,STP,Sao Tome and Principe,0.37175614,3798.8835,Africa
1993,STP,Sao Tome and Principe,0.3650577,3771.2861,Africa
1994,STP,Sao Tome and Principe,0.3588233,3788.4836,Africa
1995,STP,Sao Tome and Principe,0.3530781,3802.2913,Africa
1996,STP,Sao Tome and Principe,0.34774482,3801.0815,Africa
1997,STP,Sao Tome and Principe,0.3428366,3784.7903,Africa
1998,STP,Sao Tome and Principe,0.33837956,3828.9983,Africa
1999,STP,Sao Tome and Principe,0.33435586,3878.131,Africa
2000,STP,Sao Tome and Principe,0.3561505,3852.8904,Africa
2001,STP,Sao Tome and Principe,0.35041603,3907.0193,Africa
2002,STP,Sao Tome and Principe,0.36656618,3942.7605,Africa
2003,STP,Sao Tome and Principe,0.40493032,4161.638,Africa
2004,STP,Sao Tome and Principe,0.4646179,4202.562,Africa
2005,STP,Sao Tome and Principe,0.47599134,4371.497,Africa
2006,STP,Sao Tome and Principe,0.48661342,4644.1807,Africa
2007,STP,Sao Tome and Principe,0.47497776,4698.084,Africa
2008,STP,Sao Tome and Principe,0.48485684,4873.181,Africa
2009,STP,Sao Tome and Principe,0.51499444,4919.1953,Africa
2010,STP,Sao Tome and Principe,0.5844343,4882.048,Africa
2011,STP,Sao Tome and Principe,0.53283066,4876.473,Africa
2012,STP,Sao Tome and Principe,0.5801997,4919.5527,Africa
2013,STP,Sao Tome and Principe,0.56906784,5072.112,Africa
2014,STP,Sao Tome and Principe,0.6516923,5223.0957,Africa
2015,STP,Sao Tome and Principe,0.67679775,5210.2036,Africa
2016,STP,Sao Tome and Principe,0.71948236,5388.5093,Africa
2017,STP,Sao Tome and Principe,0.67266387,5521.2026,Africa
2018,STP,Sao Tome and Principe,0.662385,5674.7236,Africa
2019,STP,Sao Tome and Principe,0.6867693,5702.0835,Africa
2020,STP,Sao Tome and Principe,0.6571442,5742.9473,Africa
2021,STP,Sao Tome and Principe,0.64374816,5732.6943,Africa
2022,STP,Sao Tome and Principe,0.59902877,5632.1387,Africa
2023,STP,Sao Tome and Principe,0.6056687,5541.302,Africa
2024,STP,Sao Tome and Principe,0.6019113,5491.2983,Africa
1990,SAU,Saudi Arabia,17.101427,65196.574,Asia
1991,SAU,Saudi Arabia,21.910164,67268.555,Asia
1992,SAU,Saudi Arabia,23.617598,67183.91,Asia
1993,SAU,Saudi Arabia,24.374388,64517.664,Asia
1994,SAU,Saudi Arabia,22.839817,62403.695,Asia
1995,SAU,Saudi Arabia,20.663662,60058.316,Asia
1996,SAU,Saudi Arabia,19.485096,59612.812,Asia
1997,SAU,Saudi Arabia,15.8017025,58875.547,Asia
1998,SAU,Saudi Arabia,14.670433,58306.62,Asia
1999,SAU,Saudi Arabia,15.364221,55878.17,Asia
2000,SAU,Saudi Arabia,19.139835,55962.266,Asia
2001,SAU,Saudi Arabia,19.034441,53309.113,Asia
2002,SAU,Saudi Arabia,19.369787,50371.977,Asia
2003,SAU,Saudi Arabia,18.695478,52234.65,Asia
2004,SAU,Saudi Arabia,20.727654,54196.55,Asia
2005,SAU,Saudi Arabia,20.050425,54931.793,Asia
2006,SAU,Saudi Arabia,20.736025,54373.74,Asia
2007,SAU,Saudi Arabia,18.92472,53318.418,Asia
2008,SAU,Saudi Arabia,20.15771,54407.707,Asia
2009,SAU,Saudi Arabia,20.81001,51760.766,Asia
2010,SAU,Saudi Arabia,22.086767,54911.547,Asia
2011,SAU,Saudi Arabia,20.694223,58645.445,Asia
2012,SAU,Saudi Arabia,22.38202,59471.7,Asia
2013,SAU,Saudi Arabia,20.807848,57998.465,Asia
2014,SAU,Saudi Arabia,20.177479,58872.266,Asia
2015,SAU,Saudi Arabia,20.835636,58498.54,Asia
2016,SAU,Saudi Arabia,20.873049,57308.45,Asia
2017,SAU,Saudi Arabia,20.936852,57942.547,Asia
2018,SAU,Saudi Arabia,21.47873,61359.465,Asia
2019,SAU,Saudi Arabia,23.244812,62647.73,Asia
2020,SAU,Saudi Arabia,21.088715,57420.734,Asia
2021,SAU,Saudi Arabia,22.196955,62690.496,Asia
2022,SAU,Saudi Arabia,20.729954,67178.59,Asia
2023,SAU,Saudi Arabia,20.36544,64481.844,Asia
2024,SAU,Saudi Arabia,20.379194,62792.773,Asia
1990,SEN,Senegal,0.3795022,2923.3442,Africa
1991,SEN,Senegal,0.39129224,2917.0142,Africa
1992,SEN,Senegal,0.3875756,2874.003,Africa
1993,SEN,Senegal,0.39138624,2834.028,Africa
1994,SEN,Senegal,0.4215789,2757.8608,Africa
1995,SEN,Senegal,0.33797503,2835.0327,Africa
1996,SEN,Senegal,0.35764647,2822.4683,Africa
1997,SEN,Senegal,0.3427981,2840.6082,Africa
1998,SEN,Senegal,0.35079262,2938.6917,Africa
1999,SEN,Senegal,0.37032485,3050.178,Africa
2000,SEN,Senegal,0.39144757,3093.2878,Africa
2001,SEN,Senegal,0.4169318,3149.331,Africa
2002,SEN,Senegal,0.4239283,3075.2317,Africa
2003,SEN,Senegal,0.45960554,3170.035,Africa
2004,SEN,Senegal,0.4772559,3240.302,Africa
2005,SEN,Senegal,0.49298495,3301.8208,Africa
2006,SEN,Senegal,0.3851897,3301.0315,Africa
2007,SEN,Senegal,0.44144446,3316.4204,Africa
2008,SEN,Senegal,0.39341933,3359.7056,Africa
2009,SEN,Senegal,0.42615724,3371.4617,Africa
2010,SEN,Senegal,0.54310757,3403.5671,Africa
2011,SEN,Senegal,0.6033564,3362.8794,Africa
2012,SEN,Senegal,0.5531069,3405.1086,Africa
2013,SEN,Senegal,0.57273364,3385.426,Africa
2014,SEN,Senegal,0.61647093,3484.0122,Africa
2015,SEN,Senegal,0.67465156,3593.7947,Africa
2016,SEN,Senegal,0.6659878,3710.0554,Africa
2017,SEN,Senegal,0.695133,3871.4514,Africa
2018,SEN,Senegal,0.71195424,3998.2864,Africa
2019,SEN,Senegal,0.77731997,4070.6123,Africa
2020,SEN,Senegal,0.6444607,4018.0413,Africa
2021,SEN,Senegal,0.7153539,4173.6772,Africa
2022,SEN,Senegal,0.8006707,4228.734,Africa
2023,SEN,Senegal,0.77896833,4304.7617,Africa
2024,SEN,Senegal,0.76163954,4460.924,Africa
1995,SRB,Serbia,4.991127,9444.791,Europe
1996,SRB,Serbia,5.8526134,10035.056,Europe
1997,SRB,Serbia,6.3033395,10965.528,Europe
1998,SRB,Serbia,6.656097,11598.379,Europe
1999,SRB,Serbia,4.6094947,10438.504,Europe
2000,SRB,Serbia,5.1473017,11105.995,Europe
2001,SRB,Serbia,5.559512,11879.226,Europe
2002,SRB,Serbia,5.971904,12661.992,Europe
2003,SRB,Serbia,6.4087796,13273.745,Europe
2004,SRB,Serbia,6.997513,14194.424,Europe
2005,SRB,Serbia,6.639785,15077.621,Europe
2006,SRB,Serbia,7.151936,15727.469,Europe
2007,SRB,Serbia,6.970463,17028.158,Europe
2008,SRB,Serbia,6.940546,17983.355,Europe
2009,SRB,Serbia,6.184198,17488.195,Europe
2010,SRB,Serbia,6.1783648,17841.506,Europe
2011,SRB,Serbia,6.6472673,17986.658,Europe
2012,SRB,Serbia,5.974852,17993.889,Europe
2013,SRB,Serbia,6.1262984,18163.28,Europe
2014,SRB,Serbia,5.165351,17922.51,Europe
2015,SRB,Serbia,6.116124,18247.885,Europe
2016,SRB,Serbia,6.3418617,18889.46,Europe
2017,SRB,Serbia,6.4568405,19439.072,Europe
2018,SRB,Serbia,6.335893,20454.31,Europe
2019,SRB,Serbia,6.3800635,21541.215,Europe
2020,SRB,Serbia,6.5659204,21479.168,Europe
2021,SRB,Serbia,6.4203916,23406.404,Europe
2022,SRB,Serbia,6.547047,24651.95,Europe
2023,SRB,Serbia,6.334863,25735.24,Europe
2024,SRB,Serbia,6.237839,26900.854,Europe
1990,SYC,Seychelles,2.030054,15478.848,Africa
1991,SYC,Seychelles,2.301077,15695.671,Africa
1992,SYC,Seychelles,2.27698,16744.508,Africa
1993,SYC,Seychelles,2.3972783,17596.898,Africa
1994,SYC,Seychelles,2.6076941,16716.521,Africa
1995,SYC,Seychelles,2.531941,16552.455,Africa
1996,SYC,Seychelles,2.9720283,17942.174,Africa
1997,SYC,Seychelles,3.4032383,19895.143,Africa
1998,SYC,Seychelles,3.585127,19991.229,Africa
1999,SYC,Seychelles,3.707191,19969.352,Africa
2000,SYC,Seychelles,3.824956,20633.674,Africa
2001,SYC,Seychelles,4.026802,20147.418,Africa
2002,SYC,Seychelles,4.0531917,19777.752,Africa
2003,SYC,Seychelles,3.9141703,18825.22,Africa
2004,SYC,Seychelles,4.280034,18356.47,Africa
2005,SYC,Seychelles,4.267718,19917.12,Africa
2006,SYC,Seychelles,4.256176,21341.86,Africa
2007,SYC,Seychelles,4.4056273,23117.855,Africa
2008,SYC,Seychelles,4.4729753,21990.37,Africa
2009,SYC,Seychelles,4.7343554,21361.13,Africa
2010,SYC,Seychelles,4.6285515,21708.756,Africa
2011,SYC,Seychelles,4.153296,24406.412,Africa
2012,SYC,Seychelles,4.195209,24919.955,Africa
2013,SYC,Seychelles,4.054844,24770.652,Africa
2014,SYC,Seychelles,4.3759494,25379.418,Africa
2015,SYC,Seychelles,4.6463213,27032.209,Africa
2016,SYC,Seychelles,5.037183,29905.135,Africa
2017,SYC,Seychelles,5.1159077,31595.668,Africa
2018,SYC,Seychelles,5.1909294,32841.426,Africa
2019,SYC,Seychelles,5.0135474,34346.07,Africa
2020,SYC,Seychelles,4.9645634,30056.2,Africa
2021,SYC,Seychelles,4.974699,29979.828,Africa
2022,SYC,Seychelles,5.0101247,27978.178,Africa
2023,SYC,Seychelles,5.0117536,28635.355,Africa
2024,SYC,Seychelles,5.002998,29241.775,Africa
1990,SLE,Sierra Leone,0.11873331,2703.599,Africa
1991,SLE,Sierra Leone,0.13115706,2734.9685,Africa
1992,SLE,Sierra Leone,0.06771557,2257.4495,Africa
1993,SLE,Sierra Leone,0.063459195,2293.5635,Africa
1994,SLE,Sierra Leone,0.06585015,2240.29,Africa
1995,SLE,Sierra Leone,0.05348037,2058.077,Africa
1996,SLE,Sierra Leone,0.054970276,2084.1821,Africa
1997,SLE,Sierra Leone,0.04823648,1936.5565,Africa
1998,SLE,Sierra Leone,0.05117577,1951.8209,Africa
1999,SLE,Sierra Leone,0.040729523,1903.3269,Africa
2000,SLE,Sierra Leone,0.061292857,1981.5061,Africa
2001,SLE,Sierra Leone,0.07964004,1749.3508,Africa
2002,SLE,Sierra Leone,0.10097045,2089.2615,Africa
2003,SLE,Sierra Leone,0.10402485,2196.2812,Africa
2004,SLE,Sierra Leone,0.09714632,2260.8381,Africa
2005,SLE,Sierra Leone,0.078585066,2296.6577,Africa
2006,SLE,Sierra Leone,0.10227606,2342.7546,Africa
2007,SLE,Sierra Leone,0.08475945,2377.8054,Africa
2008,SLE,Sierra Leone,0.08577698,2404.652,Africa
2009,SLE,Sierra Leone,0.08289244,2376.5825,Africa
2010,SLE,Sierra Leone,0.08773277,2459.768,Africa
2011,SLE,Sierra Leone,0.11186021,2590.5283,Africa
2012,SLE,Sierra Leone,0.12696049,2792.9263,Africa
2013,SLE,Sierra Leone,0.15662184,3124.7283,Africa
2014,SLE,Sierra Leone,0.16411413,2812.5283,Africa
2015,SLE,Sierra Leone,0.15404907,2628.1707,Africa
2016,SLE,Sierra Leone,0.15814717,2732.261,Africa
2017,SLE,Sierra Leone,0.1484607,2753.4272,Africa
2018,SLE,Sierra Leone,0.13725628,2767.3801,Africa
2019,SLE,Sierra Leone,0.14453192,2852.6626,Africa
2020,SLE,Sierra Leone,0.15003191,2752.6262,Africa
2021,SLE,Sierra Leone,0.18328422,2849.3887,Africa
2022,SLE,Sierra Leone,0.17441697,2934.7332,Africa
2023,SLE,Sierra Leone,0.1631619,3034.946,Africa
2024,SLE,Sierra Leone,0.165966,3098.763,Africa
1990,SGP,Singapore,14.322831,45567.79,Asia
1991,SGP,Singapore,14.104377,47251.695,Asia
1992,SGP,Singapore,14.703873,48897.81,Asia
1993,SGP,Singapore,14.967894,53139.844,Asia
1994,SGP,Singapore,17.580204,57213.098,Asia
1995,SGP,Singapore,11.474289,59483.637,Asia
1996,SGP,Singapore,13.101944,61381.754,Asia
1997,SGP,Singapore,14.9440565,64291.203,Asia
1998,SGP,Singapore,12.152546,60782.195,Asia
1999,SGP,Singapore,12.403737,63746.48,Asia
2000,SGP,Singapore,9.260569,68314.55,Asia
2001,SGP,Singapore,9.359485,65784.4,Asia
2002,SGP,Singapore,9.696018,67744.27,Asia
2003,SGP,Singapore,9.553345,71877.53,Asia
2004,SGP,Singapore,9.825615,78039.02,Asia
2005,SGP,Singapore,9.277561,81841.16,Asia
2006,SGP,Singapore,9.212482,86463.83,Asia
2007,SGP,Singapore,8.941555,90417.805,Asia
2008,SGP,Singapore,8.363253,87329.59,Asia
2009,SGP,Singapore,8.211612,84843.516,Asia
2010,SGP,Singapore,8.745288,95456.19,Asia
2011,SGP,Singapore,9.069433,99296.76,Asia
2012,SGP,Singapore,8.709049,101187.83,Asia
2013,SGP,Singapore,8.726994,104359.03,Asia
2014,SGP,Singapore,8.721305,107066.86,Asia
2015,SGP,Singapore,8.940621,108953.73,Asia
2016,SGP,Singapore,8.802539,111579.74,Asia
2017,SGP,Singapore,8.939904,116471.82,Asia
2018,SGP,Singapore,8.927358,119927.766,Asia
2019,SGP,Singapore,8.642643,120114.13,Asia
2020,SGP,Singapore,8.309385,115893.04,Asia
2021,SGP,Singapore,9.033064,132617.36,Asia
2022,SGP,Singapore,8.6610365,133571.97,Asia
2023,SGP,Singapore,8.821352,129555.24,Asia
2024,SGP,Singapore,9.244836,132569.53,Asia
2009,SXM,Sint Maarten (Dutch part),19.449245,50980.94,North America
2010,SXM,Sint Maarten (Dutch part),13.27808,52140.6,North America
2011,SXM,Sint Maarten (Dutch part),16.70497,53786.246,North America
2012,SXM,Sint Maarten (Dutch part),19.972147,53357.004,North America
2013,SXM,Sint Maarten (Dutch part),19.91804,52801.402,North America
2014,SXM,Sint Maarten (Dutch part),19.770323,52439.473,North America
2015,SXM,Sint Maarten (Dutch part),19.839745,51375.6,North America
2016,SXM,Sint Maarten (Dutch part),19.52908,50817.68,North America
2017,SXM,Sint Maarten (Dutch part),18.032606,46088.36,North America
2018,SXM,Sint Maarten (Dutch part),17.243004,42154.1,North America
2019,SXM,Sint Maarten (Dutch part),17.046078,45996.793,North America
2020,SXM,Sint Maarten (Dutch part),15.896653,39265.76,North America
2021,SXM,Sint Maarten (Dutch part),16.385065,40507.066,North America
2022,SXM,Sint Maarten (Dutch part),16.42426,45515.652,North America
2023,SXM,Sint Maarten (Dutch part),16.156517,46571.09,North America
2024,SXM,Sint Maarten (Dutch part),16.546274,47303.195,North America
1990,SVK,Slovakia,11.683943,17528.242,Europe
1991,SVK,Slovakia,10.091804,14962.115,Europe
1992,SVK,Slovakia,9.221046,13951.908,Europe
1993,SVK,Slovakia,8.710321,14163.014,Europe
1994,SVK,Slovakia,8.1979475,14982.747,Europe
1995,SVK,Slovakia,8.253979,15811.925,Europe
1996,SVK,Slovakia,8.219317,16744.068,Europe
1997,SVK,Slovakia,8.221393,17630.04,Europe
1998,SVK,Slovakia,8.163563,18280.05,Europe
1999,SVK,Slovakia,8.011809,18174.98,Europe
2000,SVK,Slovakia,7.6555824,18343.236,Europe
2001,SVK,Slovakia,8.044096,18914.39,Europe
2002,SVK,Slovakia,7.8163185,19757.068,Europe
2003,SVK,Slovakia,7.879032,20730.25,Europe
2004,SVK,Slovakia,7.971774,21851.955,Europe
2005,SVK,Slovakia,7.9709287,23266.758,Europe
2006,SVK,Slovakia,7.9301777,25342.31,Europe
2007,SVK,Slovakia,7.6310034,28075.807,Europe
2008,SVK,Slovakia,7.7011194,29556.262,Europe
2009,SVK,Slovakia,6.997327,27891.896,Europe
2010,SVK,Slovakia,7.133786,29758.174,Europe
2011,SVK,Slovakia,7.0478635,30481.377,Europe
2012,SVK,Slovakia,6.653511,30907.04,Europe
2013,SVK,Slovakia,6.5839057,31090.988,Europe
2014,SVK,Slovakia,6.224689,31901.943,Europe
2015,SVK,Slovakia,6.3701262,33521.594,Europe
2016,SVK,Slovakia,6.444788,34130.504,Europe
2017,SVK,Slovakia,6.6567197,35057.223,Europe
2018,SVK,Slovakia,6.647537,36430.793,Europe
2019,SVK,Slovakia,6.2108803,37209.535,Europe
2020,SVK,Slovakia,5.7151237,36216.4,Europe
2021,SVK,Slovakia,6.47673,38346.094,Europe
2022,SVK,Slovakia,5.771668,38664.906,Europe
2023,SVK,Slovakia,5.5755577,39518.223,Europe
2024,SVK,Slovakia,5.282773,40319.055,Europe
1990,SVN,Slovenia,7.556182,25345.049,Europe
1991,SVN,Slovenia,6.9910984,23074.668,Europe
1992,SVN,Slovenia,6.957364,21845.963,Europe
1993,SVN,Slovenia,7.1600075,22520.738,Europe
1994,SVN,Slovenia,7.362782,23747.986,Europe
1995,SVN,Slovenia,7.7244644,24718.023,Europe
1996,SVN,Slovenia,8.054499,25454.125,Europe
1997,SVN,Slovenia,8.321139,26806.463,Europe
1998,SVN,Slovenia,8.103025,27688.094,Europe
1999,SVN,Slovenia,7.7824874,29125.89,Europe
2000,SVN,Slovenia,7.579839,30055.572,Europe
2001,SVN,Slovenia,8.196871,30857.111,Europe
2002,SVN,Slovenia,8.320522,31830.555,Europe
2003,SVN,Slovenia,8.169682,32827.75,Europe
2004,SVN,Slovenia,8.382396,34298.13,Europe
2005,SVN,Slovenia,8.484075,35558.38,Europe
2006,SVN,Slovenia,8.578714,37539.46,Europe
2007,SVN,Slovenia,8.613562,39995.207,Europe
2008,SVN,Slovenia,9.029033,41278.61,Europe
2009,SVN,Slovenia,7.962925,37802.09,Europe
2010,SVN,Slovenia,8.053124,38056.18,Europe
2011,SVN,Slovenia,7.9871964,38226.125,Europe
2012,SVN,Slovenia,7.677851,37033.766,Europe
2013,SVN,Slovenia,7.3606315,36678.875,Europe
2014,SVN,Slovenia,6.5917087,37655.2,Europe
2015,SVN,Slovenia,6.6305976,38527.42,Europe
2016,SVN,Slovenia,7.0186086,39667.457,Europe
2017,SVN,Slovenia,7.097131,41692.836,Europe
2018,SVN,Slovenia,7.03719,43361.094,Europe
2019,SVN,Slovenia,6.7451043,44569.586,Europe
2020,SVN,Slovenia,6.1229367,42463.562,Europe
2021,SVN,Slovenia,6.186983,45914.06,Europe
2022,SVN,Slovenia,6.017234,47050.066,Europe
2023,SVN,Slovenia,5.6704106,47977.426,Europe
2024,SVN,Slovenia,6.0184274,48648.906,Europe
1990,SLB,Solomon Islands,0.44218096,2352.3992,Oceania
1991,SLB,Solomon Islands,0.4503033,2418.3657,Oceania
1992,SLB,Solomon Islands,0.45772043,2644.5005,Oceania
1993,SLB,Solomon Islands,0.47459832,2669.676,Oceania
1994,SLB,Solomon Islands,0.4902525,2802.2324,Oceania
1995,SLB,Solomon Islands,0.4952072,2996.2717,Oceania
1996,SLB,Solomon Islands,0.49961492,2957.819,Oceania
1997,SLB,Solomon Islands,0.50354373,2848.3196,Oceania
1998,SLB,Solomon Islands,0.50709414,2805.266,Oceania
1999,SLB,Solomon Islands,0.51064897,2717.527,Oceania
2000,SLB,Solomon Islands,0.5157271,2276.822,Oceania
2001,SLB,Solomon Islands,0.5302614,2055.2744,Oceania
2002,SLB,Solomon Islands,0.53637946,1960.4238,Oceania
2003,SLB,Solomon Islands,0.55019265,2050.3086,Oceania
2004,SLB,Solomon Islands,0.57899195,2168.5059,Oceania
2005,SLB,Solomon Islands,0.58400714,2287.2737,Oceania
2006,SLB,Solomon Islands,0.5962547,2340.6516,Oceania
2007,SLB,Solomon Islands,0.6006942,2384.3179,Oceania
2008,SLB,Solomon Islands,0.61210454,2489.783,Oceania
2009,SLB,Solomon Islands,0.6222754,2514.891,Oceania
2010,SLB,Solomon Islands,0.62558913,2682.2854,Oceania
2011,SLB,Solomon Islands,0.6294872,2777.4785,Oceania
2012,SLB,Solomon Islands,0.6004222,2743.4585,Oceania
2013,SLB,Solomon Islands,0.6343234,2783.5918,Oceania
2014,SLB,Solomon Islands,0.5345307,2716.422,Oceania
2015,SLB,Solomon Islands,0.46414346,2664.7249,Oceania
2016,SLB,Solomon Islands,0.44252077,2715.2336,Oceania
2017,SLB,Solomon Islands,0.4221463,2703.6636,Oceania
2018,SLB,Solomon Islands,0.4133638,2686.119,Oceania
2019,SLB,Solomon Islands,0.407583,2661.6167,Oceania
2020,SLB,Solomon Islands,0.39371127,2515.1414,Oceania
2021,SLB,Solomon Islands,0.37956762,2449.87,Oceania
2022,SLB,Solomon Islands,0.36244535,2330.103,Oceania
2023,SLB,Solomon Islands,0.35219383,2339.575,Oceania
2024,SLB,Solomon Islands,0.3596751,2353.248,Oceania
1991,SOM,Somalia,0.10384674,837.267,Africa
1992,SOM,Somalia,0.10255224,803.78705,Africa
1993,SOM,Somalia,0.093658134,812.5573,Africa
1994,SOM,Somalia,0.088009425,634.7277,Africa
1995,SOM,Somalia,0.080361284,636.66205,Africa
1996,SOM,Somalia,0.07614665,663.35114,Africa
1997,SOM,Somalia,0.06836755,648.01715,Africa
1998,SOM,Somalia,0.06199955,662.67487,Africa
1999,SOM,Somalia,0.057384387,682.9791,Africa
2000,SOM,Somalia,0.05762105,702.8501,Africa
2001,SOM,Somalia,0.058952253,723.37976,Africa
2002,SOM,Somalia,0.060234956,749.9136,Africa
2003,SOM,Somalia,0.06101021,777.8846,Africa
2004,SOM,Somalia,0.060941927,803.05975,Africa
2005,SOM,Somalia,0.060927633,830.80725,Africa
2006,SOM,Somalia,0.06109169,857.99365,Africa
2007,SOM,Somalia,0.061160613,887.3693,Africa
2008,SOM,Somalia,0.06188823,919.1321,Africa
2009,SOM,Somalia,0.0621837,956.22034,Africa
2010,SOM,Somalia,0.063348815,995.2256,Africa
2011,SOM,Somalia,0.06557253,1054.3622,Africa
2012,SOM,Somalia,0.06674562,1114.8042,Africa
2013,SOM,Somalia,0.06662026,1197.7217,Africa
2014,SOM,Somalia,0.06647087,1259.2743,Africa
2015,SOM,Somalia,0.06687406,1343.9252,Africa
2016,SOM,Somalia,0.06664724,1384.1552,Africa
2017,SOM,Somalia,0.066566244,1527.6603,Africa
2018,SOM,Somalia,0.066866115,1504.9791,Africa
2019,SOM,Somalia,0.06673882,1491.2949,Africa
2020,SOM,Somalia,0.06843375,1396.0554,Africa
2021,SOM,Somalia,0.06682479,1392.3179,Africa
2022,SOM,Somalia,0.07141981,1387.5475,Africa
2023,SOM,Somalia,0.07061636,1401.6473,Africa
2024,SOM,Somalia,0.06939735,1409.335,Africa
1990,ZAF,South Africa,7.6800613,10811.151,Africa
1991,ZAF,South Africa,7.8207426,10459.356,Africa
1992,ZAF,South Africa,7.099532,10053.61,Africa
1993,ZAF,South Africa,7.3989305,9976.965,Africa
1994,ZAF,South Africa,7.6970315,10130.806,Africa
1995,ZAF,South Africa,8.120774,10318.839,Africa
1996,ZAF,South Africa,8.060904,10623.86,Africa
1997,ZAF,South Africa,8.435343,10770.278,Africa
1998,ZAF,South Africa,8.161872,10693.688,Africa
1999,ZAF,South Africa,8.021964,10831.659,Africa
2000,ZAF,South Africa,8.022367,11183.825,Africa
2001,ZAF,South Africa,7.8122125,11387.492,Africa
2002,ZAF,South Africa,7.4241047,11697.565,Africa
2003,ZAF,South Africa,8.338209,11923.121,Africa
2004,ZAF,South Africa,9.171435,12341.21,Africa
2005,ZAF,South Africa,8.409871,12861.563,Africa
2006,ZAF,South Africa,8.935195,13444.233,Africa
2007,ZAF,South Africa,9.203381,14016.244,Africa
2008,ZAF,South Africa,9.677716,14297.688,Africa
2009,ZAF,South Africa,9.173127,13910.702,Africa
2010,ZAF,South Africa,8.928475,14164.996,Africa
2011,ZAF,South Africa,8.949351,14434.261,Africa
2012,ZAF,South Africa,8.579701,14563.763,Africa
2013,ZAF,South Africa,8.343052,14681.097,Africa
2014,ZAF,South Africa,8.663356,14643.339,Africa
2015,ZAF,South Africa,8.064963,14541.675,Africa
2016,ZAF,South Africa,7.9820704,14501.281,Africa
2017,ZAF,South Africa,7.6344075,14573.598,Africa
2018,ZAF,South Africa,7.7417293,14553.562,Africa
2019,ZAF,South Africa,7.899718,14352.67,Africa
2020,ZAF,South Africa,7.1875925,13250.566,Africa
2021,ZAF,South Africa,7.14546,13681.955,Africa
2022,ZAF,South Africa,6.8738866,13767.497,Africa
2023,ZAF,South Africa,6.9069405,13695.376,Africa
2024,ZAF,South Africa,6.8715796,13597.654,Africa
1990,KOR,South Korea,5.6829114,14377.884,Asia
1991,KOR,South Korea,6.2037244,15784.467,Asia
1992,KOR,South Korea,6.716251,16613.49,Asia
1993,KOR,South Korea,7.3555517,17595.904,Asia
1994,KOR,South Korea,7.8814135,19052.299,Asia
1995,KOR,South Korea,8.456663,20697.896,Asia
1996,KOR,South Korea,9.224541,22139.797,Asia
1997,KOR,South Korea,9.685518,23311.043,Asia
1998,KOR,South Korea,8.17717,22000.338,Asia
1999,KOR,South Korea,8.828288,24382.25,Asia
2000,KOR,South Korea,9.407999,26404.158,Asia
2001,KOR,South Korea,9.685312,27440.656,Asia
2002,KOR,South Korea,10.064984,29395.277,Asia
2003,KOR,South Korea,10.211963,30142.46,Asia
2004,KOR,South Korea,10.302297,31579.527,Asia
2005,KOR,South Korea,10.421549,32886.047,Asia
2006,KOR,South Korea,10.487704,34429.62,Asia
2007,KOR,South Korea,10.828748,36257.34,Asia
2008,KOR,South Korea,11.015084,37064.152,Asia
2009,KOR,South Korea,11.078403,37176.195,Asia
2010,KOR,South Korea,12.18674,39574.05,Asia
2011,KOR,South Korea,12.690266,40719.227,Asia
2012,KOR,South Korea,12.660249,41537.67,Asia
2013,KOR,South Korea,12.673574,42709.977,Asia
2014,KOR,South Korea,12.453072,43806.926,Asia
2015,KOR,South Korea,12.438773,44849.105,Asia
2016,KOR,South Korea,12.435496,46088.242,Asia
2017,KOR,South Korea,12.712852,47536.79,Asia
2018,KOR,South Korea,12.977481,48834.445,Asia
2019,KOR,South Korea,12.480763,49790.867,Asia
2020,KOR,South Korea,11.524331,49374.094,Asia
2021,KOR,South Korea,11.882237,51718.25,Asia
2022,KOR,South Korea,11.719733,53228.605,Asia
2023,KOR,South Korea,11.385368,54029.344,Asia
2024,KOR,South Korea,11.285893,55070.938,Asia
1990,ESP,Spain,5.8688183,31773.227,Europe
1991,ESP,Spain,6.104081,32499.348,Europe
1992,ESP,Spain,6.283217,32641.082,Europe
1993,ESP,Spain,6.03,32137.314,Europe
1994,ESP,Spain,6.306981,32746.93,Europe
1995,ESP,Spain,6.6179895,33501.73,Europe
1996,ESP,Spain,6.276799,34232.38,Europe
1997,ESP,Spain,6.5530524,35312.086,Europe
1998,ESP,Spain,6.73725,36679.094,Europe
1999,ESP,Spain,7.277729,38141.316,Europe
2000,ESP,Spain,7.5392795,39945.9,Europe
2001,ESP,Spain,7.5409565,41224.293,Europe
2002,ESP,Spain,7.9277363,41766.04,Europe
2003,ESP,Spain,7.8938184,42223.13,Europe
2004,ESP,Spain,8.144856,42793.39,Europe
2005,ESP,Spain,8.358881,43570.766,Europe
2006,ESP,Spain,8.029218,44572.68,Europe
2007,ESP,Spain,8.051333,45301.285,Europe
2008,ESP,Spain,7.2517366,44926.348,Europe
2009,ESP,Spain,6.350556,42852.223,Europe
2010,ESP,Spain,6.032926,42695.527,Europe
2011,ESP,Spain,6.02738,42271.836,Europe
2012,ESP,Spain,5.9005117,41034.047,Europe
2013,ESP,Spain,5.3800054,40594.914,Europe
2014,ESP,Spain,5.4292984,41339.41,Europe
2015,ESP,Spain,5.7889185,43053.76,Europe
2016,ESP,Spain,5.554019,44274.668,Europe
2017,ESP,Spain,5.83512,45446.25,Europe
2018,ESP,Spain,5.701944,46325.21,Europe
2019,ESP,Spain,5.284558,46896.418,Europe
2020,ESP,Spain,4.441423,41553.45,Europe
2021,ESP,Spain,4.793181,44251.664,Europe
2022,ESP,Spain,4.8971643,46733.48,Europe
2023,ESP,Spain,4.4970493,47322.594,Europe
2024,ESP,Spain,4.599015,48460.293,Europe
1990,LKA,Sri Lanka,0.23251896,4561.579,Asia
1991,LKA,Sri Lanka,0.24926244,4735.8193,Asia
1992,LKA,Sri Lanka,0.30083695,4866.2393,Asia
1993,LKA,Sri Lanka,0.28850245,5114.4365,Asia
1994,LKA,Sri Lanka,0.30919212,5322.7295,Asia
1995,LKA,Sri Lanka,0.32549822,5523.312,Asia
1996,LKA,Sri Lanka,0.38328636,5624.024,Asia
1997,LKA,Sri Lanka,0.405572,5871.723,Asia
1998,LKA,Sri Lanka,0.40983656,6032.622,Asia
1999,LKA,Sri Lanka,0.44241077,6176.2354,Asia
2000,LKA,Sri Lanka,0.5178222,6428.6133,Asia
2001,LKA,Sri Lanka,0.5182398,6230.031,Asia
2002,LKA,Sri Lanka,0.5446268,6409.863,Asia
2003,LKA,Sri Lanka,0.53937906,6741.0127,Asia
2004,LKA,Sri Lanka,0.59281546,7059.911,Asia
2005,LKA,Sri Lanka,0.57723796,7452.742,Asia
2006,LKA,Sri Lanka,0.5651884,7970.665,Asia
2007,LKA,Sri Lanka,0.577949,8454.207,Asia
2008,LKA,Sri Lanka,0.5646439,8897.827,Asia
2009,LKA,Sri Lanka,0.605714,9156.319,Asia
2010,LKA,Sri Lanka,0.6081095,9832.187,Asia
2011,LKA,Sri Lanka,0.68904465,10618.492,Asia
2012,LKA,Sri Lanka,0.72696227,11447.693,Asia
2013,LKA,Sri Lanka,0.6621668,12249.723,Asia
2014,LKA,Sri Lanka,0.79248416,12909.966,Asia
2015,LKA,Sri Lanka,0.8826046,13329.779,Asia
2016,LKA,Sri Lanka,1.0195531,13845.614,Asia
2017,LKA,Sri Lanka,1.0036424,14572.485,Asia
2018,LKA,Sri Lanka,0.90489626,14759.825,Asia
2019,LKA,Sri Lanka,0.9417696,14637.444,Asia
2020,LKA,Sri Lanka,0.9047328,13886.651,Asia
2021,LKA,Sri Lanka,0.9173014,14316.135,Asia
2022,LKA,Sri Lanka,0.80477285,13249.065,Asia
2023,LKA,Sri Lanka,0.8343349,13024.94,Asia
2024,LKA,Sri Lanka,0.90139973,13752.837,Asia
1990,SDN,Sudan,0.21721356,2460.1887,Africa
1991,SDN,Sudan,0.19937299,2591.8691,Africa
1992,SDN,Sudan,0.17452614,2709.79,Africa
1993,SDN,Sudan,0.11749412,2777.275,Africa
1994,SDN,Sudan,0.15961936,2736.472,Africa
1995,SDN,Sudan,0.16060697,2824.632,Africa
1996,SDN,Sudan,0.16233656,2924.2908,Africa
1997,SDN,Sudan,0.19467841,3380.1868,Africa
1998,SDN,Sudan,0.16525103,3441.1792,Africa
1999,SDN,Sudan,0.17520526,3459.23,Africa
2000,SDN,Sudan,0.1902314,3575.852,Africa
2001,SDN,Sudan,0.21101892,3701.5488,Africa
2002,SDN,Sudan,0.2611692,3814.3132,Africa
2003,SDN,Sudan,0.28483316,3946.9226,Africa
2004,SDN,Sudan,0.355604,4041.0571,Africa
2005,SDN,Sudan,0.33772862,4152.3228,Africa
2006,SDN,Sudan,0.36085773,4299.974,Africa
2007,SDN,Sudan,0.41398454,4415.785,Africa
2008,SDN,Sudan,0.4216906,4446.4097,Africa
2009,SDN,Sudan,0.42827997,4188.0547,Africa
2010,SDN,Sudan,0.42553443,4219.837,Africa
2011,SDN,Sudan,0.4070595,4467.626,Africa
2012,SDN,Sudan,0.42691404,4145.9316,Africa
2013,SDN,Sudan,0.45980862,4130.486,Africa
2014,SDN,Sudan,0.33729354,4207.5005,Africa
2015,SDN,Sudan,0.3559451,4159.1943,Africa
2016,SDN,Sudan,0.47836417,4174.561,Africa
2017,SDN,Sudan,0.4753949,4061.0183,Africa
2018,SDN,Sudan,0.46384075,3816.66,Africa
2019,SDN,Sudan,0.48315886,3625.5232,Africa
2020,SDN,Sudan,0.42317292,3401.2498,Africa
2021,SDN,Sudan,0.39961275,3248.9756,Africa
2022,SDN,Sudan,0.35494992,3132.0771,Africa
2023,SDN,Sudan,0.35400742,2181.079,Africa
2024,SDN,Sudan,0.35272878,1861.398,Africa
1990,SUR,Suriname,4.2141137,17137.65,South America
1991,SUR,Suriname,4.876958,17493.496,South America
1992,SUR,Suriname,4.864184,17455.125,South America
1993,SUR,Suriname,4.8611255,16217.166,South America
1994,SUR,Suriname,4.837157,16648.535,South America
1995,SUR,Suriname,4.7981987,16368.312,South America
1996,SUR,Suriname,4.7472486,16184.5,South America
1997,SUR,Suriname,4.698278,16754.352,South America
1998,SUR,Suriname,4.602097,16789.756,South America
1999,SUR,Suriname,4.54739,16217.518,South America
2000,SUR,Suriname,4.6005054,16220.179,South America
2001,SUR,Suriname,4.857427,16556.943,South America
2002,SUR,Suriname,3.1431813,16678.072,South America
2003,SUR,Suriname,3.0383575,17383.502,South America
2004,SUR,Suriname,3.0221334,18585.518,South America
2005,SUR,Suriname,3.0538914,19220.283,South America
2006,SUR,Suriname,3.3142724,20113.67,South America
2007,SUR,Suriname,3.3105705,20902.139,South America
2008,SUR,Suriname,3.6127217,21515.812,South America
2009,SUR,Suriname,3.6592057,21906.41,South America
2010,SUR,Suriname,4.319442,22772.475,South America
2011,SUR,Suriname,4.9578395,23829.533,South America
2012,SUR,Suriname,4.432314,24193.842,South America
2013,SUR,Suriname,5.538299,24624.021,South America
2014,SUR,Suriname,5.5631514,24414.355,South America
2015,SUR,Suriname,4.665511,23327.525,South America
2016,SUR,Suriname,4.9569607,21950.412,South America
2017,SUR,Suriname,4.093148,22070.514,South America
2018,SUR,Suriname,3.4912922,22938.535,South America
2019,SUR,Suriname,4.3453355,22966.74,South America
2020,SUR,Suriname,4.7717237,19091.361,South America
2021,SUR,Suriname,4.28382,18458.234,South America
2022,SUR,Suriname,4.537399,18742.588,South America
2023,SUR,Suriname,4.561335,19020.867,South America
2024,SUR,Suriname,4.7093143,19179.102,South America
1990,SWE,Sweden,6.708656,40549.31,Europe
1991,SWE,Sweden,6.691918,39812.316,Europe
1992,SWE,Sweden,6.635051,39120.926,Europe
1993,SWE,Sweden,6.5974426,38090.945,Europe
1994,SWE,Sweden,6.833269,39340.0,Europe
1995,SWE,Sweden,6.739775,40736.426,Europe
1996,SWE,Sweden,7.1659117,41364.984,Europe
1997,SWE,Sweden,6.597155,42608.414,Europe
1998,SWE,Sweden,6.6399035,44392.844,Europe
1999,SWE,Sweden,6.315034,46221.81,Europe
2000,SWE,Sweden,6.187081,48284.8,Europe
2001,SWE,Sweden,6.2704806,48810.645,Europe
2002,SWE,Sweden,6.3454914,49760.215,Europe
2003,SWE,Sweden,6.3873878,50507.934,Europe
2004,SWE,Sweden,6.2740436,52412.41,Europe
2005,SWE,Sweden,5.9566827,53661.316,Europe
2006,SWE,Sweden,5.9082747,55855.496,Europe
2007,SWE,Sweden,5.7801905,57230.79,Europe
2008,SWE,Sweden,5.506071,56262.47,Europe
2009,SWE,Sweden,5.069861,53411.2,Europe
2010,SWE,Sweden,5.654432,56003.27,Europe
2011,SWE,Sweden,5.1976295,57340.504,Europe
2012,SWE,Sweden,4.8959537,56682.02,Europe
2013,SWE,Sweden,4.698226,56843.164,Europe
2014,SWE,Sweden,4.4742975,57574.05,Europe
2015,SWE,Sweden,4.419636,59468.355,Europe
2016,SWE,Sweden,4.3643203,59977.387,Europe
2017,SWE,Sweden,4.211175,60288.8,Europe
2018,SWE,Sweden,4.1134505,60647.45,Europe
2019,SWE,Sweden,3.9665341,61601.63,Europe
2020,SWE,Sweden,3.5371203,59975.363,Europe
2021,SWE,Sweden,3.7027159,62731.7,Europe
2022,SWE,Sweden,3.4653375,63088.42,Europe
2023,SWE,Sweden,3.4789953,62662.766,Europe
2024,SWE,Sweden,3.5916543,62978.938,Europe
1990,CHE,Switzerland,6.5764318,64010.758,Europe
1991,CHE,Switzerland,6.7869825,62636.773,Europe
1992,CHE,Switzerland,6.6934896,61922.89,Europe
1993,CHE,Switzerland,6.2855296,61284.203,Europe
1994,CHE,Switzerland,6.1010094,61569.598,Europe
1995,CHE,Switzerland,6.1663036,61453.63,Europe
1996,CHE,Switzerland,6.2369266,61471.168,Europe
1997,CHE,Switzerland,6.072131,62709.99,Europe
1998,CHE,Switzerland,6.2757573,64418.387,Europe
1999,CHE,Switzerland,6.2214174,65177.883,Europe
2000,CHE,Switzerland,6.071895,67378.39,Europe
2001,CHE,Switzerland,6.2389235,68008.34,Europe
2002,CHE,Switzerland,5.9717827,67446.41,Europe
2003,CHE,Switzerland,6.088628,66926.17,Europe
2004,CHE,Switzerland,6.1253977,68263.44,Europe
2005,CHE,Switzerland,6.1594725,69692.59,Europe
2006,CHE,Switzerland,6.0660357,72077.86,Europe
2007,CHE,Switzerland,5.7464805,74234.305,Europe
2008,CHE,Switzerland,5.849575,75355.2,Europe
2009,CHE,Switzerland,5.625207,72709.81,Europe
2010,CHE,Switzerland,5.754552,74290.266,Europe
2011,CHE,Switzerland,5.1770616,74800.89,Europe
2012,CHE,Switzerland,5.280982,74883.62,Europe
2013,CHE,Switzerland,5.3370247,75354.16,Europe
2014,CHE,Switzerland,4.791576,76189.6,Europe
2015,CHE,Switzerland,4.6784573,76566.08,Europe
2016,CHE,Switzerland,4.6836095,77301.21,Europe
2017,CHE,Switzerland,4.522791,77626.91,Europe
2018,CHE,Switzerland,4.3381386,79261.36,Europe
2019,CHE,Switzerland,4.2928753,79596.7,Europe
2020,CHE,Switzerland,3.974646,77324.89,Europe
2021,CHE,Switzerland,4.1233916,81001.414,Europe
2022,CHE,Switzerland,3.7477124,82777.3,Europe
2023,CHE,Switzerland,3.604899,82295.3,Europe
2024,CHE,Switzerland,3.5946856,82286.18,Europe
1990,SYR,Syria,2.9623897,5828.4053,Asia
1991,SYR,Syria,3.268259,6081.089,Asia
1992,SYR,Syria,3.1977248,6662.243,Asia
1993,SYR,Syria,3.299693,6861.795,Asia
1994,SYR,Syria,3.234384,7142.9536,Asia
1995,SYR,Syria,3.1738756,7431.354,Asia
1996,SYR,Syria,3.1592314,7943.4404,Asia
1997,SYR,Syria,3.2174523,8126.3657,Asia
1998,SYR,Syria,3.3814733,8456.783,Asia
1999,SYR,Syria,3.4221013,7951.39,Asia
2000,SYR,Syria,3.2772665,7807.93,Asia
2001,SYR,Syria,3.0110767,7698.397,Asia
2002,SYR,Syria,2.3314688,7811.816,Asia
2003,SYR,Syria,3.095555,8177.545,Asia
2004,SYR,Syria,2.818992,8528.656,Asia
2005,SYR,Syria,2.719332,8828.946,Asia
2006,SYR,Syria,2.751944,8885.806,Asia
2007,SYR,Syria,3.2068613,8829.309,Asia
2008,SYR,Syria,3.1467137,8903.772,Asia
2009,SYR,Syria,2.878524,9284.102,Asia
2010,SYR,Syria,2.76026,9546.561,Asia
2011,SYR,Syria,2.5823045,9648.824,Asia
2012,SYR,Syria,2.035984,7144.3726,Asia
2013,SYR,Syria,1.5810518,5530.9746,Asia
2014,SYR,Syria,1.7199317,5301.6255,Asia
2015,SYR,Syria,1.6018543,5302.074,Asia
2016,SYR,Syria,1.5193428,5022.113,Asia
2017,SYR,Syria,1.7931892,4977.792,Asia
2018,SYR,Syria,1.6228212,4956.093,Asia
2019,SYR,Syria,1.6454934,4825.4062,Asia
2020,SYR,Syria,1.5365934,4633.3496,Asia
2021,SYR,Syria,1.5030166,4592.8384,Asia
2022,SYR,Syria,1.3989446,4454.8535,Asia
1990,TJK,Tajikistan,2.279526,4173.046,Asia
1991,TJK,Tajikistan,1.8073807,3777.1074,Asia
1992,TJK,Tajikistan,1.2979512,2630.3865,Asia
1993,TJK,Tajikistan,0.9000201,2169.9675,Asia
1994,TJK,Tajikistan,0.40255892,1678.3385,Asia
1995,TJK,Tajikistan,0.40930519,1439.5028,Asia
1996,TJK,Tajikistan,0.46544775,1175.7941,Asia
1997,TJK,Tajikistan,0.35024264,1181.2811,Asia
1998,TJK,Tajikistan,0.40421584,1236.6755,Asia
1999,TJK,Tajikistan,0.40572837,1275.8225,Asia
2000,TJK,Tajikistan,0.35585627,1365.2333,Asia
2001,TJK,Tajikistan,0.35699433,1467.3988,Asia
2002,TJK,Tajikistan,0.28666478,1594.939,Asia
2003,TJK,Tajikistan,0.3111332,1736.6404,Asia
2004,TJK,Tajikistan,0.37721658,1878.287,Asia
2005,TJK,Tajikistan,0.35243553,1965.3002,Asia
2006,TJK,Tajikistan,0.37636617,2063.2886,Asia
2007,TJK,Tajikistan,0.448784,2181.898,Asia
2008,TJK,Tajikistan,0.39477503,2308.0942,Asia
2009,TJK,Tajikistan,0.326419,2349.5002,Asia
2010,TJK,Tajikistan,0.33125174,2449.2737,Asia
2011,TJK,Tajikistan,0.29936174,2572.4807,Asia
2012,TJK,Tajikistan,0.36616522,2700.0955,Asia
2013,TJK,Tajikistan,0.35394663,2828.3855,Asia
2014,TJK,Tajikistan,0.5466963,2943.0886,Asia
2015,TJK,Tajikistan,0.61391324,3041.4448,Asia
2016,TJK,Tajikistan,0.67856306,3169.9668,Asia
2017,TJK,Tajikistan,0.7571574,3312.712,Asia
2018,TJK,Tajikistan,0.8682259,3479.6924,Asia
2019,TJK,Tajikistan,0.91439617,3649.8838,Asia
2020,TJK,Tajikistan,0.9665616,3724.749,Asia
2021,TJK,Tajikistan,0.9415492,3985.9126,Asia
2022,TJK,Tajikistan,1.0332633,4213.7563,Asia
2023,TJK,Tajikistan,0.98791873,4472.324,Asia
2024,TJK,Tajikistan,1.0140533,4755.933,Asia
1990,TZA,Tanzania,0.08089973,1794.2046,Africa
1991,TZA,Tanzania,0.08421326,1785.664,Africa
1992,TZA,Tanzania,0.079307295,1751.9185,Africa
1993,TZA,Tanzania,0.085626744,1718.3931,Africa
1994,TZA,Tanzania,0.0700733,1679.6624,Africa
1995,TZA,Tanzania,0.08010566,1685.8511,Africa
1996,TZA,Tanzania,0.081649505,1730.5546,Africa
1997,TZA,Tanzania,0.08944042,1755.8037,Africa
1998,TZA,Tanzania,0.0765238,1773.7242,Africa
1999,TZA,Tanzania,0.073835745,1810.9716,Africa
2000,TZA,Tanzania,0.07506744,1839.9366,Africa
2001,TZA,Tanzania,0.086390816,1899.7454,Africa
2002,TZA,Tanzania,0.09649752,1982.6443,Africa
2003,TZA,Tanzania,0.09941454,2059.8374,Africa
2004,TZA,Tanzania,0.11076673,2155.2415,Africa
2005,TZA,Tanzania,0.13669047,2253.0933,Africa
2006,TZA,Tanzania,0.14583088,2334.1045,Africa
2007,TZA,Tanzania,0.1377115,2423.616,Africa
2008,TZA,Tanzania,0.14067575,2493.2593,Africa
2009,TZA,Tanzania,0.13309541,2560.811,Africa
2010,TZA,Tanzania,0.16073172,2654.8035,Africa
2011,TZA,Tanzania,0.1833679,2779.7078,Africa
2012,TZA,Tanzania,0.21884245,2822.4854,Africa
2013,TZA,Tanzania,0.23044902,2924.8633,Africa
2014,TZA,Tanzania,0.2184132,3027.569,Africa
2015,TZA,Tanzania,0.24572158,3111.4446,Africa
2016,TZA,Tanzania,0.25136462,3214.2468,Africa
2017,TZA,Tanzania,0.24281736,3318.2883,Africa
2018,TZA,Tanzania,0.24780245,3392.6887,Africa
2019,TZA,Tanzania,0.27361012,3484.6326,Africa
2020,TZA,Tanzania,0.261632,3449.8215,Africa
2021,TZA,Tanzania,0.28135568,3493.083,Africa
2022,TZA,Tanzania,0.30446345,3546.981,Africa
2023,TZA,Tanzania,0.30486846,3620.7935,Africa
2024,TZA,Tanzania,0.29198244,3713.263,Africa
1990,THA,Thailand,1.5814012,8701.954,Asia
1991,THA,Thailand,1.708289,9294.031,Asia
1992,THA,Thailand,1.8665421,9886.899,Asia
1993,THA,Thailand,2.1226072,10538.816,Asia
1994,THA,Thailand,2.3492622,11215.037,Asia
1995,THA,Thailand,2.599909,11953.92,Asia
1996,THA,Thailand,2.896623,12456.329,Asia
1997,THA,Thailand,2.9840093,11952.85,Asia
1998,THA,Thailand,2.5958583,10897.153,Asia
1999,THA,Thailand,2.6843865,11253.388,Asia
2000,THA,Thailand,2.656054,11622.525,Asia
2001,THA,Thailand,2.7064219,11901.318,Asia
2002,THA,Thailand,2.8734357,12512.184,Asia
2003,THA,Thailand,2.9457862,13287.305,Asia
2004,THA,Thailand,3.167673,13997.001,Asia
2005,THA,Thailand,3.246494,14458.255,Asia
2006,THA,Thailand,3.2421837,15051.061,Asia
2007,THA,Thailand,3.3394127,15742.655,Asia
2008,THA,Thailand,3.3163161,15891.782,Asia
2009,THA,Thailand,3.3592572,15665.903,Asia
2010,THA,Thailand,3.5144494,16730.37,Asia
2011,THA,Thailand,3.548588,16766.348,Asia
2012,THA,Thailand,3.778261,17869.637,Asia
2013,THA,Thailand,3.776263,18242.426,Asia
2014,THA,Thailand,3.880686,18324.615,Asia
2015,THA,Thailand,3.9282057,18811.998,Asia
2016,THA,Thailand,4.008554,19370.61,Asia
2017,THA,Thailand,3.9818282,20094.678,Asia
2018,THA,Thailand,4.039237,20879.902,Asia
2019,THA,Thailand,3.9411147,21277.84,Asia
2020,THA,Thailand,3.7956123,19957.258,Asia
2021,THA,Thailand,3.7244072,20242.77,Asia
2022,THA,Thailand,3.7997093,20762.795,Asia
2023,THA,Thailand,3.6921155,21191.453,Asia
2024,THA,Thailand,3.7361188,21740.541,Asia
1990,TGO,Togo,0.24448691,2237.5999,Africa
1991,TGO,Togo,0.25508174,2158.8792,Africa
1992,TGO,Togo,0.24340783,2015.1356,Africa
1993,TGO,Togo,0.25402653,1721.5737,Africa
1994,TGO,Togo,0.23838335,1972.2474,Africa
1995,TGO,Togo,0.2663308,2036.3816,Africa
1996,TGO,Togo,0.2763671,2135.4558,Africa
1997,TGO,Togo,0.18602733,2366.4028,Africa
1998,TGO,Togo,0.26537535,2247.3489,Africa
1999,TGO,Togo,0.37006682,2238.935,Africa
2000,TGO,Togo,0.25901946,2160.9893,Africa
2001,TGO,Togo,0.21959981,2122.0806,Africa
2002,TGO,Togo,0.24430129,2147.9744,Africa
2003,TGO,Togo,0.32504973,2234.9773,Africa
2004,TGO,Togo,0.30613974,2157.0276,Africa
2005,TGO,Togo,0.2945591,2004.2585,Africa
2006,TGO,Togo,0.24964027,2000.5417,Africa
2007,TGO,Togo,0.24509797,1920.2693,Africa
2008,TGO,Togo,0.23909892,1941.1549,Africa
2009,TGO,Togo,0.38701236,1989.83,Africa
2010,TGO,Togo,0.38554192,2049.7805,Africa
2011,TGO,Togo,0.3620224,2111.4749,Africa
2012,TGO,Togo,0.31202778,2186.3096,Africa
2013,TGO,Togo,0.2244507,2254.9883,Africa
2014,TGO,Togo,0.1994795,2322.404,Africa
2015,TGO,Togo,0.23467498,2388.426,Africa
2016,TGO,Togo,0.2917477,2427.3003,Africa
2017,TGO,Togo,0.23730287,2462.2773,Africa
2018,TGO,Togo,0.24626246,2517.3489,Africa
2019,TGO,Togo,0.27929592,2577.516,Africa
2020,TGO,Togo,0.31734377,2570.4832,Africa
2021,TGO,Togo,0.2951192,2638.811,Africa
2022,TGO,Togo,0.30129206,2739.6882,Africa
2023,TGO,Togo,0.28707156,2842.2307,Africa
2024,TGO,Togo,0.28938687,2960.7754,Africa
1990,TON,Tonga,0.80836767,4487.8193,Oceania
1991,TON,Tonga,0.88014334,4766.388,Oceania
1992,TON,Tonga,0.7324704,4772.331,Oceania
1993,TON,Tonga,0.84171,4946.718,Oceania
1994,TON,Tonga,0.8777187,5188.4395,Oceania
1995,TON,Tonga,0.95035917,5508.3394,Oceania
1996,TON,Tonga,0.7671845,5510.7085,Oceania
1997,TON,Tonga,0.94610244,5455.9053,Oceania
1998,TON,Tonga,0.9032996,5541.683,Oceania
1999,TON,Tonga,1.0770346,5632.7227,Oceania
2000,TON,Tonga,0.9633186,5808.265,Oceania
2001,TON,Tonga,0.8866947,5860.0806,Oceania
2002,TON,Tonga,0.91698754,6085.1133,Oceania
2003,TON,Tonga,1.1221944,6053.88,Oceania
2004,TON,Tonga,1.0808465,5900.4575,Oceania
2005,TON,Tonga,1.0747511,5828.3706,Oceania
2006,TON,Tonga,1.206783,5670.914,Oceania
2007,TON,Tonga,1.0640786,5506.652,Oceania
2008,TON,Tonga,0.99271274,5758.5684,Oceania
2009,TON,Tonga,1.1277106,5453.875,Oceania
2010,TON,Tonga,1.0915421,5488.7505,Oceania
2011,TON,Tonga,0.9876562,5847.444,Oceania
2012,TON,Tonga,0.98864865,5907.267,Oceania
2013,TON,Tonga,1.0263976,5951.6943,Oceania
2014,TON,Tonga,0.9965206,6096.869,Oceania
2015,TON,Tonga,1.0013759,6194.639,Oceania
2016,TON,Tonga,1.3192844,6639.1367,Oceania
2017,TON,Tonga,1.3560969,6862.669,Oceania
2018,TON,Tonga,1.2492092,6885.1025,Oceania
2019,TON,Tonga,1.5253955,6858.839,Oceania
2020,TON,Tonga,1.3169758,6980.41,Oceania
2021,TON,Tonga,1.3196845,6929.177,Oceania
2022,TON,Tonga,1.3951054,6810.61,Oceania
2023,TON,Tonga,1.3943583,7030.419,Oceania
1990,TTO,Trinidad and Tobago,13.5587225,11869.528,North America
1991,TTO,Trinidad and Tobago,13.440606,12142.349,North America
1992,TTO,Trinidad and Tobago,15.018117,13267.978,North America
1993,TTO,Trinidad and Tobago,13.592954,13088.707,North America
1994,TTO,Trinidad and Tobago,11.908295,13472.746,North America
1995,TTO,Trinidad and Tobago,11.368929,13912.313,North America
1996,TTO,Trinidad and Tobago,14.181079,14838.902,North America
1997,TTO,Trinidad and Tobago,14.473443,15895.244,North America
1998,TTO,Trinidad and Tobago,15.182312,17129.092,North America
1999,TTO,Trinidad and Tobago,17.175169,18440.574,North America
2000,TTO,Trinidad and Tobago,18.450056,19637.555,North America
2001,TTO,Trinidad and Tobago,20.172216,20366.754,North America
2002,TTO,Trinidad and Tobago,21.533157,21876.854,North America
2003,TTO,Trinidad and Tobago,24.179798,24910.822,North America
2004,TTO,Trinidad and Tobago,24.296642,26757.908,North America
2005,TTO,Trinidad and Tobago,28.25722,29536.44,North America
2006,TTO,Trinidad and Tobago,31.432772,33348.75,North America
2007,TTO,Trinidad and Tobago,33.370617,34793.645,North America
2008,TTO,Trinidad and Tobago,32.39037,35825.332,North America
2009,TTO,Trinidad and Tobago,32.208622,34212.27,North America
2010,TTO,Trinidad and Tobago,33.961063,35145.125,North America
2011,TTO,Trinidad and Tobago,33.72311,34769.76,North America
2012,TTO,Trinidad and Tobago,32.881195,36903.69,North America
2013,TTO,Trinidad and Tobago,32.420662,37994.07,North America
2014,TTO,Trinidad and Tobago,32.977737,39248.656,North America
2015,TTO,Trinidad and Tobago,31.859777,38963.965,North America
2016,TTO,Trinidad and Tobago,27.742865,35914.99,North America
2017,TTO,Trinidad and Tobago,27.882011,34095.99,North America
2018,TTO,Trinidad and Tobago,27.410236,33710.02,North America
2019,TTO,Trinidad and Tobago,27.446016,33748.707,North America
2020,TTO,Trinidad and Tobago,23.661348,30720.887,North America
2021,TTO,Trinidad and Tobago,24.459532,30482.121,North America
2022,TTO,Trinidad and Tobago,25.063381,30784.111,North America
2023,TTO,Trinidad and Tobago,23.644289,31196.604,North America
2024,TTO,Trinidad and Tobago,22.931944,31960.156,North America
1990,TUN,Tunisia,1.7565033,6742.5845,Africa
1991,TUN,Tunisia,1.9707916,6859.7344,Africa
1992,TUN,Tunisia,1.8247521,7241.291,Africa
1993,TUN,Tunisia,1.9394912,7253.336,Africa
1994,TUN,Tunisia,1.8584723,7350.656,Africa
1995,TUN,Tunisia,1.814501,7406.239,Africa
1996,TUN,Tunisia,1.8517565,7821.792,Africa
1997,TUN,Tunisia,1.8903594,8136.3374,Africa
1998,TUN,Tunisia,1.9170797,8417.985,Africa
1999,TUN,Tunisia,1.9375789,8821.988,Africa
2000,TUN,Tunisia,1.9903848,9134.415,Africa
2001,TUN,Tunisia,2.0528083,9380.563,Africa
2002,TUN,Tunisia,2.0438244,9407.557,Africa
2003,TUN,Tunisia,2.0891855,9752.024,Africa
2004,TUN,Tunisia,2.178221,10263.806,Africa
2005,TUN,Tunisia,2.1955013,10529.16,Africa
2006,TUN,Tunisia,2.2147713,10983.922,Africa
2007,TUN,Tunisia,2.3679278,11613.925,Africa
2008,TUN,Tunisia,2.4143114,11990.196,Africa
2009,TUN,Tunisia,2.380448,12229.775,Africa
2010,TUN,Tunisia,2.5914676,12458.271,Africa
2011,TUN,Tunisia,2.427807,12068.714,Africa
2012,TUN,Tunisia,2.5608695,12436.3955,Africa
2013,TUN,Tunisia,2.5825608,12587.995,Africa
2014,TUN,Tunisia,2.6497953,12824.003,Africa
2015,TUN,Tunisia,2.7521307,12802.792,Africa
2016,TUN,Tunisia,2.6864736,12803.88,Africa
2017,TUN,Tunisia,2.718931,12955.401,Africa
2018,TUN,Tunisia,2.6451635,13163.195,Africa
2019,TUN,Tunisia,2.5750186,13243.902,Africa
2020,TUN,Tunisia,2.408942,11955.599,Africa
2021,TUN,Tunisia,2.6166234,12444.326,Africa
2022,TUN,Tunisia,2.5401497,12712.224,Africa
2023,TUN,Tunisia,2.6013684,12650.962,Africa
2024,TUN,Tunisia,2.6605377,12774.916,Africa
1990,TUR,Turkey,2.759446,12184.199,Asia
1991,TUR,Turkey,2.8262804,12057.936,Asia
1992,TUR,Turkey,2.883836,12451.045,Asia
1993,TUR,Turkey,2.954129,13174.467,Asia
1994,TUR,Turkey,2.8416047,12343.004,Asia
1995,TUR,Turkey,3.026239,13099.258,Asia
1996,TUR,Turkey,3.2783573,13826.92,Asia
1997,TUR,Turkey,3.4288201,14631.296,Asia
1998,TUR,Turkey,3.382567,14704.339,Asia
1999,TUR,Turkey,3.2703485,14066.189,Asia
2000,TUR,Turkey,3.5602684,14856.915,Asia
2001,TUR,Turkey,3.2737877,13872.129,Asia
2002,TUR,Turkey,3.3456197,14587.895,Asia
2003,TUR,Turkey,3.5359342,15255.718,Asia
2004,TUR,Turkey,3.6132612,16583.883,Asia
2005,TUR,Turkey,3.861422,17902.596,Asia
2006,TUR,Turkey,4.074923,18972.01,Asia
2007,TUR,Turkey,4.473424,19909.084,Asia
2008,TUR,Turkey,4.3686132,19839.584,Asia
2009,TUR,Turkey,4.396172,18612.193,Asia
2010,TUR,Turkey,4.345254,19897.447,Asia
2011,TUR,Turkey,4.6380634,21760.43,Asia
2012,TUR,Turkey,4.769388,22517.715,Asia
2013,TUR,Turkey,4.5892625,24117.312,Asia
2014,TUR,Turkey,4.7064295,24888.852,Asia
2015,TUR,Turkey,4.8454375,25984.803,Asia
2016,TUR,Turkey,4.9668326,26489.645,Asia
2017,TUR,Turkey,5.182988,28194.688,Asia
2018,TUR,Turkey,5.020594,28780.303,Asia
2019,TUR,Turkey,4.7631073,28741.053,Asia
2020,TUR,Turkey,4.8358684,28976.719,Asia
2021,TUR,Turkey,5.2762375,32105.547,Asia
2022,TUR,Turkey,5.095457,33520.812,Asia
2023,TUR,Turkey,5.5797157,35069.17,Asia
2024,TUR,Turkey,5.865009,36154.492,Asia
1990,TKM,Turkmenistan,8.871327,7925.498,Asia
1991,TKM,Turkmenistan,7.894196,7373.584,Asia
1992,TKM,Turkmenistan,8.110698,6128.9155,Asia
1993,TKM,Turkmenistan,6.8238006,6085.5254,Asia
1994,TKM,Turkmenistan,8.311623,4929.734,Asia
1995,TKM,Turkmenistan,8.248024,4493.4277,Asia
1996,TKM,Turkmenistan,7.42391,4712.8335,Asia
1997,TKM,Turkmenistan,7.1934524,4105.369,Asia
1998,TKM,Turkmenistan,7.583137,4323.302,Asia
1999,TKM,Turkmenistan,8.859164,4945.0854,Asia
2000,TKM,Turkmenistan,8.589196,5112.5293,Asia
2001,TKM,Turkmenistan,7.279392,5228.803,Asia
2002,TKM,Turkmenistan,6.3174276,5138.871,Asia
2003,TKM,Turkmenistan,8.340591,5203.8545,Asia
2004,TKM,Turkmenistan,9.954457,5360.224,Asia
2005,TKM,Turkmenistan,9.486579,5945.9526,Asia
2006,TKM,Turkmenistan,9.6169815,6476.828,Asia
2007,TKM,Turkmenistan,9.378812,7060.1484,Asia
2008,TKM,Turkmenistan,11.120309,7944.996,Asia
2009,TKM,Turkmenistan,9.6233015,8264.865,Asia
2010,TKM,Turkmenistan,10.636284,8842.333,Asia
2011,TKM,Turkmenistan,11.464075,9929.689,Asia
2012,TKM,Turkmenistan,11.52416,10794.233,Asia
2013,TKM,Turkmenistan,10.832779,11633.291,Asia
2014,TKM,Turkmenistan,10.336854,12544.398,Asia
2015,TKM,Turkmenistan,10.150254,13057.83,Asia
2016,TKM,Turkmenistan,9.762661,13552.848,Asia
2017,TKM,Turkmenistan,9.675111,14107.667,Asia
2018,TKM,Turkmenistan,9.210645,14648.136,Asia
2019,TKM,Turkmenistan,9.149726,15231.306,Asia
2020,TKM,Turkmenistan,9.051186,15791.178,Asia
2021,TKM,Turkmenistan,12.929089,16434.14,Asia
2022,TKM,Turkmenistan,14.11619,17119.574,Asia
2023,TKM,Turkmenistan,12.956967,17866.404,Asia
2024,TKM,Turkmenistan,10.808675,18662.299,Asia
2007,TCA,Turks and Caicos Islands,9.616431,21878.82,North America
2008,TCA,Turks and Caicos Islands,9.609792,22689.316,North America
2009,TCA,Turks and Caicos Islands,9.605033,17512.197,North America
2010,TCA,Turks and Caicos Islands,9.479152,17000.223,North America
2011,TCA,Turks and Caicos Islands,9.139229,17147.424,North America
2012,TCA,Turks and Caicos Islands,8.774819,16024.691,North America
2013,TCA,Turks and Caicos Islands,8.486771,15461.873,North America
2014,TCA,Turks and Caicos Islands,8.774297,16138.849,North America
2015,TCA,Turks and Caicos Islands,8.601878,17201.771,North America
2016,TCA,Turks and Caicos Islands,8.50493,17625.72,North America
2017,TCA,Turks and Caicos Islands,8.808795,29540.354,North America
2018,TCA,Turks and Caicos Islands,8.635691,30286.12,North America
2019,TCA,Turks and Caicos Islands,8.3984165,30611.213,North America
2020,TCA,Turks and Caicos Islands,8.086297,19702.537,North America
2021,TCA,Turks and Caicos Islands,8.095091,25056.488,North America
2022,TCA,Turks and Caicos Islands,7.9697833,28209.625,North America
2023,TCA,Turks and Caicos Islands,7.8931007,31839.371,North America
2024,TCA,Turks and Caicos Islands,8.136117,33390.527,North America
1990,TUV,Tuvalu,0.4153724,2984.2856,Oceania
1991,TUV,Tuvalu,0.4092483,3046.9717,Oceania
1992,TUV,Tuvalu,0.404415,3093.827,Oceania
1993,TUV,Tuvalu,0.8012246,3189.949,Oceania
1994,TUV,Tuvalu,0.39692342,3487.0337,Oceania
1995,TUV,Tuvalu,0.39402086,3286.469,Oceania
1996,TUV,Tuvalu,0.39132756,3070.0393,Oceania
1997,TUV,Tuvalu,0.77750665,3356.3071,Oceania
1998,TUV,Tuvalu,0.7738938,3855.6548,Oceania
1999,TUV,Tuvalu,0.7699096,3777.3718,Oceania
2000,TUV,Tuvalu,0.7660464,3721.8994,Oceania
2001,TUV,Tuvalu,0.76269776,3705.5923,Oceania
2002,TUV,Tuvalu,1.1396579,4042.9011,Oceania
2003,TUV,Tuvalu,1.1314462,3838.4036,Oceania
2004,TUV,Tuvalu,1.1171867,3704.9272,Oceania
2005,TUV,Tuvalu,1.1031715,3488.5364,Oceania
2006,TUV,Tuvalu,1.0906926,3532.3994,Oceania
2007,TUV,Tuvalu,1.0772246,3737.8787,Oceania
2008,TUV,Tuvalu,0.70843,3933.374,Oceania
2009,TUV,Tuvalu,1.0489551,3638.1875,Oceania
2010,TUV,Tuvalu,1.0335684,3506.0603,Oceania
2011,TUV,Tuvalu,1.017401,3687.4392,Oceania
2012,TUV,Tuvalu,1.0029197,3558.1523,Oceania
2013,TUV,Tuvalu,0.6644904,3690.242,Oceania
2014,TUV,Tuvalu,0.66575813,3695.9534,Oceania
2015,TUV,Tuvalu,0.6670915,4088.7659,Oceania
2016,TUV,Tuvalu,0.66916263,4333.249,Oceania
2017,TUV,Tuvalu,0.67278737,4464.259,Oceania
2018,TUV,Tuvalu,1.0201392,4575.869,Oceania
2019,TUV,Tuvalu,1.0366877,5292.0303,Oceania
2020,TUV,Tuvalu,1.0545908,5154.4595,Oceania
2021,TUV,Tuvalu,1.07617,5352.9785,Oceania
2022,TUV,Tuvalu,1.0978825,5498.1846,Oceania
2023,TUV,Tuvalu,1.1121277,5812.3994,Oceania
1990,UGA,Uganda,0.04330447,1080.0383,Africa
1991,UGA,Uganda,0.043152306,1103.229,Africa
1992,UGA,Uganda,0.042664543,1102.73,Africa
1993,UGA,Uganda,0.041010562,1153.9937,Africa
1994,UGA,Uganda,0.03539947,1187.3678,Africa
1995,UGA,Uganda,0.044783685,1288.5089,Africa
1996,UGA,Uganda,0.04795184,1367.9457,Africa
1997,UGA,Uganda,0.04858821,1396.6311,Africa
1998,UGA,Uganda,0.053684812,1422.2079,Africa
1999,UGA,Uganda,0.053949732,1487.7579,Africa
2000,UGA,Uganda,0.056702543,1487.005,Africa
2001,UGA,Uganda,0.057266083,1516.9642,Africa
2002,UGA,Uganda,0.056498032,1598.5829,Africa
2003,UGA,Uganda,0.05740505,1649.1483,Africa
2004,UGA,Uganda,0.059197746,1709.3616,Africa
2005,UGA,Uganda,0.07216394,1765.0378,Africa
2006,UGA,Uganda,0.082900934,1898.9791,Africa
2007,UGA,Uganda,0.09126517,1999.0625,Africa
2008,UGA,Uganda,0.09101687,2110.1006,Africa
2009,UGA,Uganda,0.09526311,2188.299,Africa
2010,UGA,Uganda,0.11020471,2244.606,Africa
2011,UGA,Uganda,0.114758976,2384.4653,Africa
2012,UGA,Uganda,0.105627775,2405.0945,Africa
2013,UGA,Uganda,0.10624911,2420.8882,Africa
2014,UGA,Uganda,0.11236722,2470.504,Africa
2015,UGA,Uganda,0.12066013,2520.02,Africa
2016,UGA,Uganda,0.124162994,2554.2278,Africa
2017,UGA,Uganda,0.13455833,2543.8477,Africa
2018,UGA,Uganda,0.1334906,2613.88,Africa
2019,UGA,Uganda,0.13398339,2689.4102,Africa
2020,UGA,Uganda,0.12532032,2678.009,Africa
2021,UGA,Uganda,0.13574822,2684.9204,Africa
2022,UGA,Uganda,0.12952651,2724.906,Africa
2023,UGA,Uganda,0.12816063,2791.0557,Africa
2024,UGA,Uganda,0.12663798,2879.6702,Africa
1990,UKR,Ukraine,13.572912,22815.799,Europe
1991,UKR,Ukraine,12.136901,20784.16,Europe
1992,UKR,Ukraine,11.26651,18671.873,Europe
1993,UKR,Ukraine,9.751561,16012.372,Europe
1994,UKR,Ukraine,8.058036,12410.525,Europe
1995,UKR,Ukraine,7.55191,10983.009,Europe
1996,UKR,Ukraine,6.8682594,9969.501,Europe
1997,UKR,Ukraine,6.7061806,9754.05,Europe
1998,UKR,Ukraine,6.5279827,9646.055,Europe
1999,UKR,Ukraine,5.9755263,9704.445,Europe
2000,UKR,Ukraine,5.764382,10364.0625,Europe
2001,UKR,Ukraine,6.1880574,11379.386,Europe
2002,UKR,Ukraine,6.07883,12092.789,Europe
2003,UKR,Ukraine,6.3591957,13342.88,Europe
2004,UKR,Ukraine,6.474135,15021.066,Europe
2005,UKR,Ukraine,6.588396,15610.573,Europe
2006,UKR,Ukraine,7.044489,16901.508,Europe
2007,UKR,Ukraine,7.1570063,18374.014,Europe
2008,UKR,Ukraine,6.9626055,18883.986,Europe
2009,UKR,Ukraine,5.9539065,16092.796,Europe
2010,UKR,Ukraine,6.3364434,16811.795,Europe
2011,UKR,Ukraine,6.659268,17783.957,Europe
2012,UKR,Ukraine,6.5879583,17848.74,Europe
2013,UKR,Ukraine,6.4504905,17889.092,Europe
2014,UKR,Ukraine,5.605606,16978.812,Europe
2015,UKR,Ukraine,4.889162,15403.71,Europe
2016,UKR,Ukraine,5.1320014,15856.8125,Europe
2017,UKR,Ukraine,4.914332,16310.36,Europe
2018,UKR,Ukraine,5.1295204,16978.984,Europe
2019,UKR,Ukraine,4.942182,17636.555,Europe
2020,UKR,Ukraine,4.635197,17092.54,Europe
2021,UKR,Ukraine,4.7549105,17846.408,Europe
2022,UKR,Ukraine,3.4846325,13787.121,Europe
2023,UKR,Ukraine,3.6924176,15916.958,Europe
2024,UKR,Ukraine,3.7637882,16319.845,Europe
1990,ARE,United Arab Emirates,27.345585,111377.05,Asia
1991,ARE,United Arab Emirates,28.353796,106266.195,Asia
1992,ARE,United Arab Emirates,27.429031,104206.76,Asia
1993,ARE,United Arab Emirates,29.62612,100422.63,Asia
1994,ARE,United Arab Emirates,32.36436,102456.1,Asia
1995,ARE,United Arab Emirates,29.931713,104527.92,Asia
1996,ARE,United Arab Emirates,29.195024,103653.48,Asia
1997,ARE,United Arab Emirates,26.015919,103392.44,Asia
1998,ARE,United Arab Emirates,26.517456,96088.49,Asia
1999,ARE,United Arab Emirates,23.834599,92047.59,Asia
2000,ARE,United Arab Emirates,32.138012,95390.7,Asia
2001,ARE,United Arab Emirates,27.36482,90750.34,Asia
2002,ARE,United Arab Emirates,21.535686,87479.24,Asia
2003,ARE,United Arab Emirates,25.547222,89828.555,Asia
2004,ARE,United Arab Emirates,25.393887,93166.15,Asia
2005,ARE,United Arab Emirates,24.711319,92750.914,Asia
2006,ARE,United Arab Emirates,24.500017,94872.54,Asia
2007,ARE,United Arab Emirates,23.842087,87180.61,Asia
2008,ARE,United Arab Emirates,24.597576,80285.19,Asia
2009,ARE,United Arab Emirates,25.210455,71488.99,Asia
2010,ARE,United Arab Emirates,26.785591,70913.78,Asia
2011,ARE,United Arab Emirates,27.574131,73190.4,Asia
2012,ARE,United Arab Emirates,27.787138,73644.055,Asia
2013,ARE,United Arab Emirates,27.348331,74237.22,Asia
2014,ARE,United Arab Emirates,26.045097,74145.11,Asia
2015,ARE,United Arab Emirates,25.942865,75238.555,Asia
2016,ARE,United Arab Emirates,25.235403,75671.055,Asia
2017,ARE,United Arab Emirates,21.278515,72529.055,Asia
2018,ARE,United Arab Emirates,21.8367,72671.06,Asia
2019,ARE,United Arab Emirates,21.75957,72822.97,Asia
2020,ARE,United Arab Emirates,22.783035,66808.65,Asia
2021,ARE,United Arab Emirates,21.67451,68580.15,Asia
2022,ARE,United Arab Emirates,20.220825,70075.63,Asia
2023,ARE,United Arab Emirates,19.772913,70239.85,Asia
2024,ARE,United Arab Emirates,20.131075,69701.805,Asia
1990,GBR,United Kingdom,10.4927225,32993.168,Europe
1991,GBR,United Kingdom,10.588317,32466.195,Europe
1992,GBR,United Kingdom,10.288521,32797.73,Europe
1993,GBR,United Kingdom,10.017321,33861.254,Europe
1994,GBR,United Kingdom,9.896297,35448.18,Europe
1995,GBR,United Kingdom,9.735405,36603.74,Europe
1996,GBR,United Kingdom,10.0647545,37465.38,Europe
1997,GBR,United Kingdom,9.62765,39192.61,Europe
1998,GBR,United Kingdom,9.697672,40347.18,Europe
1999,GBR,United Kingdom,9.545588,41396.938,Europe
2000,GBR,United Kingdom,9.635275,43115.562,Europe
2001,GBR,United Kingdom,9.748509,43976.84,Europe
2002,GBR,United Kingdom,9.40991,44539.465,Europe
2003,GBR,United Kingdom,9.555585,45759.402,Europe
2004,GBR,United Kingdom,9.530167,46558.13,Europe
2005,GBR,United Kingdom,9.412128,47529.938,Europe
2006,GBR,United Kingdom,9.301154,48215.047,Europe
2007,GBR,United Kingdom,9.09334,49243.25,Europe
2008,GBR,United Kingdom,8.785364,48833.07,Europe
2009,GBR,United Kingdom,7.9049363,46241.805,Europe
2010,GBR,United Kingdom,8.124634,46917.89,Europe
2011,GBR,United Kingdom,7.3959785,46949.02,Europe
2012,GBR,United Kingdom,7.62153,47328.21,Europe
2013,GBR,United Kingdom,7.4175463,47820.28,Europe
2014,GBR,United Kingdom,6.764833,48964.285,Europe
2015,GBR,United Kingdom,6.461413,49652.72,Europe
2016,GBR,United Kingdom,6.061766,50346.86,Europe
2017,GBR,United Kingdom,5.8378453,51586.676,Europe
2018,GBR,United Kingdom,5.6886244,52131.695,Europe
2019,GBR,United Kingdom,5.4350777,52515.684,Europe
2020,GBR,United Kingdom,4.84416,47158.984,Europe
2021,GBR,United Kingdom,5.059431,51004.426,Europe
2022,GBR,United Kingdom,4.563232,53139.152,Europe
2023,GBR,United Kingdom,4.481841,52592.684,Europe
2024,GBR,United Kingdom,4.5257993,52621.18,Europe
1990,USA,United States,20.253748,44378.523,North America
1991,USA,United States,19.793287,43742.027,North America
1992,USA,United States,19.948572,44659.152,North America
1993,USA,United States,20.102255,45286.934,North America
1994,USA,United States,20.197258,46537.355,North America
1995,USA,United States,20.230127,47220.957,North America
1996,USA,United States,20.678873,48435.7,North America
1997,USA,United States,20.745182,49984.27,North America
1998,USA,United States,20.774931,51619.87,North America
1999,USA,United States,20.805534,53474.047,North America
2000,USA,United States,21.39786,55038.62,North America
2001,USA,United States,20.766743,55017.305,North America
2002,USA,United States,20.718021,55436.117,North America
2003,USA,United States,20.718428,56498.207,North America
2004,USA,United States,20.873743,58131.633,North America
2005,USA,United States,20.71883,59604.754,North America
2006,USA,United States,20.236742,60676.566,North America
2007,USA,United States,20.28047,61306.598,North America
2008,USA,United States,19.409172,60798.434,North America
2009,USA,United States,17.81067,58714.973,North America
2010,USA,United States,18.22542,59789.414,North America
2011,USA,United States,17.634142,60245.484,North America
2012,USA,United States,16.812391,61134.53,North America
2013,USA,United States,17.09857,61958.723,North America
2014,USA,United States,17.118917,63018.805,North America
2015,USA,United States,16.461393,64359.473,North America
2016,USA,United States,15.934658,65017.656,North America
2017,USA,United States,15.639208,66155.555,North America
2018,USA,United States,16.000992,67719.766,North America
2019,USA,United States,15.500492,69112.6,North America
2020,USA,United States,13.8168955,67342.07,North America
2021,USA,United States,14.758024,71307.4,North America
2022,USA,United States,14.802047,72679.26,North America
2023,USA,United States,14.31945,74158.72,North America
2024,USA,United States,14.197287,75489.266,North America
1990,URY,Uruguay,1.2810268,14060.846,South America
1991,URY,Uruguay,1.4529575,14474.732,South America
1992,URY,Uruguay,1.6406964,15536.487,South America
1993,URY,Uruguay,1.4089279,15865.277,South America
1994,URY,Uruguay,1.273532,16932.03,South America
1995,URY,Uruguay,1.4313698,16600.04,South America
1996,URY,Uruguay,1.688415,17433.693,South America
1997,URY,Uruguay,1.713255,18823.941,South America
1998,URY,Uruguay,1.744519,19577.79,South America
1999,URY,Uruguay,2.0557003,19192.717,South America
2000,URY,Uruguay,1.6156275,18752.059,South America
2001,URY,Uruguay,1.5394372,17986.9,South America
2002,URY,Uruguay,1.3935276,16572.79,South America
2003,URY,Uruguay,1.3827674,16694.44,South America
2004,URY,Uruguay,1.6977994,17519.379,South America
2005,URY,Uruguay,1.7460424,18811.32,South America
2006,URY,Uruguay,2.0097208,19560.082,South America
2007,URY,Uruguay,1.8086414,20803.893,South America
2008,URY,Uruguay,2.4885283,22249.383,South America
2009,URY,Uruguay,2.4139204,23138.082,South America
2010,URY,Uruguay,1.9049841,24879.836,South America
2011,URY,Uruguay,2.3104563,26099.322,South America
2012,URY,Uruguay,2.579765,26953.281,South America
2013,URY,Uruguay,2.2392287,28119.482,South America
2014,URY,Uruguay,1.9913993,28935.098,South America
2015,URY,Uruguay,2.00062,28941.629,South America
2016,URY,Uruguay,1.9295201,29332.566,South America
2017,URY,Uruguay,1.8152955,29762.434,South America
2018,URY,Uruguay,1.9355792,29757.94,South America
2019,URY,Uruguay,1.886396,30010.574,South America
2020,URY,Uruguay,1.9055269,27788.186,South America
2021,URY,Uruguay,2.3049502,29431.885,South America
2022,URY,Uruguay,2.212046,30804.703,South America
2023,URY,Uruguay,2.2511077,31059.254,South America
2024,URY,Uruguay,2.35437,32038.773,South America
1990,UZB,Uzbekistan,5.039025,4214.584,Asia
1991,UZB,Uzbekistan,4.881197,4094.2273,Asia
1992,UZB,Uzbekistan,5.165951,3547.3115,Asia
1993,UZB,Uzbekistan,5.2582917,3386.4622,Asia
1994,UZB,Uzbekistan,4.887378,3142.4329,Asia
1995,UZB,Uzbekistan,4.5730877,3052.4187,Asia
1996,UZB,Uzbekistan,4.632963,3046.5637,Asia
1997,UZB,Uzbekistan,4.588964,3150.0852,Asia
1998,UZB,Uzbekistan,5.0124907,3234.3574,Asia
1999,UZB,Uzbekistan,5.0493393,3326.4253,Asia
2000,UZB,Uzbekistan,4.9815717,3410.6504,Asia
2001,UZB,Uzbekistan,5.0307326,3509.7285,Asia
2002,UZB,Uzbekistan,5.219552,3604.6934,Asia
2003,UZB,Uzbekistan,5.067656,3711.7786,Asia
2004,UZB,Uzbekistan,4.959756,3939.5305,Asia
2005,UZB,Uzbekistan,4.6136413,4160.955,Asia
2006,UZB,Uzbekistan,4.678025,4413.7227,Asia
2007,UZB,Uzbekistan,4.573151,4764.564,Asia
2008,UZB,Uzbekistan,4.6694994,5115.644,Asia
2009,UZB,Uzbekistan,3.9095335,5439.551,Asia
2010,UZB,Uzbekistan,3.7930706,5760.805,Asia
2011,UZB,Uzbekistan,4.050717,6100.251,Asia
2012,UZB,Uzbekistan,4.061949,6435.5645,Asia
2013,UZB,Uzbekistan,3.7812703,6797.775,Asia
2014,UZB,Uzbekistan,3.5567496,7145.11,Asia
2015,UZB,Uzbekistan,3.3618135,7529.7637,Asia
2016,UZB,Uzbekistan,3.5109115,7839.978,Asia
2017,UZB,Uzbekistan,3.4219267,8047.0537,Asia
2018,UZB,Uzbekistan,3.160928,8348.961,Asia
2019,UZB,Uzbekistan,3.2746303,8755.126,Asia
2020,UZB,Uzbekistan,3.2197232,8727.411,Asia
2021,UZB,Uzbekistan,3.5966222,9247.644,Asia
2022,UZB,Uzbekistan,3.4089596,9607.562,Asia
2023,UZB,Uzbekistan,3.446397,10007.686,Asia
2024,UZB,Uzbekistan,3.829127,10450.205,Asia
1990,VUT,Vanuatu,0.44540194,3101.6807,Oceania
1991,VUT,Vanuatu,0.43444636,3120.6938,Oceania
1992,VUT,Vanuatu,0.4002596,3122.8894,Oceania
1993,VUT,Vanuatu,0.3905816,3069.806,Oceania
1994,VUT,Vanuatu,0.38136756,3269.6284,Oceania
1995,VUT,Vanuatu,0.39455596,3226.915,Oceania
1996,VUT,Vanuatu,0.42872354,3229.1023,Oceania
1997,VUT,Vanuatu,0.4405914,3315.4814,Oceania
1998,VUT,Vanuatu,0.4314891,3285.1384,Oceania
1999,VUT,Vanuatu,0.44276488,3228.5918,Oceania
2000,VUT,Vanuatu,0.45236996,3342.1672,Oceania
2001,VUT,Vanuatu,0.4219276,3148.3347,Oceania
2002,VUT,Vanuatu,0.39282998,2911.0413,Oceania
2003,VUT,Vanuatu,0.3832636,2962.031,Oceania
2004,VUT,Vanuatu,0.35621232,3005.7974,Oceania
2005,VUT,Vanuatu,0.34767425,3089.437,Oceania
2006,VUT,Vanuatu,0.33935508,3270.7024,Oceania
2007,VUT,Vanuatu,0.34770507,3283.3655,Oceania
2008,VUT,Vanuatu,0.3875403,3381.3857,Oceania
2009,VUT,Vanuatu,0.51951534,3396.736,Oceania
2010,VUT,Vanuatu,0.5228662,3359.8496,Oceania
2011,VUT,Vanuatu,0.54173803,3390.961,Oceania
2012,VUT,Vanuatu,0.47107604,3350.771,Oceania
2013,VUT,Vanuatu,0.43191418,3292.2341,Oceania
2014,VUT,Vanuatu,0.6053941,3302.2917,Oceania
2015,VUT,Vanuatu,0.4956654,3357.639,Oceania
2016,VUT,Vanuatu,0.5520972,3397.7673,Oceania
2017,VUT,Vanuatu,0.49990305,3465.9197,Oceania
2018,VUT,Vanuatu,0.6165042,3482.0227,Oceania
2019,VUT,Vanuatu,0.5646672,3512.072,Oceania
2020,VUT,Vanuatu,0.6865395,3259.9954,Oceania
2021,VUT,Vanuatu,0.70673007,3135.8367,Oceania
2022,VUT,Vanuatu,0.6048438,3222.836,Oceania
2023,VUT,Vanuatu,0.5881556,3214.7024,Oceania
2024,VUT,Vanuatu,0.6012429,3172.0476,Oceania
1990,VNM,Vietnam,0.32514757,2467.9646,Asia
1991,VNM,Vietnam,0.31955397,2560.8438,Asia
1992,VNM,Vietnam,0.31447926,2726.4736,Asia
1993,VNM,Vietnam,0.32841194,2890.4243,Asia
1994,VNM,Vietnam,0.38617438,3089.6094,Asia
1995,VNM,Vietnam,0.41760576,3328.2148,Asia
1996,VNM,Vietnam,0.48500863,3584.029,Asia
1997,VNM,Vietnam,0.6130133,3820.3025,Asia
1998,VNM,Vietnam,0.6356782,3982.958,Asia
1999,VNM,Vietnam,0.63638675,4119.0537,Asia
2000,VNM,Vietnam,0.69906235,4349.2236,Asia
2001,VNM,Vietnam,0.78214556,4570.2686,Asia
2002,VNM,Vietnam,0.8826836,4809.6216,Asia
2003,VNM,Vietnam,0.9710582,5090.29,Asia
2004,VNM,Vietnam,1.107049,5421.097,Asia
2005,VNM,Vietnam,1.1819466,5776.3633,Asia
2006,VNM,Vietnam,1.2128327,6098.245,Asia
2007,VNM,Vietnam,1.2128248,6418.544,Asia
2008,VNM,Vietnam,1.3419256,6659.1357,Asia
2009,VNM,Vietnam,1.4398954,6914.339,Asia
2010,VNM,Vietnam,1.5958333,7274.733,Asia
2011,VNM,Vietnam,1.7245036,7652.619,Asia
2012,VNM,Vietnam,1.6119647,7979.868,Asia
2013,VNM,Vietnam,1.6722333,8324.198,Asia
2014,VNM,Vietnam,1.963878,8751.883,Asia
2015,VNM,Vietnam,2.2988992,9248.024,Asia
2016,VNM,Vietnam,2.3513482,9743.188,Asia
2017,VNM,Vietnam,2.392326,10290.549,Asia
2018,VNM,Vietnam,2.654567,10936.894,Asia
2019,VNM,Vietnam,3.4918098,11628.614,Asia
2020,VNM,Vietnam,3.697001,11851.396,Asia
2021,VNM,Vietnam,3.175785,12048.902,Asia
2022,VNM,Vietnam,3.2368684,12979.764,Asia
2023,VNM,Vietnam,3.4617958,13545.935,Asia
2024,VNM,Vietnam,3.6730351,14415.216,Asia
1990,OWID_WRL,World,4.266701,11257.437,
1991,OWID_WRL,World,4.282473,11166.51,
1992,OWID_WRL,World,4.090168,11132.38,
1993,OWID_WRL,World,4.06862,11125.656,
1994,OWID_WRL,World,4.047994,11251.216,
1995,OWID_WRL,World,4.0835447,11429.359,
1996,OWID_WRL,World,4.1481075,11679.153,
1997,OWID_WRL,World,4.1149697,11964.178,
1998,OWID_WRL,World,4.044522,12088.102,
1999,OWID_WRL,World,4.0791173,12351.548,
2000,OWID_WRL,World,4.133621,12769.831,
2001,OWID_WRL,World,4.1076345,12904.862,
2002,OWID_WRL,World,4.1442804,13093.065,
2003,OWID_WRL,World,4.30703,13402.992,
2004,OWID_WRL,World,4.3992558,13914.812,
2005,OWID_WRL,World,4.493561,14370.885,
2006,OWID_WRL,World,4.585831,14927.549,
2007,OWID_WRL,World,4.661509,15510.866,
2008,OWID_WRL,World,4.682571,15747.7295,
2009,OWID_WRL,World,4.545518,15452.501,
2010,OWID_WRL,World,4.744936,16047.989,
2011,OWID_WRL,World,4.848876,16479.488,
2012,OWID_WRL,World,4.854014,16784.95,
2013,OWID_WRL,World,4.837743,17122.045,
2014,OWID_WRL,World,4.8045974,17500.176,
2015,OWID_WRL,World,4.7391157,17868.092,
2016,OWID_WRL,World,4.6824865,18232.727,
2017,OWID_WRL,World,4.705259,18714.94,
2018,OWID_WRL,World,4.752195,19189.02,
2019,OWID_WRL,World,4.7478137,19552.084,
2020,OWID_WRL,World,4.4577436,18811.494,
2021,OWID_WRL,World,4.634748,19866.768,
2022,OWID_WRL,World,4.6784525,20409.441,
2023,OWID_WRL,World,4.707772,20918.305,
2024,OWID_WRL,World,4.729075,21405.117,
1990,ZMB,Zambia,0.30915266,2425.1113,Africa
1991,ZMB,Zambia,0.29841074,2364.8623,Africa
1992,ZMB,Zambia,0.2965377,2268.498,Africa
1993,ZMB,Zambia,0.29448658,2365.6296,Africa
1994,ZMB,Zambia,0.2790558,2110.5833,Africa
1995,ZMB,Zambia,0.24383901,2119.9565,Africa
1996,ZMB,Zambia,0.2041296,2197.1956,Africa
1997,ZMB,Zambia,0.25485393,2223.4575,Africa
1998,ZMB,Zambia,0.24028249,2157.5735,Africa
1999,ZMB,Zambia,0.1825053,2198.1892,Africa
2000,ZMB,Zambia,0.17809726,2220.5654,Africa
2001,ZMB,Zambia,0.1826217,2268.9697,Africa
2002,ZMB,Zambia,0.18415658,2299.333,Africa
2003,ZMB,Zambia,0.18886451,2383.8762,Africa
2004,ZMB,Zambia,0.18557891,2471.7207,Africa
2005,ZMB,Zambia,0.19136254,2564.4756,Africa
2006,ZMB,Zambia,0.18394056,2673.4614,Africa
2007,ZMB,Zambia,0.18285252,2796.353,Africa
2008,ZMB,Zambia,0.19606511,2908.1436,Africa
2009,ZMB,Zambia,0.21792424,3065.8442,Africa
2010,ZMB,Zambia,0.22346665,3266.5076,Africa
2011,ZMB,Zambia,0.23404986,3335.6433,Africa
2012,ZMB,Zambia,0.28006828,3474.5525,Africa
2013,ZMB,Zambia,0.28745684,3535.2246,Africa
2014,ZMB,Zambia,0.3323784,3585.5774,Africa
2015,ZMB,Zambia,0.33675572,3576.9255,Africa
2016,ZMB,Zambia,0.35341817,3598.1716,Africa
2017,ZMB,Zambia,0.42765597,3612.5059,Africa
2018,ZMB,Zambia,0.48169613,3646.9597,Africa
2019,ZMB,Zambia,0.47782284,3591.5642,Africa
2020,ZMB,Zambia,0.52418166,3391.5955,Africa
2021,ZMB,Zambia,0.47694507,3503.035,Africa
2022,ZMB,Zambia,0.5427949,3585.1238,Africa
2023,ZMB,Zambia,0.5708717,3673.4841,Africa
2024,ZMB,Zambia,0.5650162,3708.069,Africa
1990,ZWE,Zimbabwe,1.5326599,6082.8423,Africa
1991,ZWE,Zimbabwe,1.4887861,6254.275,Africa
1992,ZWE,Zimbabwe,1.5605763,5532.0376,Africa
1993,ZWE,Zimbabwe,1.4762003,5509.083,Africa
1994,ZWE,Zimbabwe,1.5986724,6010.742,Africa
1995,ZWE,Zimbabwe,1.368377,5964.5894,Africa
1996,ZWE,Zimbabwe,1.3348055,6474.16,Africa
1997,ZWE,Zimbabwe,1.2226206,6524.0625,Africa
1998,ZWE,Zimbabwe,1.2184846,6582.3486,Africa
1999,ZWE,Zimbabwe,1.3344223,6423.709,Africa
2000,ZWE,Zimbabwe,1.1616611,6170.334,Africa
2001,ZWE,Zimbabwe,1.0448399,6217.4116,Africa
2002,ZWE,Zimbabwe,0.98413074,5610.1914,Africa
2003,ZWE,Zimbabwe,0.8673399,4601.6606,Africa
2004,ZWE,Zimbabwe,0.7624711,4287.598,Africa
2005,ZWE,Zimbabwe,0.85701495,4004.6646,Africa
2006,ZWE,Zimbabwe,0.8202832,3819.2334,Africa
2007,ZWE,Zimbabwe,0.7681282,3631.5376,Africa
2008,ZWE,Zimbabwe,0.5957252,2954.0994,Africa
2009,ZWE,Zimbabwe,0.62770295,3299.4138,Africa
2010,ZWE,Zimbabwe,0.65540963,3885.3938,Africa
2011,ZWE,Zimbabwe,0.76225656,4358.926,Africa
2012,ZWE,Zimbabwe,0.8147,5003.4873,Africa
2013,ZWE,Zimbabwe,0.83284795,5031.6875,Africa
2014,ZWE,Zimbabwe,0.84084177,5081.1123,Africa
2015,ZWE,Zimbabwe,0.83455706,5102.7144,Africa
2016,ZWE,Zimbabwe,0.7252073,5070.4023,Africa
2017,ZWE,Zimbabwe,0.6636679,5234.384,Africa
2018,ZWE,Zimbabwe,0.7455699,5415.4697,Africa
2019,ZWE,Zimbabwe,0.6722901,4993.8438,Africa
2020,ZWE,Zimbabwe,0.54684746,4527.7197,Africa
2021,ZWE,Zimbabwe,0.6471251,4827.089,Africa
2022,ZWE,Zimbabwe,0.7612047,5036.761,Africa
2023,ZWE,Zimbabwe,0.8226813,5218.0225,Africa
2024,ZWE,Zimbabwe,0.82366556,5215.253,Africa
