entity,code,year,fertility_rate_hist,owid_region
Afghanistan,AFG,1990,7.576,Asia
Afghanistan,AFG,1991,7.631,Asia
Afghanistan,AFG,1992,7.703,Asia
Afghanistan,AFG,1993,7.761,Asia
Afghanistan,AFG,1994,7.767,Asia
Afghanistan,AFG,1995,7.767,Asia
Afghanistan,AFG,1996,7.757,Asia
Afghanistan,AFG,1997,7.732,Asia
Afghanistan,AFG,1998,7.693,Asia
Afghanistan,AFG,1999,7.641,Asia
Afghanistan,AFG,2000,7.566,Asia
Afghanistan,AFG,2001,7.453,Asia
Afghanistan,AFG,2002,7.32,Asia
Afghanistan,AFG,2003,7.174,Asia
Afghanistan,AFG,2004,7.018,Asia
Afghanistan,AFG,2005,6.858,Asia
Afghanistan,AFG,2006,6.686,Asia
Afghanistan,AFG,2007,6.508,Asia
Afghanistan,AFG,2008,6.392,Asia
Afghanistan,AFG,2009,6.295,Asia
Afghanistan,AFG,2010,6.195,Asia
Afghanistan,AFG,2011,6.094,Asia
Afghanistan,AFG,2012,5.985,Asia
Afghanistan,AFG,2013,5.879,Asia
Afghanistan,AFG,2014,5.77,Asia
Afghanistan,AFG,2015,5.652,Asia
Afghanistan,AFG,2016,5.542,Asia
Afghanistan,AFG,2017,5.433,Asia
Afghanistan,AFG,2018,5.327,Asia
Afghanistan,AFG,2019,5.238,Asia
Afghanistan,AFG,2020,5.145,Asia
Afghanistan,AFG,2021,5.039,Asia
Afghanistan,AFG,2022,4.932,Asia
Afghanistan,AFG,2023,4.84,Asia
Africa,OWID_AFR,1990,5.8539023,
Africa,OWID_AFR,1991,5.774524,
Africa,OWID_AFR,1992,5.6971273,
Africa,OWID_AFR,1993,5.625158,
Africa,OWID_AFR,1994,5.526201,
Africa,OWID_AFR,1995,5.463184,
Africa,OWID_AFR,1996,5.3864217,
Africa,OWID_AFR,1997,5.315155,
Africa,OWID_AFR,1998,5.251817,
Africa,OWID_AFR,1999,5.2069154,
Africa,OWID_AFR,2000,5.163395,
Africa,OWID_AFR,2001,5.1212306,
Africa,OWID_AFR,2002,5.077554,
Africa,OWID_AFR,2003,5.0463595,
Africa,OWID_AFR,2004,5.024296,
Africa,OWID_AFR,2005,5.008381,
Africa,OWID_AFR,2006,4.9844913,
Africa,OWID_AFR,2007,4.958,
Africa,OWID_AFR,2008,4.940453,
Africa,OWID_AFR,2009,4.901526,
Africa,OWID_AFR,2010,4.867296,
Africa,OWID_AFR,2011,4.8215,
Africa,OWID_AFR,2012,4.7755494,
Africa,OWID_AFR,2013,4.719344,
Africa,OWID_AFR,2014,4.6693907,
Africa,OWID_AFR,2015,4.6089773,
Africa,OWID_AFR,2016,4.529488,
Africa,OWID_AFR,2017,4.464824,
Africa,OWID_AFR,2018,4.3739967,
Africa,OWID_AFR,2019,4.296659,
Africa,OWID_AFR,2020,4.2252116,
Africa,OWID_AFR,2021,4.1632905,
Africa,OWID_AFR,2022,4.1089277,
Africa,OWID_AFR,2023,4.0555434,
Africa (UN),UN_AFR,1990,5.909,
Africa (UN),UN_AFR,1991,5.827,
Africa (UN),UN_AFR,1992,5.747,
Africa (UN),UN_AFR,1993,5.663,
Africa (UN),UN_AFR,1994,5.589,
Africa (UN),UN_AFR,1995,5.508,
Africa (UN),UN_AFR,1996,5.429,
Africa (UN),UN_AFR,1997,5.353,
Africa (UN),UN_AFR,1998,5.296,
Africa (UN),UN_AFR,1999,5.248,
Africa (UN),UN_AFR,2000,5.203,
Africa (UN),UN_AFR,2001,5.16,
Africa (UN),UN_AFR,2002,5.115,
Africa (UN),UN_AFR,2003,5.082,
Africa (UN),UN_AFR,2004,5.059,
Africa (UN),UN_AFR,2005,5.04,
Africa (UN),UN_AFR,2006,5.013,
Africa (UN),UN_AFR,2007,4.985,
Africa (UN),UN_AFR,2008,4.968,
Africa (UN),UN_AFR,2009,4.927,
Africa (UN),UN_AFR,2010,4.891,
Africa (UN),UN_AFR,2011,4.842,
Africa (UN),UN_AFR,2012,4.796,
Africa (UN),UN_AFR,2013,4.74,
Africa (UN),UN_AFR,2014,4.686,
Africa (UN),UN_AFR,2015,4.625,
Africa (UN),UN_AFR,2016,4.545,
Africa (UN),UN_AFR,2017,4.482,
Africa (UN),UN_AFR,2018,4.391,
Africa (UN),UN_AFR,2019,4.312,
Africa (UN),UN_AFR,2020,4.242,
Africa (UN),UN_AFR,2021,4.179,
Africa (UN),UN_AFR,2022,4.125,
Africa (UN),UN_AFR,2023,4.072,
Albania,ALB,1990,3.014,Europe
Albania,ALB,1991,2.956,Europe
Albania,ALB,1992,2.885,Europe
Albania,ALB,1993,2.811,Europe
Albania,ALB,1994,2.798,Europe
Albania,ALB,1995,2.762,Europe
Albania,ALB,1996,2.666,Europe
Albania,ALB,1997,2.535,Europe
Albania,ALB,1998,2.425,Europe
Albania,ALB,1999,2.313,Europe
Albania,ALB,2000,2.217,Europe
Albania,ALB,2001,2.141,Europe
Albania,ALB,2002,2.002,Europe
Albania,ALB,2003,2.006,Europe
Albania,ALB,2004,1.889,Europe
Albania,ALB,2005,1.787,Europe
Albania,ALB,2006,1.686,Europe
Albania,ALB,2007,1.633,Europe
Albania,ALB,2008,1.616,Europe
Albania,ALB,2009,1.638,Europe
Albania,ALB,2010,1.653,Europe
Albania,ALB,2011,1.677,Europe
Albania,ALB,2012,1.719,Europe
Albania,ALB,2013,1.741,Europe
Albania,ALB,2014,1.721,Europe
Albania,ALB,2015,1.631,Europe
Albania,ALB,2016,1.555,Europe
Albania,ALB,2017,1.486,Europe
Albania,ALB,2018,1.415,Europe
Albania,ALB,2019,1.395,Europe
Albania,ALB,2020,1.371,Europe
Albania,ALB,2021,1.365,Europe
Albania,ALB,2022,1.355,Europe
Albania,ALB,2023,1.348,Europe
Algeria,DZA,1990,4.509,Africa
Algeria,DZA,1991,4.366,Africa
Algeria,DZA,1992,4.274,Africa
Algeria,DZA,1993,4.076,Africa
Algeria,DZA,1994,3.914,Africa
Algeria,DZA,1995,3.487,Africa
Algeria,DZA,1996,3.139,Africa
Algeria,DZA,1997,2.886,Africa
Algeria,DZA,1998,2.691,Africa
Algeria,DZA,1999,2.62,Africa
Algeria,DZA,2000,2.59,Africa
Algeria,DZA,2001,2.519,Africa
Algeria,DZA,2002,2.429,Africa
Algeria,DZA,2003,2.451,Africa
Algeria,DZA,2004,2.5,Africa
Algeria,DZA,2005,2.562,Africa
Algeria,DZA,2006,2.628,Africa
Algeria,DZA,2007,2.704,Africa
Algeria,DZA,2008,2.785,Africa
Algeria,DZA,2009,2.825,Africa
Algeria,DZA,2010,2.875,Africa
Algeria,DZA,2011,2.899,Africa
Algeria,DZA,2012,2.996,Africa
Algeria,DZA,2013,2.997,Africa
Algeria,DZA,2014,3.084,Africa
Algeria,DZA,2015,3.091,Africa
Algeria,DZA,2016,3.091,Africa
Algeria,DZA,2017,3.09,Africa
Algeria,DZA,2018,3.019,Africa
Algeria,DZA,2019,2.997,Africa
Algeria,DZA,2020,2.94,Africa
Algeria,DZA,2021,2.87,Africa
Algeria,DZA,2022,2.817,Africa
Algeria,DZA,2023,2.766,Africa
American Samoa,ASM,1990,4.472,
American Samoa,ASM,1991,4.528,
American Samoa,ASM,1992,4.557,
American Samoa,ASM,1993,4.605,
American Samoa,ASM,1994,4.384,
American Samoa,ASM,1995,4.121,
American Samoa,ASM,1996,3.944,
American Samoa,ASM,1997,3.887,
American Samoa,ASM,1998,3.878,
American Samoa,ASM,1999,3.891,
American Samoa,ASM,2000,3.89,
American Samoa,ASM,2001,3.87,
American Samoa,ASM,2002,3.866,
American Samoa,ASM,2003,3.91,
American Samoa,ASM,2004,3.945,
American Samoa,ASM,2005,3.863,
American Samoa,ASM,2006,3.685,
American Samoa,ASM,2007,3.509,
American Samoa,ASM,2008,3.42,
American Samoa,ASM,2009,3.359,
American Samoa,ASM,2010,3.292,
American Samoa,ASM,2011,3.169,
American Samoa,ASM,2012,3.043,
American Samoa,ASM,2013,2.932,
American Samoa,ASM,2014,2.852,
American Samoa,ASM,2015,2.78,
American Samoa,ASM,2016,2.699,
American Samoa,ASM,2017,2.598,
American Samoa,ASM,2018,2.494,
American Samoa,ASM,2019,2.404,
American Samoa,ASM,2020,2.36,
American Samoa,ASM,2021,2.327,
American Samoa,ASM,2022,2.305,
American Samoa,ASM,2023,2.286,
Andorra,AND,1990,1.401,Europe
Andorra,AND,1991,1.397,Europe
Andorra,AND,1992,1.373,Europe
Andorra,AND,1993,1.334,Europe
Andorra,AND,1994,1.317,Europe
Andorra,AND,1995,1.319,Europe
Andorra,AND,1996,1.329,Europe
Andorra,AND,1997,1.354,Europe
Andorra,AND,1998,1.383,Europe
Andorra,AND,1999,1.421,Europe
Andorra,AND,2000,1.273,Europe
Andorra,AND,2001,1.305,Europe
Andorra,AND,2002,1.265,Europe
Andorra,AND,2003,1.18,Europe
Andorra,AND,2004,1.229,Europe
Andorra,AND,2005,1.224,Europe
Andorra,AND,2006,1.234,Europe
Andorra,AND,2007,1.189,Europe
Andorra,AND,2008,1.25,Europe
Andorra,AND,2009,1.208,Europe
Andorra,AND,2010,1.275,Europe
Andorra,AND,2011,1.321,Europe
Andorra,AND,2012,1.26,Europe
Andorra,AND,2013,1.142,Europe
Andorra,AND,2014,1.168,Europe
Andorra,AND,2015,1.223,Europe
Andorra,AND,2016,1.184,Europe
Andorra,AND,2017,1.129,Europe
Andorra,AND,2018,1.053,Europe
Andorra,AND,2019,1.045,Europe
Andorra,AND,2020,1.028,Europe
Andorra,AND,2021,1.058,Europe
Andorra,AND,2022,1.071,Europe
Andorra,AND,2023,1.082,Europe
Angola,AGO,1990,7.272,Africa
Angola,AGO,1991,7.208,Africa
Angola,AGO,1992,7.138,Africa
Angola,AGO,1993,7.065,Africa
Angola,AGO,1994,6.99,Africa
Angola,AGO,1995,6.918,Africa
Angola,AGO,1996,6.851,Africa
Angola,AGO,1997,6.789,Africa
Angola,AGO,1998,6.732,Africa
Angola,AGO,1999,6.683,Africa
Angola,AGO,2000,6.639,Africa
Angola,AGO,2001,6.601,Africa
Angola,AGO,2002,6.567,Africa
Angola,AGO,2003,6.533,Africa
Angola,AGO,2004,6.499,Africa
Angola,AGO,2005,6.461,Africa
Angola,AGO,2006,6.419,Africa
Angola,AGO,2007,6.372,Africa
Angola,AGO,2008,6.32,Africa
Angola,AGO,2009,6.26,Africa
Angola,AGO,2010,6.194,Africa
Angola,AGO,2011,6.12,Africa
Angola,AGO,2012,6.039,Africa
Angola,AGO,2013,5.953,Africa
Angola,AGO,2014,5.864,Africa
Angola,AGO,2015,5.774,Africa
Angola,AGO,2016,5.686,Africa
Angola,AGO,2017,5.6,Africa
Angola,AGO,2018,5.519,Africa
Angola,AGO,2019,5.442,Africa
Angola,AGO,2020,5.371,Africa
Angola,AGO,2021,5.304,Africa
Angola,AGO,2022,5.209,Africa
Angola,AGO,2023,5.124,Africa
Anguilla,AIA,1990,2.185,
Anguilla,AIA,1991,2.137,
Anguilla,AIA,1992,2.025,
Anguilla,AIA,1993,1.996,
Anguilla,AIA,1994,1.932,
Anguilla,AIA,1995,1.943,
Anguilla,AIA,1996,1.881,
Anguilla,AIA,1997,1.873,
Anguilla,AIA,1998,1.898,
Anguilla,AIA,1999,1.906,
Anguilla,AIA,2000,1.877,
Anguilla,AIA,2001,2.0,
Anguilla,AIA,2002,1.74,
Anguilla,AIA,2003,1.637,
Anguilla,AIA,2004,1.605,
Anguilla,AIA,2005,1.528,
Anguilla,AIA,2006,1.473,
Anguilla,AIA,2007,1.51,
Anguilla,AIA,2008,1.562,
Anguilla,AIA,2009,1.607,
Anguilla,AIA,2010,1.627,
Anguilla,AIA,2011,1.632,
Anguilla,AIA,2012,1.611,
Anguilla,AIA,2013,1.553,
Anguilla,AIA,2014,1.469,
Anguilla,AIA,2015,1.39,
Anguilla,AIA,2016,1.374,
Anguilla,AIA,2017,1.374,
Anguilla,AIA,2018,1.374,
Anguilla,AIA,2019,1.377,
Anguilla,AIA,2020,1.382,
Anguilla,AIA,2021,1.378,
Anguilla,AIA,2022,1.374,
Anguilla,AIA,2023,1.364,
Antigua and Barbuda,ATG,1990,2.249,North America
Antigua and Barbuda,ATG,1991,2.036,North America
Antigua and Barbuda,ATG,1992,2.126,North America
Antigua and Barbuda,ATG,1993,2.036,North America
Antigua and Barbuda,ATG,1994,2.069,North America
Antigua and Barbuda,ATG,1995,2.159,North America
Antigua and Barbuda,ATG,1996,2.266,North America
Antigua and Barbuda,ATG,1997,2.19,North America
Antigua and Barbuda,ATG,1998,2.017,North America
Antigua and Barbuda,ATG,1999,1.956,North America
Antigua and Barbuda,ATG,2000,2.196,North America
Antigua and Barbuda,ATG,2001,2.018,North America
Antigua and Barbuda,ATG,2002,1.94,North America
Antigua and Barbuda,ATG,2003,1.887,North America
Antigua and Barbuda,ATG,2004,1.852,North America
Antigua and Barbuda,ATG,2005,1.832,North America
Antigua and Barbuda,ATG,2006,1.831,North America
Antigua and Barbuda,ATG,2007,1.86,North America
Antigua and Barbuda,ATG,2008,2.042,North America
Antigua and Barbuda,ATG,2009,2.006,North America
Antigua and Barbuda,ATG,2010,1.785,North America
Antigua and Barbuda,ATG,2011,1.746,North America
Antigua and Barbuda,ATG,2012,1.655,North America
Antigua and Barbuda,ATG,2013,1.537,North America
Antigua and Barbuda,ATG,2014,1.526,North America
Antigua and Barbuda,ATG,2015,1.567,North America
Antigua and Barbuda,ATG,2016,1.458,North America
Antigua and Barbuda,ATG,2017,1.485,North America
Antigua and Barbuda,ATG,2018,1.371,North America
Antigua and Barbuda,ATG,2019,1.468,North America
Antigua and Barbuda,ATG,2020,1.569,North America
Antigua and Barbuda,ATG,2021,1.58,North America
Antigua and Barbuda,ATG,2022,1.58,North America
Antigua and Barbuda,ATG,2023,1.578,North America
Argentina,ARG,1990,3.034,South America
Argentina,ARG,1991,3.012,South America
Argentina,ARG,1992,2.987,South America
Argentina,ARG,1993,2.966,South America
Argentina,ARG,1994,2.935,South America
Argentina,ARG,1995,2.864,South America
Argentina,ARG,1996,2.781,South America
Argentina,ARG,1997,2.706,South America
Argentina,ARG,1998,2.662,South America
Argentina,ARG,1999,2.643,South America
Argentina,ARG,2000,2.591,South America
Argentina,ARG,2001,2.531,South America
Argentina,ARG,2002,2.493,South America
Argentina,ARG,2003,2.451,South America
Argentina,ARG,2004,2.43,South America
Argentina,ARG,2005,2.426,South America
Argentina,ARG,2006,2.4,South America
Argentina,ARG,2007,2.37,South America
Argentina,ARG,2008,2.432,South America
Argentina,ARG,2009,2.4,South America
Argentina,ARG,2010,2.411,South America
Argentina,ARG,2011,2.393,South America
Argentina,ARG,2012,2.304,South America
Argentina,ARG,2013,2.335,South America
Argentina,ARG,2014,2.386,South America
Argentina,ARG,2015,2.35,South America
Argentina,ARG,2016,2.241,South America
Argentina,ARG,2017,2.168,South America
Argentina,ARG,2018,2.067,South America
Argentina,ARG,2019,1.882,South America
Argentina,ARG,2020,1.601,South America
Argentina,ARG,2021,1.585,South America
Argentina,ARG,2022,1.482,South America
Argentina,ARG,2023,1.5,South America
Armenia,ARM,1990,2.708,Asia
Armenia,ARM,1991,2.643,Asia
Armenia,ARM,1992,2.499,Asia
Armenia,ARM,1993,2.286,Asia
Armenia,ARM,1994,2.084,Asia
Armenia,ARM,1995,2.067,Asia
Armenia,ARM,1996,2.06,Asia
Armenia,ARM,1997,1.9,Asia
Armenia,ARM,1998,1.81,Asia
Armenia,ARM,1999,1.534,Asia
Armenia,ARM,2000,1.47,Asia
Armenia,ARM,2001,1.402,Asia
Armenia,ARM,2002,1.405,Asia
Armenia,ARM,2003,1.473,Asia
Armenia,ARM,2004,1.491,Asia
Armenia,ARM,2005,1.492,Asia
Armenia,ARM,2006,1.494,Asia
Armenia,ARM,2007,1.519,Asia
Armenia,ARM,2008,1.541,Asia
Armenia,ARM,2009,1.574,Asia
Armenia,ARM,2010,1.588,Asia
Armenia,ARM,2011,1.615,Asia
Armenia,ARM,2012,1.647,Asia
Armenia,ARM,2013,1.669,Asia
Armenia,ARM,2014,1.663,Asia
Armenia,ARM,2015,1.621,Asia
Armenia,ARM,2016,1.625,Asia
Armenia,ARM,2017,1.561,Asia
Armenia,ARM,2018,1.567,Asia
Armenia,ARM,2019,1.601,Asia
Armenia,ARM,2020,1.619,Asia
Armenia,ARM,2021,1.71,Asia
Armenia,ARM,2022,1.719,Asia
Armenia,ARM,2023,1.714,Asia
Aruba,ABW,1990,2.345,North America
Aruba,ABW,1991,2.362,North America
Aruba,ABW,1992,2.353,North America
Aruba,ABW,1993,2.331,North America
Aruba,ABW,1994,2.298,North America
Aruba,ABW,1995,2.288,North America
Aruba,ABW,1996,2.233,North America
Aruba,ABW,1997,2.138,North America
Aruba,ABW,1998,2.001,North America
Aruba,ABW,1999,1.897,North America
Aruba,ABW,2000,1.845,North America
Aruba,ABW,2001,1.813,North America
Aruba,ABW,2002,1.8,North America
Aruba,ABW,2003,1.808,North America
Aruba,ABW,2004,1.819,North America
Aruba,ABW,2005,1.844,North America
Aruba,ABW,2006,1.862,North America
Aruba,ABW,2007,1.881,North America
Aruba,ABW,2008,1.889,North America
Aruba,ABW,2009,1.875,North America
Aruba,ABW,2010,1.855,North America
Aruba,ABW,2011,1.858,North America
Aruba,ABW,2012,1.907,North America
Aruba,ABW,2013,1.944,North America
Aruba,ABW,2014,1.944,North America
Aruba,ABW,2015,1.899,North America
Aruba,ABW,2016,1.848,North America
Aruba,ABW,2017,1.785,North America
Aruba,ABW,2018,1.732,North America
Aruba,ABW,2019,1.701,North America
Aruba,ABW,2020,1.662,North America
Aruba,ABW,2021,1.631,North America
Aruba,ABW,2022,1.615,North America
Aruba,ABW,2023,1.602,North America
Asia,OWID_ASI,1990,3.3049686,
Asia,OWID_ASI,1991,3.0349512,
Asia,OWID_ASI,1992,2.921207,
Asia,OWID_ASI,1993,2.8508377,
Asia,OWID_ASI,1994,2.7945561,
Asia,OWID_ASI,1995,2.7372751,
Asia,OWID_ASI,1996,2.6781924,
Asia,OWID_ASI,1997,2.629852,
Asia,OWID_ASI,1998,2.5896356,
Asia,OWID_ASI,1999,2.5603256,
Asia,OWID_ASI,2000,2.5695436,
Asia,OWID_ASI,2001,2.5166,
Asia,OWID_ASI,2002,2.4722686,
Asia,OWID_ASI,2003,2.4347458,
Asia,OWID_ASI,2004,2.4168901,
Asia,OWID_ASI,2005,2.3883328,
Asia,OWID_ASI,2006,2.3734071,
Asia,OWID_ASI,2007,2.3606493,
Asia,OWID_ASI,2008,2.3571732,
Asia,OWID_ASI,2009,2.3524115,
Asia,OWID_ASI,2010,2.322248,
Asia,OWID_ASI,2011,2.304195,
Asia,OWID_ASI,2012,2.334693,
Asia,OWID_ASI,2013,2.285924,
Asia,OWID_ASI,2014,2.2697752,
Asia,OWID_ASI,2015,2.2315912,
Asia,OWID_ASI,2016,2.2434218,
Asia,OWID_ASI,2017,2.2088583,
Asia,OWID_ASI,2018,2.119695,
Asia,OWID_ASI,2019,2.0758889,
Asia,OWID_ASI,2020,1.9732972,
Asia,OWID_ASI,2021,1.9256951,
Asia,OWID_ASI,2022,1.8948497,
Asia,OWID_ASI,2023,1.8792871,
Asia (UN),UN_ASI,1990,3.314,
Asia (UN),UN_ASI,1991,3.048,
Asia (UN),UN_ASI,1992,2.936,
Asia (UN),UN_ASI,1993,2.86,
Asia (UN),UN_ASI,1994,2.802,
Asia (UN),UN_ASI,1995,2.748,
Asia (UN),UN_ASI,1996,2.693,
Asia (UN),UN_ASI,1997,2.649,
Asia (UN),UN_ASI,1998,2.607,
Asia (UN),UN_ASI,1999,2.575,
Asia (UN),UN_ASI,2000,2.584,
Asia (UN),UN_ASI,2001,2.532,
Asia (UN),UN_ASI,2002,2.49,
Asia (UN),UN_ASI,2003,2.451,
Asia (UN),UN_ASI,2004,2.428,
Asia (UN),UN_ASI,2005,2.397,
Asia (UN),UN_ASI,2006,2.381,
Asia (UN),UN_ASI,2007,2.367,
Asia (UN),UN_ASI,2008,2.361,
Asia (UN),UN_ASI,2009,2.353,
Asia (UN),UN_ASI,2010,2.323,
Asia (UN),UN_ASI,2011,2.303,
Asia (UN),UN_ASI,2012,2.331,
Asia (UN),UN_ASI,2013,2.281,
Asia (UN),UN_ASI,2014,2.265,
Asia (UN),UN_ASI,2015,2.227,
Asia (UN),UN_ASI,2016,2.241,
Asia (UN),UN_ASI,2017,2.206,
Asia (UN),UN_ASI,2018,2.118,
Asia (UN),UN_ASI,2019,2.075,
Asia (UN),UN_ASI,2020,1.973,
Asia (UN),UN_ASI,2021,1.927,
Asia (UN),UN_ASI,2022,1.896,
Asia (UN),UN_ASI,2023,1.881,
Australia,AUS,1990,1.908,Oceania
Australia,AUS,1991,1.863,Oceania
Australia,AUS,1992,1.892,Oceania
Australia,AUS,1993,1.864,Oceania
Australia,AUS,1994,1.852,Oceania
Australia,AUS,1995,1.825,Oceania
Australia,AUS,1996,1.804,Oceania
Australia,AUS,1997,1.783,Oceania
Australia,AUS,1998,1.765,Oceania
Australia,AUS,1999,1.764,Oceania
Australia,AUS,2000,1.764,Oceania
Australia,AUS,2001,1.738,Oceania
Australia,AUS,2002,1.765,Oceania
Australia,AUS,2003,1.764,Oceania
Australia,AUS,2004,1.784,Oceania
Australia,AUS,2005,1.849,Oceania
Australia,AUS,2006,1.882,Oceania
Australia,AUS,2007,1.991,Oceania
Australia,AUS,2008,2.02,Oceania
Australia,AUS,2009,1.972,Oceania
Australia,AUS,2010,1.948,Oceania
Australia,AUS,2011,1.922,Oceania
Australia,AUS,2012,1.931,Oceania
Australia,AUS,2013,1.883,Oceania
Australia,AUS,2014,1.805,Oceania
Australia,AUS,2015,1.803,Oceania
Australia,AUS,2016,1.792,Oceania
Australia,AUS,2017,1.745,Oceania
Australia,AUS,2018,1.743,Oceania
Australia,AUS,2019,1.666,Oceania
Australia,AUS,2020,1.593,Oceania
Australia,AUS,2021,1.647,Oceania
Australia,AUS,2022,1.638,Oceania
Australia,AUS,2023,1.638,Oceania
Austria,AUT,1990,1.467,Europe
Austria,AUT,1991,1.516,Europe
Austria,AUT,1992,1.516,Europe
Austria,AUT,1993,1.512,Europe
Austria,AUT,1994,1.474,Europe
Austria,AUT,1995,1.431,Europe
Austria,AUT,1996,1.448,Europe
Austria,AUT,1997,1.395,Europe
Austria,AUT,1998,1.371,Europe
Austria,AUT,1999,1.344,Europe
Austria,AUT,2000,1.364,Europe
Austria,AUT,2001,1.331,Europe
Austria,AUT,2002,1.389,Europe
Austria,AUT,2003,1.373,Europe
Austria,AUT,2004,1.415,Europe
Austria,AUT,2005,1.406,Europe
Austria,AUT,2006,1.404,Europe
Austria,AUT,2007,1.381,Europe
Austria,AUT,2008,1.411,Europe
Austria,AUT,2009,1.393,Europe
Austria,AUT,2010,1.44,Europe
Austria,AUT,2011,1.43,Europe
Austria,AUT,2012,1.44,Europe
Austria,AUT,2013,1.436,Europe
Austria,AUT,2014,1.464,Europe
Austria,AUT,2015,1.492,Europe
Austria,AUT,2016,1.531,Europe
Austria,AUT,2017,1.521,Europe
Austria,AUT,2018,1.479,Europe
Austria,AUT,2019,1.464,Europe
Austria,AUT,2020,1.439,Europe
Austria,AUT,2021,1.469,Europe
Austria,AUT,2022,1.41,Europe
Austria,AUT,2023,1.317,Europe
Azerbaijan,AZE,1990,2.983,Asia
Azerbaijan,AZE,1991,2.952,Asia
Azerbaijan,AZE,1992,2.863,Asia
Azerbaijan,AZE,1993,2.747,Asia
Azerbaijan,AZE,1994,2.445,Asia
Azerbaijan,AZE,1995,2.193,Asia
Azerbaijan,AZE,1996,1.977,Asia
Azerbaijan,AZE,1997,2.018,Asia
Azerbaijan,AZE,1998,1.848,Asia
Azerbaijan,AZE,1999,1.716,Asia
Azerbaijan,AZE,2000,1.698,Asia
Azerbaijan,AZE,2001,1.589,Asia
Azerbaijan,AZE,2002,1.577,Asia
Azerbaijan,AZE,2003,1.591,Asia
Azerbaijan,AZE,2004,1.965,Asia
Azerbaijan,AZE,2005,1.982,Asia
Azerbaijan,AZE,2006,2.019,Asia
Azerbaijan,AZE,2007,1.968,Asia
Azerbaijan,AZE,2008,1.904,Asia
Azerbaijan,AZE,2009,1.821,Asia
Azerbaijan,AZE,2010,1.924,Asia
Azerbaijan,AZE,2011,1.98,Asia
Azerbaijan,AZE,2012,2.142,Asia
Azerbaijan,AZE,2013,2.148,Asia
Azerbaijan,AZE,2014,2.131,Asia
Azerbaijan,AZE,2015,2.092,Asia
Azerbaijan,AZE,2016,2.032,Asia
Azerbaijan,AZE,2017,1.961,Asia
Azerbaijan,AZE,2018,1.905,Asia
Azerbaijan,AZE,2019,1.845,Asia
Azerbaijan,AZE,2020,1.764,Asia
Azerbaijan,AZE,2021,1.71,Asia
Azerbaijan,AZE,2022,1.687,Asia
Azerbaijan,AZE,2023,1.67,Asia
Bahamas,BHS,1990,2.52,North America
Bahamas,BHS,1991,2.51,North America
Bahamas,BHS,1992,2.71,North America
Bahamas,BHS,1993,2.61,North America
Bahamas,BHS,1994,2.472,North America
Bahamas,BHS,1995,2.419,North America
Bahamas,BHS,1996,2.353,North America
Bahamas,BHS,1997,2.293,North America
Bahamas,BHS,1998,2.232,North America
Bahamas,BHS,1999,2.134,North America
Bahamas,BHS,2000,2.06,North America
Bahamas,BHS,2001,2.02,North America
Bahamas,BHS,2002,1.984,North America
Bahamas,BHS,2003,1.971,North America
Bahamas,BHS,2004,1.98,North America
Bahamas,BHS,2005,2.008,North America
Bahamas,BHS,2006,2.019,North America
Bahamas,BHS,2007,2.035,North America
Bahamas,BHS,2008,1.999,North America
Bahamas,BHS,2009,2.011,North America
Bahamas,BHS,2010,1.837,North America
Bahamas,BHS,2011,1.791,North America
Bahamas,BHS,2012,1.761,North America
Bahamas,BHS,2013,1.738,North America
Bahamas,BHS,2014,1.687,North America
Bahamas,BHS,2015,1.574,North America
Bahamas,BHS,2016,1.495,North America
Bahamas,BHS,2017,1.424,North America
Bahamas,BHS,2018,1.404,North America
Bahamas,BHS,2019,1.397,North America
Bahamas,BHS,2020,1.386,North America
Bahamas,BHS,2021,1.382,North America
Bahamas,BHS,2022,1.379,North America
Bahamas,BHS,2023,1.373,North America
Bahrain,BHR,1990,3.817,Asia
Bahrain,BHR,1991,3.625,Asia
Bahrain,BHR,1992,3.548,Asia
Bahrain,BHR,1993,3.461,Asia
Bahrain,BHR,1994,3.291,Asia
Bahrain,BHR,1995,3.128,Asia
Bahrain,BHR,1996,2.986,Asia
Bahrain,BHR,1997,2.924,Asia
Bahrain,BHR,1998,2.889,Asia
Bahrain,BHR,1999,2.899,Asia
Bahrain,BHR,2000,2.798,Asia
Bahrain,BHR,2001,2.653,Asia
Bahrain,BHR,2002,2.699,Asia
Bahrain,BHR,2003,2.778,Asia
Bahrain,BHR,2004,2.774,Asia
Bahrain,BHR,2005,2.67,Asia
Bahrain,BHR,2006,2.464,Asia
Bahrain,BHR,2007,2.282,Asia
Bahrain,BHR,2008,2.152,Asia
Bahrain,BHR,2009,2.047,Asia
Bahrain,BHR,2010,1.987,Asia
Bahrain,BHR,2011,2.025,Asia
Bahrain,BHR,2012,2.11,Asia
Bahrain,BHR,2013,2.166,Asia
Bahrain,BHR,2014,2.149,Asia
Bahrain,BHR,2015,2.113,Asia
Bahrain,BHR,2016,2.042,Asia
Bahrain,BHR,2017,1.984,Asia
Bahrain,BHR,2018,1.911,Asia
Bahrain,BHR,2019,1.843,Asia
Bahrain,BHR,2020,1.86,Asia
Bahrain,BHR,2021,1.852,Asia
Bahrain,BHR,2022,1.839,Asia
Bahrain,BHR,2023,1.824,Asia
Bangladesh,BGD,1990,4.506,Asia
Bangladesh,BGD,1991,4.261,Asia
Bangladesh,BGD,1992,4.027,Asia
Bangladesh,BGD,1993,3.832,Asia
Bangladesh,BGD,1994,3.737,Asia
Bangladesh,BGD,1995,3.588,Asia
Bangladesh,BGD,1996,3.505,Asia
Bangladesh,BGD,1997,3.502,Asia
Bangladesh,BGD,1998,3.427,Asia
Bangladesh,BGD,1999,3.357,Asia
Bangladesh,BGD,2000,3.279,Asia
Bangladesh,BGD,2001,3.203,Asia
Bangladesh,BGD,2002,3.126,Asia
Bangladesh,BGD,2003,3.029,Asia
Bangladesh,BGD,2004,2.94,Asia
Bangladesh,BGD,2005,2.846,Asia
Bangladesh,BGD,2006,2.755,Asia
Bangladesh,BGD,2007,2.666,Asia
Bangladesh,BGD,2008,2.577,Asia
Bangladesh,BGD,2009,2.484,Asia
Bangladesh,BGD,2010,2.38,Asia
Bangladesh,BGD,2011,2.309,Asia
Bangladesh,BGD,2012,2.263,Asia
Bangladesh,BGD,2013,2.247,Asia
Bangladesh,BGD,2014,2.228,Asia
Bangladesh,BGD,2015,2.227,Asia
Bangladesh,BGD,2016,2.227,Asia
Bangladesh,BGD,2017,2.205,Asia
Bangladesh,BGD,2018,2.193,Asia
Bangladesh,BGD,2019,2.18,Asia
Bangladesh,BGD,2020,2.175,Asia
Bangladesh,BGD,2021,2.173,Asia
Bangladesh,BGD,2022,2.179,Asia
Bangladesh,BGD,2023,2.163,Asia
Barbados,BRB,1990,1.842,North America
Barbados,BRB,1991,1.838,North America
Barbados,BRB,1992,1.804,North America
Barbados,BRB,1993,1.769,North America
Barbados,BRB,1994,1.733,North America
Barbados,BRB,1995,1.704,North America
Barbados,BRB,1996,1.673,North America
Barbados,BRB,1997,1.645,North America
Barbados,BRB,1998,1.62,North America
Barbados,BRB,1999,1.779,North America
Barbados,BRB,2000,1.933,North America
Barbados,BRB,2001,1.955,North America
Barbados,BRB,2002,1.862,North America
Barbados,BRB,2003,1.856,North America
Barbados,BRB,2004,1.797,North America
Barbados,BRB,2005,1.738,North America
Barbados,BRB,2006,1.702,North America
Barbados,BRB,2007,1.755,North America
Barbados,BRB,2008,1.756,North America
Barbados,BRB,2009,1.77,North America
Barbados,BRB,2010,1.785,North America
Barbados,BRB,2011,1.758,North America
Barbados,BRB,2012,1.731,North America
Barbados,BRB,2013,1.729,North America
Barbados,BRB,2014,1.727,North America
Barbados,BRB,2015,1.726,North America
Barbados,BRB,2016,1.724,North America
Barbados,BRB,2017,1.724,North America
Barbados,BRB,2018,1.72,North America
Barbados,BRB,2019,1.715,North America
Barbados,BRB,2020,1.708,North America
Barbados,BRB,2021,1.709,North America
Barbados,BRB,2022,1.712,North America
Barbados,BRB,2023,1.708,North America
Belarus,BLR,1990,1.86,Europe
Belarus,BLR,1991,1.752,Europe
Belarus,BLR,1992,1.704,Europe
Belarus,BLR,1993,1.577,Europe
Belarus,BLR,1994,1.486,Europe
Belarus,BLR,1995,1.369,Europe
Belarus,BLR,1996,1.307,Europe
Belarus,BLR,1997,1.223,Europe
Belarus,BLR,1998,1.268,Europe
Belarus,BLR,1999,1.263,Europe
Belarus,BLR,2000,1.272,Europe
Belarus,BLR,2001,1.241,Europe
Belarus,BLR,2002,1.202,Europe
Belarus,BLR,2003,1.192,Europe
Belarus,BLR,2004,1.196,Europe
Belarus,BLR,2005,1.221,Europe
Belarus,BLR,2006,1.305,Europe
Belarus,BLR,2007,1.394,Europe
Belarus,BLR,2008,1.449,Europe
Belarus,BLR,2009,1.481,Europe
Belarus,BLR,2010,1.478,Europe
Belarus,BLR,2011,1.524,Europe
Belarus,BLR,2012,1.623,Europe
Belarus,BLR,2013,1.673,Europe
Belarus,BLR,2014,1.702,Europe
Belarus,BLR,2015,1.728,Europe
Belarus,BLR,2016,1.727,Europe
Belarus,BLR,2017,1.55,Europe
Belarus,BLR,2018,1.457,Europe
Belarus,BLR,2019,1.389,Europe
Belarus,BLR,2020,1.369,Europe
Belarus,BLR,2021,1.371,Europe
Belarus,BLR,2022,1.326,Europe
Belarus,BLR,2023,1.208,Europe
Belgium,BEL,1990,1.625,Europe
Belgium,BEL,1991,1.656,Europe
Belgium,BEL,1992,1.648,Europe
Belgium,BEL,1993,1.606,Europe
Belgium,BEL,1994,1.563,Europe
Belgium,BEL,1995,1.564,Europe
Belgium,BEL,1996,1.591,Europe
Belgium,BEL,1997,1.603,Europe
Belgium,BEL,1998,1.594,Europe
Belgium,BEL,1999,1.614,Europe
Belgium,BEL,2000,1.663,Europe
Belgium,BEL,2001,1.666,Europe
Belgium,BEL,2002,1.645,Europe
Belgium,BEL,2003,1.665,Europe
Belgium,BEL,2004,1.719,Europe
Belgium,BEL,2005,1.754,Europe
Belgium,BEL,2006,1.794,Europe
Belgium,BEL,2007,1.813,Europe
Belgium,BEL,2008,1.846,Europe
Belgium,BEL,2009,1.835,Europe
Belgium,BEL,2010,1.849,Europe
Belgium,BEL,2011,1.805,Europe
Belgium,BEL,2012,1.784,Europe
Belgium,BEL,2013,1.748,Europe
Belgium,BEL,2014,1.733,Europe
Belgium,BEL,2015,1.69,Europe
Belgium,BEL,2016,1.675,Europe
Belgium,BEL,2017,1.641,Europe
Belgium,BEL,2018,1.616,Europe
Belgium,BEL,2019,1.609,Europe
Belgium,BEL,2020,1.575,Europe
Belgium,BEL,2021,1.599,Europe
Belgium,BEL,2022,1.547,Europe
Belgium,BEL,2023,1.379,Europe
Belize,BLZ,1990,4.802,North America
Belize,BLZ,1991,4.595,North America
Belize,BLZ,1992,4.429,North America
Belize,BLZ,1993,4.206,North America
Belize,BLZ,1994,3.973,North America
Belize,BLZ,1995,3.876,North America
Belize,BLZ,1996,3.755,North America
Belize,BLZ,1997,3.737,North America
Belize,BLZ,1998,3.752,North America
Belize,BLZ,1999,3.726,North America
Belize,BLZ,2000,3.633,North America
Belize,BLZ,2001,3.526,North America
Belize,BLZ,2002,3.43,North America
Belize,BLZ,2003,3.335,North America
Belize,BLZ,2004,3.252,North America
Belize,BLZ,2005,3.173,North America
Belize,BLZ,2006,3.021,North America
Belize,BLZ,2007,2.885,North America
Belize,BLZ,2008,2.78,North America
Belize,BLZ,2009,2.659,North America
Belize,BLZ,2010,2.552,North America
Belize,BLZ,2011,2.531,North America
Belize,BLZ,2012,2.51,North America
Belize,BLZ,2013,2.498,North America
Belize,BLZ,2014,2.474,North America
Belize,BLZ,2015,2.433,North America
Belize,BLZ,2016,2.396,North America
Belize,BLZ,2017,2.368,North America
Belize,BLZ,2018,2.343,North America
Belize,BLZ,2019,2.142,North America
Belize,BLZ,2020,2.04,North America
Belize,BLZ,2021,1.837,North America
Belize,BLZ,2022,1.949,North America
Belize,BLZ,2023,2.007,North America
Benin,BEN,1990,6.741,Africa
Benin,BEN,1991,6.666,Africa
Benin,BEN,1992,6.593,Africa
Benin,BEN,1993,6.51,Africa
Benin,BEN,1994,6.419,Africa
Benin,BEN,1995,6.33,Africa
Benin,BEN,1996,6.279,Africa
Benin,BEN,1997,6.23,Africa
Benin,BEN,1998,6.136,Africa
Benin,BEN,1999,6.032,Africa
Benin,BEN,2000,5.937,Africa
Benin,BEN,2001,5.848,Africa
Benin,BEN,2002,5.793,Africa
Benin,BEN,2003,5.763,Africa
Benin,BEN,2004,5.718,Africa
Benin,BEN,2005,5.692,Africa
Benin,BEN,2006,5.673,Africa
Benin,BEN,2007,5.627,Africa
Benin,BEN,2008,5.548,Africa
Benin,BEN,2009,5.491,Africa
Benin,BEN,2010,5.452,Africa
Benin,BEN,2011,5.436,Africa
Benin,BEN,2012,5.429,Africa
Benin,BEN,2013,5.41,Africa
Benin,BEN,2014,5.374,Africa
Benin,BEN,2015,5.32,Africa
Benin,BEN,2016,5.254,Africa
Benin,BEN,2017,5.155,Africa
Benin,BEN,2018,5.031,Africa
Benin,BEN,2019,4.9,Africa
Benin,BEN,2020,4.795,Africa
Benin,BEN,2021,4.707,Africa
Benin,BEN,2022,4.634,Africa
Benin,BEN,2023,4.556,Africa
Bermuda,BMU,1990,1.699,North America
Bermuda,BMU,1991,1.744,North America
Bermuda,BMU,1992,1.725,North America
Bermuda,BMU,1993,1.7,North America
Bermuda,BMU,1994,1.684,North America
Bermuda,BMU,1995,1.677,North America
Bermuda,BMU,1996,1.699,North America
Bermuda,BMU,1997,1.692,North America
Bermuda,BMU,1998,1.794,North America
Bermuda,BMU,1999,1.794,North America
Bermuda,BMU,2000,1.738,North America
Bermuda,BMU,2001,1.861,North America
Bermuda,BMU,2002,1.815,North America
Bermuda,BMU,2003,1.79,North America
Bermuda,BMU,2004,1.76,North America
Bermuda,BMU,2005,1.782,North America
Bermuda,BMU,2006,1.79,North America
Bermuda,BMU,2007,1.934,North America
Bermuda,BMU,2008,1.86,North America
Bermuda,BMU,2009,1.853,North America
Bermuda,BMU,2010,1.767,North America
Bermuda,BMU,2011,1.569,North America
Bermuda,BMU,2012,1.528,North America
Bermuda,BMU,2013,1.522,North America
Bermuda,BMU,2014,1.42,North America
Bermuda,BMU,2015,1.44,North America
Bermuda,BMU,2016,1.45,North America
Bermuda,BMU,2017,1.419,North America
Bermuda,BMU,2018,1.374,North America
Bermuda,BMU,2019,1.383,North America
Bermuda,BMU,2020,1.451,North America
Bermuda,BMU,2021,1.389,North America
Bermuda,BMU,2022,1.397,North America
Bermuda,BMU,2023,1.401,North America
Bhutan,BTN,1990,5.604,Asia
Bhutan,BTN,1991,5.451,Asia
Bhutan,BTN,1992,5.267,Asia
Bhutan,BTN,1993,5.072,Asia
Bhutan,BTN,1994,4.866,Asia
Bhutan,BTN,1995,4.624,Asia
Bhutan,BTN,1996,4.369,Asia
Bhutan,BTN,1997,4.088,Asia
Bhutan,BTN,1998,3.853,Asia
Bhutan,BTN,1999,3.607,Asia
Bhutan,BTN,2000,3.378,Asia
Bhutan,BTN,2001,3.188,Asia
Bhutan,BTN,2002,3.012,Asia
Bhutan,BTN,2003,2.865,Asia
Bhutan,BTN,2004,2.781,Asia
Bhutan,BTN,2005,2.726,Asia
Bhutan,BTN,2006,2.66,Asia
Bhutan,BTN,2007,2.589,Asia
Bhutan,BTN,2008,2.481,Asia
Bhutan,BTN,2009,2.364,Asia
Bhutan,BTN,2010,2.252,Asia
Bhutan,BTN,2011,2.155,Asia
Bhutan,BTN,2012,2.068,Asia
Bhutan,BTN,2013,2.0,Asia
Bhutan,BTN,2014,1.923,Asia
Bhutan,BTN,2015,1.835,Asia
Bhutan,BTN,2016,1.738,Asia
Bhutan,BTN,2017,1.621,Asia
Bhutan,BTN,2018,1.517,Asia
Bhutan,BTN,2019,1.448,Asia
Bhutan,BTN,2020,1.502,Asia
Bhutan,BTN,2021,1.488,Asia
Bhutan,BTN,2022,1.478,Asia
Bhutan,BTN,2023,1.462,Asia
Bolivia,BOL,1990,4.9,South America
Bolivia,BOL,1991,4.846,South America
Bolivia,BOL,1992,4.713,South America
Bolivia,BOL,1993,4.592,South America
Bolivia,BOL,1994,4.494,South America
Bolivia,BOL,1995,4.409,South America
Bolivia,BOL,1996,4.336,South America
Bolivia,BOL,1997,4.219,South America
Bolivia,BOL,1998,4.149,South America
Bolivia,BOL,1999,4.09,South America
Bolivia,BOL,2000,3.991,South America
Bolivia,BOL,2001,3.89,South America
Bolivia,BOL,2002,3.802,South America
Bolivia,BOL,2003,3.721,South America
Bolivia,BOL,2004,3.633,South America
Bolivia,BOL,2005,3.558,South America
Bolivia,BOL,2006,3.533,South America
Bolivia,BOL,2007,3.447,South America
Bolivia,BOL,2008,3.364,South America
Bolivia,BOL,2009,3.287,South America
Bolivia,BOL,2010,3.213,South America
Bolivia,BOL,2011,3.143,South America
Bolivia,BOL,2012,3.076,South America
Bolivia,BOL,2013,3.01,South America
Bolivia,BOL,2014,2.947,South America
Bolivia,BOL,2015,2.886,South America
Bolivia,BOL,2016,2.829,South America
Bolivia,BOL,2017,2.777,South America
Bolivia,BOL,2018,2.73,South America
Bolivia,BOL,2019,2.688,South America
Bolivia,BOL,2020,2.651,South America
Bolivia,BOL,2021,2.618,South America
Bolivia,BOL,2022,2.584,South America
Bolivia,BOL,2023,2.547,South America
Bonaire Sint Eustatius and Saba,BES,1990,2.404,
Bonaire Sint Eustatius and Saba,BES,1991,2.412,
Bonaire Sint Eustatius and Saba,BES,1992,2.418,
Bonaire Sint Eustatius and Saba,BES,1993,2.42,
Bonaire Sint Eustatius and Saba,BES,1994,2.397,
Bonaire Sint Eustatius and Saba,BES,1995,2.356,
Bonaire Sint Eustatius and Saba,BES,1996,2.286,
Bonaire Sint Eustatius and Saba,BES,1997,2.197,
Bonaire Sint Eustatius and Saba,BES,1998,2.089,
Bonaire Sint Eustatius and Saba,BES,1999,1.968,
Bonaire Sint Eustatius and Saba,BES,2000,1.86,
Bonaire Sint Eustatius and Saba,BES,2001,1.767,
Bonaire Sint Eustatius and Saba,BES,2002,1.695,
Bonaire Sint Eustatius and Saba,BES,2003,1.644,
Bonaire Sint Eustatius and Saba,BES,2004,1.61,
Bonaire Sint Eustatius and Saba,BES,2005,1.605,
Bonaire Sint Eustatius and Saba,BES,2006,1.626,
Bonaire Sint Eustatius and Saba,BES,2007,1.668,
Bonaire Sint Eustatius and Saba,BES,2008,1.698,
Bonaire Sint Eustatius and Saba,BES,2009,1.704,
Bonaire Sint Eustatius and Saba,BES,2010,1.677,
Bonaire Sint Eustatius and Saba,BES,2011,1.63,
Bonaire Sint Eustatius and Saba,BES,2012,1.53,
Bonaire Sint Eustatius and Saba,BES,2013,1.64,
Bonaire Sint Eustatius and Saba,BES,2014,1.51,
Bonaire Sint Eustatius and Saba,BES,2015,1.32,
Bonaire Sint Eustatius and Saba,BES,2016,1.53,
Bonaire Sint Eustatius and Saba,BES,2017,1.5,
Bonaire Sint Eustatius and Saba,BES,2018,1.58,
Bonaire Sint Eustatius and Saba,BES,2019,1.52,
Bonaire Sint Eustatius and Saba,BES,2020,1.7,
Bonaire Sint Eustatius and Saba,BES,2021,1.58,
Bonaire Sint Eustatius and Saba,BES,2022,1.5,
Bonaire Sint Eustatius and Saba,BES,2023,1.473,
Bosnia and Herzegovina,BIH,1990,1.786,Europe
Bosnia and Herzegovina,BIH,1991,1.782,Europe
Bosnia and Herzegovina,BIH,1992,1.758,Europe
Bosnia and Herzegovina,BIH,1993,1.729,Europe
Bosnia and Herzegovina,BIH,1994,1.698,Europe
Bosnia and Herzegovina,BIH,1995,1.669,Europe
Bosnia and Herzegovina,BIH,1996,1.652,Europe
Bosnia and Herzegovina,BIH,1997,1.686,Europe
Bosnia and Herzegovina,BIH,1998,1.561,Europe
Bosnia and Herzegovina,BIH,1999,1.366,Europe
Bosnia and Herzegovina,BIH,2000,1.282,Europe
Bosnia and Herzegovina,BIH,2001,1.23,Europe
Bosnia and Herzegovina,BIH,2002,1.231,Europe
Bosnia and Herzegovina,BIH,2003,1.219,Europe
Bosnia and Herzegovina,BIH,2004,1.221,Europe
Bosnia and Herzegovina,BIH,2005,1.203,Europe
Bosnia and Herzegovina,BIH,2006,1.18,Europe
Bosnia and Herzegovina,BIH,2007,1.19,Europe
Bosnia and Herzegovina,BIH,2008,1.21,Europe
Bosnia and Herzegovina,BIH,2009,1.267,Europe
Bosnia and Herzegovina,BIH,2010,1.26,Europe
Bosnia and Herzegovina,BIH,2011,1.209,Europe
Bosnia and Herzegovina,BIH,2012,1.252,Europe
Bosnia and Herzegovina,BIH,2013,1.278,Europe
Bosnia and Herzegovina,BIH,2014,1.262,Europe
Bosnia and Herzegovina,BIH,2015,1.322,Europe
Bosnia and Herzegovina,BIH,2016,1.36,Europe
Bosnia and Herzegovina,BIH,2017,1.419,Europe
Bosnia and Herzegovina,BIH,2018,1.504,Europe
Bosnia and Herzegovina,BIH,2019,1.509,Europe
Bosnia and Herzegovina,BIH,2020,1.515,Europe
Bosnia and Herzegovina,BIH,2021,1.49,Europe
Bosnia and Herzegovina,BIH,2022,1.481,Europe
Bosnia and Herzegovina,BIH,2023,1.486,Europe
Botswana,BWA,1990,4.509,Africa
Botswana,BWA,1991,4.365,Africa
Botswana,BWA,1992,4.255,Africa
Botswana,BWA,1993,4.152,Africa
Botswana,BWA,1994,4.021,Africa
Botswana,BWA,1995,3.792,Africa
Botswana,BWA,1996,3.573,Africa
Botswana,BWA,1997,3.431,Africa
Botswana,BWA,1998,3.362,Africa
Botswana,BWA,1999,3.313,Africa
Botswana,BWA,2000,3.294,Africa
Botswana,BWA,2001,3.248,Africa
Botswana,BWA,2002,3.175,Africa
Botswana,BWA,2003,3.106,Africa
Botswana,BWA,2004,3.063,Africa
Botswana,BWA,2005,3.082,Africa
Botswana,BWA,2006,3.114,Africa
Botswana,BWA,2007,3.127,Africa
Botswana,BWA,2008,3.131,Africa
Botswana,BWA,2009,3.133,Africa
Botswana,BWA,2010,3.135,Africa
Botswana,BWA,2011,3.103,Africa
Botswana,BWA,2012,3.07,Africa
Botswana,BWA,2013,3.045,Africa
Botswana,BWA,2014,3.027,Africa
Botswana,BWA,2015,3.008,Africa
Botswana,BWA,2016,2.99,Africa
Botswana,BWA,2017,2.969,Africa
Botswana,BWA,2018,2.941,Africa
Botswana,BWA,2019,2.906,Africa
Botswana,BWA,2020,2.861,Africa
Botswana,BWA,2021,2.827,Africa
Botswana,BWA,2022,2.785,Africa
Botswana,BWA,2023,2.732,Africa
Brazil,BRA,1990,2.896,South America
Brazil,BRA,1991,2.805,South America
Brazil,BRA,1992,2.71,South America
Brazil,BRA,1993,2.66,South America
Brazil,BRA,1994,2.603,South America
Brazil,BRA,1995,2.567,South America
Brazil,BRA,1996,2.511,South America
Brazil,BRA,1997,2.468,South America
Brazil,BRA,1998,2.418,South America
Brazil,BRA,1999,2.335,South America
Brazil,BRA,2000,2.247,South America
Brazil,BRA,2001,2.162,South America
Brazil,BRA,2002,2.081,South America
Brazil,BRA,2003,2.006,South America
Brazil,BRA,2004,1.973,South America
Brazil,BRA,2005,1.942,South America
Brazil,BRA,2006,1.896,South America
Brazil,BRA,2007,1.854,South America
Brazil,BRA,2008,1.815,South America
Brazil,BRA,2009,1.799,South America
Brazil,BRA,2010,1.786,South America
Brazil,BRA,2011,1.777,South America
Brazil,BRA,2012,1.766,South America
Brazil,BRA,2013,1.761,South America
Brazil,BRA,2014,1.775,South America
Brazil,BRA,2015,1.777,South America
Brazil,BRA,2016,1.727,South America
Brazil,BRA,2017,1.74,South America
Brazil,BRA,2018,1.744,South America
Brazil,BRA,2019,1.705,South America
Brazil,BRA,2020,1.653,South America
Brazil,BRA,2021,1.638,South America
Brazil,BRA,2022,1.629,South America
Brazil,BRA,2023,1.619,South America
British Virgin Islands,VGB,1990,1.779,
British Virgin Islands,VGB,1991,1.843,
British Virgin Islands,VGB,1992,1.878,
British Virgin Islands,VGB,1993,1.81,
British Virgin Islands,VGB,1994,1.659,
British Virgin Islands,VGB,1995,1.777,
British Virgin Islands,VGB,1996,1.894,
British Virgin Islands,VGB,1997,2.009,
British Virgin Islands,VGB,1998,1.523,
British Virgin Islands,VGB,1999,1.786,
British Virgin Islands,VGB,2000,1.839,
British Virgin Islands,VGB,2001,1.517,
British Virgin Islands,VGB,2002,1.247,
British Virgin Islands,VGB,2003,1.309,
British Virgin Islands,VGB,2004,1.5,
British Virgin Islands,VGB,2005,1.34,
British Virgin Islands,VGB,2006,1.234,
British Virgin Islands,VGB,2007,1.312,
British Virgin Islands,VGB,2008,1.272,
British Virgin Islands,VGB,2009,1.23,
British Virgin Islands,VGB,2010,1.183,
British Virgin Islands,VGB,2011,1.268,
British Virgin Islands,VGB,2012,1.103,
British Virgin Islands,VGB,2013,1.086,
British Virgin Islands,VGB,2014,1.235,
British Virgin Islands,VGB,2015,1.186,
British Virgin Islands,VGB,2016,0.987,
British Virgin Islands,VGB,2017,0.873,
British Virgin Islands,VGB,2018,0.905,
British Virgin Islands,VGB,2019,0.941,
British Virgin Islands,VGB,2020,0.975,
British Virgin Islands,VGB,2021,0.999,
British Virgin Islands,VGB,2022,1.025,
British Virgin Islands,VGB,2023,1.045,
Brunei,BRN,1990,3.29,Asia
Brunei,BRN,1991,3.206,Asia
Brunei,BRN,1992,3.111,Asia
Brunei,BRN,1993,3.007,Asia
Brunei,BRN,1994,2.901,Asia
Brunei,BRN,1995,2.787,Asia
Brunei,BRN,1996,2.681,Asia
Brunei,BRN,1997,2.6,Asia
Brunei,BRN,1998,2.533,Asia
Brunei,BRN,1999,2.461,Asia
Brunei,BRN,2000,2.398,Asia
Brunei,BRN,2001,2.337,Asia
Brunei,BRN,2002,2.264,Asia
Brunei,BRN,2003,2.185,Asia
Brunei,BRN,2004,2.104,Asia
Brunei,BRN,2005,2.024,Asia
Brunei,BRN,2006,1.969,Asia
Brunei,BRN,2007,1.933,Asia
Brunei,BRN,2008,1.918,Asia
Brunei,BRN,2009,1.921,Asia
Brunei,BRN,2010,1.937,Asia
Brunei,BRN,2011,1.957,Asia
Brunei,BRN,2012,1.973,Asia
Brunei,BRN,2013,1.978,Asia
Brunei,BRN,2014,1.969,Asia
Brunei,BRN,2015,1.947,Asia
Brunei,BRN,2016,1.915,Asia
Brunei,BRN,2017,1.881,Asia
Brunei,BRN,2018,1.848,Asia
Brunei,BRN,2019,1.819,Asia
Brunei,BRN,2020,1.796,Asia
Brunei,BRN,2021,1.778,Asia
Brunei,BRN,2022,1.764,Asia
Brunei,BRN,2023,1.747,Asia
Bulgaria,BGR,1990,1.795,Europe
Bulgaria,BGR,1991,1.647,Europe
Bulgaria,BGR,1992,1.538,Europe
Bulgaria,BGR,1993,1.46,Europe
Bulgaria,BGR,1994,1.371,Europe
Bulgaria,BGR,1995,1.247,Europe
Bulgaria,BGR,1996,1.237,Europe
Bulgaria,BGR,1997,1.113,Europe
Bulgaria,BGR,1998,1.136,Europe
Bulgaria,BGR,1999,1.257,Europe
Bulgaria,BGR,2000,1.29,Europe
Bulgaria,BGR,2001,1.228,Europe
Bulgaria,BGR,2002,1.224,Europe
Bulgaria,BGR,2003,1.254,Europe
Bulgaria,BGR,2004,1.317,Europe
Bulgaria,BGR,2005,1.358,Europe
Bulgaria,BGR,2006,1.431,Europe
Bulgaria,BGR,2007,1.481,Europe
Bulgaria,BGR,2008,1.552,Europe
Bulgaria,BGR,2009,1.642,Europe
Bulgaria,BGR,2010,1.567,Europe
Bulgaria,BGR,2011,1.505,Europe
Bulgaria,BGR,2012,1.5,Europe
Bulgaria,BGR,2013,1.482,Europe
Bulgaria,BGR,2014,1.53,Europe
Bulgaria,BGR,2015,1.528,Europe
Bulgaria,BGR,2016,1.541,Europe
Bulgaria,BGR,2017,1.557,Europe
Bulgaria,BGR,2018,1.558,Europe
Bulgaria,BGR,2019,1.58,Europe
Bulgaria,BGR,2020,1.557,Europe
Bulgaria,BGR,2021,1.586,Europe
Bulgaria,BGR,2022,1.767,Europe
Bulgaria,BGR,2023,1.749,Europe
Burkina Faso,BFA,1990,7.009,Africa
Burkina Faso,BFA,1991,6.973,Africa
Burkina Faso,BFA,1992,6.936,Africa
Burkina Faso,BFA,1993,6.889,Africa
Burkina Faso,BFA,1994,6.843,Africa
Burkina Faso,BFA,1995,6.814,Africa
Burkina Faso,BFA,1996,6.779,Africa
Burkina Faso,BFA,1997,6.724,Africa
Burkina Faso,BFA,1998,6.661,Africa
Burkina Faso,BFA,1999,6.586,Africa
Burkina Faso,BFA,2000,6.519,Africa
Burkina Faso,BFA,2001,6.431,Africa
Burkina Faso,BFA,2002,6.339,Africa
Burkina Faso,BFA,2003,6.28,Africa
Burkina Faso,BFA,2004,6.216,Africa
Burkina Faso,BFA,2005,6.182,Africa
Burkina Faso,BFA,2006,6.17,Africa
Burkina Faso,BFA,2007,6.11,Africa
Burkina Faso,BFA,2008,6.05,Africa
Burkina Faso,BFA,2009,5.992,Africa
Burkina Faso,BFA,2010,5.936,Africa
Burkina Faso,BFA,2011,5.869,Africa
Burkina Faso,BFA,2012,5.793,Africa
Burkina Faso,BFA,2013,5.697,Africa
Burkina Faso,BFA,2014,5.595,Africa
Burkina Faso,BFA,2015,5.478,Africa
Burkina Faso,BFA,2016,5.331,Africa
Burkina Faso,BFA,2017,5.17,Africa
Burkina Faso,BFA,2018,4.921,Africa
Burkina Faso,BFA,2019,4.681,Africa
Burkina Faso,BFA,2020,4.44,Africa
Burkina Faso,BFA,2021,4.361,Africa
Burkina Faso,BFA,2022,4.275,Africa
Burkina Faso,BFA,2023,4.186,Africa
Burundi,BDI,1990,7.365,Africa
Burundi,BDI,1991,7.336,Africa
Burundi,BDI,1992,7.301,Africa
Burundi,BDI,1993,7.272,Africa
Burundi,BDI,1994,7.23,Africa
Burundi,BDI,1995,7.184,Africa
Burundi,BDI,1996,7.123,Africa
Burundi,BDI,1997,7.04,Africa
Burundi,BDI,1998,6.958,Africa
Burundi,BDI,1999,6.897,Africa
Burundi,BDI,2000,6.872,Africa
Burundi,BDI,2001,6.849,Africa
Burundi,BDI,2002,6.819,Africa
Burundi,BDI,2003,6.785,Africa
Burundi,BDI,2004,6.746,Africa
Burundi,BDI,2005,6.708,Africa
Burundi,BDI,2006,6.659,Africa
Burundi,BDI,2007,6.588,Africa
Burundi,BDI,2008,6.515,Africa
Burundi,BDI,2009,6.409,Africa
Burundi,BDI,2010,6.26,Africa
Burundi,BDI,2011,6.108,Africa
Burundi,BDI,2012,5.991,Africa
Burundi,BDI,2013,5.889,Africa
Burundi,BDI,2014,5.794,Africa
Burundi,BDI,2015,5.695,Africa
Burundi,BDI,2016,5.587,Africa
Burundi,BDI,2017,5.481,Africa
Burundi,BDI,2018,5.38,Africa
Burundi,BDI,2019,5.271,Africa
Burundi,BDI,2020,5.177,Africa
Burundi,BDI,2021,5.078,Africa
Burundi,BDI,2022,4.98,Africa
Burundi,BDI,2023,4.878,Africa
Cambodia,KHM,1990,5.642,Asia
Cambodia,KHM,1991,5.588,Asia
Cambodia,KHM,1992,5.486,Asia
Cambodia,KHM,1993,5.433,Asia
Cambodia,KHM,1994,5.281,Asia
Cambodia,KHM,1995,5.076,Asia
Cambodia,KHM,1996,4.867,Asia
Cambodia,KHM,1997,4.395,Asia
Cambodia,KHM,1998,4.13,Asia
Cambodia,KHM,1999,3.933,Asia
Cambodia,KHM,2000,3.794,Asia
Cambodia,KHM,2001,3.687,Asia
Cambodia,KHM,2002,3.57,Asia
Cambodia,KHM,2003,3.429,Asia
Cambodia,KHM,2004,3.307,Asia
Cambodia,KHM,2005,3.238,Asia
Cambodia,KHM,2006,3.175,Asia
Cambodia,KHM,2007,3.13,Asia
Cambodia,KHM,2008,3.048,Asia
Cambodia,KHM,2009,2.971,Asia
Cambodia,KHM,2010,2.859,Asia
Cambodia,KHM,2011,2.782,Asia
Cambodia,KHM,2012,2.751,Asia
Cambodia,KHM,2013,2.742,Asia
Cambodia,KHM,2014,2.734,Asia
Cambodia,KHM,2015,2.729,Asia
Cambodia,KHM,2016,2.725,Asia
Cambodia,KHM,2017,2.719,Asia
Cambodia,KHM,2018,2.724,Asia
Cambodia,KHM,2019,2.725,Asia
Cambodia,KHM,2020,2.699,Asia
Cambodia,KHM,2021,2.664,Asia
Cambodia,KHM,2022,2.616,Asia
Cambodia,KHM,2023,2.579,Asia
Cameroon,CMR,1990,6.362,Africa
Cameroon,CMR,1991,6.324,Africa
Cameroon,CMR,1992,6.256,Africa
Cameroon,CMR,1993,6.155,Africa
Cameroon,CMR,1994,6.043,Africa
Cameroon,CMR,1995,5.919,Africa
Cameroon,CMR,1996,5.795,Africa
Cameroon,CMR,1997,5.706,Africa
Cameroon,CMR,1998,5.656,Africa
Cameroon,CMR,1999,5.604,Africa
Cameroon,CMR,2000,5.514,Africa
Cameroon,CMR,2001,5.441,Africa
Cameroon,CMR,2002,5.435,Africa
Cameroon,CMR,2003,5.432,Africa
Cameroon,CMR,2004,5.436,Africa
Cameroon,CMR,2005,5.421,Africa
Cameroon,CMR,2006,5.369,Africa
Cameroon,CMR,2007,5.343,Africa
Cameroon,CMR,2008,5.294,Africa
Cameroon,CMR,2009,5.236,Africa
Cameroon,CMR,2010,5.154,Africa
Cameroon,CMR,2011,5.052,Africa
Cameroon,CMR,2012,4.982,Africa
Cameroon,CMR,2013,4.905,Africa
Cameroon,CMR,2014,4.844,Africa
Cameroon,CMR,2015,4.841,Africa
Cameroon,CMR,2016,4.842,Africa
Cameroon,CMR,2017,4.804,Africa
Cameroon,CMR,2018,4.74,Africa
Cameroon,CMR,2019,4.651,Africa
Cameroon,CMR,2020,4.557,Africa
Cameroon,CMR,2021,4.468,Africa
Cameroon,CMR,2022,4.397,Africa
Cameroon,CMR,2023,4.322,Africa
Canada,CAN,1990,1.696,North America
Canada,CAN,1991,1.723,North America
Canada,CAN,1992,1.719,North America
Canada,CAN,1993,1.693,North America
Canada,CAN,1994,1.693,North America
Canada,CAN,1995,1.674,North America
Canada,CAN,1996,1.63,North America
Canada,CAN,1997,1.569,North America
Canada,CAN,1998,1.553,North America
Canada,CAN,1999,1.541,North America
Canada,CAN,2000,1.51,North America
Canada,CAN,2001,1.531,North America
Canada,CAN,2002,1.513,North America
Canada,CAN,2003,1.535,North America
Canada,CAN,2004,1.545,North America
Canada,CAN,2005,1.566,North America
Canada,CAN,2006,1.612,North America
Canada,CAN,2007,1.656,North America
Canada,CAN,2008,1.684,North America
Canada,CAN,2009,1.675,North America
Canada,CAN,2010,1.642,North America
Canada,CAN,2011,1.627,North America
Canada,CAN,2012,1.627,North America
Canada,CAN,2013,1.612,North America
Canada,CAN,2014,1.614,North America
Canada,CAN,2015,1.601,North America
Canada,CAN,2016,1.59,North America
Canada,CAN,2017,1.548,North America
Canada,CAN,2018,1.51,North America
Canada,CAN,2019,1.476,North America
Canada,CAN,2020,1.413,North America
Canada,CAN,2021,1.43,North America
Canada,CAN,2022,1.366,North America
Canada,CAN,2023,1.349,North America
Cape Verde,CPV,1990,5.36,Africa
Cape Verde,CPV,1991,5.262,Africa
Cape Verde,CPV,1992,5.123,Africa
Cape Verde,CPV,1993,4.953,Africa
Cape Verde,CPV,1994,4.723,Africa
Cape Verde,CPV,1995,4.494,Africa
Cape Verde,CPV,1996,4.257,Africa
Cape Verde,CPV,1997,4.052,Africa
Cape Verde,CPV,1998,3.898,Africa
Cape Verde,CPV,1999,3.727,Africa
Cape Verde,CPV,2000,3.545,Africa
Cape Verde,CPV,2001,3.366,Africa
Cape Verde,CPV,2002,3.192,Africa
Cape Verde,CPV,2003,3.033,Africa
Cape Verde,CPV,2004,2.9,Africa
Cape Verde,CPV,2005,2.726,Africa
Cape Verde,CPV,2006,2.555,Africa
Cape Verde,CPV,2007,2.409,Africa
Cape Verde,CPV,2008,2.298,Africa
Cape Verde,CPV,2009,2.246,Africa
Cape Verde,CPV,2010,2.329,Africa
Cape Verde,CPV,2011,2.329,Africa
Cape Verde,CPV,2012,2.153,Africa
Cape Verde,CPV,2013,2.067,Africa
Cape Verde,CPV,2014,2.031,Africa
Cape Verde,CPV,2015,1.968,Africa
Cape Verde,CPV,2016,1.966,Africa
Cape Verde,CPV,2017,1.93,Africa
Cape Verde,CPV,2018,1.804,Africa
Cape Verde,CPV,2019,1.698,Africa
Cape Verde,CPV,2020,1.591,Africa
Cape Verde,CPV,2021,1.554,Africa
Cape Verde,CPV,2022,1.533,Africa
Cape Verde,CPV,2023,1.522,Africa
Cayman Islands,CYM,1990,1.783,North America
Cayman Islands,CYM,1991,1.846,North America
Cayman Islands,CYM,1992,1.726,North America
Cayman Islands,CYM,1993,1.669,North America
Cayman Islands,CYM,1994,1.66,North America
Cayman Islands,CYM,1995,1.674,North America
Cayman Islands,CYM,1996,1.691,North America
Cayman Islands,CYM,1997,1.701,North America
Cayman Islands,CYM,1998,1.702,North America
Cayman Islands,CYM,1999,1.708,North America
Cayman Islands,CYM,2000,1.707,North America
Cayman Islands,CYM,2001,1.697,North America
Cayman Islands,CYM,2002,1.681,North America
Cayman Islands,CYM,2003,1.672,North America
Cayman Islands,CYM,2004,1.671,North America
Cayman Islands,CYM,2005,1.665,North America
Cayman Islands,CYM,2006,1.665,North America
Cayman Islands,CYM,2007,1.681,North America
Cayman Islands,CYM,2008,1.703,North America
Cayman Islands,CYM,2009,1.723,North America
Cayman Islands,CYM,2010,1.694,North America
Cayman Islands,CYM,2011,1.637,North America
Cayman Islands,CYM,2012,1.531,North America
Cayman Islands,CYM,2013,1.445,North America
Cayman Islands,CYM,2014,1.334,North America
Cayman Islands,CYM,2015,1.269,North America
Cayman Islands,CYM,2016,1.231,North America
Cayman Islands,CYM,2017,1.222,North America
Cayman Islands,CYM,2018,1.277,North America
Cayman Islands,CYM,2019,1.508,North America
Cayman Islands,CYM,2020,1.554,North America
Cayman Islands,CYM,2021,1.551,North America
Cayman Islands,CYM,2022,1.541,North America
Cayman Islands,CYM,2023,1.531,North America
Central African Republic,CAF,1990,6.049,Africa
Central African Republic,CAF,1991,6.03,Africa
Central African Republic,CAF,1992,5.964,Africa
Central African Republic,CAF,1993,5.926,Africa
Central African Republic,CAF,1994,5.919,Africa
Central African Republic,CAF,1995,5.943,Africa
Central African Republic,CAF,1996,5.963,Africa
Central African Republic,CAF,1997,5.924,Africa
Central African Republic,CAF,1998,5.889,Africa
Central African Republic,CAF,1999,5.875,Africa
Central African Republic,CAF,2000,5.851,Africa
Central African Republic,CAF,2001,5.807,Africa
Central African Republic,CAF,2002,5.785,Africa
Central African Republic,CAF,2003,5.799,Africa
Central African Republic,CAF,2004,5.784,Africa
Central African Republic,CAF,2005,5.812,Africa
Central African Republic,CAF,2006,5.84,Africa
Central African Republic,CAF,2007,5.867,Africa
Central African Republic,CAF,2008,5.902,Africa
Central African Republic,CAF,2009,5.936,Africa
Central African Republic,CAF,2010,5.963,Africa
Central African Republic,CAF,2011,6.009,Africa
Central African Republic,CAF,2012,6.047,Africa
Central African Republic,CAF,2013,6.075,Africa
Central African Republic,CAF,2014,6.099,Africa
Central African Republic,CAF,2015,6.126,Africa
Central African Republic,CAF,2016,6.126,Africa
Central African Republic,CAF,2017,6.127,Africa
Central African Republic,CAF,2018,6.108,Africa
Central African Republic,CAF,2019,6.09,Africa
Central African Republic,CAF,2020,6.059,Africa
Central African Republic,CAF,2021,6.052,Africa
Central African Republic,CAF,2022,6.023,Africa
Central African Republic,CAF,2023,6.012,Africa
Chad,TCD,1990,7.219,Africa
Chad,TCD,1991,7.261,Africa
Chad,TCD,1992,7.296,Africa
Chad,TCD,1993,7.337,Africa
Chad,TCD,1994,7.31,Africa
Chad,TCD,1995,7.29,Africa
Chad,TCD,1996,7.292,Africa
Chad,TCD,1997,7.274,Africa
Chad,TCD,1998,7.266,Africa
Chad,TCD,1999,7.262,Africa
Chad,TCD,2000,7.249,Africa
Chad,TCD,2001,7.231,Africa
Chad,TCD,2002,7.201,Africa
Chad,TCD,2003,7.179,Africa
Chad,TCD,2004,7.16,Africa
Chad,TCD,2005,7.134,Africa
Chad,TCD,2006,7.118,Africa
Chad,TCD,2007,7.092,Africa
Chad,TCD,2008,7.063,Africa
Chad,TCD,2009,7.021,Africa
Chad,TCD,2010,6.99,Africa
Chad,TCD,2011,6.948,Africa
Chad,TCD,2012,6.905,Africa
Chad,TCD,2013,6.839,Africa
Chad,TCD,2014,6.781,Africa
Chad,TCD,2015,6.706,Africa
Chad,TCD,2016,6.623,Africa
Chad,TCD,2017,6.537,Africa
Chad,TCD,2018,6.464,Africa
Chad,TCD,2019,6.412,Africa
Chad,TCD,2020,6.346,Africa
Chad,TCD,2021,6.255,Africa
Chad,TCD,2022,6.215,Africa
Chad,TCD,2023,6.12,Africa
Chile,CHL,1990,2.579,South America
Chile,CHL,1991,2.558,South America
Chile,CHL,1992,2.478,South America
Chile,CHL,1993,2.43,South America
Chile,CHL,1994,2.377,South America
Chile,CHL,1995,2.353,South America
Chile,CHL,1996,2.284,South America
Chile,CHL,1997,2.202,South America
Chile,CHL,1998,2.149,South America
Chile,CHL,1999,2.074,South America
Chile,CHL,2000,2.046,South America
Chile,CHL,2001,2.007,South America
Chile,CHL,2002,1.934,South America
Chile,CHL,2003,1.885,South America
Chile,CHL,2004,1.844,South America
Chile,CHL,2005,1.825,South America
Chile,CHL,2006,1.798,South America
Chile,CHL,2007,1.826,South America
Chile,CHL,2008,1.85,South America
Chile,CHL,2009,1.855,South America
Chile,CHL,2010,1.844,South America
Chile,CHL,2011,1.823,South America
Chile,CHL,2012,1.798,South America
Chile,CHL,2013,1.786,South America
Chile,CHL,2014,1.774,South America
Chile,CHL,2015,1.737,South America
Chile,CHL,2016,1.686,South America
Chile,CHL,2017,1.563,South America
Chile,CHL,2018,1.543,South America
Chile,CHL,2019,1.43,South America
Chile,CHL,2020,1.307,South America
Chile,CHL,2021,1.176,South America
Chile,CHL,2022,1.255,South America
Chile,CHL,2023,1.167,South America
China,CHN,1990,2.514,Asia
China,CHN,1991,1.934,Asia
China,CHN,1992,1.776,Asia
China,CHN,1993,1.691,Asia
China,CHN,1994,1.628,Asia
China,CHN,1995,1.588,Asia
China,CHN,1996,1.554,Asia
China,CHN,1997,1.527,Asia
China,CHN,1998,1.522,Asia
China,CHN,1999,1.53,Asia
China,CHN,2000,1.628,Asia
China,CHN,2001,1.563,Asia
China,CHN,2002,1.566,Asia
China,CHN,2003,1.57,Asia
China,CHN,2004,1.605,Asia
China,CHN,2005,1.624,Asia
China,CHN,2006,1.644,Asia
China,CHN,2007,1.666,Asia
China,CHN,2008,1.701,Asia
China,CHN,2009,1.714,Asia
China,CHN,2010,1.687,Asia
China,CHN,2011,1.668,Asia
China,CHN,2012,1.798,Asia
China,CHN,2013,1.714,Asia
China,CHN,2014,1.769,Asia
China,CHN,2015,1.67,Asia
China,CHN,2016,1.772,Asia
China,CHN,2017,1.795,Asia
China,CHN,2018,1.539,Asia
China,CHN,2019,1.496,Asia
China,CHN,2020,1.236,Asia
China,CHN,2021,1.117,Asia
China,CHN,2022,1.034,Asia
China,CHN,2023,0.999,Asia
Colombia,COL,1990,2.995,South America
Colombia,COL,1991,2.982,South America
Colombia,COL,1992,2.983,South America
Colombia,COL,1993,2.978,South America
Colombia,COL,1994,2.937,South America
Colombia,COL,1995,2.85,South America
Colombia,COL,1996,2.768,South America
Colombia,COL,1997,2.743,South America
Colombia,COL,1998,2.717,South America
Colombia,COL,1999,2.637,South America
Colombia,COL,2000,2.574,South America
Colombia,COL,2001,2.522,South America
Colombia,COL,2002,2.489,South America
Colombia,COL,2003,2.45,South America
Colombia,COL,2004,2.384,South America
Colombia,COL,2005,2.309,South America
Colombia,COL,2006,2.241,South America
Colombia,COL,2007,2.195,South America
Colombia,COL,2008,2.155,South America
Colombia,COL,2009,2.096,South America
Colombia,COL,2010,2.01,South America
Colombia,COL,2011,1.938,South America
Colombia,COL,2012,1.899,South America
Colombia,COL,2013,1.86,South America
Colombia,COL,2014,1.822,South America
Colombia,COL,2015,1.771,South America
Colombia,COL,2016,1.719,South America
Colombia,COL,2017,1.717,South America
Colombia,COL,2018,1.715,South America
Colombia,COL,2019,1.71,South America
Colombia,COL,2020,1.694,South America
Colombia,COL,2021,1.68,South America
Colombia,COL,2022,1.663,South America
Colombia,COL,2023,1.645,South America
Comoros,COM,1990,6.505,Africa
Comoros,COM,1991,6.354,Africa
Comoros,COM,1992,6.186,Africa
Comoros,COM,1993,6.022,Africa
Comoros,COM,1994,5.864,Africa
Comoros,COM,1995,5.73,Africa
Comoros,COM,1996,5.627,Africa
Comoros,COM,1997,5.513,Africa
Comoros,COM,1998,5.392,Africa
Comoros,COM,1999,5.28,Africa
Comoros,COM,2000,5.227,Africa
Comoros,COM,2001,5.195,Africa
Comoros,COM,2002,5.155,Africa
Comoros,COM,2003,5.115,Africa
Comoros,COM,2004,5.065,Africa
Comoros,COM,2005,5.012,Africa
Comoros,COM,2006,4.934,Africa
Comoros,COM,2007,4.859,Africa
Comoros,COM,2008,4.805,Africa
Comoros,COM,2009,4.778,Africa
Comoros,COM,2010,4.755,Africa
Comoros,COM,2011,4.722,Africa
Comoros,COM,2012,4.652,Africa
Comoros,COM,2013,4.572,Africa
Comoros,COM,2014,4.489,Africa
Comoros,COM,2015,4.42,Africa
Comoros,COM,2016,4.348,Africa
Comoros,COM,2017,4.278,Africa
Comoros,COM,2018,4.208,Africa
Comoros,COM,2019,4.138,Africa
Comoros,COM,2020,4.071,Africa
Comoros,COM,2021,3.999,Africa
Comoros,COM,2022,3.935,Africa
Comoros,COM,2023,3.878,Africa
Congo,COG,1990,5.266,Africa
Congo,COG,1991,5.221,Africa
Congo,COG,1992,5.177,Africa
Congo,COG,1993,5.134,Africa
Congo,COG,1994,5.103,Africa
Congo,COG,1995,5.068,Africa
Congo,COG,1996,5.033,Africa
Congo,COG,1997,4.997,Africa
Congo,COG,1998,4.909,Africa
Congo,COG,1999,4.805,Africa
Congo,COG,2000,4.724,Africa
Congo,COG,2001,4.67,Africa
Congo,COG,2002,4.697,Africa
Congo,COG,2003,4.696,Africa
Congo,COG,2004,4.69,Africa
Congo,COG,2005,4.669,Africa
Congo,COG,2006,4.651,Africa
Congo,COG,2007,4.649,Africa
Congo,COG,2008,4.726,Africa
Congo,COG,2009,4.808,Africa
Congo,COG,2010,4.851,Africa
Congo,COG,2011,4.826,Africa
Congo,COG,2012,4.785,Africa
Congo,COG,2013,4.731,Africa
Congo,COG,2014,4.665,Africa
Congo,COG,2015,4.607,Africa
Congo,COG,2016,4.546,Africa
Congo,COG,2017,4.496,Africa
Congo,COG,2018,4.442,Africa
Congo,COG,2019,4.38,Africa
Congo,COG,2020,4.329,Africa
Congo,COG,2021,4.28,Africa
Congo,COG,2022,4.215,Africa
Congo,COG,2023,4.157,Africa
Cook Islands,COK,1990,3.971,
Cook Islands,COK,1991,3.991,
Cook Islands,COK,1992,3.949,
Cook Islands,COK,1993,3.861,
Cook Islands,COK,1994,3.761,
Cook Islands,COK,1995,3.688,
Cook Islands,COK,1996,3.597,
Cook Islands,COK,1997,3.458,
Cook Islands,COK,1998,3.308,
Cook Islands,COK,1999,3.186,
Cook Islands,COK,2000,3.112,
Cook Islands,COK,2001,3.059,
Cook Islands,COK,2002,2.969,
Cook Islands,COK,2003,2.886,
Cook Islands,COK,2004,2.833,
Cook Islands,COK,2005,2.814,
Cook Islands,COK,2006,2.802,
Cook Islands,COK,2007,2.705,
Cook Islands,COK,2008,2.599,
Cook Islands,COK,2009,2.521,
Cook Islands,COK,2010,2.454,
Cook Islands,COK,2011,2.397,
Cook Islands,COK,2012,2.342,
Cook Islands,COK,2013,2.292,
Cook Islands,COK,2014,2.244,
Cook Islands,COK,2015,2.208,
Cook Islands,COK,2016,2.184,
Cook Islands,COK,2017,2.167,
Cook Islands,COK,2018,2.156,
Cook Islands,COK,2019,2.127,
Cook Islands,COK,2020,2.106,
Cook Islands,COK,2021,2.087,
Cook Islands,COK,2022,2.068,
Cook Islands,COK,2023,2.045,
Costa Rica,CRI,1990,3.167,North America
Costa Rica,CRI,1991,3.075,North America
Costa Rica,CRI,1992,3.001,North America
Costa Rica,CRI,1993,2.928,North America
Costa Rica,CRI,1994,2.857,North America
Costa Rica,CRI,1995,2.779,North America
Costa Rica,CRI,1996,2.681,North America
Costa Rica,CRI,1997,2.589,North America
Costa Rica,CRI,1998,2.527,North America
Costa Rica,CRI,1999,2.481,North America
Costa Rica,CRI,2000,2.413,North America
Costa Rica,CRI,2001,2.312,North America
Costa Rica,CRI,2002,2.162,North America
Costa Rica,CRI,2003,2.084,North America
Costa Rica,CRI,2004,2.028,North America
Costa Rica,CRI,2005,2.038,North America
Costa Rica,CRI,2006,1.937,North America
Costa Rica,CRI,2007,1.954,North America
Costa Rica,CRI,2008,1.98,North America
Costa Rica,CRI,2009,1.953,North America
Costa Rica,CRI,2010,1.827,North America
Costa Rica,CRI,2011,1.877,North America
Costa Rica,CRI,2012,1.851,North America
Costa Rica,CRI,2013,1.779,North America
Costa Rica,CRI,2014,1.8,North America
Costa Rica,CRI,2015,1.797,North America
Costa Rica,CRI,2016,1.746,North America
Costa Rica,CRI,2017,1.714,North America
Costa Rica,CRI,2018,1.706,North America
Costa Rica,CRI,2019,1.6,North America
Costa Rica,CRI,2020,1.448,North America
Costa Rica,CRI,2021,1.353,North America
Costa Rica,CRI,2022,1.335,North America
Costa Rica,CRI,2023,1.33,North America
Cote d'Ivoire,CIV,1990,6.719,Africa
Cote d'Ivoire,CIV,1991,6.585,Africa
Cote d'Ivoire,CIV,1992,6.426,Africa
Cote d'Ivoire,CIV,1993,6.27,Africa
Cote d'Ivoire,CIV,1994,6.128,Africa
Cote d'Ivoire,CIV,1995,6.038,Africa
Cote d'Ivoire,CIV,1996,5.954,Africa
Cote d'Ivoire,CIV,1997,5.902,Africa
Cote d'Ivoire,CIV,1998,5.854,Africa
Cote d'Ivoire,CIV,1999,5.805,Africa
Cote d'Ivoire,CIV,2000,5.773,Africa
Cote d'Ivoire,CIV,2001,5.704,Africa
Cote d'Ivoire,CIV,2002,5.641,Africa
Cote d'Ivoire,CIV,2003,5.572,Africa
Cote d'Ivoire,CIV,2004,5.527,Africa
Cote d'Ivoire,CIV,2005,5.499,Africa
Cote d'Ivoire,CIV,2006,5.448,Africa
Cote d'Ivoire,CIV,2007,5.403,Africa
Cote d'Ivoire,CIV,2008,5.357,Africa
Cote d'Ivoire,CIV,2009,5.332,Africa
Cote d'Ivoire,CIV,2010,5.292,Africa
Cote d'Ivoire,CIV,2011,5.244,Africa
Cote d'Ivoire,CIV,2012,5.19,Africa
Cote d'Ivoire,CIV,2013,5.135,Africa
Cote d'Ivoire,CIV,2014,5.071,Africa
Cote d'Ivoire,CIV,2015,4.97,Africa
Cote d'Ivoire,CIV,2016,4.873,Africa
Cote d'Ivoire,CIV,2017,4.757,Africa
Cote d'Ivoire,CIV,2018,4.596,Africa
Cote d'Ivoire,CIV,2019,4.523,Africa
Cote d'Ivoire,CIV,2020,4.461,Africa
Cote d'Ivoire,CIV,2021,4.411,Africa
Cote d'Ivoire,CIV,2022,4.349,Africa
Cote d'Ivoire,CIV,2023,4.283,Africa
Croatia,HRV,1990,1.628,Europe
Croatia,HRV,1991,1.543,Europe
Croatia,HRV,1992,1.462,Europe
Croatia,HRV,1993,1.508,Europe
Croatia,HRV,1994,1.52,Europe
Croatia,HRV,1995,1.579,Europe
Croatia,HRV,1996,1.675,Europe
Croatia,HRV,1997,1.685,Europe
Croatia,HRV,1998,1.499,Europe
Croatia,HRV,1999,1.438,Europe
Croatia,HRV,2000,1.423,Europe
Croatia,HRV,2001,1.458,Europe
Croatia,HRV,2002,1.428,Europe
Croatia,HRV,2003,1.412,Europe
Croatia,HRV,2004,1.419,Europe
Croatia,HRV,2005,1.506,Europe
Croatia,HRV,2006,1.469,Europe
Croatia,HRV,2007,1.487,Europe
Croatia,HRV,2008,1.555,Europe
Croatia,HRV,2009,1.588,Europe
Croatia,HRV,2010,1.551,Europe
Croatia,HRV,2011,1.485,Europe
Croatia,HRV,2012,1.516,Europe
Croatia,HRV,2013,1.461,Europe
Croatia,HRV,2014,1.461,Europe
Croatia,HRV,2015,1.403,Europe
Croatia,HRV,2016,1.427,Europe
Croatia,HRV,2017,1.423,Europe
Croatia,HRV,2018,1.472,Europe
Croatia,HRV,2019,1.47,Europe
Croatia,HRV,2020,1.484,Europe
Croatia,HRV,2021,1.624,Europe
Croatia,HRV,2022,1.53,Europe
Croatia,HRV,2023,1.468,Europe
Cuba,CUB,1990,1.806,
Cuba,CUB,1991,1.663,
Cuba,CUB,1992,1.562,
Cuba,CUB,1993,1.489,
Cuba,CUB,1994,1.467,
Cuba,CUB,1995,1.481,
Cuba,CUB,1996,1.457,
Cuba,CUB,1997,1.59,
Cuba,CUB,1998,1.617,
Cuba,CUB,1999,1.64,
Cuba,CUB,2000,1.608,
Cuba,CUB,2001,1.595,
Cuba,CUB,2002,1.645,
Cuba,CUB,2003,1.627,
Cuba,CUB,2004,1.546,
Cuba,CUB,2005,1.486,
Cuba,CUB,2006,1.402,
Cuba,CUB,2007,1.436,
Cuba,CUB,2008,1.576,
Cuba,CUB,2009,1.678,
Cuba,CUB,2010,1.673,
Cuba,CUB,2011,1.734,
Cuba,CUB,2012,1.668,
Cuba,CUB,2013,1.678,
Cuba,CUB,2014,1.655,
Cuba,CUB,2015,1.685,
Cuba,CUB,2016,1.6,
Cuba,CUB,2017,1.585,
Cuba,CUB,2018,1.607,
Cuba,CUB,2019,1.54,
Cuba,CUB,2020,1.489,
Cuba,CUB,2021,1.427,
Cuba,CUB,2022,1.412,
Cuba,CUB,2023,1.439,
Curacao,CUW,1990,2.303,North America
Curacao,CUW,1991,2.372,North America
Curacao,CUW,1992,2.433,North America
Curacao,CUW,1993,2.438,North America
Curacao,CUW,1994,2.43,North America
Curacao,CUW,1995,2.419,North America
Curacao,CUW,1996,2.403,North America
Curacao,CUW,1997,2.367,North America
Curacao,CUW,1998,2.315,North America
Curacao,CUW,1999,2.285,North America
Curacao,CUW,2000,2.342,North America
Curacao,CUW,2001,2.405,North America
Curacao,CUW,2002,2.3,North America
Curacao,CUW,2003,2.191,North America
Curacao,CUW,2004,2.099,North America
Curacao,CUW,2005,2.037,North America
Curacao,CUW,2006,1.977,North America
Curacao,CUW,2007,1.915,North America
Curacao,CUW,2008,1.866,North America
Curacao,CUW,2009,1.879,North America
Curacao,CUW,2010,2.185,North America
Curacao,CUW,2011,2.106,North America
Curacao,CUW,2012,2.193,North America
Curacao,CUW,2013,2.098,North America
Curacao,CUW,2014,1.998,North America
Curacao,CUW,2015,1.896,North America
Curacao,CUW,2016,1.695,North America
Curacao,CUW,2017,1.455,North America
Curacao,CUW,2018,1.492,North America
Curacao,CUW,2019,1.181,North America
Curacao,CUW,2020,1.099,North America
Curacao,CUW,2021,1.077,North America
Curacao,CUW,2022,1.074,North America
Curacao,CUW,2023,1.073,North America
Cyprus,CYP,1990,2.402,Europe
Cyprus,CYP,1991,2.34,Europe
Cyprus,CYP,1992,2.459,Europe
Cyprus,CYP,1993,2.247,Europe
Cyprus,CYP,1994,2.163,Europe
Cyprus,CYP,1995,2.032,Europe
Cyprus,CYP,1996,1.953,Europe
Cyprus,CYP,1997,1.86,Europe
Cyprus,CYP,1998,1.761,Europe
Cyprus,CYP,1999,1.672,Europe
Cyprus,CYP,2000,1.638,Europe
Cyprus,CYP,2001,1.566,Europe
Cyprus,CYP,2002,1.497,Europe
Cyprus,CYP,2003,1.505,Europe
Cyprus,CYP,2004,1.512,Europe
Cyprus,CYP,2005,1.479,Europe
Cyprus,CYP,2006,1.509,Europe
Cyprus,CYP,2007,1.449,Europe
Cyprus,CYP,2008,1.479,Europe
Cyprus,CYP,2009,1.475,Europe
Cyprus,CYP,2010,1.434,Europe
Cyprus,CYP,2011,1.36,Europe
Cyprus,CYP,2012,1.382,Europe
Cyprus,CYP,2013,1.304,Europe
Cyprus,CYP,2014,1.312,Europe
Cyprus,CYP,2015,1.323,Europe
Cyprus,CYP,2016,1.357,Europe
Cyprus,CYP,2017,1.323,Europe
Cyprus,CYP,2018,1.319,Europe
Cyprus,CYP,2019,1.33,Europe
Cyprus,CYP,2020,1.361,Europe
Cyprus,CYP,2021,1.392,Europe
Cyprus,CYP,2022,1.393,Europe
Cyprus,CYP,2023,1.389,Europe
Czechia,CZE,1990,1.885,Europe
Czechia,CZE,1991,1.841,Europe
Czechia,CZE,1992,1.708,Europe
Czechia,CZE,1993,1.652,Europe
Czechia,CZE,1994,1.436,Europe
Czechia,CZE,1995,1.275,Europe
Czechia,CZE,1996,1.185,Europe
Czechia,CZE,1997,1.171,Europe
Czechia,CZE,1998,1.156,Europe
Czechia,CZE,1999,1.136,Europe
Czechia,CZE,2000,1.146,Europe
Czechia,CZE,2001,1.146,Europe
Czechia,CZE,2002,1.167,Europe
Czechia,CZE,2003,1.176,Europe
Czechia,CZE,2004,1.225,Europe
Czechia,CZE,2005,1.281,Europe
Czechia,CZE,2006,1.333,Europe
Czechia,CZE,2007,1.441,Europe
Czechia,CZE,2008,1.508,Europe
Czechia,CZE,2009,1.51,Europe
Czechia,CZE,2010,1.509,Europe
Czechia,CZE,2011,1.427,Europe
Czechia,CZE,2012,1.447,Europe
Czechia,CZE,2013,1.455,Europe
Czechia,CZE,2014,1.526,Europe
Czechia,CZE,2015,1.589,Europe
Czechia,CZE,2016,1.652,Europe
Czechia,CZE,2017,1.715,Europe
Czechia,CZE,2018,1.744,Europe
Czechia,CZE,2019,1.753,Europe
Czechia,CZE,2020,1.763,Europe
Czechia,CZE,2021,1.823,Europe
Czechia,CZE,2022,1.618,Europe
Czechia,CZE,2023,1.448,Europe
Democratic Republic of Congo,COD,1990,6.649,Africa
Democratic Republic of Congo,COD,1991,6.645,Africa
Democratic Republic of Congo,COD,1992,6.639,Africa
Democratic Republic of Congo,COD,1993,6.641,Africa
Democratic Republic of Congo,COD,1994,6.643,Africa
Democratic Republic of Congo,COD,1995,6.676,Africa
Democratic Republic of Congo,COD,1996,6.672,Africa
Democratic Republic of Congo,COD,1997,6.69,Africa
Democratic Republic of Congo,COD,1998,6.7,Africa
Democratic Republic of Congo,COD,1999,6.692,Africa
Democratic Republic of Congo,COD,2000,6.702,Africa
Democratic Republic of Congo,COD,2001,6.663,Africa
Democratic Republic of Congo,COD,2002,6.606,Africa
Democratic Republic of Congo,COD,2003,6.549,Africa
Democratic Republic of Congo,COD,2004,6.53,Africa
Democratic Republic of Congo,COD,2005,6.526,Africa
Democratic Republic of Congo,COD,2006,6.547,Africa
Democratic Republic of Congo,COD,2007,6.559,Africa
Democratic Republic of Congo,COD,2008,6.58,Africa
Democratic Republic of Congo,COD,2009,6.591,Africa
Democratic Republic of Congo,COD,2010,6.587,Africa
Democratic Republic of Congo,COD,2011,6.582,Africa
Democratic Republic of Congo,COD,2012,6.559,Africa
Democratic Republic of Congo,COD,2013,6.527,Africa
Democratic Republic of Congo,COD,2014,6.483,Africa
Democratic Republic of Congo,COD,2015,6.437,Africa
Democratic Republic of Congo,COD,2016,6.392,Africa
Democratic Republic of Congo,COD,2017,6.349,Africa
Democratic Republic of Congo,COD,2018,6.302,Africa
Democratic Republic of Congo,COD,2019,6.253,Africa
Democratic Republic of Congo,COD,2020,6.206,Africa
Democratic Republic of Congo,COD,2021,6.156,Africa
Democratic Republic of Congo,COD,2022,6.106,Africa
Democratic Republic of Congo,COD,2023,6.051,Africa
Denmark,DNK,1990,1.664,Europe
Denmark,DNK,1991,1.685,Europe
Denmark,DNK,1992,1.755,Europe
Denmark,DNK,1993,1.75,Europe
Denmark,DNK,1994,1.801,Europe
Denmark,DNK,1995,1.801,Europe
Denmark,DNK,1996,1.751,Europe
Denmark,DNK,1997,1.749,Europe
Denmark,DNK,1998,1.723,Europe
Denmark,DNK,1999,1.734,Europe
Denmark,DNK,2000,1.765,Europe
Denmark,DNK,2001,1.742,Europe
Denmark,DNK,2002,1.726,Europe
Denmark,DNK,2003,1.756,Europe
Denmark,DNK,2004,1.779,Europe
Denmark,DNK,2005,1.798,Europe
Denmark,DNK,2006,1.841,Europe
Denmark,DNK,2007,1.842,Europe
Denmark,DNK,2008,1.88,Europe
Denmark,DNK,2009,1.84,Europe
Denmark,DNK,2010,1.858,Europe
Denmark,DNK,2011,1.754,Europe
Denmark,DNK,2012,1.723,Europe
Denmark,DNK,2013,1.67,Europe
Denmark,DNK,2014,1.688,Europe
Denmark,DNK,2015,1.712,Europe
Denmark,DNK,2016,1.775,Europe
Denmark,DNK,2017,1.749,Europe
Denmark,DNK,2018,1.726,Europe
Denmark,DNK,2019,1.698,Europe
Denmark,DNK,2020,1.678,Europe
Denmark,DNK,2021,1.73,Europe
Denmark,DNK,2022,1.559,Europe
Denmark,DNK,2023,1.511,Europe
Djibouti,DJI,1990,5.931,Africa
Djibouti,DJI,1991,5.856,Africa
Djibouti,DJI,1992,5.751,Africa
Djibouti,DJI,1993,5.638,Africa
Djibouti,DJI,1994,5.507,Africa
Djibouti,DJI,1995,5.331,Africa
Djibouti,DJI,1996,5.149,Africa
Djibouti,DJI,1997,4.966,Africa
Djibouti,DJI,1998,4.795,Africa
Djibouti,DJI,1999,4.687,Africa
Djibouti,DJI,2000,4.601,Africa
Djibouti,DJI,2001,4.518,Africa
Djibouti,DJI,2002,4.41,Africa
Djibouti,DJI,2003,4.296,Africa
Djibouti,DJI,2004,4.162,Africa
Djibouti,DJI,2005,4.035,Africa
Djibouti,DJI,2006,3.899,Africa
Djibouti,DJI,2007,3.756,Africa
Djibouti,DJI,2008,3.621,Africa
Djibouti,DJI,2009,3.521,Africa
Djibouti,DJI,2010,3.431,Africa
Djibouti,DJI,2011,3.341,Africa
Djibouti,DJI,2012,3.255,Africa
Djibouti,DJI,2013,3.187,Africa
Djibouti,DJI,2014,3.116,Africa
Djibouti,DJI,2015,3.041,Africa
Djibouti,DJI,2016,2.969,Africa
Djibouti,DJI,2017,2.916,Africa
Djibouti,DJI,2018,2.858,Africa
Djibouti,DJI,2019,2.798,Africa
Djibouti,DJI,2020,2.745,Africa
Djibouti,DJI,2021,2.699,Africa
Djibouti,DJI,2022,2.653,Africa
Djibouti,DJI,2023,2.609,Africa
Dominica,DMA,1990,3.092,North America
Dominica,DMA,1991,3.145,North America
Dominica,DMA,1992,3.177,North America
Dominica,DMA,1993,3.201,North America
Dominica,DMA,1994,2.964,North America
Dominica,DMA,1995,2.708,North America
Dominica,DMA,1996,2.546,North America
Dominica,DMA,1997,2.406,North America
Dominica,DMA,1998,2.315,North America
Dominica,DMA,1999,2.458,North America
Dominica,DMA,2000,2.346,North America
Dominica,DMA,2001,2.399,North America
Dominica,DMA,2002,2.16,North America
Dominica,DMA,2003,2.075,North America
Dominica,DMA,2004,2.023,North America
Dominica,DMA,2005,1.998,North America
Dominica,DMA,2006,2.074,North America
Dominica,DMA,2007,2.022,North America
Dominica,DMA,2008,1.968,North America
Dominica,DMA,2009,1.918,North America
Dominica,DMA,2010,1.887,North America
Dominica,DMA,2011,1.861,North America
Dominica,DMA,2012,1.827,North America
Dominica,DMA,2013,1.778,North America
Dominica,DMA,2014,1.713,North America
Dominica,DMA,2015,1.648,North America
Dominica,DMA,2016,1.581,North America
Dominica,DMA,2017,1.54,North America
Dominica,DMA,2018,1.517,North America
Dominica,DMA,2019,1.504,North America
Dominica,DMA,2020,1.495,North America
Dominica,DMA,2021,1.484,North America
Dominica,DMA,2022,1.482,North America
Dominica,DMA,2023,1.484,North America
Dominican Republic,DOM,1990,3.411,North America
Dominican Republic,DOM,1991,3.349,North America
Dominican Republic,DOM,1992,3.287,North America
Dominican Republic,DOM,1993,3.226,North America
Dominican Republic,DOM,1994,3.163,North America
Dominican Republic,DOM,1995,3.101,North America
Dominican Republic,DOM,1996,3.04,North America
Dominican Republic,DOM,1997,2.922,North America
Dominican Republic,DOM,1998,2.835,North America
Dominican Republic,DOM,1999,2.846,North America
Dominican Republic,DOM,2000,2.869,North America
Dominican Republic,DOM,2001,2.827,North America
Dominican Republic,DOM,2002,2.764,North America
Dominican Republic,DOM,2003,2.703,North America
Dominican Republic,DOM,2004,2.641,North America
Dominican Republic,DOM,2005,2.574,North America
Dominican Republic,DOM,2006,2.508,North America
Dominican Republic,DOM,2007,2.51,North America
Dominican Republic,DOM,2008,2.546,North America
Dominican Republic,DOM,2009,2.574,North America
Dominican Republic,DOM,2010,2.556,North America
Dominican Republic,DOM,2011,2.527,North America
Dominican Republic,DOM,2012,2.497,North America
Dominican Republic,DOM,2013,2.474,North America
Dominican Republic,DOM,2014,2.451,North America
Dominican Republic,DOM,2015,2.43,North America
Dominican Republic,DOM,2016,2.41,North America
Dominican Republic,DOM,2017,2.398,North America
Dominican Republic,DOM,2018,2.397,North America
Dominican Republic,DOM,2019,2.366,North America
Dominican Republic,DOM,2020,2.329,North America
Dominican Republic,DOM,2021,2.294,North America
Dominican Republic,DOM,2022,2.267,North America
Dominican Republic,DOM,2023,2.243,North America
East Timor,TLS,1990,5.811,Asia
East Timor,TLS,1991,5.835,Asia
East Timor,TLS,1992,5.867,Asia
East Timor,TLS,1993,5.879,Asia
East Timor,TLS,1994,5.912,Asia
East Timor,TLS,1995,5.936,Asia
East Timor,TLS,1996,5.941,Asia
East Timor,TLS,1997,5.955,Asia
East Timor,TLS,1998,5.963,Asia
East Timor,TLS,1999,5.97,Asia
East Timor,TLS,2000,5.934,Asia
East Timor,TLS,2001,5.918,Asia
East Timor,TLS,2002,5.899,Asia
East Timor,TLS,2003,5.846,Asia
East Timor,TLS,2004,5.741,Asia
East Timor,TLS,2005,5.611,Asia
East Timor,TLS,2006,5.474,Asia
East Timor,TLS,2007,5.333,Asia
East Timor,TLS,2008,5.171,Asia
East Timor,TLS,2009,4.994,Asia
East Timor,TLS,2010,4.816,Asia
East Timor,TLS,2011,4.614,Asia
East Timor,TLS,2012,4.404,Asia
East Timor,TLS,2013,4.208,Asia
East Timor,TLS,2014,3.999,Asia
East Timor,TLS,2015,3.779,Asia
East Timor,TLS,2016,3.582,Asia
East Timor,TLS,2017,3.399,Asia
East Timor,TLS,2018,3.244,Asia
East Timor,TLS,2019,3.116,Asia
East Timor,TLS,2020,3.011,Asia
East Timor,TLS,2021,2.892,Asia
East Timor,TLS,2022,2.801,Asia
East Timor,TLS,2023,2.707,Asia
Ecuador,ECU,1990,3.68,South America
Ecuador,ECU,1991,3.633,South America
Ecuador,ECU,1992,3.575,South America
Ecuador,ECU,1993,3.491,South America
Ecuador,ECU,1994,3.42,South America
Ecuador,ECU,1995,3.381,South America
Ecuador,ECU,1996,3.351,South America
Ecuador,ECU,1997,3.288,South America
Ecuador,ECU,1998,3.228,South America
Ecuador,ECU,1999,3.166,South America
Ecuador,ECU,2000,3.102,South America
Ecuador,ECU,2001,3.037,South America
Ecuador,ECU,2002,2.972,South America
Ecuador,ECU,2003,2.911,South America
Ecuador,ECU,2004,2.853,South America
Ecuador,ECU,2005,2.8,South America
Ecuador,ECU,2006,2.753,South America
Ecuador,ECU,2007,2.704,South America
Ecuador,ECU,2008,2.688,South America
Ecuador,ECU,2009,2.678,South America
Ecuador,ECU,2010,2.615,South America
Ecuador,ECU,2011,2.605,South America
Ecuador,ECU,2012,2.509,South America
Ecuador,ECU,2013,2.362,South America
Ecuador,ECU,2014,2.274,South America
Ecuador,ECU,2015,2.209,South America
Ecuador,ECU,2016,2.122,South America
Ecuador,ECU,2017,2.128,South America
Ecuador,ECU,2018,2.111,South America
Ecuador,ECU,2019,2.035,South America
Ecuador,ECU,2020,1.967,South America
Ecuador,ECU,2021,1.909,South America
Ecuador,ECU,2022,1.861,South America
Ecuador,ECU,2023,1.823,South America
Egypt,EGY,1990,4.512,Africa
Egypt,EGY,1991,4.315,Africa
Egypt,EGY,1992,4.149,Africa
Egypt,EGY,1993,3.993,Africa
Egypt,EGY,1994,3.865,Africa
Egypt,EGY,1995,3.764,Africa
Egypt,EGY,1996,3.7,Africa
Egypt,EGY,1997,3.682,Africa
Egypt,EGY,1998,3.681,Africa
Egypt,EGY,1999,3.599,Africa
Egypt,EGY,2000,3.505,Africa
Egypt,EGY,2001,3.46,Africa
Egypt,EGY,2002,3.412,Africa
Egypt,EGY,2003,3.352,Africa
Egypt,EGY,2004,3.283,Africa
Egypt,EGY,2005,3.254,Africa
Egypt,EGY,2006,3.223,Africa
Egypt,EGY,2007,3.237,Africa
Egypt,EGY,2008,3.238,Africa
Egypt,EGY,2009,3.259,Africa
Egypt,EGY,2010,3.296,Africa
Egypt,EGY,2011,3.311,Africa
Egypt,EGY,2012,3.4,Africa
Egypt,EGY,2013,3.49,Africa
Egypt,EGY,2014,3.49,Africa
Egypt,EGY,2015,3.5,Africa
Egypt,EGY,2016,3.35,Africa
Egypt,EGY,2017,3.31,Africa
Egypt,EGY,2018,3.02,Africa
Egypt,EGY,2019,2.87,Africa
Egypt,EGY,2020,2.85,Africa
Egypt,EGY,2021,2.75,Africa
Egypt,EGY,2022,2.75,Africa
Egypt,EGY,2023,2.75,Africa
El Salvador,SLV,1990,3.964,North America
El Salvador,SLV,1991,3.889,North America
El Salvador,SLV,1992,3.802,North America
El Salvador,SLV,1993,3.691,North America
El Salvador,SLV,1994,3.613,North America
El Salvador,SLV,1995,3.568,North America
El Salvador,SLV,1996,3.482,North America
El Salvador,SLV,1997,3.377,North America
El Salvador,SLV,1998,3.342,North America
El Salvador,SLV,1999,3.217,North America
El Salvador,SLV,2000,3.076,North America
El Salvador,SLV,2001,2.93,North America
El Salvador,SLV,2002,2.775,North America
El Salvador,SLV,2003,2.636,North America
El Salvador,SLV,2004,2.516,North America
El Salvador,SLV,2005,2.44,North America
El Salvador,SLV,2006,2.395,North America
El Salvador,SLV,2007,2.354,North America
El Salvador,SLV,2008,2.291,North America
El Salvador,SLV,2009,2.261,North America
El Salvador,SLV,2010,2.239,North America
El Salvador,SLV,2011,2.224,North America
El Salvador,SLV,2012,2.187,North America
El Salvador,SLV,2013,2.154,North America
El Salvador,SLV,2014,2.126,North America
El Salvador,SLV,2015,2.067,North America
El Salvador,SLV,2016,1.965,North America
El Salvador,SLV,2017,1.896,North America
El Salvador,SLV,2018,1.849,North America
El Salvador,SLV,2019,1.838,North America
El Salvador,SLV,2020,1.819,North America
El Salvador,SLV,2021,1.803,North America
El Salvador,SLV,2022,1.785,North America
El Salvador,SLV,2023,1.775,North America
Equatorial Guinea,GNQ,1990,5.987,Africa
Equatorial Guinea,GNQ,1991,5.985,Africa
Equatorial Guinea,GNQ,1992,5.984,Africa
Equatorial Guinea,GNQ,1993,5.981,Africa
Equatorial Guinea,GNQ,1994,5.978,Africa
Equatorial Guinea,GNQ,1995,5.971,Africa
Equatorial Guinea,GNQ,1996,5.96,Africa
Equatorial Guinea,GNQ,1997,5.941,Africa
Equatorial Guinea,GNQ,1998,5.914,Africa
Equatorial Guinea,GNQ,1999,5.878,Africa
Equatorial Guinea,GNQ,2000,5.834,Africa
Equatorial Guinea,GNQ,2001,5.785,Africa
Equatorial Guinea,GNQ,2002,5.731,Africa
Equatorial Guinea,GNQ,2003,5.675,Africa
Equatorial Guinea,GNQ,2004,5.618,Africa
Equatorial Guinea,GNQ,2005,5.559,Africa
Equatorial Guinea,GNQ,2006,5.498,Africa
Equatorial Guinea,GNQ,2007,5.433,Africa
Equatorial Guinea,GNQ,2008,5.363,Africa
Equatorial Guinea,GNQ,2009,5.288,Africa
Equatorial Guinea,GNQ,2010,5.209,Africa
Equatorial Guinea,GNQ,2011,5.126,Africa
Equatorial Guinea,GNQ,2012,5.04,Africa
Equatorial Guinea,GNQ,2013,4.952,Africa
Equatorial Guinea,GNQ,2014,4.863,Africa
Equatorial Guinea,GNQ,2015,4.774,Africa
Equatorial Guinea,GNQ,2016,4.686,Africa
Equatorial Guinea,GNQ,2017,4.599,Africa
Equatorial Guinea,GNQ,2018,4.513,Africa
Equatorial Guinea,GNQ,2019,4.429,Africa
Equatorial Guinea,GNQ,2020,4.346,Africa
Equatorial Guinea,GNQ,2021,4.266,Africa
Equatorial Guinea,GNQ,2022,4.17,Africa
Equatorial Guinea,GNQ,2023,4.081,Africa
Eritrea,ERI,1990,6.338,
Eritrea,ERI,1991,6.242,
Eritrea,ERI,1992,6.156,
Eritrea,ERI,1993,6.069,
Eritrea,ERI,1994,6.005,
Eritrea,ERI,1995,5.939,
Eritrea,ERI,1996,5.841,
Eritrea,ERI,1997,5.743,
Eritrea,ERI,1998,5.633,
Eritrea,ERI,1999,5.516,
Eritrea,ERI,2000,5.397,
Eritrea,ERI,2001,5.306,
Eritrea,ERI,2002,5.233,
Eritrea,ERI,2003,5.143,
Eritrea,ERI,2004,5.036,
Eritrea,ERI,2005,4.934,
Eritrea,ERI,2006,4.881,
Eritrea,ERI,2007,4.812,
Eritrea,ERI,2008,4.737,
Eritrea,ERI,2009,4.656,
Eritrea,ERI,2010,4.571,
Eritrea,ERI,2011,4.486,
Eritrea,ERI,2012,4.407,
Eritrea,ERI,2013,4.335,
Eritrea,ERI,2014,4.273,
Eritrea,ERI,2015,4.217,
Eritrea,ERI,2016,4.164,
Eritrea,ERI,2017,4.112,
Eritrea,ERI,2018,4.056,
Eritrea,ERI,2019,3.997,
Eritrea,ERI,2020,3.933,
Eritrea,ERI,2021,3.867,
Eritrea,ERI,2022,3.786,
Eritrea,ERI,2023,3.713,
Estonia,EST,1990,2.042,Europe
Estonia,EST,1991,1.802,Europe
Estonia,EST,1992,1.697,Europe
Estonia,EST,1993,1.486,Europe
Estonia,EST,1994,1.41,Europe
Estonia,EST,1995,1.372,Europe
Estonia,EST,1996,1.361,Europe
Estonia,EST,1997,1.306,Europe
Estonia,EST,1998,1.272,Europe
Estonia,EST,1999,1.293,Europe
Estonia,EST,2000,1.347,Europe
Estonia,EST,2001,1.315,Europe
Estonia,EST,2002,1.353,Europe
Estonia,EST,2003,1.365,Europe
Estonia,EST,2004,1.465,Europe
Estonia,EST,2005,1.515,Europe
Estonia,EST,2006,1.583,Europe
Estonia,EST,2007,1.685,Europe
Estonia,EST,2008,1.719,Europe
Estonia,EST,2009,1.701,Europe
Estonia,EST,2010,1.716,Europe
Estonia,EST,2011,1.616,Europe
Estonia,EST,2012,1.561,Europe
Estonia,EST,2013,1.524,Europe
Estonia,EST,2014,1.543,Europe
Estonia,EST,2015,1.58,Europe
Estonia,EST,2016,1.603,Europe
Estonia,EST,2017,1.596,Europe
Estonia,EST,2018,1.67,Europe
Estonia,EST,2019,1.661,Europe
Estonia,EST,2020,1.588,Europe
Estonia,EST,2021,1.594,Europe
Estonia,EST,2022,1.41,Europe
Estonia,EST,2023,1.35,Europe
Eswatini,SWZ,1990,5.295,Africa
Eswatini,SWZ,1991,5.132,Africa
Eswatini,SWZ,1992,4.981,Africa
Eswatini,SWZ,1993,4.815,Africa
Eswatini,SWZ,1994,4.662,Africa
Eswatini,SWZ,1995,4.523,Africa
Eswatini,SWZ,1996,4.378,Africa
Eswatini,SWZ,1997,4.235,Africa
Eswatini,SWZ,1998,4.125,Africa
Eswatini,SWZ,1999,4.089,Africa
Eswatini,SWZ,2000,4.03,Africa
Eswatini,SWZ,2001,3.944,Africa
Eswatini,SWZ,2002,3.854,Africa
Eswatini,SWZ,2003,3.796,Africa
Eswatini,SWZ,2004,3.76,Africa
Eswatini,SWZ,2005,3.704,Africa
Eswatini,SWZ,2006,3.632,Africa
Eswatini,SWZ,2007,3.58,Africa
Eswatini,SWZ,2008,3.567,Africa
Eswatini,SWZ,2009,3.504,Africa
Eswatini,SWZ,2010,3.375,Africa
Eswatini,SWZ,2011,3.317,Africa
Eswatini,SWZ,2012,3.266,Africa
Eswatini,SWZ,2013,3.237,Africa
Eswatini,SWZ,2014,3.181,Africa
Eswatini,SWZ,2015,3.122,Africa
Eswatini,SWZ,2016,3.068,Africa
Eswatini,SWZ,2017,3.018,Africa
Eswatini,SWZ,2018,2.971,Africa
Eswatini,SWZ,2019,2.925,Africa
Eswatini,SWZ,2020,2.888,Africa
Eswatini,SWZ,2021,2.841,Africa
Eswatini,SWZ,2022,2.801,Africa
Eswatini,SWZ,2023,2.753,Africa
Ethiopia,ETH,1990,7.196,Africa
Ethiopia,ETH,1991,7.161,Africa
Ethiopia,ETH,1992,7.125,Africa
Ethiopia,ETH,1993,7.088,Africa
Ethiopia,ETH,1994,7.051,Africa
Ethiopia,ETH,1995,6.998,Africa
Ethiopia,ETH,1996,6.928,Africa
Ethiopia,ETH,1997,6.869,Africa
Ethiopia,ETH,1998,6.792,Africa
Ethiopia,ETH,1999,6.721,Africa
Ethiopia,ETH,2000,6.654,Africa
Ethiopia,ETH,2001,6.579,Africa
Ethiopia,ETH,2002,6.499,Africa
Ethiopia,ETH,2003,6.4,Africa
Ethiopia,ETH,2004,6.301,Africa
Ethiopia,ETH,2005,6.194,Africa
Ethiopia,ETH,2006,6.047,Africa
Ethiopia,ETH,2007,5.887,Africa
Ethiopia,ETH,2008,5.695,Africa
Ethiopia,ETH,2009,5.488,Africa
Ethiopia,ETH,2010,5.282,Africa
Ethiopia,ETH,2011,5.08,Africa
Ethiopia,ETH,2012,4.887,Africa
Ethiopia,ETH,2013,4.708,Africa
Ethiopia,ETH,2014,4.605,Africa
Ethiopia,ETH,2015,4.529,Africa
Ethiopia,ETH,2016,4.473,Africa
Ethiopia,ETH,2017,4.401,Africa
Ethiopia,ETH,2018,4.371,Africa
Ethiopia,ETH,2019,4.347,Africa
Ethiopia,ETH,2020,4.274,Africa
Ethiopia,ETH,2021,4.177,Africa
Ethiopia,ETH,2022,4.082,Africa
Ethiopia,ETH,2023,3.989,Africa
Europe,OWID_EUR,1990,1.7237747,
Europe,OWID_EUR,1991,1.6562531,
Europe,OWID_EUR,1992,1.5899754,
Europe,OWID_EUR,1993,1.515564,
Europe,OWID_EUR,1994,1.4847789,
Europe,OWID_EUR,1995,1.4503926,
Europe,OWID_EUR,1996,1.4373416,
Europe,OWID_EUR,1997,1.4227575,
Europe,OWID_EUR,1998,1.4145938,
Europe,OWID_EUR,1999,1.3943344,
Europe,OWID_EUR,2000,1.4059267,
Europe,OWID_EUR,2001,1.3970999,
Europe,OWID_EUR,2002,1.4109023,
Europe,OWID_EUR,2003,1.4374725,
Europe,OWID_EUR,2004,1.4613155,
Europe,OWID_EUR,2005,1.4586754,
Europe,OWID_EUR,2006,1.490514,
Europe,OWID_EUR,2007,1.5324144,
Europe,OWID_EUR,2008,1.5916001,
Europe,OWID_EUR,2009,1.6004827,
Europe,OWID_EUR,2010,1.6074091,
Europe,OWID_EUR,2011,1.5890231,
Europe,OWID_EUR,2012,1.6152736,
Europe,OWID_EUR,2013,1.5930252,
Europe,OWID_EUR,2014,1.6093224,
Europe,OWID_EUR,2015,1.6050227,
Europe,OWID_EUR,2016,1.6117015,
Europe,OWID_EUR,2017,1.5564429,
Europe,OWID_EUR,2018,1.520992,
Europe,OWID_EUR,2019,1.485068,
Europe,OWID_EUR,2020,1.4641871,
Europe,OWID_EUR,2021,1.4710877,
Europe,OWID_EUR,2022,1.409226,
Europe,OWID_EUR,2023,1.3921242,
Europe (UN),UN_EUR,1990,1.722,
Europe (UN),UN_EUR,1991,1.656,
Europe (UN),UN_EUR,1992,1.587,
Europe (UN),UN_EUR,1993,1.516,
Europe (UN),UN_EUR,1994,1.486,
Europe (UN),UN_EUR,1995,1.452,
Europe (UN),UN_EUR,1996,1.44,
Europe (UN),UN_EUR,1997,1.426,
Europe (UN),UN_EUR,1998,1.415,
Europe (UN),UN_EUR,1999,1.397,
Europe (UN),UN_EUR,2000,1.41,
Europe (UN),UN_EUR,2001,1.401,
Europe (UN),UN_EUR,2002,1.418,
Europe (UN),UN_EUR,2003,1.443,
Europe (UN),UN_EUR,2004,1.465,
Europe (UN),UN_EUR,2005,1.462,
Europe (UN),UN_EUR,2006,1.49,
Europe (UN),UN_EUR,2007,1.535,
Europe (UN),UN_EUR,2008,1.593,
Europe (UN),UN_EUR,2009,1.601,
Europe (UN),UN_EUR,2010,1.606,
Europe (UN),UN_EUR,2011,1.587,
Europe (UN),UN_EUR,2012,1.612,
Europe (UN),UN_EUR,2013,1.592,
Europe (UN),UN_EUR,2014,1.608,
Europe (UN),UN_EUR,2015,1.605,
Europe (UN),UN_EUR,2016,1.611,
Europe (UN),UN_EUR,2017,1.557,
Europe (UN),UN_EUR,2018,1.522,
Europe (UN),UN_EUR,2019,1.486,
Europe (UN),UN_EUR,2020,1.465,
Europe (UN),UN_EUR,2021,1.473,
Europe (UN),UN_EUR,2022,1.41,
Europe (UN),UN_EUR,2023,1.395,
Falkland Islands,FLK,1990,1.603,
Falkland Islands,FLK,1991,1.592,
Falkland Islands,FLK,1992,1.564,
Falkland Islands,FLK,1993,1.516,
Falkland Islands,FLK,1994,1.461,
Falkland Islands,FLK,1995,1.461,
Falkland Islands,FLK,1996,1.471,
Falkland Islands,FLK,1997,1.473,
Falkland Islands,FLK,1998,1.468,
Falkland Islands,FLK,1999,1.469,
Falkland Islands,FLK,2000,1.503,
Falkland Islands,FLK,2001,1.525,
Falkland Islands,FLK,2002,1.545,
Falkland Islands,FLK,2003,1.554,
Falkland Islands,FLK,2004,1.557,
Falkland Islands,FLK,2005,1.57,
Falkland Islands,FLK,2006,1.587,
Falkland Islands,FLK,2007,1.604,
Falkland Islands,FLK,2008,1.615,
Falkland Islands,FLK,2009,1.622,
Falkland Islands,FLK,2010,1.628,
Falkland Islands,FLK,2011,1.649,
Falkland Islands,FLK,2012,1.669,
Falkland Islands,FLK,2013,1.686,
Falkland Islands,FLK,2014,1.703,
Falkland Islands,FLK,2015,1.71,
Falkland Islands,FLK,2016,1.711,
Falkland Islands,FLK,2017,1.708,
Falkland Islands,FLK,2018,1.705,
Falkland Islands,FLK,2019,1.701,
Falkland Islands,FLK,2020,1.702,
Falkland Islands,FLK,2021,1.701,
Falkland Islands,FLK,2022,1.69,
Falkland Islands,FLK,2023,1.685,
Faroe Islands,FRO,1990,2.782,Europe
Faroe Islands,FRO,1991,2.63,Europe
Faroe Islands,FRO,1992,2.528,Europe
Faroe Islands,FRO,1993,2.503,Europe
Faroe Islands,FRO,1994,2.399,Europe
Faroe Islands,FRO,1995,2.457,Europe
Faroe Islands,FRO,1996,2.577,Europe
Faroe Islands,FRO,1997,2.503,Europe
Faroe Islands,FRO,1998,2.338,Europe
Faroe Islands,FRO,1999,2.338,Europe
Faroe Islands,FRO,2000,2.56,Europe
Faroe Islands,FRO,2001,2.354,Europe
Faroe Islands,FRO,2002,2.544,Europe
Faroe Islands,FRO,2003,2.542,Europe
Faroe Islands,FRO,2004,2.591,Europe
Faroe Islands,FRO,2005,2.631,Europe
Faroe Islands,FRO,2006,2.511,Europe
Faroe Islands,FRO,2007,2.563,Europe
Faroe Islands,FRO,2008,2.568,Europe
Faroe Islands,FRO,2009,2.391,Europe
Faroe Islands,FRO,2010,2.499,Europe
Faroe Islands,FRO,2011,2.332,Europe
Faroe Islands,FRO,2012,2.557,Europe
Faroe Islands,FRO,2013,2.538,Europe
Faroe Islands,FRO,2014,2.555,Europe
Faroe Islands,FRO,2015,2.42,Europe
Faroe Islands,FRO,2016,2.49,Europe
Faroe Islands,FRO,2017,2.495,Europe
Faroe Islands,FRO,2018,2.434,Europe
Faroe Islands,FRO,2019,2.399,Europe
Faroe Islands,FRO,2020,2.359,Europe
Faroe Islands,FRO,2021,2.292,Europe
Faroe Islands,FRO,2022,2.261,Europe
Faroe Islands,FRO,2023,2.24,Europe
Fiji,FJI,1990,3.386,Oceania
Fiji,FJI,1991,3.365,Oceania
Fiji,FJI,1992,3.331,Oceania
Fiji,FJI,1993,3.293,Oceania
Fiji,FJI,1994,3.258,Oceania
Fiji,FJI,1995,3.251,Oceania
Fiji,FJI,1996,3.248,Oceania
Fiji,FJI,1997,3.188,Oceania
Fiji,FJI,1998,3.118,Oceania
Fiji,FJI,1999,3.051,Oceania
Fiji,FJI,2000,2.992,Oceania
Fiji,FJI,2001,2.973,Oceania
Fiji,FJI,2002,2.968,Oceania
Fiji,FJI,2003,2.957,Oceania
Fiji,FJI,2004,2.941,Oceania
Fiji,FJI,2005,2.917,Oceania
Fiji,FJI,2006,2.905,Oceania
Fiji,FJI,2007,2.872,Oceania
Fiji,FJI,2008,2.819,Oceania
Fiji,FJI,2009,2.76,Oceania
Fiji,FJI,2010,2.696,Oceania
Fiji,FJI,2011,2.631,Oceania
Fiji,FJI,2012,2.612,Oceania
Fiji,FJI,2013,2.604,Oceania
Fiji,FJI,2014,2.591,Oceania
Fiji,FJI,2015,2.567,Oceania
Fiji,FJI,2016,2.518,Oceania
Fiji,FJI,2017,2.461,Oceania
Fiji,FJI,2018,2.419,Oceania
Fiji,FJI,2019,2.385,Oceania
Fiji,FJI,2020,2.357,Oceania
Fiji,FJI,2021,2.332,Oceania
Fiji,FJI,2022,2.305,Oceania
Fiji,FJI,2023,2.281,Oceania
Finland,FIN,1990,1.776,Europe
Finland,FIN,1991,1.794,Europe
Finland,FIN,1992,1.84,Europe
Finland,FIN,1993,1.815,Europe
Finland,FIN,1994,1.839,Europe
Finland,FIN,1995,1.805,Europe
Finland,FIN,1996,1.772,Europe
Finland,FIN,1997,1.742,Europe
Finland,FIN,1998,1.702,Europe
Finland,FIN,1999,1.729,Europe
Finland,FIN,2000,1.726,Europe
Finland,FIN,2001,1.722,Europe
Finland,FIN,2002,1.718,Europe
Finland,FIN,2003,1.756,Europe
Finland,FIN,2004,1.795,Europe
Finland,FIN,2005,1.801,Europe
Finland,FIN,2006,1.832,Europe
Finland,FIN,2007,1.828,Europe
Finland,FIN,2008,1.843,Europe
Finland,FIN,2009,1.86,Europe
Finland,FIN,2010,1.863,Europe
Finland,FIN,2011,1.826,Europe
Finland,FIN,2012,1.797,Europe
Finland,FIN,2013,1.745,Europe
Finland,FIN,2014,1.706,Europe
Finland,FIN,2015,1.645,Europe
Finland,FIN,2016,1.565,Europe
Finland,FIN,2017,1.487,Europe
Finland,FIN,2018,1.407,Europe
Finland,FIN,2019,1.351,Europe
Finland,FIN,2020,1.374,Europe
Finland,FIN,2021,1.461,Europe
Finland,FIN,2022,1.318,Europe
Finland,FIN,2023,1.28,Europe
France,FRA,1990,1.782,Europe
France,FRA,1991,1.773,Europe
France,FRA,1992,1.735,Europe
France,FRA,1993,1.661,Europe
France,FRA,1994,1.665,Europe
France,FRA,1995,1.718,Europe
France,FRA,1996,1.74,Europe
France,FRA,1997,1.73,Europe
France,FRA,1998,1.764,Europe
France,FRA,1999,1.793,Europe
France,FRA,2000,1.876,Europe
France,FRA,2001,1.879,Europe
France,FRA,2002,1.865,Europe
France,FRA,2003,1.873,Europe
France,FRA,2004,1.898,Europe
France,FRA,2005,1.916,Europe
France,FRA,2006,1.974,Europe
France,FRA,2007,1.952,Europe
France,FRA,2008,1.987,Europe
France,FRA,2009,1.99,Europe
France,FRA,2010,2.017,Europe
France,FRA,2011,1.995,Europe
France,FRA,2012,1.99,Europe
France,FRA,2013,1.973,Europe
France,FRA,2014,1.974,Europe
France,FRA,2015,1.927,Europe
France,FRA,2016,1.892,Europe
France,FRA,2017,1.859,Europe
France,FRA,2018,1.837,Europe
France,FRA,2019,1.826,Europe
France,FRA,2020,1.785,Europe
France,FRA,2021,1.799,Europe
France,FRA,2022,1.76,Europe
France,FRA,2023,1.639,Europe
French Guiana,GUF,1990,3.736,
French Guiana,GUF,1991,3.868,
French Guiana,GUF,1992,3.891,
French Guiana,GUF,1993,3.855,
French Guiana,GUF,1994,3.822,
French Guiana,GUF,1995,3.76,
French Guiana,GUF,1996,3.714,
French Guiana,GUF,1997,3.663,
French Guiana,GUF,1998,3.742,
French Guiana,GUF,1999,3.801,
French Guiana,GUF,2000,3.958,
French Guiana,GUF,2001,3.777,
French Guiana,GUF,2002,3.717,
French Guiana,GUF,2003,3.766,
French Guiana,GUF,2004,3.47,
French Guiana,GUF,2005,3.78,
French Guiana,GUF,2006,3.824,
French Guiana,GUF,2007,3.782,
French Guiana,GUF,2008,3.57,
French Guiana,GUF,2009,3.49,
French Guiana,GUF,2010,3.429,
French Guiana,GUF,2011,3.481,
French Guiana,GUF,2012,3.617,
French Guiana,GUF,2013,3.471,
French Guiana,GUF,2014,3.473,
French Guiana,GUF,2015,3.547,
French Guiana,GUF,2016,3.641,
French Guiana,GUF,2017,3.884,
French Guiana,GUF,2018,3.785,
French Guiana,GUF,2019,3.732,
French Guiana,GUF,2020,3.662,
French Guiana,GUF,2021,3.708,
French Guiana,GUF,2022,3.436,
French Guiana,GUF,2023,3.388,
French Polynesia,PYF,1990,3.434,
French Polynesia,PYF,1991,3.259,
French Polynesia,PYF,1992,3.15,
French Polynesia,PYF,1993,3.084,
French Polynesia,PYF,1994,2.942,
French Polynesia,PYF,1995,2.781,
French Polynesia,PYF,1996,2.716,
French Polynesia,PYF,1997,2.59,
French Polynesia,PYF,1998,2.49,
French Polynesia,PYF,1999,2.581,
French Polynesia,PYF,2000,2.596,
French Polynesia,PYF,2001,2.523,
French Polynesia,PYF,2002,2.425,
French Polynesia,PYF,2003,2.26,
French Polynesia,PYF,2004,2.198,
French Polynesia,PYF,2005,2.181,
French Polynesia,PYF,2006,2.217,
French Polynesia,PYF,2007,2.122,
French Polynesia,PYF,2008,2.195,
French Polynesia,PYF,2009,2.148,
French Polynesia,PYF,2010,2.165,
French Polynesia,PYF,2011,2.061,
French Polynesia,PYF,2012,2.026,
French Polynesia,PYF,2013,1.937,
French Polynesia,PYF,2014,1.957,
French Polynesia,PYF,2015,1.872,
French Polynesia,PYF,2016,1.763,
French Polynesia,PYF,2017,1.669,
French Polynesia,PYF,2018,1.645,
French Polynesia,PYF,2019,1.567,
French Polynesia,PYF,2020,1.57,
French Polynesia,PYF,2021,1.532,
French Polynesia,PYF,2022,1.515,
French Polynesia,PYF,2023,1.501,
Gabon,GAB,1990,5.459,Africa
Gabon,GAB,1991,5.373,Africa
Gabon,GAB,1992,5.289,Africa
Gabon,GAB,1993,5.186,Africa
Gabon,GAB,1994,5.044,Africa
Gabon,GAB,1995,4.884,Africa
Gabon,GAB,1996,4.742,Africa
Gabon,GAB,1997,4.657,Africa
Gabon,GAB,1998,4.576,Africa
Gabon,GAB,1999,4.502,Africa
Gabon,GAB,2000,4.469,Africa
Gabon,GAB,2001,4.417,Africa
Gabon,GAB,2002,4.36,Africa
Gabon,GAB,2003,4.299,Africa
Gabon,GAB,2004,4.252,Africa
Gabon,GAB,2005,4.21,Africa
Gabon,GAB,2006,4.17,Africa
Gabon,GAB,2007,4.142,Africa
Gabon,GAB,2008,4.118,Africa
Gabon,GAB,2009,4.138,Africa
Gabon,GAB,2010,4.153,Africa
Gabon,GAB,2011,4.151,Africa
Gabon,GAB,2012,4.086,Africa
Gabon,GAB,2013,4.019,Africa
Gabon,GAB,2014,3.953,Africa
Gabon,GAB,2015,3.921,Africa
Gabon,GAB,2016,3.921,Africa
Gabon,GAB,2017,3.913,Africa
Gabon,GAB,2018,3.908,Africa
Gabon,GAB,2019,3.884,Africa
Gabon,GAB,2020,3.831,Africa
Gabon,GAB,2021,3.776,Africa
Gabon,GAB,2022,3.712,Africa
Gabon,GAB,2023,3.647,Africa
Gambia,GMB,1990,6.246,Africa
Gambia,GMB,1991,6.191,Africa
Gambia,GMB,1992,6.111,Africa
Gambia,GMB,1993,6.034,Africa
Gambia,GMB,1994,6.035,Africa
Gambia,GMB,1995,5.994,Africa
Gambia,GMB,1996,5.925,Africa
Gambia,GMB,1997,5.851,Africa
Gambia,GMB,1998,5.818,Africa
Gambia,GMB,1999,5.772,Africa
Gambia,GMB,2000,5.716,Africa
Gambia,GMB,2001,5.67,Africa
Gambia,GMB,2002,5.656,Africa
Gambia,GMB,2003,5.656,Africa
Gambia,GMB,2004,5.683,Africa
Gambia,GMB,2005,5.708,Africa
Gambia,GMB,2006,5.736,Africa
Gambia,GMB,2007,5.685,Africa
Gambia,GMB,2008,5.625,Africa
Gambia,GMB,2009,5.574,Africa
Gambia,GMB,2010,5.558,Africa
Gambia,GMB,2011,5.542,Africa
Gambia,GMB,2012,5.519,Africa
Gambia,GMB,2013,5.392,Africa
Gambia,GMB,2014,5.197,Africa
Gambia,GMB,2015,5.003,Africa
Gambia,GMB,2016,4.809,Africa
Gambia,GMB,2017,4.614,Africa
Gambia,GMB,2018,4.42,Africa
Gambia,GMB,2019,4.33,Africa
Gambia,GMB,2020,4.248,Africa
Gambia,GMB,2021,4.165,Africa
Gambia,GMB,2022,4.078,Africa
Gambia,GMB,2023,4.006,Africa
Georgia,GEO,1990,2.306,Asia
Georgia,GEO,1991,2.208,Asia
Georgia,GEO,1992,2.045,Asia
Georgia,GEO,1993,1.912,Asia
Georgia,GEO,1994,1.835,Asia
Georgia,GEO,1995,1.807,Asia
Georgia,GEO,1996,1.759,Asia
Georgia,GEO,1997,1.728,Asia
Georgia,GEO,1998,1.703,Asia
Georgia,GEO,1999,1.643,Asia
Georgia,GEO,2000,1.609,Asia
Georgia,GEO,2001,1.579,Asia
Georgia,GEO,2002,1.571,Asia
Georgia,GEO,2003,1.552,Asia
Georgia,GEO,2004,1.566,Asia
Georgia,GEO,2005,1.583,Asia
Georgia,GEO,2006,1.617,Asia
Georgia,GEO,2007,1.697,Asia
Georgia,GEO,2008,1.832,Asia
Georgia,GEO,2009,1.993,Asia
Georgia,GEO,2010,1.973,Asia
Georgia,GEO,2011,1.915,Asia
Georgia,GEO,2012,1.929,Asia
Georgia,GEO,2013,1.993,Asia
Georgia,GEO,2014,2.18,Asia
Georgia,GEO,2015,2.214,Asia
Georgia,GEO,2016,2.228,Asia
Georgia,GEO,2017,2.136,Asia
Georgia,GEO,2018,2.093,Asia
Georgia,GEO,2019,2.021,Asia
Georgia,GEO,2020,1.976,Asia
Georgia,GEO,2021,1.98,Asia
Georgia,GEO,2022,1.82,Asia
Georgia,GEO,2023,1.81,Asia
Germany,DEU,1990,1.46,Europe
Germany,DEU,1991,1.344,Europe
Germany,DEU,1992,1.305,Europe
Germany,DEU,1993,1.288,Europe
Germany,DEU,1994,1.254,Europe
Germany,DEU,1995,1.262,Europe
Germany,DEU,1996,1.33,Europe
Germany,DEU,1997,1.377,Europe
Germany,DEU,1998,1.364,Europe
Germany,DEU,1999,1.37,Europe
Germany,DEU,2000,1.386,Europe
Germany,DEU,2001,1.354,Europe
Germany,DEU,2002,1.344,Europe
Germany,DEU,2003,1.343,Europe
Germany,DEU,2004,1.361,Europe
Germany,DEU,2005,1.344,Europe
Germany,DEU,2006,1.339,Europe
Germany,DEU,2007,1.378,Europe
Germany,DEU,2008,1.387,Europe
Germany,DEU,2009,1.367,Europe
Germany,DEU,2010,1.4,Europe
Germany,DEU,2011,1.385,Europe
Germany,DEU,2012,1.405,Europe
Germany,DEU,2013,1.415,Europe
Germany,DEU,2014,1.469,Europe
Germany,DEU,2015,1.501,Europe
Germany,DEU,2016,1.591,Europe
Germany,DEU,2017,1.57,Europe
Germany,DEU,2018,1.566,Europe
Germany,DEU,2019,1.541,Europe
Germany,DEU,2020,1.531,Europe
Germany,DEU,2021,1.577,Europe
Germany,DEU,2022,1.46,Europe
Germany,DEU,2023,1.441,Europe
Ghana,GHA,1990,5.737,Africa
Ghana,GHA,1991,5.63,Africa
Ghana,GHA,1992,5.517,Africa
Ghana,GHA,1993,5.414,Africa
Ghana,GHA,1994,5.254,Africa
Ghana,GHA,1995,5.106,Africa
Ghana,GHA,1996,4.959,Africa
Ghana,GHA,1997,4.884,Africa
Ghana,GHA,1998,4.829,Africa
Ghana,GHA,1999,4.822,Africa
Ghana,GHA,2000,4.827,Africa
Ghana,GHA,2001,4.768,Africa
Ghana,GHA,2002,4.687,Africa
Ghana,GHA,2003,4.597,Africa
Ghana,GHA,2004,4.504,Africa
Ghana,GHA,2005,4.496,Africa
Ghana,GHA,2006,4.399,Africa
Ghana,GHA,2007,4.288,Africa
Ghana,GHA,2008,4.217,Africa
Ghana,GHA,2009,4.179,Africa
Ghana,GHA,2010,4.181,Africa
Ghana,GHA,2011,4.177,Africa
Ghana,GHA,2012,4.154,Africa
Ghana,GHA,2013,4.114,Africa
Ghana,GHA,2014,4.029,Africa
Ghana,GHA,2015,3.982,Africa
Ghana,GHA,2016,3.873,Africa
Ghana,GHA,2017,3.715,Africa
Ghana,GHA,2018,3.65,Africa
Ghana,GHA,2019,3.593,Africa
Ghana,GHA,2020,3.541,Africa
Ghana,GHA,2021,3.492,Africa
Ghana,GHA,2022,3.434,Africa
Ghana,GHA,2023,3.397,Africa
Gibraltar,GIB,1990,2.39,
Gibraltar,GIB,1991,2.431,
Gibraltar,GIB,1992,2.443,
Gibraltar,GIB,1993,2.42,
Gibraltar,GIB,1994,2.38,
Gibraltar,GIB,1995,2.334,
Gibraltar,GIB,1996,2.251,
Gibraltar,GIB,1997,2.233,
Gibraltar,GIB,1998,2.204,
Gibraltar,GIB,1999,2.189,
Gibraltar,GIB,2000,2.185,
Gibraltar,GIB,2001,2.104,
Gibraltar,GIB,2002,1.683,
Gibraltar,GIB,2003,1.634,
Gibraltar,GIB,2004,1.689,
Gibraltar,GIB,2005,1.754,
Gibraltar,GIB,2006,1.802,
Gibraltar,GIB,2007,1.852,
Gibraltar,GIB,2008,1.903,
Gibraltar,GIB,2009,1.926,
Gibraltar,GIB,2010,1.954,
Gibraltar,GIB,2011,1.974,
Gibraltar,GIB,2012,1.999,
Gibraltar,GIB,2013,2.099,
Gibraltar,GIB,2014,2.084,
Gibraltar,GIB,2015,2.074,
Gibraltar,GIB,2016,1.94,
Gibraltar,GIB,2017,1.93,
Gibraltar,GIB,2018,1.921,
Gibraltar,GIB,2019,1.912,
Gibraltar,GIB,2020,1.907,
Gibraltar,GIB,2021,1.899,
Gibraltar,GIB,2022,1.895,
Gibraltar,GIB,2023,1.888,
Greece,GRC,1990,1.466,Europe
Greece,GRC,1991,1.459,Europe
Greece,GRC,1992,1.452,Europe
Greece,GRC,1993,1.426,Europe
Greece,GRC,1994,1.414,Europe
Greece,GRC,1995,1.385,Europe
Greece,GRC,1996,1.365,Europe
Greece,GRC,1997,1.357,Europe
Greece,GRC,1998,1.339,Europe
Greece,GRC,1999,1.326,Europe
Greece,GRC,2000,1.331,Europe
Greece,GRC,2001,1.327,Europe
Greece,GRC,2002,1.335,Europe
Greece,GRC,2003,1.333,Europe
Greece,GRC,2004,1.34,Europe
Greece,GRC,2005,1.358,Europe
Greece,GRC,2006,1.403,Europe
Greece,GRC,2007,1.416,Europe
Greece,GRC,2008,1.494,Europe
Greece,GRC,2009,1.507,Europe
Greece,GRC,2010,1.485,Europe
Greece,GRC,2011,1.395,Europe
Greece,GRC,2012,1.345,Europe
Greece,GRC,2013,1.292,Europe
Greece,GRC,2014,1.298,Europe
Greece,GRC,2015,1.328,Europe
Greece,GRC,2016,1.382,Europe
Greece,GRC,2017,1.35,Europe
Greece,GRC,2018,1.35,Europe
Greece,GRC,2019,1.337,Europe
Greece,GRC,2020,1.386,Europe
Greece,GRC,2021,1.432,Europe
Greece,GRC,2022,1.308,Europe
Greece,GRC,2023,1.334,Europe
Greenland,GRL,1990,2.418,North America
Greenland,GRL,1991,2.44,North America
Greenland,GRL,1992,2.551,North America
Greenland,GRL,1993,2.565,North America
Greenland,GRL,1994,2.535,North America
Greenland,GRL,1995,2.513,North America
Greenland,GRL,1996,2.515,North America
Greenland,GRL,1997,2.598,North America
Greenland,GRL,1998,2.442,North America
Greenland,GRL,1999,2.37,North America
Greenland,GRL,2000,2.347,North America
Greenland,GRL,2001,2.453,North America
Greenland,GRL,2002,2.492,North America
Greenland,GRL,2003,2.389,North America
Greenland,GRL,2004,2.379,North America
Greenland,GRL,2005,2.335,North America
Greenland,GRL,2006,2.257,North America
Greenland,GRL,2007,2.27,North America
Greenland,GRL,2008,2.269,North America
Greenland,GRL,2009,2.322,North America
Greenland,GRL,2010,2.241,North America
Greenland,GRL,2011,2.097,North America
Greenland,GRL,2012,2.001,North America
Greenland,GRL,2013,2.012,North America
Greenland,GRL,2014,2.009,North America
Greenland,GRL,2015,2.076,North America
Greenland,GRL,2016,2.068,North America
Greenland,GRL,2017,2.065,North America
Greenland,GRL,2018,2.02,North America
Greenland,GRL,2019,2.006,North America
Greenland,GRL,2020,1.998,North America
Greenland,GRL,2021,1.985,North America
Greenland,GRL,2022,1.969,North America
Greenland,GRL,2023,1.95,North America
Grenada,GRD,1990,3.058,North America
Grenada,GRD,1991,3.106,North America
Grenada,GRD,1992,2.97,North America
Grenada,GRD,1993,2.805,North America
Grenada,GRD,1994,2.794,North America
Grenada,GRD,1995,2.822,North America
Grenada,GRD,1996,2.848,North America
Grenada,GRD,1997,2.803,North America
Grenada,GRD,1998,2.494,North America
Grenada,GRD,1999,2.392,North America
Grenada,GRD,2000,2.441,North America
Grenada,GRD,2001,2.421,North America
Grenada,GRD,2002,2.378,North America
Grenada,GRD,2003,2.332,North America
Grenada,GRD,2004,2.285,North America
Grenada,GRD,2005,2.242,North America
Grenada,GRD,2006,2.195,North America
Grenada,GRD,2007,2.154,North America
Grenada,GRD,2008,2.116,North America
Grenada,GRD,2009,2.078,North America
Grenada,GRD,2010,2.038,North America
Grenada,GRD,2011,2.006,North America
Grenada,GRD,2012,1.967,North America
Grenada,GRD,2013,1.913,North America
Grenada,GRD,2014,1.799,North America
Grenada,GRD,2015,1.715,North America
Grenada,GRD,2016,1.616,North America
Grenada,GRD,2017,1.438,North America
Grenada,GRD,2018,1.53,North America
Grenada,GRD,2019,1.542,North America
Grenada,GRD,2020,1.532,North America
Grenada,GRD,2021,1.517,North America
Grenada,GRD,2022,1.502,North America
Grenada,GRD,2023,1.487,North America
Guadeloupe,GLP,1990,2.242,
Guadeloupe,GLP,1991,2.228,
Guadeloupe,GLP,1992,2.199,
Guadeloupe,GLP,1993,2.156,
Guadeloupe,GLP,1994,2.134,
Guadeloupe,GLP,1995,2.121,
Guadeloupe,GLP,1996,2.121,
Guadeloupe,GLP,1997,2.132,
Guadeloupe,GLP,1998,2.147,
Guadeloupe,GLP,1999,2.178,
Guadeloupe,GLP,2000,2.221,
Guadeloupe,GLP,2001,2.234,
Guadeloupe,GLP,2002,2.218,
Guadeloupe,GLP,2003,2.223,
Guadeloupe,GLP,2004,2.233,
Guadeloupe,GLP,2005,2.301,
Guadeloupe,GLP,2006,2.285,
Guadeloupe,GLP,2007,2.23,
Guadeloupe,GLP,2008,2.163,
Guadeloupe,GLP,2009,2.115,
Guadeloupe,GLP,2010,2.137,
Guadeloupe,GLP,2011,2.17,
Guadeloupe,GLP,2012,2.195,
Guadeloupe,GLP,2013,2.216,
Guadeloupe,GLP,2014,2.213,
Guadeloupe,GLP,2015,2.179,
Guadeloupe,GLP,2016,2.141,
Guadeloupe,GLP,2017,2.082,
Guadeloupe,GLP,2018,2.096,
Guadeloupe,GLP,2019,2.149,
Guadeloupe,GLP,2020,2.167,
Guadeloupe,GLP,2021,2.131,
Guadeloupe,GLP,2022,2.11,
Guadeloupe,GLP,2023,2.089,
Guam,GUM,1990,3.015,
Guam,GUM,1991,3.028,
Guam,GUM,1992,3.042,
Guam,GUM,1993,3.054,
Guam,GUM,1994,3.044,
Guam,GUM,1995,3.04,
Guam,GUM,1996,3.033,
Guam,GUM,1997,3.023,
Guam,GUM,1998,3.008,
Guam,GUM,1999,2.969,
Guam,GUM,2000,2.915,
Guam,GUM,2001,2.817,
Guam,GUM,2002,2.582,
Guam,GUM,2003,2.657,
Guam,GUM,2004,2.772,
Guam,GUM,2005,2.638,
Guam,GUM,2006,2.807,
Guam,GUM,2007,2.905,
Guam,GUM,2008,2.905,
Guam,GUM,2009,2.891,
Guam,GUM,2010,2.973,
Guam,GUM,2011,2.876,
Guam,GUM,2012,3.117,
Guam,GUM,2013,2.883,
Guam,GUM,2014,2.946,
Guam,GUM,2015,2.933,
Guam,GUM,2016,3.171,
Guam,GUM,2017,3.088,
Guam,GUM,2018,2.995,
Guam,GUM,2019,2.938,
Guam,GUM,2020,2.895,
Guam,GUM,2021,2.856,
Guam,GUM,2022,2.819,
Guam,GUM,2023,2.781,
Guatemala,GTM,1990,5.48,North America
Guatemala,GTM,1991,5.377,North America
Guatemala,GTM,1992,5.314,North America
Guatemala,GTM,1993,5.254,North America
Guatemala,GTM,1994,5.191,North America
Guatemala,GTM,1995,5.105,North America
Guatemala,GTM,1996,5.008,North America
Guatemala,GTM,1997,4.906,North America
Guatemala,GTM,1998,4.8,North America
Guatemala,GTM,1999,4.687,North America
Guatemala,GTM,2000,4.583,North America
Guatemala,GTM,2001,4.502,North America
Guatemala,GTM,2002,4.371,North America
Guatemala,GTM,2003,4.25,North America
Guatemala,GTM,2004,4.134,North America
Guatemala,GTM,2005,3.974,North America
Guatemala,GTM,2006,3.845,North America
Guatemala,GTM,2007,3.716,North America
Guatemala,GTM,2008,3.571,North America
Guatemala,GTM,2009,3.465,North America
Guatemala,GTM,2010,3.375,North America
Guatemala,GTM,2011,3.292,North America
Guatemala,GTM,2012,3.219,North America
Guatemala,GTM,2013,3.151,North America
Guatemala,GTM,2014,3.088,North America
Guatemala,GTM,2015,3.029,North America
Guatemala,GTM,2016,2.973,North America
Guatemala,GTM,2017,2.857,North America
Guatemala,GTM,2018,2.743,North America
Guatemala,GTM,2019,2.593,North America
Guatemala,GTM,2020,2.47,North America
Guatemala,GTM,2021,2.388,North America
Guatemala,GTM,2022,2.343,North America
Guatemala,GTM,2023,2.311,North America
Guernsey,GGY,1990,1.605,
Guernsey,GGY,1991,1.56,
Guernsey,GGY,1992,1.481,
Guernsey,GGY,1993,1.436,
Guernsey,GGY,1994,1.419,
Guernsey,GGY,1995,1.336,
Guernsey,GGY,1996,1.409,
Guernsey,GGY,1997,1.473,
Guernsey,GGY,1998,1.476,
Guernsey,GGY,1999,1.499,
Guernsey,GGY,2000,1.468,
Guernsey,GGY,2001,1.454,
Guernsey,GGY,2002,1.45,
Guernsey,GGY,2003,1.456,
Guernsey,GGY,2004,1.467,
Guernsey,GGY,2005,1.491,
Guernsey,GGY,2006,1.513,
Guernsey,GGY,2007,1.534,
Guernsey,GGY,2008,1.548,
Guernsey,GGY,2009,1.55,
Guernsey,GGY,2010,1.559,
Guernsey,GGY,2011,1.564,
Guernsey,GGY,2012,1.557,
Guernsey,GGY,2013,1.542,
Guernsey,GGY,2014,1.51,
Guernsey,GGY,2015,1.473,
Guernsey,GGY,2016,1.435,
Guernsey,GGY,2017,1.383,
Guernsey,GGY,2018,1.339,
Guernsey,GGY,2019,1.323,
Guernsey,GGY,2020,1.33,
Guernsey,GGY,2021,1.362,
Guernsey,GGY,2022,1.367,
Guernsey,GGY,2023,1.362,
Guinea,GIN,1990,6.515,Africa
Guinea,GIN,1991,6.484,Africa
Guinea,GIN,1992,6.453,Africa
Guinea,GIN,1993,6.409,Africa
Guinea,GIN,1994,6.358,Africa
Guinea,GIN,1995,6.288,Africa
Guinea,GIN,1996,6.205,Africa
Guinea,GIN,1997,6.123,Africa
Guinea,GIN,1998,6.051,Africa
Guinea,GIN,1999,5.985,Africa
Guinea,GIN,2000,5.918,Africa
Guinea,GIN,2001,5.834,Africa
Guinea,GIN,2002,5.781,Africa
Guinea,GIN,2003,5.744,Africa
Guinea,GIN,2004,5.733,Africa
Guinea,GIN,2005,5.727,Africa
Guinea,GIN,2006,5.704,Africa
Guinea,GIN,2007,5.664,Africa
Guinea,GIN,2008,5.596,Africa
Guinea,GIN,2009,5.528,Africa
Guinea,GIN,2010,5.435,Africa
Guinea,GIN,2011,5.337,Africa
Guinea,GIN,2012,5.232,Africa
Guinea,GIN,2013,5.151,Africa
Guinea,GIN,2014,5.07,Africa
Guinea,GIN,2015,5.002,Africa
Guinea,GIN,2016,4.915,Africa
Guinea,GIN,2017,4.793,Africa
Guinea,GIN,2018,4.669,Africa
Guinea,GIN,2019,4.576,Africa
Guinea,GIN,2020,4.489,Africa
Guinea,GIN,2021,4.399,Africa
Guinea,GIN,2022,4.303,Africa
Guinea,GIN,2023,4.217,Africa
Guinea-Bissau,GNB,1990,6.501,Africa
Guinea-Bissau,GNB,1991,6.474,Africa
Guinea-Bissau,GNB,1992,6.435,Africa
Guinea-Bissau,GNB,1993,6.369,Africa
Guinea-Bissau,GNB,1994,6.299,Africa
Guinea-Bissau,GNB,1995,6.223,Africa
Guinea-Bissau,GNB,1996,6.141,Africa
Guinea-Bissau,GNB,1997,6.06,Africa
Guinea-Bissau,GNB,1998,5.97,Africa
Guinea-Bissau,GNB,1999,5.871,Africa
Guinea-Bissau,GNB,2000,5.786,Africa
Guinea-Bissau,GNB,2001,5.688,Africa
Guinea-Bissau,GNB,2002,5.634,Africa
Guinea-Bissau,GNB,2003,5.577,Africa
Guinea-Bissau,GNB,2004,5.5,Africa
Guinea-Bissau,GNB,2005,5.46,Africa
Guinea-Bissau,GNB,2006,5.406,Africa
Guinea-Bissau,GNB,2007,5.365,Africa
Guinea-Bissau,GNB,2008,5.266,Africa
Guinea-Bissau,GNB,2009,5.176,Africa
Guinea-Bissau,GNB,2010,5.111,Africa
Guinea-Bissau,GNB,2011,5.067,Africa
Guinea-Bissau,GNB,2012,5.003,Africa
Guinea-Bissau,GNB,2013,4.93,Africa
Guinea-Bissau,GNB,2014,4.79,Africa
Guinea-Bissau,GNB,2015,4.661,Africa
Guinea-Bissau,GNB,2016,4.519,Africa
Guinea-Bissau,GNB,2017,4.347,Africa
Guinea-Bissau,GNB,2018,4.241,Africa
Guinea-Bissau,GNB,2019,4.153,Africa
Guinea-Bissau,GNB,2020,4.075,Africa
Guinea-Bissau,GNB,2021,3.998,Africa
Guinea-Bissau,GNB,2022,3.911,Africa
Guinea-Bissau,GNB,2023,3.836,Africa
Guyana,GUY,1990,3.181,South America
Guyana,GUY,1991,3.183,South America
Guyana,GUY,1992,3.188,South America
Guyana,GUY,1993,3.199,South America
Guyana,GUY,1994,3.226,South America
Guyana,GUY,1995,3.238,South America
Guyana,GUY,1996,3.23,South America
Guyana,GUY,1997,3.221,South America
Guyana,GUY,1998,3.182,South America
Guyana,GUY,1999,3.125,South America
Guyana,GUY,2000,3.057,South America
Guyana,GUY,2001,2.958,South America
Guyana,GUY,2002,2.844,South America
Guyana,GUY,2003,2.75,South America
Guyana,GUY,2004,2.681,South America
Guyana,GUY,2005,2.648,South America
Guyana,GUY,2006,2.659,South America
Guyana,GUY,2007,2.681,South America
Guyana,GUY,2008,2.697,South America
Guyana,GUY,2009,2.694,South America
Guyana,GUY,2010,2.684,South America
Guyana,GUY,2011,2.694,South America
Guyana,GUY,2012,2.701,South America
Guyana,GUY,2013,2.711,South America
Guyana,GUY,2014,2.695,South America
Guyana,GUY,2015,2.667,South America
Guyana,GUY,2016,2.634,South America
Guyana,GUY,2017,2.593,South America
Guyana,GUY,2018,2.553,South America
Guyana,GUY,2019,2.521,South America
Guyana,GUY,2020,2.491,South America
Guyana,GUY,2021,2.462,South America
Guyana,GUY,2022,2.437,South America
Guyana,GUY,2023,2.412,South America
Haiti,HTI,1990,5.414,North America
Haiti,HTI,1991,5.317,North America
Haiti,HTI,1992,5.208,North America
Haiti,HTI,1993,5.099,North America
Haiti,HTI,1994,4.991,North America
Haiti,HTI,1995,4.884,North America
Haiti,HTI,1996,4.777,North America
Haiti,HTI,1997,4.669,North America
Haiti,HTI,1998,4.561,North America
Haiti,HTI,1999,4.452,North America
Haiti,HTI,2000,4.39,North America
Haiti,HTI,2001,4.248,North America
Haiti,HTI,2002,4.125,North America
Haiti,HTI,2003,4.047,North America
Haiti,HTI,2004,3.943,North America
Haiti,HTI,2005,3.835,North America
Haiti,HTI,2006,3.761,North America
Haiti,HTI,2007,3.687,North America
Haiti,HTI,2008,3.621,North America
Haiti,HTI,2009,3.565,North America
Haiti,HTI,2010,3.497,North America
Haiti,HTI,2011,3.431,North America
Haiti,HTI,2012,3.321,North America
Haiti,HTI,2013,3.221,North America
Haiti,HTI,2014,3.164,North America
Haiti,HTI,2015,3.11,North America
Haiti,HTI,2016,3.054,North America
Haiti,HTI,2017,2.985,North America
Haiti,HTI,2018,2.924,North America
Haiti,HTI,2019,2.862,North America
Haiti,HTI,2020,2.804,North America
Haiti,HTI,2021,2.748,North America
Haiti,HTI,2022,2.699,North America
Haiti,HTI,2023,2.656,North America
High-income countries,OWID_HIC,1990,1.821,
High-income countries,OWID_HIC,1991,1.798,
High-income countries,OWID_HIC,1992,1.775,
High-income countries,OWID_HIC,1993,1.738,
High-income countries,OWID_HIC,1994,1.718,
High-income countries,OWID_HIC,1995,1.691,
High-income countries,OWID_HIC,1996,1.687,
High-income countries,OWID_HIC,1997,1.678,
High-income countries,OWID_HIC,1998,1.67,
High-income countries,OWID_HIC,1999,1.669,
High-income countries,OWID_HIC,2000,1.688,
High-income countries,OWID_HIC,2001,1.662,
High-income countries,OWID_HIC,2002,1.648,
High-income countries,OWID_HIC,2003,1.654,
High-income countries,OWID_HIC,2004,1.664,
High-income countries,OWID_HIC,2005,1.667,
High-income countries,OWID_HIC,2006,1.703,
High-income countries,OWID_HIC,2007,1.729,
High-income countries,OWID_HIC,2008,1.741,
High-income countries,OWID_HIC,2009,1.72,
High-income countries,OWID_HIC,2010,1.706,
High-income countries,OWID_HIC,2011,1.689,
High-income countries,OWID_HIC,2012,1.692,
High-income countries,OWID_HIC,2013,1.667,
High-income countries,OWID_HIC,2014,1.678,
High-income countries,OWID_HIC,2015,1.675,
High-income countries,OWID_HIC,2016,1.669,
High-income countries,OWID_HIC,2017,1.636,
High-income countries,OWID_HIC,2018,1.603,
High-income countries,OWID_HIC,2019,1.564,
High-income countries,OWID_HIC,2020,1.513,
High-income countries,OWID_HIC,2021,1.516,
High-income countries,OWID_HIC,2022,1.495,
High-income countries,OWID_HIC,2023,1.467,
Honduras,HND,1990,5.271,North America
Honduras,HND,1991,5.191,North America
Honduras,HND,1992,5.113,North America
Honduras,HND,1993,5.028,North America
Honduras,HND,1994,4.935,North America
Honduras,HND,1995,4.835,North America
Honduras,HND,1996,4.713,North America
Honduras,HND,1997,4.59,North America
Honduras,HND,1998,4.473,North America
Honduras,HND,1999,4.366,North America
Honduras,HND,2000,4.289,North America
Honduras,HND,2001,4.153,North America
Honduras,HND,2002,4.0,North America
Honduras,HND,2003,3.844,North America
Honduras,HND,2004,3.71,North America
Honduras,HND,2005,3.577,North America
Honduras,HND,2006,3.449,North America
Honduras,HND,2007,3.351,North America
Honduras,HND,2008,3.26,North America
Honduras,HND,2009,3.173,North America
Honduras,HND,2010,3.078,North America
Honduras,HND,2011,2.998,North America
Honduras,HND,2012,2.927,North America
Honduras,HND,2013,2.855,North America
Honduras,HND,2014,2.793,North America
Honduras,HND,2015,2.746,North America
Honduras,HND,2016,2.704,North America
Honduras,HND,2017,2.663,North America
Honduras,HND,2018,2.645,North America
Honduras,HND,2019,2.611,North America
Honduras,HND,2020,2.577,North America
Honduras,HND,2021,2.548,North America
Honduras,HND,2022,2.522,North America
Honduras,HND,2023,2.5,North America
Hong Kong,HKG,1990,1.283,Asia
Hong Kong,HKG,1991,1.299,Asia
Hong Kong,HKG,1992,1.359,Asia
Hong Kong,HKG,1993,1.359,Asia
Hong Kong,HKG,1994,1.368,Asia
Hong Kong,HKG,1995,1.304,Asia
Hong Kong,HKG,1996,1.203,Asia
Hong Kong,HKG,1997,1.123,Asia
Hong Kong,HKG,1998,1.025,Asia
Hong Kong,HKG,1999,0.994,Asia
Hong Kong,HKG,2000,1.027,Asia
Hong Kong,HKG,2001,0.941,Asia
Hong Kong,HKG,2002,0.932,Asia
Hong Kong,HKG,2003,0.904,Asia
Hong Kong,HKG,2004,0.921,Asia
Hong Kong,HKG,2005,0.957,Asia
Hong Kong,HKG,2006,0.987,Asia
Hong Kong,HKG,2007,1.03,Asia
Hong Kong,HKG,2008,1.054,Asia
Hong Kong,HKG,2009,1.05,Asia
Hong Kong,HKG,2010,1.12,Asia
Hong Kong,HKG,2011,1.136,Asia
Hong Kong,HKG,2012,1.207,Asia
Hong Kong,HKG,2013,1.265,Asia
Hong Kong,HKG,2014,1.201,Asia
Hong Kong,HKG,2015,1.227,Asia
Hong Kong,HKG,2016,1.205,Asia
Hong Kong,HKG,2017,1.136,Asia
Hong Kong,HKG,2018,1.086,Asia
Hong Kong,HKG,2019,1.055,Asia
Hong Kong,HKG,2020,0.892,Asia
Hong Kong,HKG,2021,0.778,Asia
Hong Kong,HKG,2022,0.708,Asia
Hong Kong,HKG,2023,0.717,Asia
Hungary,HUN,1990,1.857,Europe
Hungary,HUN,1991,1.863,Europe
Hungary,HUN,1992,1.77,Europe
Hungary,HUN,1993,1.686,Europe
Hungary,HUN,1994,1.64,Europe
Hungary,HUN,1995,1.568,Europe
Hungary,HUN,1996,1.458,Europe
Hungary,HUN,1997,1.377,Europe
Hungary,HUN,1998,1.326,Europe
Hungary,HUN,1999,1.29,Europe
Hungary,HUN,2000,1.32,Europe
Hungary,HUN,2001,1.312,Europe
Hungary,HUN,2002,1.303,Europe
Hungary,HUN,2003,1.275,Europe
Hungary,HUN,2004,1.281,Europe
Hungary,HUN,2005,1.312,Europe
Hungary,HUN,2006,1.341,Europe
Hungary,HUN,2007,1.322,Europe
Hungary,HUN,2008,1.346,Europe
Hungary,HUN,2009,1.321,Europe
Hungary,HUN,2010,1.257,Europe
Hungary,HUN,2011,1.25,Europe
Hungary,HUN,2012,1.334,Europe
Hungary,HUN,2013,1.35,Europe
Hungary,HUN,2014,1.424,Europe
Hungary,HUN,2015,1.446,Europe
Hungary,HUN,2016,1.514,Europe
Hungary,HUN,2017,1.524,Europe
Hungary,HUN,2018,1.522,Europe
Hungary,HUN,2019,1.531,Europe
Hungary,HUN,2020,1.576,Europe
Hungary,HUN,2021,1.605,Europe
Hungary,HUN,2022,1.55,Europe
Hungary,HUN,2023,1.486,Europe
Iceland,ISL,1990,2.302,Europe
Iceland,ISL,1991,2.196,Europe
Iceland,ISL,1992,2.214,Europe
Iceland,ISL,1993,2.221,Europe
Iceland,ISL,1994,2.144,Europe
Iceland,ISL,1995,2.083,Europe
Iceland,ISL,1996,2.111,Europe
Iceland,ISL,1997,2.04,Europe
Iceland,ISL,1998,2.043,Europe
Iceland,ISL,1999,1.997,Europe
Iceland,ISL,2000,2.071,Europe
Iceland,ISL,2001,1.955,Europe
Iceland,ISL,2002,1.936,Europe
Iceland,ISL,2003,1.991,Europe
Iceland,ISL,2004,2.037,Europe
Iceland,ISL,2005,2.046,Europe
Iceland,ISL,2006,2.075,Europe
Iceland,ISL,2007,2.089,Europe
Iceland,ISL,2008,2.156,Europe
Iceland,ISL,2009,2.227,Europe
Iceland,ISL,2010,2.192,Europe
Iceland,ISL,2011,2.023,Europe
Iceland,ISL,2012,2.034,Europe
Iceland,ISL,2013,1.938,Europe
Iceland,ISL,2014,1.928,Europe
Iceland,ISL,2015,1.809,Europe
Iceland,ISL,2016,1.744,Europe
Iceland,ISL,2017,1.711,Europe
Iceland,ISL,2018,1.71,Europe
Iceland,ISL,2019,1.744,Europe
Iceland,ISL,2020,1.718,Europe
Iceland,ISL,2021,1.818,Europe
Iceland,ISL,2022,1.589,Europe
Iceland,ISL,2023,1.54,Europe
India,IND,1990,4.045,Asia
India,IND,1991,3.959,Asia
India,IND,1992,3.877,Asia
India,IND,1993,3.799,Asia
India,IND,1994,3.723,Asia
India,IND,1995,3.651,Asia
India,IND,1996,3.582,Asia
India,IND,1997,3.514,Asia
India,IND,1998,3.446,Asia
India,IND,1999,3.383,Asia
India,IND,2000,3.35,Asia
India,IND,2001,3.303,Asia
India,IND,2002,3.217,Asia
India,IND,2003,3.122,Asia
India,IND,2004,3.046,Asia
India,IND,2005,2.958,Asia
India,IND,2006,2.867,Asia
India,IND,2007,2.775,Asia
India,IND,2008,2.711,Asia
India,IND,2009,2.674,Asia
India,IND,2010,2.598,Asia
India,IND,2011,2.532,Asia
India,IND,2012,2.47,Asia
India,IND,2013,2.399,Asia
India,IND,2014,2.293,Asia
India,IND,2015,2.289,Asia
India,IND,2016,2.284,Asia
India,IND,2017,2.193,Asia
India,IND,2018,2.184,Asia
India,IND,2019,2.12,Asia
India,IND,2020,2.047,Asia
India,IND,2021,2.014,Asia
India,IND,2022,1.994,Asia
India,IND,2023,1.975,Asia
Indonesia,IDN,1990,3.114,Asia
Indonesia,IDN,1991,3.058,Asia
Indonesia,IDN,1992,2.95,Asia
Indonesia,IDN,1993,2.9,Asia
Indonesia,IDN,1994,2.851,Asia
Indonesia,IDN,1995,2.809,Asia
Indonesia,IDN,1996,2.782,Asia
Indonesia,IDN,1997,2.742,Asia
Indonesia,IDN,1998,2.66,Asia
Indonesia,IDN,1999,2.568,Asia
Indonesia,IDN,2000,2.503,Asia
Indonesia,IDN,2001,2.466,Asia
Indonesia,IDN,2002,2.436,Asia
Indonesia,IDN,2003,2.41,Asia
Indonesia,IDN,2004,2.415,Asia
Indonesia,IDN,2005,2.452,Asia
Indonesia,IDN,2006,2.457,Asia
Indonesia,IDN,2007,2.476,Asia
Indonesia,IDN,2008,2.44,Asia
Indonesia,IDN,2009,2.442,Asia
Indonesia,IDN,2010,2.462,Asia
Indonesia,IDN,2011,2.515,Asia
Indonesia,IDN,2012,2.514,Asia
Indonesia,IDN,2013,2.441,Asia
Indonesia,IDN,2014,2.393,Asia
Indonesia,IDN,2015,2.346,Asia
Indonesia,IDN,2016,2.311,Asia
Indonesia,IDN,2017,2.253,Asia
Indonesia,IDN,2018,2.219,Asia
Indonesia,IDN,2019,2.205,Asia
Indonesia,IDN,2020,2.189,Asia
Indonesia,IDN,2021,2.166,Asia
Indonesia,IDN,2022,2.149,Asia
Indonesia,IDN,2023,2.127,Asia
Iran,IRN,1990,4.934,Asia
Iran,IRN,1991,4.568,Asia
Iran,IRN,1992,4.099,Asia
Iran,IRN,1993,3.674,Asia
Iran,IRN,1994,3.244,Asia
Iran,IRN,1995,2.852,Asia
Iran,IRN,1996,2.542,Asia
Iran,IRN,1997,2.323,Asia
Iran,IRN,1998,2.19,Asia
Iran,IRN,1999,2.089,Asia
Iran,IRN,2000,1.999,Asia
Iran,IRN,2001,1.918,Asia
Iran,IRN,2002,1.836,Asia
Iran,IRN,2003,1.801,Asia
Iran,IRN,2004,1.78,Asia
Iran,IRN,2005,1.756,Asia
Iran,IRN,2006,1.755,Asia
Iran,IRN,2007,1.748,Asia
Iran,IRN,2008,1.743,Asia
Iran,IRN,2009,1.74,Asia
Iran,IRN,2010,1.749,Asia
Iran,IRN,2011,1.792,Asia
Iran,IRN,2012,1.851,Asia
Iran,IRN,2013,1.913,Asia
Iran,IRN,2014,1.975,Asia
Iran,IRN,2015,2.017,Asia
Iran,IRN,2016,2.054,Asia
Iran,IRN,2017,2.023,Asia
Iran,IRN,2018,1.919,Asia
Iran,IRN,2019,1.766,Asia
Iran,IRN,2020,1.7,Asia
Iran,IRN,2021,1.709,Asia
Iran,IRN,2022,1.704,Asia
Iran,IRN,2023,1.695,Asia
Iraq,IRQ,1990,5.929,Asia
Iraq,IRQ,1991,5.833,Asia
Iraq,IRQ,1992,5.718,Asia
Iraq,IRQ,1993,5.609,Asia
Iraq,IRQ,1994,5.488,Asia
Iraq,IRQ,1995,5.36,Asia
Iraq,IRQ,1996,5.249,Asia
Iraq,IRQ,1997,5.194,Asia
Iraq,IRQ,1998,5.112,Asia
Iraq,IRQ,1999,5.035,Asia
Iraq,IRQ,2000,4.92,Asia
Iraq,IRQ,2001,4.799,Asia
Iraq,IRQ,2002,4.668,Asia
Iraq,IRQ,2003,4.581,Asia
Iraq,IRQ,2004,4.527,Asia
Iraq,IRQ,2005,4.446,Asia
Iraq,IRQ,2006,4.459,Asia
Iraq,IRQ,2007,4.404,Asia
Iraq,IRQ,2008,4.373,Asia
Iraq,IRQ,2009,4.378,Asia
Iraq,IRQ,2010,4.457,Asia
Iraq,IRQ,2011,4.588,Asia
Iraq,IRQ,2012,4.544,Asia
Iraq,IRQ,2013,4.441,Asia
Iraq,IRQ,2014,4.31,Asia
Iraq,IRQ,2015,4.08,Asia
Iraq,IRQ,2016,3.843,Asia
Iraq,IRQ,2017,3.64,Asia
Iraq,IRQ,2018,3.547,Asia
Iraq,IRQ,2019,3.48,Asia
Iraq,IRQ,2020,3.419,Asia
Iraq,IRQ,2021,3.358,Asia
Iraq,IRQ,2022,3.294,Asia
Iraq,IRQ,2023,3.249,Asia
Ireland,IRL,1990,2.11,Europe
Ireland,IRL,1991,2.077,Europe
Ireland,IRL,1992,1.991,Europe
Ireland,IRL,1993,1.904,Europe
Ireland,IRL,1994,1.848,Europe
Ireland,IRL,1995,1.843,Europe
Ireland,IRL,1996,1.883,Europe
Ireland,IRL,1997,1.932,Europe
Ireland,IRL,1998,1.941,Europe
Ireland,IRL,1999,1.903,Europe
Ireland,IRL,2000,1.893,Europe
Ireland,IRL,2001,1.94,Europe
Ireland,IRL,2002,1.971,Europe
Ireland,IRL,2003,1.96,Europe
Ireland,IRL,2004,1.93,Europe
Ireland,IRL,2005,1.865,Europe
Ireland,IRL,2006,1.915,Europe
Ireland,IRL,2007,2.011,Europe
Ireland,IRL,2008,2.065,Europe
Ireland,IRL,2009,2.063,Europe
Ireland,IRL,2010,2.056,Europe
Ireland,IRL,2011,2.033,Europe
Ireland,IRL,2012,1.99,Europe
Ireland,IRL,2013,1.934,Europe
Ireland,IRL,2014,1.9,Europe
Ireland,IRL,2015,1.861,Europe
Ireland,IRL,2016,1.816,Europe
Ireland,IRL,2017,1.772,Europe
Ireland,IRL,2018,1.761,Europe
Ireland,IRL,2019,1.718,Europe
Ireland,IRL,2020,1.653,Europe
Ireland,IRL,2021,1.777,Europe
Ireland,IRL,2022,1.594,Europe
Ireland,IRL,2023,1.598,Europe
Isle of Man,IMN,1990,1.959,
Isle of Man,IMN,1991,1.978,
Isle of Man,IMN,1992,1.974,
Isle of Man,IMN,1993,1.946,
Isle of Man,IMN,1994,1.915,
Isle of Man,IMN,1995,1.923,
Isle of Man,IMN,1996,1.931,
Isle of Man,IMN,1997,1.926,
Isle of Man,IMN,1998,1.901,
Isle of Man,IMN,1999,1.858,
Isle of Man,IMN,2000,1.866,
Isle of Man,IMN,2001,1.87,
Isle of Man,IMN,2002,1.863,
Isle of Man,IMN,2003,1.84,
Isle of Man,IMN,2004,1.826,
Isle of Man,IMN,2005,1.863,
Isle of Man,IMN,2006,1.905,
Isle of Man,IMN,2007,1.927,
Isle of Man,IMN,2008,1.941,
Isle of Man,IMN,2009,1.937,
Isle of Man,IMN,2010,1.928,
Isle of Man,IMN,2011,1.903,
Isle of Man,IMN,2012,1.864,
Isle of Man,IMN,2013,1.824,
Isle of Man,IMN,2014,1.79,
Isle of Man,IMN,2015,1.748,
Isle of Man,IMN,2016,1.713,
Isle of Man,IMN,2017,1.674,
Isle of Man,IMN,2018,1.636,
Isle of Man,IMN,2019,1.606,
Isle of Man,IMN,2020,1.585,
Isle of Man,IMN,2021,1.569,
Isle of Man,IMN,2022,1.556,
Isle of Man,IMN,2023,1.548,
Israel,ISR,1990,2.84,Asia
Israel,ISR,1991,2.832,Asia
Israel,ISR,1992,2.87,Asia
Israel,ISR,1993,2.866,Asia
Israel,ISR,1994,2.837,Asia
Israel,ISR,1995,2.823,Asia
Israel,ISR,1996,2.862,Asia
Israel,ISR,1997,2.876,Asia
Israel,ISR,1998,2.922,Asia
Israel,ISR,1999,2.888,Asia
Israel,ISR,2000,2.921,Asia
Israel,ISR,2001,2.868,Asia
Israel,ISR,2002,2.877,Asia
Israel,ISR,2003,2.919,Asia
Israel,ISR,2004,2.848,Asia
Israel,ISR,2005,2.793,Asia
Israel,ISR,2006,2.828,Asia
Israel,ISR,2007,2.852,Asia
Israel,ISR,2008,2.903,Asia
Israel,ISR,2009,2.944,Asia
Israel,ISR,2010,3.028,Asia
Israel,ISR,2011,3.01,Asia
Israel,ISR,2012,3.05,Asia
Israel,ISR,2013,3.036,Asia
Israel,ISR,2014,3.081,Asia
Israel,ISR,2015,3.093,Asia
Israel,ISR,2016,3.113,Asia
Israel,ISR,2017,3.123,Asia
Israel,ISR,2018,3.103,Asia
Israel,ISR,2019,3.034,Asia
Israel,ISR,2020,2.937,Asia
Israel,ISR,2021,3.019,Asia
Israel,ISR,2022,2.936,Asia
Israel,ISR,2023,2.83,Asia
Italy,ITA,1990,1.331,Europe
Italy,ITA,1991,1.303,Europe
Italy,ITA,1992,1.296,Europe
Italy,ITA,1993,1.249,Europe
Italy,ITA,1994,1.208,Europe
Italy,ITA,1995,1.188,Europe
Italy,ITA,1996,1.197,Europe
Italy,ITA,1997,1.21,Europe
Italy,ITA,1998,1.21,Europe
Italy,ITA,1999,1.228,Europe
Italy,ITA,2000,1.249,Europe
Italy,ITA,2001,1.247,Europe
Italy,ITA,2002,1.264,Europe
Italy,ITA,2003,1.285,Europe
Italy,ITA,2004,1.337,Europe
Italy,ITA,2005,1.332,Europe
Italy,ITA,2006,1.364,Europe
Italy,ITA,2007,1.393,Europe
Italy,ITA,2008,1.435,Europe
Italy,ITA,2009,1.439,Europe
Italy,ITA,2010,1.443,Europe
Italy,ITA,2011,1.427,Europe
Italy,ITA,2012,1.416,Europe
Italy,ITA,2013,1.38,Europe
Italy,ITA,2014,1.364,Europe
Italy,ITA,2015,1.344,Europe
Italy,ITA,2016,1.336,Europe
Italy,ITA,2017,1.317,Europe
Italy,ITA,2018,1.286,Europe
Italy,ITA,2019,1.259,Europe
Italy,ITA,2020,1.242,Europe
Italy,ITA,2021,1.252,Europe
Italy,ITA,2022,1.24,Europe
Italy,ITA,2023,1.198,Europe
Jamaica,JAM,1990,2.955,North America
Jamaica,JAM,1991,2.997,North America
Jamaica,JAM,1992,3.026,North America
Jamaica,JAM,1993,2.987,North America
Jamaica,JAM,1994,2.93,North America
Jamaica,JAM,1995,2.851,North America
Jamaica,JAM,1996,2.77,North America
Jamaica,JAM,1997,2.677,North America
Jamaica,JAM,1998,2.574,North America
Jamaica,JAM,1999,2.465,North America
Jamaica,JAM,2000,2.345,North America
Jamaica,JAM,2001,2.296,North America
Jamaica,JAM,2002,2.271,North America
Jamaica,JAM,2003,2.244,North America
Jamaica,JAM,2004,2.198,North America
Jamaica,JAM,2005,2.148,North America
Jamaica,JAM,2006,2.089,North America
Jamaica,JAM,2007,2.023,North America
Jamaica,JAM,2008,1.953,North America
Jamaica,JAM,2009,1.879,North America
Jamaica,JAM,2010,1.799,North America
Jamaica,JAM,2011,1.717,North America
Jamaica,JAM,2012,1.648,North America
Jamaica,JAM,2013,1.591,North America
Jamaica,JAM,2014,1.544,North America
Jamaica,JAM,2015,1.508,North America
Jamaica,JAM,2016,1.464,North America
Jamaica,JAM,2017,1.428,North America
Jamaica,JAM,2018,1.4,North America
Jamaica,JAM,2019,1.39,North America
Jamaica,JAM,2020,1.383,North America
Jamaica,JAM,2021,1.378,North America
Jamaica,JAM,2022,1.372,North America
Jamaica,JAM,2023,1.358,North America
Japan,JPN,1990,1.509,Asia
Japan,JPN,1991,1.504,Asia
Japan,JPN,1992,1.478,Asia
Japan,JPN,1993,1.44,Asia
Japan,JPN,1994,1.468,Asia
Japan,JPN,1995,1.407,Asia
Japan,JPN,1996,1.403,Asia
Japan,JPN,1997,1.376,Asia
Japan,JPN,1998,1.371,Asia
Japan,JPN,1999,1.34,Asia
Japan,JPN,2000,1.346,Asia
Japan,JPN,2001,1.325,Asia
Japan,JPN,2002,1.308,Asia
Japan,JPN,2003,1.285,Asia
Japan,JPN,2004,1.277,Asia
Japan,JPN,2005,1.245,Asia
Japan,JPN,2006,1.285,Asia
Japan,JPN,2007,1.305,Asia
Japan,JPN,2008,1.33,Asia
Japan,JPN,2009,1.333,Asia
Japan,JPN,2010,1.357,Asia
Japan,JPN,2011,1.363,Asia
Japan,JPN,2012,1.376,Asia
Japan,JPN,2013,1.389,Asia
Japan,JPN,2014,1.388,Asia
Japan,JPN,2015,1.415,Asia
Japan,JPN,2016,1.408,Asia
Japan,JPN,2017,1.39,Asia
Japan,JPN,2018,1.373,Asia
Japan,JPN,2019,1.323,Asia
Japan,JPN,2020,1.304,Asia
Japan,JPN,2021,1.275,Asia
Japan,JPN,2022,1.256,Asia
Japan,JPN,2023,1.208,Asia
Jersey,JEY,1990,1.452,
Jersey,JEY,1991,1.405,
Jersey,JEY,1992,1.469,
Jersey,JEY,1993,1.414,
Jersey,JEY,1994,1.496,
Jersey,JEY,1995,1.519,
Jersey,JEY,1996,1.535,
Jersey,JEY,1997,1.538,
Jersey,JEY,1998,1.531,
Jersey,JEY,1999,1.518,
Jersey,JEY,2000,1.508,
Jersey,JEY,2001,1.491,
Jersey,JEY,2002,1.477,
Jersey,JEY,2003,1.538,
Jersey,JEY,2004,1.515,
Jersey,JEY,2005,1.434,
Jersey,JEY,2006,1.44,
Jersey,JEY,2007,1.53,
Jersey,JEY,2008,1.563,
Jersey,JEY,2009,1.576,
Jersey,JEY,2010,1.593,
Jersey,JEY,2011,1.598,
Jersey,JEY,2012,1.595,
Jersey,JEY,2013,1.569,
Jersey,JEY,2014,1.552,
Jersey,JEY,2015,1.51,
Jersey,JEY,2016,1.468,
Jersey,JEY,2017,1.419,
Jersey,JEY,2018,1.385,
Jersey,JEY,2019,1.36,
Jersey,JEY,2020,1.337,
Jersey,JEY,2021,1.356,
Jersey,JEY,2022,1.365,
Jersey,JEY,2023,1.371,
Jordan,JOR,1990,5.544,Asia
Jordan,JOR,1991,5.33,Asia
Jordan,JOR,1992,5.137,Asia
Jordan,JOR,1993,4.972,Asia
Jordan,JOR,1994,4.819,Asia
Jordan,JOR,1995,4.676,Asia
Jordan,JOR,1996,4.508,Asia
Jordan,JOR,1997,4.318,Asia
Jordan,JOR,1998,4.112,Asia
Jordan,JOR,1999,3.971,Asia
Jordan,JOR,2000,3.864,Asia
Jordan,JOR,2001,3.803,Asia
Jordan,JOR,2002,3.805,Asia
Jordan,JOR,2003,3.816,Asia
Jordan,JOR,2004,3.729,Asia
Jordan,JOR,2005,3.653,Asia
Jordan,JOR,2006,3.711,Asia
Jordan,JOR,2007,3.797,Asia
Jordan,JOR,2008,3.876,Asia
Jordan,JOR,2009,3.841,Asia
Jordan,JOR,2010,3.78,Asia
Jordan,JOR,2011,3.69,Asia
Jordan,JOR,2012,3.568,Asia
Jordan,JOR,2013,3.449,Asia
Jordan,JOR,2014,3.302,Asia
Jordan,JOR,2015,3.141,Asia
Jordan,JOR,2016,3.072,Asia
Jordan,JOR,2017,2.994,Asia
Jordan,JOR,2018,2.923,Asia
Jordan,JOR,2019,2.855,Asia
Jordan,JOR,2020,2.791,Asia
Jordan,JOR,2021,2.735,Asia
Jordan,JOR,2022,2.679,Asia
Jordan,JOR,2023,2.639,Asia
Kazakhstan,KAZ,1990,2.745,Asia
Kazakhstan,KAZ,1991,2.677,Asia
Kazakhstan,KAZ,1992,2.584,Asia
Kazakhstan,KAZ,1993,2.483,Asia
Kazakhstan,KAZ,1994,2.378,Asia
Kazakhstan,KAZ,1995,2.253,Asia
Kazakhstan,KAZ,1996,2.084,Asia
Kazakhstan,KAZ,1997,1.97,Asia
Kazakhstan,KAZ,1998,1.938,Asia
Kazakhstan,KAZ,1999,1.902,Asia
Kazakhstan,KAZ,2000,1.898,Asia
Kazakhstan,KAZ,2001,1.906,Asia
Kazakhstan,KAZ,2002,1.956,Asia
Kazakhstan,KAZ,2003,2.075,Asia
Kazakhstan,KAZ,2004,2.201,Asia
Kazakhstan,KAZ,2005,2.274,Asia
Kazakhstan,KAZ,2006,2.38,Asia
Kazakhstan,KAZ,2007,2.49,Asia
Kazakhstan,KAZ,2008,2.616,Asia
Kazakhstan,KAZ,2009,2.58,Asia
Kazakhstan,KAZ,2010,2.61,Asia
Kazakhstan,KAZ,2011,2.605,Asia
Kazakhstan,KAZ,2012,2.64,Asia
Kazakhstan,KAZ,2013,2.67,Asia
Kazakhstan,KAZ,2014,2.76,Asia
Kazakhstan,KAZ,2015,2.755,Asia
Kazakhstan,KAZ,2016,2.795,Asia
Kazakhstan,KAZ,2017,2.745,Asia
Kazakhstan,KAZ,2018,2.845,Asia
Kazakhstan,KAZ,2019,2.89,Asia
Kazakhstan,KAZ,2020,3.13,Asia
Kazakhstan,KAZ,2021,3.32,Asia
Kazakhstan,KAZ,2022,3.05,Asia
Kazakhstan,KAZ,2023,3.012,Asia
Kenya,KEN,1990,6.135,Africa
Kenya,KEN,1991,5.94,Africa
Kenya,KEN,1992,5.74,Africa
Kenya,KEN,1993,5.569,Africa
Kenya,KEN,1994,5.438,Africa
Kenya,KEN,1995,5.372,Africa
Kenya,KEN,1996,5.307,Africa
Kenya,KEN,1997,5.268,Africa
Kenya,KEN,1998,5.244,Africa
Kenya,KEN,1999,5.177,Africa
Kenya,KEN,2000,5.136,Africa
Kenya,KEN,2001,5.094,Africa
Kenya,KEN,2002,5.027,Africa
Kenya,KEN,2003,4.937,Africa
Kenya,KEN,2004,4.861,Africa
Kenya,KEN,2005,4.801,Africa
Kenya,KEN,2006,4.754,Africa
Kenya,KEN,2007,4.718,Africa
Kenya,KEN,2008,4.66,Africa
Kenya,KEN,2009,4.567,Africa
Kenya,KEN,2010,4.446,Africa
Kenya,KEN,2011,4.284,Africa
Kenya,KEN,2012,4.116,Africa
Kenya,KEN,2013,3.955,Africa
Kenya,KEN,2014,3.843,Africa
Kenya,KEN,2015,3.766,Africa
Kenya,KEN,2016,3.689,Africa
Kenya,KEN,2017,3.609,Africa
Kenya,KEN,2018,3.536,Africa
Kenya,KEN,2019,3.433,Africa
Kenya,KEN,2020,3.364,Africa
Kenya,KEN,2021,3.312,Africa
Kenya,KEN,2022,3.262,Africa
Kenya,KEN,2023,3.208,Africa
Kiribati,KIR,1990,4.668,Oceania
Kiribati,KIR,1991,4.642,Oceania
Kiribati,KIR,1992,4.568,Oceania
Kiribati,KIR,1993,4.487,Oceania
Kiribati,KIR,1994,4.442,Oceania
Kiribati,KIR,1995,4.419,Oceania
Kiribati,KIR,1996,4.425,Oceania
Kiribati,KIR,1997,4.368,Oceania
Kiribati,KIR,1998,4.29,Oceania
Kiribati,KIR,1999,4.185,Oceania
Kiribati,KIR,2000,4.071,Oceania
Kiribati,KIR,2001,3.957,Oceania
Kiribati,KIR,2002,3.814,Oceania
Kiribati,KIR,2003,3.702,Oceania
Kiribati,KIR,2004,3.734,Oceania
Kiribati,KIR,2005,3.76,Oceania
Kiribati,KIR,2006,3.815,Oceania
Kiribati,KIR,2007,3.865,Oceania
Kiribati,KIR,2008,3.899,Oceania
Kiribati,KIR,2009,3.905,Oceania
Kiribati,KIR,2010,3.898,Oceania
Kiribati,KIR,2011,3.878,Oceania
Kiribati,KIR,2012,3.768,Oceania
Kiribati,KIR,2013,3.643,Oceania
Kiribati,KIR,2014,3.521,Oceania
Kiribati,KIR,2015,3.438,Oceania
Kiribati,KIR,2016,3.375,Oceania
Kiribati,KIR,2017,3.339,Oceania
Kiribati,KIR,2018,3.318,Oceania
Kiribati,KIR,2019,3.29,Oceania
Kiribati,KIR,2020,3.254,Oceania
Kiribati,KIR,2021,3.219,Oceania
Kiribati,KIR,2022,3.182,Oceania
Kiribati,KIR,2023,3.147,Oceania
Kosovo,OWID_KOS,1990,3.666,Europe
Kosovo,OWID_KOS,1991,3.373,Europe
Kosovo,OWID_KOS,1992,2.765,Europe
Kosovo,OWID_KOS,1993,2.65,Europe
Kosovo,OWID_KOS,1994,2.524,Europe
Kosovo,OWID_KOS,1995,2.524,Europe
Kosovo,OWID_KOS,1996,2.536,Europe
Kosovo,OWID_KOS,1997,2.312,Europe
Kosovo,OWID_KOS,1998,2.35,Europe
Kosovo,OWID_KOS,1999,2.634,Europe
Kosovo,OWID_KOS,2000,2.698,Europe
Kosovo,OWID_KOS,2001,2.765,Europe
Kosovo,OWID_KOS,2002,2.791,Europe
Kosovo,OWID_KOS,2003,2.67,Europe
Kosovo,OWID_KOS,2004,2.65,Europe
Kosovo,OWID_KOS,2005,2.623,Europe
Kosovo,OWID_KOS,2006,2.494,Europe
Kosovo,OWID_KOS,2007,2.393,Europe
Kosovo,OWID_KOS,2008,2.359,Europe
Kosovo,OWID_KOS,2009,2.317,Europe
Kosovo,OWID_KOS,2010,2.223,Europe
Kosovo,OWID_KOS,2011,2.038,Europe
Kosovo,OWID_KOS,2012,1.969,Europe
Kosovo,OWID_KOS,2013,1.953,Europe
Kosovo,OWID_KOS,2014,1.87,Europe
Kosovo,OWID_KOS,2015,1.763,Europe
Kosovo,OWID_KOS,2016,1.641,Europe
Kosovo,OWID_KOS,2017,1.618,Europe
Kosovo,OWID_KOS,2018,1.581,Europe
Kosovo,OWID_KOS,2019,1.575,Europe
Kosovo,OWID_KOS,2020,1.567,Europe
Kosovo,OWID_KOS,2021,1.561,Europe
Kosovo,OWID_KOS,2022,1.555,Europe
Kosovo,OWID_KOS,2023,1.545,Europe
Kuwait,KWT,1990,3.487,Asia
Kuwait,KWT,1991,3.398,Asia
Kuwait,KWT,1992,3.353,Asia
Kuwait,KWT,1993,3.313,Asia
Kuwait,KWT,1994,3.272,Asia
Kuwait,KWT,1995,3.248,Asia
Kuwait,KWT,1996,3.223,Asia
Kuwait,KWT,1997,3.135,Asia
Kuwait,KWT,1998,3.039,Asia
Kuwait,KWT,1999,2.952,Asia
Kuwait,KWT,2000,2.887,Asia
Kuwait,KWT,2001,2.839,Asia
Kuwait,KWT,2002,2.795,Asia
Kuwait,KWT,2003,2.771,Asia
Kuwait,KWT,2004,2.762,Asia
Kuwait,KWT,2005,2.731,Asia
Kuwait,KWT,2006,2.589,Asia
Kuwait,KWT,2007,2.412,Asia
Kuwait,KWT,2008,2.266,Asia
Kuwait,KWT,2009,2.155,Asia
Kuwait,KWT,2010,2.044,Asia
Kuwait,KWT,2011,1.956,Asia
Kuwait,KWT,2012,1.99,Asia
Kuwait,KWT,2013,1.968,Asia
Kuwait,KWT,2014,2.06,Asia
Kuwait,KWT,2015,2.03,Asia
Kuwait,KWT,2016,2.061,Asia
Kuwait,KWT,2017,2.16,Asia
Kuwait,KWT,2018,2.118,Asia
Kuwait,KWT,2019,2.087,Asia
Kuwait,KWT,2020,2.099,Asia
Kuwait,KWT,2021,1.82,Asia
Kuwait,KWT,2022,1.547,Asia
Kuwait,KWT,2023,1.525,Asia
Kyrgyzstan,KGZ,1990,3.798,Asia
Kyrgyzstan,KGZ,1991,3.737,Asia
Kyrgyzstan,KGZ,1992,3.637,Asia
Kyrgyzstan,KGZ,1993,3.41,Asia
Kyrgyzstan,KGZ,1994,3.283,Asia
Kyrgyzstan,KGZ,1995,3.291,Asia
Kyrgyzstan,KGZ,1996,3.092,Asia
Kyrgyzstan,KGZ,1997,2.88,Asia
Kyrgyzstan,KGZ,1998,2.795,Asia
Kyrgyzstan,KGZ,1999,2.714,Asia
Kyrgyzstan,KGZ,2000,2.576,Asia
Kyrgyzstan,KGZ,2001,2.546,Asia
Kyrgyzstan,KGZ,2002,2.566,Asia
Kyrgyzstan,KGZ,2003,2.595,Asia
Kyrgyzstan,KGZ,2004,2.631,Asia
Kyrgyzstan,KGZ,2005,2.645,Asia
Kyrgyzstan,KGZ,2006,2.744,Asia
Kyrgyzstan,KGZ,2007,2.781,Asia
Kyrgyzstan,KGZ,2008,2.838,Asia
Kyrgyzstan,KGZ,2009,2.955,Asia
Kyrgyzstan,KGZ,2010,3.096,Asia
Kyrgyzstan,KGZ,2011,3.14,Asia
Kyrgyzstan,KGZ,2012,3.183,Asia
Kyrgyzstan,KGZ,2013,3.15,Asia
Kyrgyzstan,KGZ,2014,3.21,Asia
Kyrgyzstan,KGZ,2015,3.208,Asia
Kyrgyzstan,KGZ,2016,3.104,Asia
Kyrgyzstan,KGZ,2017,3.044,Asia
Kyrgyzstan,KGZ,2018,3.28,Asia
Kyrgyzstan,KGZ,2019,3.33,Asia
Kyrgyzstan,KGZ,2020,3.05,Asia
Kyrgyzstan,KGZ,2021,2.89,Asia
Kyrgyzstan,KGZ,2022,2.81,Asia
Kyrgyzstan,KGZ,2023,2.8,Asia
Laos,LAO,1990,6.057,Asia
Laos,LAO,1991,5.986,Asia
Laos,LAO,1992,5.9,Asia
Laos,LAO,1993,5.798,Asia
Laos,LAO,1994,5.598,Asia
Laos,LAO,1995,5.355,Asia
Laos,LAO,1996,5.148,Asia
Laos,LAO,1997,4.961,Asia
Laos,LAO,1998,4.792,Asia
Laos,LAO,1999,4.639,Asia
Laos,LAO,2000,4.429,Asia
Laos,LAO,2001,4.29,Asia
Laos,LAO,2002,4.132,Asia
Laos,LAO,2003,4.024,Asia
Laos,LAO,2004,3.898,Asia
Laos,LAO,2005,3.685,Asia
Laos,LAO,2006,3.559,Asia
Laos,LAO,2007,3.438,Asia
Laos,LAO,2008,3.331,Asia
Laos,LAO,2009,3.229,Asia
Laos,LAO,2010,3.137,Asia
Laos,LAO,2011,3.049,Asia
Laos,LAO,2012,2.953,Asia
Laos,LAO,2013,2.872,Asia
Laos,LAO,2014,2.802,Asia
Laos,LAO,2015,2.796,Asia
Laos,LAO,2016,2.744,Asia
Laos,LAO,2017,2.691,Asia
Laos,LAO,2018,2.633,Asia
Laos,LAO,2019,2.589,Asia
Laos,LAO,2020,2.535,Asia
Laos,LAO,2021,2.494,Asia
Laos,LAO,2022,2.455,Asia
Laos,LAO,2023,2.421,Asia
Latin America and the Caribbean (UN),UN_LAC,1990,3.242,
Latin America and the Caribbean (UN),UN_LAC,1991,3.169,
Latin America and the Caribbean (UN),UN_LAC,1992,3.095,
Latin America and the Caribbean (UN),UN_LAC,1993,3.038,
Latin America and the Caribbean (UN),UN_LAC,1994,2.977,
Latin America and the Caribbean (UN),UN_LAC,1995,2.917,
Latin America and the Caribbean (UN),UN_LAC,1996,2.85,
Latin America and the Caribbean (UN),UN_LAC,1997,2.794,
Latin America and the Caribbean (UN),UN_LAC,1998,2.739,
Latin America and the Caribbean (UN),UN_LAC,1999,2.674,
Latin America and the Caribbean (UN),UN_LAC,2000,2.609,
Latin America and the Caribbean (UN),UN_LAC,2001,2.543,
Latin America and the Caribbean (UN),UN_LAC,2002,2.482,
Latin America and the Caribbean (UN),UN_LAC,2003,2.423,
Latin America and the Caribbean (UN),UN_LAC,2004,2.381,
Latin America and the Caribbean (UN),UN_LAC,2005,2.342,
Latin America and the Caribbean (UN),UN_LAC,2006,2.297,
Latin America and the Caribbean (UN),UN_LAC,2007,2.259,
Latin America and the Caribbean (UN),UN_LAC,2008,2.232,
Latin America and the Caribbean (UN),UN_LAC,2009,2.208,
Latin America and the Caribbean (UN),UN_LAC,2010,2.181,
Latin America and the Caribbean (UN),UN_LAC,2011,2.164,
Latin America and the Caribbean (UN),UN_LAC,2012,2.135,
Latin America and the Caribbean (UN),UN_LAC,2013,2.113,
Latin America and the Caribbean (UN),UN_LAC,2014,2.096,
Latin America and the Caribbean (UN),UN_LAC,2015,2.066,
Latin America and the Caribbean (UN),UN_LAC,2016,2.015,
Latin America and the Caribbean (UN),UN_LAC,2017,1.991,
Latin America and the Caribbean (UN),UN_LAC,2018,1.973,
Latin America and the Caribbean (UN),UN_LAC,2019,1.928,
Latin America and the Caribbean (UN),UN_LAC,2020,1.869,
Latin America and the Caribbean (UN),UN_LAC,2021,1.845,
Latin America and the Caribbean (UN),UN_LAC,2022,1.824,
Latin America and the Caribbean (UN),UN_LAC,2023,1.807,
Latvia,LVA,1990,1.987,Europe
Latvia,LVA,1991,1.844,Europe
Latvia,LVA,1992,1.72,Europe
Latvia,LVA,1993,1.503,Europe
Latvia,LVA,1994,1.384,Europe
Latvia,LVA,1995,1.252,Europe
Latvia,LVA,1996,1.161,Europe
Latvia,LVA,1997,1.117,Europe
Latvia,LVA,1998,1.104,Europe
Latvia,LVA,1999,1.171,Europe
Latvia,LVA,2000,1.244,Europe
Latvia,LVA,2001,1.223,Europe
Latvia,LVA,2002,1.258,Europe
Latvia,LVA,2003,1.322,Europe
Latvia,LVA,2004,1.297,Europe
Latvia,LVA,2005,1.389,Europe
Latvia,LVA,2006,1.464,Europe
Latvia,LVA,2007,1.542,Europe
Latvia,LVA,2008,1.585,Europe
Latvia,LVA,2009,1.472,Europe
Latvia,LVA,2010,1.367,Europe
Latvia,LVA,2011,1.343,Europe
Latvia,LVA,2012,1.444,Europe
Latvia,LVA,2013,1.527,Europe
Latvia,LVA,2014,1.646,Europe
Latvia,LVA,2015,1.706,Europe
Latvia,LVA,2016,1.742,Europe
Latvia,LVA,2017,1.698,Europe
Latvia,LVA,2018,1.612,Europe
Latvia,LVA,2019,1.609,Europe
Latvia,LVA,2020,1.546,Europe
Latvia,LVA,2021,1.572,Europe
Latvia,LVA,2022,1.47,Europe
Latvia,LVA,2023,1.338,Europe
Least developed countries,,1990,5.943,
Least developed countries,,1991,5.853,
Least developed countries,,1992,5.767,
Least developed countries,,1993,5.694,
Least developed countries,,1994,5.631,
Least developed countries,,1995,5.56,
Least developed countries,,1996,5.487,
Least developed countries,,1997,5.433,
Least developed countries,,1998,5.364,
Least developed countries,,1999,5.3,
Least developed countries,,2000,5.234,
Least developed countries,,2001,5.164,
Least developed countries,,2002,5.096,
Least developed countries,,2003,5.028,
Least developed countries,,2004,4.965,
Least developed countries,,2005,4.902,
Least developed countries,,2006,4.838,
Least developed countries,,2007,4.771,
Least developed countries,,2008,4.703,
Least developed countries,,2009,4.638,
Least developed countries,,2010,4.563,
Least developed countries,,2011,4.491,
Least developed countries,,2012,4.431,
Least developed countries,,2013,4.378,
Least developed countries,,2014,4.33,
Least developed countries,,2015,4.289,
Least developed countries,,2016,4.251,
Least developed countries,,2017,4.209,
Least developed countries,,2018,4.168,
Least developed countries,,2019,4.125,
Least developed countries,,2020,4.077,
Least developed countries,,2021,4.029,
Least developed countries,,2022,3.984,
Least developed countries,,2023,3.936,
Lebanon,LBN,1990,3.268,Asia
Lebanon,LBN,1991,3.162,Asia
Lebanon,LBN,1992,3.052,Asia
Lebanon,LBN,1993,2.937,Asia
Lebanon,LBN,1994,2.823,Asia
Lebanon,LBN,1995,2.725,Asia
Lebanon,LBN,1996,2.698,Asia
Lebanon,LBN,1997,2.667,Asia
Lebanon,LBN,1998,2.648,Asia
Lebanon,LBN,1999,2.631,Asia
Lebanon,LBN,2000,2.6,Asia
Lebanon,LBN,2001,2.576,Asia
Lebanon,LBN,2002,2.523,Asia
Lebanon,LBN,2003,2.457,Asia
Lebanon,LBN,2004,2.378,Asia
Lebanon,LBN,2005,2.291,Asia
Lebanon,LBN,2006,2.244,Asia
Lebanon,LBN,2007,2.201,Asia
Lebanon,LBN,2008,2.172,Asia
Lebanon,LBN,2009,2.191,Asia
Lebanon,LBN,2010,2.256,Asia
Lebanon,LBN,2011,2.32,Asia
Lebanon,LBN,2012,2.345,Asia
Lebanon,LBN,2013,2.361,Asia
Lebanon,LBN,2014,2.375,Asia
Lebanon,LBN,2015,2.382,Asia
Lebanon,LBN,2016,2.39,Asia
Lebanon,LBN,2017,2.372,Asia
Lebanon,LBN,2018,2.347,Asia
Lebanon,LBN,2019,2.327,Asia
Lebanon,LBN,2020,2.308,Asia
Lebanon,LBN,2021,2.283,Asia
Lebanon,LBN,2022,2.263,Asia
Lebanon,LBN,2023,2.239,Asia
Lesotho,LSO,1990,4.813,Africa
Lesotho,LSO,1991,4.681,Africa
Lesotho,LSO,1992,4.541,Africa
Lesotho,LSO,1993,4.365,Africa
Lesotho,LSO,1994,4.21,Africa
Lesotho,LSO,1995,4.125,Africa
Lesotho,LSO,1996,4.058,Africa
Lesotho,LSO,1997,3.982,Africa
Lesotho,LSO,1998,3.815,Africa
Lesotho,LSO,1999,3.67,Africa
Lesotho,LSO,2000,3.605,Africa
Lesotho,LSO,2001,3.63,Africa
Lesotho,LSO,2002,3.682,Africa
Lesotho,LSO,2003,3.619,Africa
Lesotho,LSO,2004,3.508,Africa
Lesotho,LSO,2005,3.428,Africa
Lesotho,LSO,2006,3.414,Africa
Lesotho,LSO,2007,3.442,Africa
Lesotho,LSO,2008,3.392,Africa
Lesotho,LSO,2009,3.309,Africa
Lesotho,LSO,2010,3.25,Africa
Lesotho,LSO,2011,3.343,Africa
Lesotho,LSO,2012,3.296,Africa
Lesotho,LSO,2013,3.283,Africa
Lesotho,LSO,2014,3.239,Africa
Lesotho,LSO,2015,3.217,Africa
Lesotho,LSO,2016,3.18,Africa
Lesotho,LSO,2017,3.105,Africa
Lesotho,LSO,2018,3.016,Africa
Lesotho,LSO,2019,2.924,Africa
Lesotho,LSO,2020,2.846,Africa
Lesotho,LSO,2021,2.769,Africa
Lesotho,LSO,2022,2.716,Africa
Lesotho,LSO,2023,2.694,Africa
Less developed regions,,1990,3.711,
Less developed regions,,1991,3.486,
Less developed regions,,1992,3.382,
Less developed regions,,1993,3.308,
Less developed regions,,1994,3.247,
Less developed regions,,1995,3.191,
Less developed regions,,1996,3.133,
Less developed regions,,1997,3.084,
Less developed regions,,1998,3.039,
Less developed regions,,1999,3.004,
Less developed regions,,2000,2.999,
Less developed regions,,2001,2.949,
Less developed regions,,2002,2.907,
Less developed regions,,2003,2.87,
Less developed regions,,2004,2.849,
Less developed regions,,2005,2.825,
Less developed regions,,2006,2.808,
Less developed regions,,2007,2.795,
Less developed regions,,2008,2.79,
Less developed regions,,2009,2.783,
Less developed regions,,2010,2.759,
Less developed regions,,2011,2.743,
Less developed regions,,2012,2.759,
Less developed regions,,2013,2.719,
Less developed regions,,2014,2.705,
Less developed regions,,2015,2.673,
Less developed regions,,2016,2.671,
Less developed regions,,2017,2.64,
Less developed regions,,2018,2.566,
Less developed regions,,2019,2.524,
Less developed regions,,2020,2.441,
Less developed regions,,2021,2.402,
Less developed regions,,2022,2.376,
Less developed regions,,2023,2.361,
"Less developed regions, excluding China",,1990,4.248,
"Less developed regions, excluding China",,1991,4.166,
"Less developed regions, excluding China",,1992,4.076,
"Less developed regions, excluding China",,1993,3.995,
"Less developed regions, excluding China",,1994,3.92,
"Less developed regions, excluding China",,1995,3.845,
"Less developed regions, excluding China",,1996,3.768,
"Less developed regions, excluding China",,1997,3.701,
"Less developed regions, excluding China",,1998,3.633,
"Less developed regions, excluding China",,1999,3.575,
"Less developed regions, excluding China",,2000,3.527,
"Less developed regions, excluding China",,2001,3.473,
"Less developed regions, excluding China",,2002,3.409,
"Less developed regions, excluding China",,2003,3.354,
"Less developed regions, excluding China",,2004,3.308,
"Less developed regions, excluding China",,2005,3.264,
"Less developed regions, excluding China",,2006,3.228,
"Less developed regions, excluding China",,2007,3.192,
"Less developed regions, excluding China",,2008,3.163,
"Less developed regions, excluding China",,2009,3.138,
"Less developed regions, excluding China",,2010,3.102,
"Less developed regions, excluding China",,2011,3.073,
"Less developed regions, excluding China",,2012,3.043,
"Less developed regions, excluding China",,2013,3.003,
"Less developed regions, excluding China",,2014,2.961,
"Less developed regions, excluding China",,2015,2.938,
"Less developed regions, excluding China",,2016,2.902,
"Less developed regions, excluding China",,2017,2.851,
"Less developed regions, excluding China",,2018,2.816,
"Less developed regions, excluding China",,2019,2.767,
"Less developed regions, excluding China",,2020,2.718,
"Less developed regions, excluding China",,2021,2.689,
"Less developed regions, excluding China",,2022,2.667,
"Less developed regions, excluding China",,2023,2.649,
"Less developed regions, excluding least developed countries",,1990,3.428,
"Less developed regions, excluding least developed countries",,1991,3.186,
"Less developed regions, excluding least developed countries",,1992,3.078,
"Less developed regions, excluding least developed countries",,1993,3.001,
"Less developed regions, excluding least developed countries",,1994,2.936,
"Less developed regions, excluding least developed countries",,1995,2.88,
"Less developed regions, excluding least developed countries",,1996,2.821,
"Less developed regions, excluding least developed countries",,1997,2.771,
"Less developed regions, excluding least developed countries",,1998,2.726,
"Less developed regions, excluding least developed countries",,1999,2.691,
"Less developed regions, excluding least developed countries",,2000,2.692,
"Less developed regions, excluding least developed countries",,2001,2.642,
"Less developed regions, excluding least developed countries",,2002,2.599,
"Less developed regions, excluding least developed countries",,2003,2.563,
"Less developed regions, excluding least developed countries",,2004,2.544,
"Less developed regions, excluding least developed countries",,2005,2.521,
"Less developed regions, excluding least developed countries",,2006,2.507,
"Less developed regions, excluding least developed countries",,2007,2.497,
"Less developed regions, excluding least developed countries",,2008,2.497,
"Less developed regions, excluding least developed countries",,2009,2.493,
"Less developed regions, excluding least developed countries",,2010,2.471,
"Less developed regions, excluding least developed countries",,2011,2.458,
"Less developed regions, excluding least developed countries",,2012,2.481,
"Less developed regions, excluding least developed countries",,2013,2.436,
"Less developed regions, excluding least developed countries",,2014,2.421,
"Less developed regions, excluding least developed countries",,2015,2.382,
"Less developed regions, excluding least developed countries",,2016,2.379,
"Less developed regions, excluding least developed countries",,2017,2.343,
"Less developed regions, excluding least developed countries",,2018,2.256,
"Less developed regions, excluding least developed countries",,2019,2.207,
"Less developed regions, excluding least developed countries",,2020,2.109,
"Less developed regions, excluding least developed countries",,2021,2.064,
"Less developed regions, excluding least developed countries",,2022,2.034,
"Less developed regions, excluding least developed countries",,2023,2.02,
Liberia,LBR,1990,6.37,Africa
Liberia,LBR,1991,6.323,Africa
Liberia,LBR,1992,6.277,Africa
Liberia,LBR,1993,6.246,Africa
Liberia,LBR,1994,6.21,Africa
Liberia,LBR,1995,6.173,Africa
Liberia,LBR,1996,6.129,Africa
Liberia,LBR,1997,6.079,Africa
Liberia,LBR,1998,6.017,Africa
Liberia,LBR,1999,5.953,Africa
Liberia,LBR,2000,5.875,Africa
Liberia,LBR,2001,5.774,Africa
Liberia,LBR,2002,5.653,Africa
Liberia,LBR,2003,5.547,Africa
Liberia,LBR,2004,5.506,Africa
Liberia,LBR,2005,5.519,Africa
Liberia,LBR,2006,5.53,Africa
Liberia,LBR,2007,5.462,Africa
Liberia,LBR,2008,5.328,Africa
Liberia,LBR,2009,5.174,Africa
Liberia,LBR,2010,5.058,Africa
Liberia,LBR,2011,4.97,Africa
Liberia,LBR,2012,4.881,Africa
Liberia,LBR,2013,4.749,Africa
Liberia,LBR,2014,4.622,Africa
Liberia,LBR,2015,4.523,Africa
Liberia,LBR,2016,4.461,Africa
Liberia,LBR,2017,4.396,Africa
Liberia,LBR,2018,4.336,Africa
Liberia,LBR,2019,4.257,Africa
Liberia,LBR,2020,4.174,Africa
Liberia,LBR,2021,4.089,Africa
Liberia,LBR,2022,4.016,Africa
Liberia,LBR,2023,3.95,Africa
Libya,LBY,1990,4.776,Africa
Libya,LBY,1991,4.461,Africa
Libya,LBY,1992,4.162,Africa
Libya,LBY,1993,3.883,Africa
Libya,LBY,1994,3.649,Africa
Libya,LBY,1995,3.442,Africa
Libya,LBY,1996,3.256,Africa
Libya,LBY,1997,3.132,Africa
Libya,LBY,1998,3.043,Africa
Libya,LBY,1999,2.972,Africa
Libya,LBY,2000,2.906,Africa
Libya,LBY,2001,2.866,Africa
Libya,LBY,2002,2.831,Africa
Libya,LBY,2003,2.797,Africa
Libya,LBY,2004,2.773,Africa
Libya,LBY,2005,2.765,Africa
Libya,LBY,2006,2.699,Africa
Libya,LBY,2007,2.648,Africa
Libya,LBY,2008,2.599,Africa
Libya,LBY,2009,2.556,Africa
Libya,LBY,2010,2.603,Africa
Libya,LBY,2011,2.646,Africa
Libya,LBY,2012,2.68,Africa
Libya,LBY,2013,2.716,Africa
Libya,LBY,2014,2.754,Africa
Libya,LBY,2015,2.711,Africa
Libya,LBY,2016,2.673,Africa
Libya,LBY,2017,2.626,Africa
Libya,LBY,2018,2.581,Africa
Libya,LBY,2019,2.539,Africa
Libya,LBY,2020,2.507,Africa
Libya,LBY,2021,2.462,Africa
Libya,LBY,2022,2.402,Africa
Libya,LBY,2023,2.355,Africa
Liechtenstein,LIE,1990,1.501,
Liechtenstein,LIE,1991,1.5,
Liechtenstein,LIE,1992,1.477,
Liechtenstein,LIE,1993,1.454,
Liechtenstein,LIE,1994,1.442,
Liechtenstein,LIE,1995,1.435,
Liechtenstein,LIE,1996,1.516,
Liechtenstein,LIE,1997,1.569,
Liechtenstein,LIE,1998,1.586,
Liechtenstein,LIE,1999,1.604,
Liechtenstein,LIE,2000,1.573,
Liechtenstein,LIE,2001,1.524,
Liechtenstein,LIE,2002,1.468,
Liechtenstein,LIE,2003,1.373,
Liechtenstein,LIE,2004,1.439,
Liechtenstein,LIE,2005,1.487,
Liechtenstein,LIE,2006,1.428,
Liechtenstein,LIE,2007,1.421,
Liechtenstein,LIE,2008,1.442,
Liechtenstein,LIE,2009,1.68,
Liechtenstein,LIE,2010,1.435,
Liechtenstein,LIE,2011,1.662,
Liechtenstein,LIE,2012,1.514,
Liechtenstein,LIE,2013,1.462,
Liechtenstein,LIE,2014,1.57,
Liechtenstein,LIE,2015,1.425,
Liechtenstein,LIE,2016,1.59,
Liechtenstein,LIE,2017,1.458,
Liechtenstein,LIE,2018,1.564,
Liechtenstein,LIE,2019,1.483,
Liechtenstein,LIE,2020,1.461,
Liechtenstein,LIE,2021,1.523,
Liechtenstein,LIE,2022,1.529,
Liechtenstein,LIE,2023,1.537,
Lithuania,LTU,1990,2.031,Europe
Lithuania,LTU,1991,2.013,Europe
Lithuania,LTU,1992,1.97,Europe
Lithuania,LTU,1993,1.741,Europe
Lithuania,LTU,1994,1.577,Europe
Lithuania,LTU,1995,1.552,Europe
Lithuania,LTU,1996,1.495,Europe
Lithuania,LTU,1997,1.468,Europe
Lithuania,LTU,1998,1.458,Europe
Lithuania,LTU,1999,1.456,Europe
Lithuania,LTU,2000,1.383,Europe
Lithuania,LTU,2001,1.281,Europe
Lithuania,LTU,2002,1.231,Europe
Lithuania,LTU,2003,1.26,Europe
Lithuania,LTU,2004,1.271,Europe
Lithuania,LTU,2005,1.291,Europe
Lithuania,LTU,2006,1.322,Europe
Lithuania,LTU,2007,1.359,Europe
Lithuania,LTU,2008,1.444,Europe
Lithuania,LTU,2009,1.499,Europe
Lithuania,LTU,2010,1.499,Europe
Lithuania,LTU,2011,1.548,Europe
Lithuania,LTU,2012,1.591,Europe
Lithuania,LTU,2013,1.583,Europe
Lithuania,LTU,2014,1.628,Europe
Lithuania,LTU,2015,1.705,Europe
Lithuania,LTU,2016,1.692,Europe
Lithuania,LTU,2017,1.633,Europe
Lithuania,LTU,2018,1.635,Europe
Lithuania,LTU,2019,1.61,Europe
Lithuania,LTU,2020,1.487,Europe
Lithuania,LTU,2021,1.359,Europe
Lithuania,LTU,2022,1.27,Europe
Lithuania,LTU,2023,1.201,Europe
Low-income countries,OWID_LIC,1990,6.484,
Low-income countries,OWID_LIC,1991,6.448,
Low-income countries,OWID_LIC,1992,6.414,
Low-income countries,OWID_LIC,1993,6.383,
Low-income countries,OWID_LIC,1994,6.348,
Low-income countries,OWID_LIC,1995,6.315,
Low-income countries,OWID_LIC,1996,6.257,
Low-income countries,OWID_LIC,1997,6.212,
Low-income countries,OWID_LIC,1998,6.165,
Low-income countries,OWID_LIC,1999,6.116,
Low-income countries,OWID_LIC,2000,6.065,
Low-income countries,OWID_LIC,2001,6.001,
Low-income countries,OWID_LIC,2002,5.936,
Low-income countries,OWID_LIC,2003,5.874,
Low-income countries,OWID_LIC,2004,5.817,
Low-income countries,OWID_LIC,2005,5.758,
Low-income countries,OWID_LIC,2006,5.701,
Low-income countries,OWID_LIC,2007,5.631,
Low-income countries,OWID_LIC,2008,5.56,
Low-income countries,OWID_LIC,2009,5.494,
Low-income countries,OWID_LIC,2010,5.413,
Low-income countries,OWID_LIC,2011,5.322,
Low-income countries,OWID_LIC,2012,5.24,
Low-income countries,OWID_LIC,2013,5.164,
Low-income countries,OWID_LIC,2014,5.106,
Low-income countries,OWID_LIC,2015,5.053,
Low-income countries,OWID_LIC,2016,4.995,
Low-income countries,OWID_LIC,2017,4.936,
Low-income countries,OWID_LIC,2018,4.878,
Low-income countries,OWID_LIC,2019,4.813,
Low-income countries,OWID_LIC,2020,4.742,
Low-income countries,OWID_LIC,2021,4.67,
Low-income countries,OWID_LIC,2022,4.602,
Low-income countries,OWID_LIC,2023,4.532,
Lower-middle-income countries,OWID_LMC,1990,4.463,
Lower-middle-income countries,OWID_LMC,1991,4.366,
Lower-middle-income countries,OWID_LMC,1992,4.256,
Lower-middle-income countries,OWID_LMC,1993,4.15,
Lower-middle-income countries,OWID_LMC,1994,4.055,
Lower-middle-income countries,OWID_LMC,1995,3.958,
Lower-middle-income countries,OWID_LMC,1996,3.866,
Lower-middle-income countries,OWID_LMC,1997,3.786,
Lower-middle-income countries,OWID_LMC,1998,3.708,
Lower-middle-income countries,OWID_LMC,1999,3.646,
Lower-middle-income countries,OWID_LMC,2000,3.602,
Lower-middle-income countries,OWID_LMC,2001,3.55,
Lower-middle-income countries,OWID_LMC,2002,3.479,
Lower-middle-income countries,OWID_LMC,2003,3.41,
Lower-middle-income countries,OWID_LMC,2004,3.347,
Lower-middle-income countries,OWID_LMC,2005,3.284,
Lower-middle-income countries,OWID_LMC,2006,3.236,
Lower-middle-income countries,OWID_LMC,2007,3.186,
Lower-middle-income countries,OWID_LMC,2008,3.154,
Lower-middle-income countries,OWID_LMC,2009,3.127,
Lower-middle-income countries,OWID_LMC,2010,3.078,
Lower-middle-income countries,OWID_LMC,2011,3.034,
Lower-middle-income countries,OWID_LMC,2012,2.996,
Lower-middle-income countries,OWID_LMC,2013,2.954,
Lower-middle-income countries,OWID_LMC,2014,2.897,
Lower-middle-income countries,OWID_LMC,2015,2.88,
Lower-middle-income countries,OWID_LMC,2016,2.849,
Lower-middle-income countries,OWID_LMC,2017,2.783,
Lower-middle-income countries,OWID_LMC,2018,2.741,
Lower-middle-income countries,OWID_LMC,2019,2.683,
Lower-middle-income countries,OWID_LMC,2020,2.627,
Lower-middle-income countries,OWID_LMC,2021,2.594,
Lower-middle-income countries,OWID_LMC,2022,2.571,
Lower-middle-income countries,OWID_LMC,2023,2.554,
Luxembourg,LUX,1990,1.602,Europe
Luxembourg,LUX,1991,1.613,Europe
Luxembourg,LUX,1992,1.651,Europe
Luxembourg,LUX,1993,1.706,Europe
Luxembourg,LUX,1994,1.725,Europe
Luxembourg,LUX,1995,1.705,Europe
Luxembourg,LUX,1996,1.768,Europe
Luxembourg,LUX,1997,1.719,Europe
Luxembourg,LUX,1998,1.687,Europe
Luxembourg,LUX,1999,1.744,Europe
Luxembourg,LUX,2000,1.761,Europe
Luxembourg,LUX,2001,1.662,Europe
Luxembourg,LUX,2002,1.629,Europe
Luxembourg,LUX,2003,1.62,Europe
Luxembourg,LUX,2004,1.657,Europe
Luxembourg,LUX,2005,1.631,Europe
Luxembourg,LUX,2006,1.646,Europe
Luxembourg,LUX,2007,1.611,Europe
Luxembourg,LUX,2008,1.606,Europe
Luxembourg,LUX,2009,1.59,Europe
Luxembourg,LUX,2010,1.622,Europe
Luxembourg,LUX,2011,1.53,Europe
Luxembourg,LUX,2012,1.572,Europe
Luxembourg,LUX,2013,1.55,Europe
Luxembourg,LUX,2014,1.499,Europe
Luxembourg,LUX,2015,1.464,Europe
Luxembourg,LUX,2016,1.415,Europe
Luxembourg,LUX,2017,1.392,Europe
Luxembourg,LUX,2018,1.38,Europe
Luxembourg,LUX,2019,1.343,Europe
Luxembourg,LUX,2020,1.361,Europe
Luxembourg,LUX,2021,1.382,Europe
Luxembourg,LUX,2022,1.39,Europe
Luxembourg,LUX,2023,1.396,Europe
Macao,MAC,1990,1.709,Asia
Macao,MAC,1991,1.615,Asia
Macao,MAC,1992,1.547,Asia
Macao,MAC,1993,1.471,Asia
Macao,MAC,1994,1.431,Asia
Macao,MAC,1995,1.367,Asia
Macao,MAC,1996,1.288,Asia
Macao,MAC,1997,1.205,Asia
Macao,MAC,1998,1.113,Asia
Macao,MAC,1999,1.025,Asia
Macao,MAC,2000,0.933,Asia
Macao,MAC,2001,0.845,Asia
Macao,MAC,2002,0.806,Asia
Macao,MAC,2003,0.798,Asia
Macao,MAC,2004,0.803,Asia
Macao,MAC,2005,0.862,Asia
Macao,MAC,2006,0.92,Asia
Macao,MAC,2007,0.967,Asia
Macao,MAC,2008,0.983,Asia
Macao,MAC,2009,0.997,Asia
Macao,MAC,2010,1.05,Asia
Macao,MAC,2011,1.129,Asia
Macao,MAC,2012,1.193,Asia
Macao,MAC,2013,1.15,Asia
Macao,MAC,2014,1.224,Asia
Macao,MAC,2015,1.142,Asia
Macao,MAC,2016,1.138,Asia
Macao,MAC,2017,1.019,Asia
Macao,MAC,2018,0.924,Asia
Macao,MAC,2019,0.936,Asia
Macao,MAC,2020,0.857,Asia
Macao,MAC,2021,0.772,Asia
Macao,MAC,2022,0.662,Asia
Macao,MAC,2023,0.662,Asia
Madagascar,MDG,1990,6.14,Africa
Madagascar,MDG,1991,6.118,Africa
Madagascar,MDG,1992,6.082,Africa
Madagascar,MDG,1993,6.062,Africa
Madagascar,MDG,1994,6.042,Africa
Madagascar,MDG,1995,6.036,Africa
Madagascar,MDG,1996,6.031,Africa
Madagascar,MDG,1997,6.023,Africa
Madagascar,MDG,1998,5.992,Africa
Madagascar,MDG,1999,5.839,Africa
Madagascar,MDG,2000,5.665,Africa
Madagascar,MDG,2001,5.528,Africa
Madagascar,MDG,2002,5.412,Africa
Madagascar,MDG,2003,5.329,Africa
Madagascar,MDG,2004,5.264,Africa
Madagascar,MDG,2005,5.195,Africa
Madagascar,MDG,2006,5.133,Africa
Madagascar,MDG,2007,5.083,Africa
Madagascar,MDG,2008,5.043,Africa
Madagascar,MDG,2009,5.003,Africa
Madagascar,MDG,2010,4.896,Africa
Madagascar,MDG,2011,4.737,Africa
Madagascar,MDG,2012,4.613,Africa
Madagascar,MDG,2013,4.527,Africa
Madagascar,MDG,2014,4.421,Africa
Madagascar,MDG,2015,4.335,Africa
Madagascar,MDG,2016,4.285,Africa
Madagascar,MDG,2017,4.259,Africa
Madagascar,MDG,2018,4.246,Africa
Madagascar,MDG,2019,4.221,Africa
Madagascar,MDG,2020,4.17,Africa
Madagascar,MDG,2021,4.104,Africa
Madagascar,MDG,2022,4.036,Africa
Madagascar,MDG,2023,3.972,Africa
Malawi,MWI,1990,6.74,Africa
Malawi,MWI,1991,6.681,Africa
Malawi,MWI,1992,6.63,Africa
Malawi,MWI,1993,6.573,Africa
Malawi,MWI,1994,6.488,Africa
Malawi,MWI,1995,6.392,Africa
Malawi,MWI,1996,6.285,Africa
Malawi,MWI,1997,6.231,Africa
Malawi,MWI,1998,6.205,Africa
Malawi,MWI,1999,6.124,Africa
Malawi,MWI,2000,6.002,Africa
Malawi,MWI,2001,5.943,Africa
Malawi,MWI,2002,5.903,Africa
Malawi,MWI,2003,5.875,Africa
Malawi,MWI,2004,5.864,Africa
Malawi,MWI,2005,5.848,Africa
Malawi,MWI,2006,5.802,Africa
Malawi,MWI,2007,5.724,Africa
Malawi,MWI,2008,5.609,Africa
Malawi,MWI,2009,5.453,Africa
Malawi,MWI,2010,5.263,Africa
Malawi,MWI,2011,5.083,Africa
Malawi,MWI,2012,4.902,Africa
Malawi,MWI,2013,4.759,Africa
Malawi,MWI,2014,4.569,Africa
Malawi,MWI,2015,4.384,Africa
Malawi,MWI,2016,4.216,Africa
Malawi,MWI,2017,4.113,Africa
Malawi,MWI,2018,4.021,Africa
Malawi,MWI,2019,3.952,Africa
Malawi,MWI,2020,3.877,Africa
Malawi,MWI,2021,3.791,Africa
Malawi,MWI,2022,3.72,Africa
Malawi,MWI,2023,3.648,Africa
Malaysia,MYS,1990,3.304,Asia
Malaysia,MYS,1991,3.339,Asia
Malaysia,MYS,1992,3.373,Asia
Malaysia,MYS,1993,3.364,Asia
Malaysia,MYS,1994,3.346,Asia
Malaysia,MYS,1995,3.317,Asia
Malaysia,MYS,1996,3.297,Asia
Malaysia,MYS,1997,3.227,Asia
Malaysia,MYS,1998,3.12,Asia
Malaysia,MYS,1999,3.068,Asia
Malaysia,MYS,2000,2.942,Asia
Malaysia,MYS,2001,2.807,Asia
Malaysia,MYS,2002,2.658,Asia
Malaysia,MYS,2003,2.601,Asia
Malaysia,MYS,2004,2.493,Asia
Malaysia,MYS,2005,2.391,Asia
Malaysia,MYS,2006,2.308,Asia
Malaysia,MYS,2007,2.252,Asia
Malaysia,MYS,2008,2.262,Asia
Malaysia,MYS,2009,2.223,Asia
Malaysia,MYS,2010,2.144,Asia
Malaysia,MYS,2011,2.153,Asia
Malaysia,MYS,2012,2.117,Asia
Malaysia,MYS,2013,2.07,Asia
Malaysia,MYS,2014,2.058,Asia
Malaysia,MYS,2015,2.008,Asia
Malaysia,MYS,2016,1.942,Asia
Malaysia,MYS,2017,1.893,Asia
Malaysia,MYS,2018,1.838,Asia
Malaysia,MYS,2019,1.777,Asia
Malaysia,MYS,2020,1.68,Asia
Malaysia,MYS,2021,1.555,Asia
Malaysia,MYS,2022,1.55,Asia
Malaysia,MYS,2023,1.55,Asia
Maldives,MDV,1990,6.13,Asia
Maldives,MDV,1991,5.796,Asia
Maldives,MDV,1992,5.435,Asia
Maldives,MDV,1993,5.063,Asia
Maldives,MDV,1994,4.688,Asia
Maldives,MDV,1995,4.292,Asia
Maldives,MDV,1996,3.859,Asia
Maldives,MDV,1997,3.477,Asia
Maldives,MDV,1998,3.171,Asia
Maldives,MDV,1999,2.899,Asia
Maldives,MDV,2000,2.691,Asia
Maldives,MDV,2001,2.532,Asia
Maldives,MDV,2002,2.425,Asia
Maldives,MDV,2003,2.342,Asia
Maldives,MDV,2004,2.262,Asia
Maldives,MDV,2005,2.199,Asia
Maldives,MDV,2006,2.204,Asia
Maldives,MDV,2007,2.293,Asia
Maldives,MDV,2008,2.371,Asia
Maldives,MDV,2009,2.39,Asia
Maldives,MDV,2010,2.349,Asia
Maldives,MDV,2011,2.307,Asia
Maldives,MDV,2012,2.254,Asia
Maldives,MDV,2013,2.174,Asia
Maldives,MDV,2014,2.089,Asia
Maldives,MDV,2015,2.004,Asia
Maldives,MDV,2016,1.903,Asia
Maldives,MDV,2017,1.798,Asia
Maldives,MDV,2018,1.71,Asia
Maldives,MDV,2019,1.64,Asia
Maldives,MDV,2020,1.613,Asia
Maldives,MDV,2021,1.599,Asia
Maldives,MDV,2022,1.583,Asia
Maldives,MDV,2023,1.575,Asia
Mali,MLI,1990,7.311,Africa
Mali,MLI,1991,7.28,Africa
Mali,MLI,1992,7.237,Africa
Mali,MLI,1993,7.18,Africa
Mali,MLI,1994,7.119,Africa
Mali,MLI,1995,7.052,Africa
Mali,MLI,1996,7.01,Africa
Mali,MLI,1997,6.971,Africa
Mali,MLI,1998,6.936,Africa
Mali,MLI,1999,6.911,Africa
Mali,MLI,2000,6.886,Africa
Mali,MLI,2001,6.852,Africa
Mali,MLI,2002,6.819,Africa
Mali,MLI,2003,6.783,Africa
Mali,MLI,2004,6.741,Africa
Mali,MLI,2005,6.708,Africa
Mali,MLI,2006,6.677,Africa
Mali,MLI,2007,6.647,Africa
Mali,MLI,2008,6.624,Africa
Mali,MLI,2009,6.592,Africa
Mali,MLI,2010,6.579,Africa
Mali,MLI,2011,6.545,Africa
Mali,MLI,2012,6.523,Africa
Mali,MLI,2013,6.491,Africa
Mali,MLI,2014,6.441,Africa
Mali,MLI,2015,6.385,Africa
Mali,MLI,2016,6.319,Africa
Mali,MLI,2017,6.251,Africa
Mali,MLI,2018,6.118,Africa
Mali,MLI,2019,5.892,Africa
Mali,MLI,2020,5.85,Africa
Mali,MLI,2021,5.779,Africa
Mali,MLI,2022,5.692,Africa
Mali,MLI,2023,5.614,Africa
Malta,MLT,1990,2.041,Europe
Malta,MLT,1991,2.002,Europe
Malta,MLT,1992,2.06,Europe
Malta,MLT,1993,1.958,Europe
Malta,MLT,1994,1.84,Europe
Malta,MLT,1995,1.791,Europe
Malta,MLT,1996,1.972,Europe
Malta,MLT,1997,1.937,Europe
Malta,MLT,1998,1.835,Europe
Malta,MLT,1999,1.734,Europe
Malta,MLT,2000,1.672,Europe
Malta,MLT,2001,1.493,Europe
Malta,MLT,2002,1.458,Europe
Malta,MLT,2003,1.476,Europe
Malta,MLT,2004,1.4,Europe
Malta,MLT,2005,1.377,Europe
Malta,MLT,2006,1.363,Europe
Malta,MLT,2007,1.358,Europe
Malta,MLT,2008,1.42,Europe
Malta,MLT,2009,1.413,Europe
Malta,MLT,2010,1.375,Europe
Malta,MLT,2011,1.443,Europe
Malta,MLT,2012,1.42,Europe
Malta,MLT,2013,1.366,Europe
Malta,MLT,2014,1.379,Europe
Malta,MLT,2015,1.376,Europe
Malta,MLT,2016,1.366,Europe
Malta,MLT,2017,1.271,Europe
Malta,MLT,2018,1.227,Europe
Malta,MLT,2019,1.15,Europe
Malta,MLT,2020,1.132,Europe
Malta,MLT,2021,1.11,Europe
Malta,MLT,2022,1.101,Europe
Malta,MLT,2023,1.098,Europe
Marshall Islands,MHL,1990,5.97,Oceania
Marshall Islands,MHL,1991,5.757,Oceania
Marshall Islands,MHL,1992,5.546,Oceania
Marshall Islands,MHL,1993,5.382,Oceania
Marshall Islands,MHL,1994,5.232,Oceania
Marshall Islands,MHL,1995,5.091,Oceania
Marshall Islands,MHL,1996,5.021,Oceania
Marshall Islands,MHL,1997,4.959,Oceania
Marshall Islands,MHL,1998,4.868,Oceania
Marshall Islands,MHL,1999,4.783,Oceania
Marshall Islands,MHL,2000,4.695,Oceania
Marshall Islands,MHL,2001,4.583,Oceania
Marshall Islands,MHL,2002,4.488,Oceania
Marshall Islands,MHL,2003,4.418,Oceania
Marshall Islands,MHL,2004,4.34,Oceania
Marshall Islands,MHL,2005,4.276,Oceania
Marshall Islands,MHL,2006,4.197,Oceania
Marshall Islands,MHL,2007,4.09,Oceania
Marshall Islands,MHL,2008,3.967,Oceania
Marshall Islands,MHL,2009,3.83,Oceania
Marshall Islands,MHL,2010,3.673,Oceania
Marshall Islands,MHL,2011,3.527,Oceania
Marshall Islands,MHL,2012,3.382,Oceania
Marshall Islands,MHL,2013,3.247,Oceania
Marshall Islands,MHL,2014,3.18,Oceania
Marshall Islands,MHL,2015,3.131,Oceania
Marshall Islands,MHL,2016,3.091,Oceania
Marshall Islands,MHL,2017,3.064,Oceania
Marshall Islands,MHL,2018,3.038,Oceania
Marshall Islands,MHL,2019,3.012,Oceania
Marshall Islands,MHL,2020,2.989,Oceania
Marshall Islands,MHL,2021,2.964,Oceania
Marshall Islands,MHL,2022,2.936,Oceania
Marshall Islands,MHL,2023,2.919,Oceania
Martinique,MTQ,1990,2.023,
Martinique,MTQ,1991,2.003,
Martinique,MTQ,1992,1.992,
Martinique,MTQ,1993,1.969,
Martinique,MTQ,1994,1.947,
Martinique,MTQ,1995,1.921,
Martinique,MTQ,1996,1.908,
Martinique,MTQ,1997,1.898,
Martinique,MTQ,1998,1.89,
Martinique,MTQ,1999,1.877,
Martinique,MTQ,2000,1.897,
Martinique,MTQ,2001,1.905,
Martinique,MTQ,2002,1.893,
Martinique,MTQ,2003,1.899,
Martinique,MTQ,2004,1.898,
Martinique,MTQ,2005,1.943,
Martinique,MTQ,2006,2.005,
Martinique,MTQ,2007,2.041,
Martinique,MTQ,2008,2.07,
Martinique,MTQ,2009,2.05,
Martinique,MTQ,2010,2.036,
Martinique,MTQ,2011,2.008,
Martinique,MTQ,2012,1.998,
Martinique,MTQ,2013,1.987,
Martinique,MTQ,2014,1.992,
Martinique,MTQ,2015,1.972,
Martinique,MTQ,2016,1.964,
Martinique,MTQ,2017,1.966,
Martinique,MTQ,2018,1.993,
Martinique,MTQ,2019,2.025,
Martinique,MTQ,2020,2.03,
Martinique,MTQ,2021,2.038,
Martinique,MTQ,2022,2.024,
Martinique,MTQ,2023,2.009,
Mauritania,MRT,1990,6.175,Africa
Mauritania,MRT,1991,6.157,Africa
Mauritania,MRT,1992,6.126,Africa
Mauritania,MRT,1993,6.093,Africa
Mauritania,MRT,1994,6.058,Africa
Mauritania,MRT,1995,5.962,Africa
Mauritania,MRT,1996,5.861,Africa
Mauritania,MRT,1997,5.743,Africa
Mauritania,MRT,1998,5.623,Africa
Mauritania,MRT,1999,5.524,Africa
Mauritania,MRT,2000,5.456,Africa
Mauritania,MRT,2001,5.407,Africa
Mauritania,MRT,2002,5.373,Africa
Mauritania,MRT,2003,5.364,Africa
Mauritania,MRT,2004,5.374,Africa
Mauritania,MRT,2005,5.376,Africa
Mauritania,MRT,2006,5.404,Africa
Mauritania,MRT,2007,5.426,Africa
Mauritania,MRT,2008,5.436,Africa
Mauritania,MRT,2009,5.406,Africa
Mauritania,MRT,2010,5.384,Africa
Mauritania,MRT,2011,5.38,Africa
Mauritania,MRT,2012,5.352,Africa
Mauritania,MRT,2013,5.317,Africa
Mauritania,MRT,2014,5.261,Africa
Mauritania,MRT,2015,5.211,Africa
Mauritania,MRT,2016,5.157,Africa
Mauritania,MRT,2017,5.106,Africa
Mauritania,MRT,2018,5.044,Africa
Mauritania,MRT,2019,4.984,Africa
Mauritania,MRT,2020,4.912,Africa
Mauritania,MRT,2021,4.848,Africa
Mauritania,MRT,2022,4.77,Africa
Mauritania,MRT,2023,4.697,Africa
Mauritius,MUS,1990,2.296,Africa
Mauritius,MUS,1991,2.293,Africa
Mauritius,MUS,1992,2.359,Africa
Mauritius,MUS,1993,2.312,Africa
Mauritius,MUS,1994,2.243,Africa
Mauritius,MUS,1995,2.138,Africa
Mauritius,MUS,1996,2.116,Africa
Mauritius,MUS,1997,2.031,Africa
Mauritius,MUS,1998,1.911,Africa
Mauritius,MUS,1999,2.031,Africa
Mauritius,MUS,2000,1.976,Africa
Mauritius,MUS,2001,1.895,Africa
Mauritius,MUS,2002,1.916,Africa
Mauritius,MUS,2003,1.871,Africa
Mauritius,MUS,2004,1.871,Africa
Mauritius,MUS,2005,1.824,Africa
Mauritius,MUS,2006,1.714,Africa
Mauritius,MUS,2007,1.672,Africa
Mauritius,MUS,2008,1.602,Africa
Mauritius,MUS,2009,1.528,Africa
Mauritius,MUS,2010,1.495,Africa
Mauritius,MUS,2011,1.482,Africa
Mauritius,MUS,2012,1.479,Africa
Mauritius,MUS,2013,1.419,Africa
Mauritius,MUS,2014,1.371,Africa
Mauritius,MUS,2015,1.319,Africa
Mauritius,MUS,2016,1.352,Africa
Mauritius,MUS,2017,1.395,Africa
Mauritius,MUS,2018,1.365,Africa
Mauritius,MUS,2019,1.351,Africa
Mauritius,MUS,2020,1.387,Africa
Mauritius,MUS,2021,1.353,Africa
Mauritius,MUS,2022,1.27,Africa
Mauritius,MUS,2023,1.241,Africa
Mayotte,MYT,1990,6.051,
Mayotte,MYT,1991,5.948,
Mayotte,MYT,1992,5.85,
Mayotte,MYT,1993,5.756,
Mayotte,MYT,1994,5.67,
Mayotte,MYT,1995,5.588,
Mayotte,MYT,1996,5.513,
Mayotte,MYT,1997,5.392,
Mayotte,MYT,1998,5.256,
Mayotte,MYT,1999,5.111,
Mayotte,MYT,2000,4.964,
Mayotte,MYT,2001,4.811,
Mayotte,MYT,2002,4.66,
Mayotte,MYT,2003,4.534,
Mayotte,MYT,2004,4.448,
Mayotte,MYT,2005,4.502,
Mayotte,MYT,2006,4.506,
Mayotte,MYT,2007,4.493,
Mayotte,MYT,2008,4.475,
Mayotte,MYT,2009,4.463,
Mayotte,MYT,2010,4.433,
Mayotte,MYT,2011,4.391,
Mayotte,MYT,2012,4.362,
Mayotte,MYT,2013,4.433,
Mayotte,MYT,2014,4.534,
Mayotte,MYT,2015,4.675,
Mayotte,MYT,2016,4.704,
Mayotte,MYT,2017,4.66,
Mayotte,MYT,2018,4.66,
Mayotte,MYT,2019,4.58,
Mayotte,MYT,2020,4.17,
Mayotte,MYT,2021,4.66,
Mayotte,MYT,2022,4.661,
Mayotte,MYT,2023,4.616,
Mexico,MEX,1990,3.444,North America
Mexico,MEX,1991,3.363,North America
Mexico,MEX,1992,3.285,North America
Mexico,MEX,1993,3.211,North America
Mexico,MEX,1994,3.132,North America
Mexico,MEX,1995,3.044,North America
Mexico,MEX,1996,2.964,North America
Mexico,MEX,1997,2.886,North America
Mexico,MEX,1998,2.815,North America
Mexico,MEX,1999,2.763,North America
Mexico,MEX,2000,2.714,North America
Mexico,MEX,2001,2.671,North America
Mexico,MEX,2002,2.633,North America
Mexico,MEX,2003,2.579,North America
Mexico,MEX,2004,2.536,North America
Mexico,MEX,2005,2.495,North America
Mexico,MEX,2006,2.456,North America
Mexico,MEX,2007,2.421,North America
Mexico,MEX,2008,2.391,North America
Mexico,MEX,2009,2.364,North America
Mexico,MEX,2010,2.34,North America
Mexico,MEX,2011,2.317,North America
Mexico,MEX,2012,2.294,North America
Mexico,MEX,2013,2.269,North America
Mexico,MEX,2014,2.211,North America
Mexico,MEX,2015,2.137,North America
Mexico,MEX,2016,2.086,North America
Mexico,MEX,2017,2.041,North America
Mexico,MEX,2018,2.03,North America
Mexico,MEX,2019,2.02,North America
Mexico,MEX,2020,1.99,North America
Mexico,MEX,2021,1.97,North America
Mexico,MEX,2022,1.94,North America
Mexico,MEX,2023,1.91,North America
Micronesia (country),FSM,1990,5.049,Oceania
Micronesia (country),FSM,1991,4.92,Oceania
Micronesia (country),FSM,1992,4.802,Oceania
Micronesia (country),FSM,1993,4.678,Oceania
Micronesia (country),FSM,1994,4.575,Oceania
Micronesia (country),FSM,1995,4.494,Oceania
Micronesia (country),FSM,1996,4.427,Oceania
Micronesia (country),FSM,1997,4.355,Oceania
Micronesia (country),FSM,1998,4.301,Oceania
Micronesia (country),FSM,1999,4.27,Oceania
Micronesia (country),FSM,2000,4.217,Oceania
Micronesia (country),FSM,2001,4.084,Oceania
Micronesia (country),FSM,2002,3.934,Oceania
Micronesia (country),FSM,2003,3.785,Oceania
Micronesia (country),FSM,2004,3.681,Oceania
Micronesia (country),FSM,2005,3.595,Oceania
Micronesia (country),FSM,2006,3.514,Oceania
Micronesia (country),FSM,2007,3.439,Oceania
Micronesia (country),FSM,2008,3.368,Oceania
Micronesia (country),FSM,2009,3.313,Oceania
Micronesia (country),FSM,2010,3.271,Oceania
Micronesia (country),FSM,2011,3.223,Oceania
Micronesia (country),FSM,2012,3.18,Oceania
Micronesia (country),FSM,2013,3.133,Oceania
Micronesia (country),FSM,2014,3.091,Oceania
Micronesia (country),FSM,2015,3.049,Oceania
Micronesia (country),FSM,2016,3.001,Oceania
Micronesia (country),FSM,2017,2.957,Oceania
Micronesia (country),FSM,2018,2.922,Oceania
Micronesia (country),FSM,2019,2.883,Oceania
Micronesia (country),FSM,2020,2.852,Oceania
Micronesia (country),FSM,2021,2.818,Oceania
Micronesia (country),FSM,2022,2.785,Oceania
Micronesia (country),FSM,2023,2.748,Oceania
Moldova,MDA,1990,2.392,Europe
Moldova,MDA,1991,2.278,Europe
Moldova,MDA,1992,2.217,Europe
Moldova,MDA,1993,2.112,Europe
Moldova,MDA,1994,1.993,Europe
Moldova,MDA,1995,1.825,Europe
Moldova,MDA,1996,1.709,Europe
Moldova,MDA,1997,1.79,Europe
Moldova,MDA,1998,1.65,Europe
Moldova,MDA,1999,1.556,Europe
Moldova,MDA,2000,1.496,Europe
Moldova,MDA,2001,1.471,Europe
Moldova,MDA,2002,1.448,Europe
Moldova,MDA,2003,1.479,Europe
Moldova,MDA,2004,1.543,Europe
Moldova,MDA,2005,1.528,Europe
Moldova,MDA,2006,1.537,Europe
Moldova,MDA,2007,1.575,Europe
Moldova,MDA,2008,1.638,Europe
Moldova,MDA,2009,1.719,Europe
Moldova,MDA,2010,1.703,Europe
Moldova,MDA,2011,1.65,Europe
Moldova,MDA,2012,1.661,Europe
Moldova,MDA,2013,1.622,Europe
Moldova,MDA,2014,1.82,Europe
Moldova,MDA,2015,1.87,Europe
Moldova,MDA,2016,1.89,Europe
Moldova,MDA,2017,1.81,Europe
Moldova,MDA,2018,1.81,Europe
Moldova,MDA,2019,1.78,Europe
Moldova,MDA,2020,1.77,Europe
Moldova,MDA,2021,1.751,Europe
Moldova,MDA,2022,1.694,Europe
Moldova,MDA,2023,1.731,Europe
Monaco,MCO,1990,1.848,
Monaco,MCO,1991,1.786,
Monaco,MCO,1992,1.755,
Monaco,MCO,1993,1.749,
Monaco,MCO,1994,1.756,
Monaco,MCO,1995,1.783,
Monaco,MCO,1996,1.824,
Monaco,MCO,1997,1.884,
Monaco,MCO,1998,1.954,
Monaco,MCO,1999,2.007,
Monaco,MCO,2000,2.082,
Monaco,MCO,2001,2.176,
Monaco,MCO,2002,2.006,
Monaco,MCO,2003,1.914,
Monaco,MCO,2004,1.994,
Monaco,MCO,2005,2.006,
Monaco,MCO,2006,2.101,
Monaco,MCO,2007,2.206,
Monaco,MCO,2008,2.384,
Monaco,MCO,2009,2.397,
Monaco,MCO,2010,2.385,
Monaco,MCO,2011,2.22,
Monaco,MCO,2012,2.294,
Monaco,MCO,2013,2.313,
Monaco,MCO,2014,2.485,
Monaco,MCO,2015,2.503,
Monaco,MCO,2016,2.578,
Monaco,MCO,2017,2.418,
Monaco,MCO,2018,2.485,
Monaco,MCO,2019,2.403,
Monaco,MCO,2020,2.38,
Monaco,MCO,2021,2.122,
Monaco,MCO,2022,2.114,
Monaco,MCO,2023,2.11,
Mongolia,MNG,1990,4.206,Asia
Mongolia,MNG,1991,3.858,Asia
Mongolia,MNG,1992,3.426,Asia
Mongolia,MNG,1993,3.017,Asia
Mongolia,MNG,1994,2.819,Asia
Mongolia,MNG,1995,2.736,Asia
Mongolia,MNG,1996,2.621,Asia
Mongolia,MNG,1997,2.477,Asia
Mongolia,MNG,1998,2.358,Asia
Mongolia,MNG,1999,2.297,Asia
Mongolia,MNG,2000,2.255,Asia
Mongolia,MNG,2001,2.194,Asia
Mongolia,MNG,2002,2.103,Asia
Mongolia,MNG,2003,2.019,Asia
Mongolia,MNG,2004,1.983,Asia
Mongolia,MNG,2005,1.99,Asia
Mongolia,MNG,2006,2.116,Asia
Mongolia,MNG,2007,2.321,Asia
Mongolia,MNG,2008,2.532,Asia
Mongolia,MNG,2009,2.625,Asia
Mongolia,MNG,2010,2.521,Asia
Mongolia,MNG,2011,2.595,Asia
Mongolia,MNG,2012,2.739,Asia
Mongolia,MNG,2013,2.94,Asia
Mongolia,MNG,2014,2.996,Asia
Mongolia,MNG,2015,3.01,Asia
Mongolia,MNG,2016,2.957,Asia
Mongolia,MNG,2017,2.891,Asia
Mongolia,MNG,2018,2.923,Asia
Mongolia,MNG,2019,3.008,Asia
Mongolia,MNG,2020,2.949,Asia
Mongolia,MNG,2021,2.835,Asia
Mongolia,MNG,2022,2.746,Asia
Mongolia,MNG,2023,2.685,Asia
Montenegro,MNE,1990,1.945,Europe
Montenegro,MNE,1991,2.015,Europe
Montenegro,MNE,1992,2.013,Europe
Montenegro,MNE,1993,1.955,Europe
Montenegro,MNE,1994,1.936,Europe
Montenegro,MNE,1995,1.958,Europe
Montenegro,MNE,1996,1.922,Europe
Montenegro,MNE,1997,1.886,Europe
Montenegro,MNE,1998,1.893,Europe
Montenegro,MNE,1999,1.884,Europe
Montenegro,MNE,2000,1.903,Europe
Montenegro,MNE,2001,1.855,Europe
Montenegro,MNE,2002,1.813,Europe
Montenegro,MNE,2003,1.804,Europe
Montenegro,MNE,2004,1.734,Europe
Montenegro,MNE,2005,1.702,Europe
Montenegro,MNE,2006,1.737,Europe
Montenegro,MNE,2007,1.803,Europe
Montenegro,MNE,2008,1.895,Europe
Montenegro,MNE,2009,1.96,Europe
Montenegro,MNE,2010,1.731,Europe
Montenegro,MNE,2011,1.676,Europe
Montenegro,MNE,2012,1.728,Europe
Montenegro,MNE,2013,1.744,Europe
Montenegro,MNE,2014,1.762,Europe
Montenegro,MNE,2015,1.756,Europe
Montenegro,MNE,2016,1.8,Europe
Montenegro,MNE,2017,1.79,Europe
Montenegro,MNE,2018,1.775,Europe
Montenegro,MNE,2019,1.814,Europe
Montenegro,MNE,2020,1.831,Europe
Montenegro,MNE,2021,1.85,Europe
Montenegro,MNE,2022,1.881,Europe
Montenegro,MNE,2023,1.803,Europe
Montserrat,MSR,1990,2.163,
Montserrat,MSR,1991,2.166,
Montserrat,MSR,1992,2.162,
Montserrat,MSR,1993,2.143,
Montserrat,MSR,1994,2.084,
Montserrat,MSR,1995,1.94,
Montserrat,MSR,1996,1.702,
Montserrat,MSR,1997,1.503,
Montserrat,MSR,1998,1.351,
Montserrat,MSR,1999,1.204,
Montserrat,MSR,2000,1.229,
Montserrat,MSR,2001,1.519,
Montserrat,MSR,2002,1.448,
Montserrat,MSR,2003,1.596,
Montserrat,MSR,2004,1.615,
Montserrat,MSR,2005,1.615,
Montserrat,MSR,2006,1.61,
Montserrat,MSR,2007,1.602,
Montserrat,MSR,2008,1.6,
Montserrat,MSR,2009,1.59,
Montserrat,MSR,2010,1.583,
Montserrat,MSR,2011,1.567,
Montserrat,MSR,2012,1.561,
Montserrat,MSR,2013,1.48,
Montserrat,MSR,2014,1.467,
Montserrat,MSR,2015,1.512,
Montserrat,MSR,2016,1.62,
Montserrat,MSR,2017,1.685,
Montserrat,MSR,2018,1.748,
Montserrat,MSR,2019,1.865,
Montserrat,MSR,2020,1.954,
Montserrat,MSR,2021,1.941,
Montserrat,MSR,2022,1.546,
Montserrat,MSR,2023,1.444,
More developed regions,,1990,1.775,
More developed regions,,1991,1.728,
More developed regions,,1992,1.678,
More developed regions,,1993,1.622,
More developed regions,,1994,1.602,
More developed regions,,1995,1.571,
More developed regions,,1996,1.562,
More developed regions,,1997,1.55,
More developed regions,,1998,1.55,
More developed regions,,1999,1.542,
More developed regions,,2000,1.561,
More developed regions,,2001,1.551,
More developed regions,,2002,1.559,
More developed regions,,2003,1.579,
More developed regions,,2004,1.596,
More developed regions,,2005,1.596,
More developed regions,,2006,1.632,
More developed regions,,2007,1.67,
More developed regions,,2008,1.7,
More developed regions,,2009,1.69,
More developed regions,,2010,1.677,
More developed regions,,2011,1.657,
More developed regions,,2012,1.671,
More developed regions,,2013,1.653,
More developed regions,,2014,1.664,
More developed regions,,2015,1.66,
More developed regions,,2016,1.654,
More developed regions,,2017,1.604,
More developed regions,,2018,1.57,
More developed regions,,2019,1.535,
More developed regions,,2020,1.498,
More developed regions,,2021,1.507,
More developed regions,,2022,1.477,
More developed regions,,2023,1.452,
Morocco,MAR,1990,4.06,Africa
Morocco,MAR,1991,3.947,Africa
Morocco,MAR,1992,3.757,Africa
Morocco,MAR,1993,3.548,Africa
Morocco,MAR,1994,3.413,Africa
Morocco,MAR,1995,3.295,Africa
Morocco,MAR,1996,3.229,Africa
Morocco,MAR,1997,3.147,Africa
Morocco,MAR,1998,3.037,Africa
Morocco,MAR,1999,2.882,Africa
Morocco,MAR,2000,2.774,Africa
Morocco,MAR,2001,2.686,Africa
Morocco,MAR,2002,2.617,Africa
Morocco,MAR,2003,2.606,Africa
Morocco,MAR,2004,2.611,Africa
Morocco,MAR,2005,2.613,Africa
Morocco,MAR,2006,2.611,Africa
Morocco,MAR,2007,2.618,Africa
Morocco,MAR,2008,2.612,Africa
Morocco,MAR,2009,2.624,Africa
Morocco,MAR,2010,2.629,Africa
Morocco,MAR,2011,2.595,Africa
Morocco,MAR,2012,2.543,Africa
Morocco,MAR,2013,2.478,Africa
Morocco,MAR,2014,2.425,Africa
Morocco,MAR,2015,2.406,Africa
Morocco,MAR,2016,2.396,Africa
Morocco,MAR,2017,2.375,Africa
Morocco,MAR,2018,2.354,Africa
Morocco,MAR,2019,2.342,Africa
Morocco,MAR,2020,2.32,Africa
Morocco,MAR,2021,2.288,Africa
Morocco,MAR,2022,2.256,Africa
Morocco,MAR,2023,2.23,Africa
Mozambique,MOZ,1990,6.319,Africa
Mozambique,MOZ,1991,6.276,Africa
Mozambique,MOZ,1992,6.218,Africa
Mozambique,MOZ,1993,6.153,Africa
Mozambique,MOZ,1994,6.082,Africa
Mozambique,MOZ,1995,6.019,Africa
Mozambique,MOZ,1996,5.973,Africa
Mozambique,MOZ,1997,5.933,Africa
Mozambique,MOZ,1998,5.905,Africa
Mozambique,MOZ,1999,5.875,Africa
Mozambique,MOZ,2000,5.83,Africa
Mozambique,MOZ,2001,5.755,Africa
Mozambique,MOZ,2002,5.667,Africa
Mozambique,MOZ,2003,5.6,Africa
Mozambique,MOZ,2004,5.551,Africa
Mozambique,MOZ,2005,5.5,Africa
Mozambique,MOZ,2006,5.452,Africa
Mozambique,MOZ,2007,5.466,Africa
Mozambique,MOZ,2008,5.598,Africa
Mozambique,MOZ,2009,5.681,Africa
Mozambique,MOZ,2010,5.66,Africa
Mozambique,MOZ,2011,5.599,Africa
Mozambique,MOZ,2012,5.518,Africa
Mozambique,MOZ,2013,5.43,Africa
Mozambique,MOZ,2014,5.304,Africa
Mozambique,MOZ,2015,5.245,Africa
Mozambique,MOZ,2016,5.188,Africa
Mozambique,MOZ,2017,5.128,Africa
Mozambique,MOZ,2018,5.07,Africa
Mozambique,MOZ,2019,5.016,Africa
Mozambique,MOZ,2020,4.959,Africa
Mozambique,MOZ,2021,4.905,Africa
Mozambique,MOZ,2022,4.84,Africa
Mozambique,MOZ,2023,4.763,Africa
Myanmar,MMR,1990,3.504,Asia
Myanmar,MMR,1991,3.432,Asia
Myanmar,MMR,1992,3.354,Asia
Myanmar,MMR,1993,3.281,Asia
Myanmar,MMR,1994,3.204,Asia
Myanmar,MMR,1995,3.127,Asia
Myanmar,MMR,1996,3.058,Asia
Myanmar,MMR,1997,2.985,Asia
Myanmar,MMR,1998,2.912,Asia
Myanmar,MMR,1999,2.851,Asia
Myanmar,MMR,2000,2.813,Asia
Myanmar,MMR,2001,2.793,Asia
Myanmar,MMR,2002,2.765,Asia
Myanmar,MMR,2003,2.68,Asia
Myanmar,MMR,2004,2.588,Asia
Myanmar,MMR,2005,2.515,Asia
Myanmar,MMR,2006,2.471,Asia
Myanmar,MMR,2007,2.447,Asia
Myanmar,MMR,2008,2.404,Asia
Myanmar,MMR,2009,2.369,Asia
Myanmar,MMR,2010,2.335,Asia
Myanmar,MMR,2011,2.306,Asia
Myanmar,MMR,2012,2.276,Asia
Myanmar,MMR,2013,2.264,Asia
Myanmar,MMR,2014,2.252,Asia
Myanmar,MMR,2015,2.266,Asia
Myanmar,MMR,2016,2.27,Asia
Myanmar,MMR,2017,2.252,Asia
Myanmar,MMR,2018,2.228,Asia
Myanmar,MMR,2019,2.206,Asia
Myanmar,MMR,2020,2.179,Asia
Myanmar,MMR,2021,2.158,Asia
Myanmar,MMR,2022,2.131,Asia
Myanmar,MMR,2023,2.115,Asia
Namibia,NAM,1990,5.398,Africa
Namibia,NAM,1991,5.29,Africa
Namibia,NAM,1992,5.107,Africa
Namibia,NAM,1993,4.905,Africa
Namibia,NAM,1994,4.676,Africa
Namibia,NAM,1995,4.417,Africa
Namibia,NAM,1996,4.201,Africa
Namibia,NAM,1997,4.166,Africa
Namibia,NAM,1998,4.176,Africa
Namibia,NAM,1999,4.138,Africa
Namibia,NAM,2000,3.991,Africa
Namibia,NAM,2001,3.827,Africa
Namibia,NAM,2002,3.693,Africa
Namibia,NAM,2003,3.58,Africa
Namibia,NAM,2004,3.545,Africa
Namibia,NAM,2005,3.571,Africa
Namibia,NAM,2006,3.601,Africa
Namibia,NAM,2007,3.608,Africa
Namibia,NAM,2008,3.616,Africa
Namibia,NAM,2009,3.633,Africa
Namibia,NAM,2010,3.657,Africa
Namibia,NAM,2011,3.658,Africa
Namibia,NAM,2012,3.676,Africa
Namibia,NAM,2013,3.653,Africa
Namibia,NAM,2014,3.635,Africa
Namibia,NAM,2015,3.604,Africa
Namibia,NAM,2016,3.574,Africa
Namibia,NAM,2017,3.511,Africa
Namibia,NAM,2018,3.462,Africa
Namibia,NAM,2019,3.404,Africa
Namibia,NAM,2020,3.349,Africa
Namibia,NAM,2021,3.303,Africa
Namibia,NAM,2022,3.248,Africa
Namibia,NAM,2023,3.212,Africa
Nauru,NRU,1990,4.02,Oceania
Nauru,NRU,1991,3.991,Oceania
Nauru,NRU,1992,3.952,Oceania
Nauru,NRU,1993,3.887,Oceania
Nauru,NRU,1994,3.837,Oceania
Nauru,NRU,1995,3.808,Oceania
Nauru,NRU,1996,3.775,Oceania
Nauru,NRU,1997,3.738,Oceania
Nauru,NRU,1998,3.683,Oceania
Nauru,NRU,1999,3.636,Oceania
Nauru,NRU,2000,3.543,Oceania
Nauru,NRU,2001,3.461,Oceania
Nauru,NRU,2002,3.4,Oceania
Nauru,NRU,2003,3.388,Oceania
Nauru,NRU,2004,3.378,Oceania
Nauru,NRU,2005,3.377,Oceania
Nauru,NRU,2006,3.4,Oceania
Nauru,NRU,2007,3.504,Oceania
Nauru,NRU,2008,3.665,Oceania
Nauru,NRU,2009,3.847,Oceania
Nauru,NRU,2010,4.019,Oceania
Nauru,NRU,2011,4.117,Oceania
Nauru,NRU,2012,4.115,Oceania
Nauru,NRU,2013,4.098,Oceania
Nauru,NRU,2014,4.085,Oceania
Nauru,NRU,2015,4.075,Oceania
Nauru,NRU,2016,4.027,Oceania
Nauru,NRU,2017,3.879,Oceania
Nauru,NRU,2018,3.683,Oceania
Nauru,NRU,2019,3.531,Oceania
Nauru,NRU,2020,3.466,Oceania
Nauru,NRU,2021,3.425,Oceania
Nauru,NRU,2022,3.379,Oceania
Nauru,NRU,2023,3.331,Oceania
Nepal,NPL,1990,5.211,Asia
Nepal,NPL,1991,5.151,Asia
Nepal,NPL,1992,5.074,Asia
Nepal,NPL,1993,5.042,Asia
Nepal,NPL,1994,4.964,Asia
Nepal,NPL,1995,4.869,Asia
Nepal,NPL,1996,4.668,Asia
Nepal,NPL,1997,4.442,Asia
Nepal,NPL,1998,4.275,Asia
Nepal,NPL,1999,4.13,Asia
Nepal,NPL,2000,3.984,Asia
Nepal,NPL,2001,3.793,Asia
Nepal,NPL,2002,3.604,Asia
Nepal,NPL,2003,3.439,Asia
Nepal,NPL,2004,3.279,Asia
Nepal,NPL,2005,3.115,Asia
Nepal,NPL,2006,2.967,Asia
Nepal,NPL,2007,2.857,Asia
Nepal,NPL,2008,2.737,Asia
Nepal,NPL,2009,2.63,Asia
Nepal,NPL,2010,2.541,Asia
Nepal,NPL,2011,2.462,Asia
Nepal,NPL,2012,2.42,Asia
Nepal,NPL,2013,2.36,Asia
Nepal,NPL,2014,2.319,Asia
Nepal,NPL,2015,2.273,Asia
Nepal,NPL,2016,2.226,Asia
Nepal,NPL,2017,2.173,Asia
Nepal,NPL,2018,2.12,Asia
Nepal,NPL,2019,2.08,Asia
Nepal,NPL,2020,2.051,Asia
Nepal,NPL,2021,2.025,Asia
Nepal,NPL,2022,2.002,Asia
Nepal,NPL,2023,1.984,Asia
Netherlands,NLD,1990,1.614,Europe
Netherlands,NLD,1991,1.61,Europe
Netherlands,NLD,1992,1.588,Europe
Netherlands,NLD,1993,1.573,Europe
Netherlands,NLD,1994,1.569,Europe
Netherlands,NLD,1995,1.534,Europe
Netherlands,NLD,1996,1.53,Europe
Netherlands,NLD,1997,1.564,Europe
Netherlands,NLD,1998,1.628,Europe
Netherlands,NLD,1999,1.656,Europe
Netherlands,NLD,2000,1.721,Europe
Netherlands,NLD,2001,1.712,Europe
Netherlands,NLD,2002,1.729,Europe
Netherlands,NLD,2003,1.742,Europe
Netherlands,NLD,2004,1.722,Europe
Netherlands,NLD,2005,1.706,Europe
Netherlands,NLD,2006,1.715,Europe
Netherlands,NLD,2007,1.714,Europe
Netherlands,NLD,2008,1.764,Europe
Netherlands,NLD,2009,1.783,Europe
Netherlands,NLD,2010,1.787,Europe
Netherlands,NLD,2011,1.752,Europe
Netherlands,NLD,2012,1.716,Europe
Netherlands,NLD,2013,1.677,Europe
Netherlands,NLD,2014,1.704,Europe
Netherlands,NLD,2015,1.657,Europe
Netherlands,NLD,2016,1.658,Europe
Netherlands,NLD,2017,1.617,Europe
Netherlands,NLD,2018,1.585,Europe
Netherlands,NLD,2019,1.572,Europe
Netherlands,NLD,2020,1.545,Europe
Netherlands,NLD,2021,1.624,Europe
Netherlands,NLD,2022,1.514,Europe
Netherlands,NLD,2023,1.43,Europe
New Caledonia,NCL,1990,3.1,
New Caledonia,NCL,1991,3.072,
New Caledonia,NCL,1992,2.948,
New Caledonia,NCL,1993,2.823,
New Caledonia,NCL,1994,2.715,
New Caledonia,NCL,1995,2.652,
New Caledonia,NCL,1996,2.654,
New Caledonia,NCL,1997,2.646,
New Caledonia,NCL,1998,2.547,
New Caledonia,NCL,1999,2.484,
New Caledonia,NCL,2000,2.509,
New Caledonia,NCL,2001,2.422,
New Caledonia,NCL,2002,2.347,
New Caledonia,NCL,2003,2.268,
New Caledonia,NCL,2004,2.243,
New Caledonia,NCL,2005,2.227,
New Caledonia,NCL,2006,2.241,
New Caledonia,NCL,2007,2.215,
New Caledonia,NCL,2008,2.204,
New Caledonia,NCL,2009,2.194,
New Caledonia,NCL,2010,2.187,
New Caledonia,NCL,2011,2.2,
New Caledonia,NCL,2012,2.202,
New Caledonia,NCL,2013,2.167,
New Caledonia,NCL,2014,2.118,
New Caledonia,NCL,2015,2.079,
New Caledonia,NCL,2016,2.078,
New Caledonia,NCL,2017,2.043,
New Caledonia,NCL,2018,2.041,
New Caledonia,NCL,2019,2.05,
New Caledonia,NCL,2020,2.022,
New Caledonia,NCL,2021,2.012,
New Caledonia,NCL,2022,1.998,
New Caledonia,NCL,2023,1.98,
New Zealand,NZL,1990,2.167,Oceania
New Zealand,NZL,1991,2.092,Oceania
New Zealand,NZL,1992,2.06,Oceania
New Zealand,NZL,1993,2.038,Oceania
New Zealand,NZL,1994,1.982,Oceania
New Zealand,NZL,1995,1.979,Oceania
New Zealand,NZL,1996,1.961,Oceania
New Zealand,NZL,1997,1.956,Oceania
New Zealand,NZL,1998,1.895,Oceania
New Zealand,NZL,1999,1.966,Oceania
New Zealand,NZL,2000,1.977,Oceania
New Zealand,NZL,2001,1.964,Oceania
New Zealand,NZL,2002,1.892,Oceania
New Zealand,NZL,2003,1.929,Oceania
New Zealand,NZL,2004,1.976,Oceania
New Zealand,NZL,2005,1.961,Oceania
New Zealand,NZL,2006,2.01,Oceania
New Zealand,NZL,2007,2.169,Oceania
New Zealand,NZL,2008,2.187,Oceania
New Zealand,NZL,2009,2.133,Oceania
New Zealand,NZL,2010,2.165,Oceania
New Zealand,NZL,2011,2.096,Oceania
New Zealand,NZL,2012,2.087,Oceania
New Zealand,NZL,2013,2.004,Oceania
New Zealand,NZL,2014,1.925,Oceania
New Zealand,NZL,2015,1.982,Oceania
New Zealand,NZL,2016,1.876,Oceania
New Zealand,NZL,2017,1.811,Oceania
New Zealand,NZL,2018,1.719,Oceania
New Zealand,NZL,2019,1.717,Oceania
New Zealand,NZL,2020,1.63,Oceania
New Zealand,NZL,2021,1.647,Oceania
New Zealand,NZL,2022,1.665,Oceania
New Zealand,NZL,2023,1.667,Oceania
Nicaragua,NIC,1990,4.596,North America
Nicaragua,NIC,1991,4.432,North America
Nicaragua,NIC,1992,4.267,North America
Nicaragua,NIC,1993,4.102,North America
Nicaragua,NIC,1994,3.937,North America
Nicaragua,NIC,1995,3.775,North America
Nicaragua,NIC,1996,3.62,North America
Nicaragua,NIC,1997,3.473,North America
Nicaragua,NIC,1998,3.339,North America
Nicaragua,NIC,1999,3.218,North America
Nicaragua,NIC,2000,3.12,North America
Nicaragua,NIC,2001,2.996,North America
Nicaragua,NIC,2002,2.887,North America
Nicaragua,NIC,2003,2.827,North America
Nicaragua,NIC,2004,2.784,North America
Nicaragua,NIC,2005,2.765,North America
Nicaragua,NIC,2006,2.733,North America
Nicaragua,NIC,2007,2.697,North America
Nicaragua,NIC,2008,2.66,North America
Nicaragua,NIC,2009,2.626,North America
Nicaragua,NIC,2010,2.596,North America
Nicaragua,NIC,2011,2.558,North America
Nicaragua,NIC,2012,2.527,North America
Nicaragua,NIC,2013,2.492,North America
Nicaragua,NIC,2014,2.463,North America
Nicaragua,NIC,2015,2.434,North America
Nicaragua,NIC,2016,2.407,North America
Nicaragua,NIC,2017,2.378,North America
Nicaragua,NIC,2018,2.347,North America
Nicaragua,NIC,2019,2.321,North America
Nicaragua,NIC,2020,2.299,North America
Nicaragua,NIC,2021,2.265,North America
Nicaragua,NIC,2022,2.24,North America
Nicaragua,NIC,2023,2.218,North America
Niger,NER,1990,7.806,Africa
Niger,NER,1991,7.798,Africa
Niger,NER,1992,7.795,Africa
Niger,NER,1993,7.79,Africa
Niger,NER,1994,7.786,Africa
Niger,NER,1995,7.776,Africa
Niger,NER,1996,7.78,Africa
Niger,NER,1997,7.802,Africa
Niger,NER,1998,7.84,Africa
Niger,NER,1999,7.84,Africa
Niger,NER,2000,7.829,Africa
Niger,NER,2001,7.81,Africa
Niger,NER,2002,7.797,Africa
Niger,NER,2003,7.789,Africa
Niger,NER,2004,7.777,Africa
Niger,NER,2005,7.769,Africa
Niger,NER,2006,7.744,Africa
Niger,NER,2007,7.726,Africa
Niger,NER,2008,7.702,Africa
Niger,NER,2009,7.679,Africa
Niger,NER,2010,7.64,Africa
Niger,NER,2011,7.592,Africa
Niger,NER,2012,7.527,Africa
Niger,NER,2013,7.445,Africa
Niger,NER,2014,7.342,Africa
Niger,NER,2015,7.215,Africa
Niger,NER,2016,7.043,Africa
Niger,NER,2017,6.874,Africa
Niger,NER,2018,6.706,Africa
Niger,NER,2019,6.537,Africa
Niger,NER,2020,6.369,Africa
Niger,NER,2021,6.2,Africa
Niger,NER,2022,6.135,Africa
Niger,NER,2023,6.061,Africa
Nigeria,NGA,1990,6.459,Africa
Nigeria,NGA,1991,6.426,Africa
Nigeria,NGA,1992,6.391,Africa
Nigeria,NGA,1993,6.354,Africa
Nigeria,NGA,1994,6.319,Africa
Nigeria,NGA,1995,6.273,Africa
Nigeria,NGA,1996,6.217,Africa
Nigeria,NGA,1997,6.138,Africa
Nigeria,NGA,1998,6.069,Africa
Nigeria,NGA,1999,6.082,Africa
Nigeria,NGA,2000,6.124,Africa
Nigeria,NGA,2001,6.128,Africa
Nigeria,NGA,2002,6.116,Africa
Nigeria,NGA,2003,6.1,Africa
Nigeria,NGA,2004,6.09,Africa
Nigeria,NGA,2005,6.063,Africa
Nigeria,NGA,2006,6.053,Africa
Nigeria,NGA,2007,6.027,Africa
Nigeria,NGA,2008,6.024,Africa
Nigeria,NGA,2009,5.993,Africa
Nigeria,NGA,2010,5.948,Africa
Nigeria,NGA,2011,5.893,Africa
Nigeria,NGA,2012,5.797,Africa
Nigeria,NGA,2013,5.694,Africa
Nigeria,NGA,2014,5.622,Africa
Nigeria,NGA,2015,5.503,Africa
Nigeria,NGA,2016,5.343,Africa
Nigeria,NGA,2017,5.182,Africa
Nigeria,NGA,2018,5.021,Africa
Nigeria,NGA,2019,4.861,Africa
Nigeria,NGA,2020,4.7,Africa
Nigeria,NGA,2021,4.636,Africa
Nigeria,NGA,2022,4.552,Africa
Nigeria,NGA,2023,4.482,Africa
Niue,NIU,1990,4.024,
Niue,NIU,1991,3.871,
Niue,NIU,1992,3.728,
Niue,NIU,1993,3.595,
Niue,NIU,1994,3.462,
Niue,NIU,1995,3.35,
Niue,NIU,1996,3.238,
Niue,NIU,1997,3.147,
Niue,NIU,1998,3.054,
Niue,NIU,1999,2.971,
Niue,NIU,2000,2.903,
Niue,NIU,2001,2.866,
Niue,NIU,2002,2.859,
Niue,NIU,2003,2.885,
Niue,NIU,2004,2.918,
Niue,NIU,2005,2.964,
Niue,NIU,2006,2.996,
Niue,NIU,2007,3.007,
Niue,NIU,2008,3.013,
Niue,NIU,2009,3.04,
Niue,NIU,2010,3.045,
Niue,NIU,2011,3.032,
Niue,NIU,2012,3.011,
Niue,NIU,2013,2.971,
Niue,NIU,2014,2.934,
Niue,NIU,2015,2.879,
Niue,NIU,2016,2.825,
Niue,NIU,2017,2.765,
Niue,NIU,2018,2.698,
Niue,NIU,2019,2.629,
Niue,NIU,2020,2.596,
Niue,NIU,2021,2.561,
Niue,NIU,2022,2.543,
Niue,NIU,2023,2.514,
North America,OWID_NAM,1990,2.5432146,
North America,OWID_NAM,1991,2.5146444,
North America,OWID_NAM,1992,2.4855387,
North America,OWID_NAM,1993,2.451382,
North America,OWID_NAM,1994,2.4223242,
North America,OWID_NAM,1995,2.3889124,
North America,OWID_NAM,1996,2.3637447,
North America,OWID_NAM,1997,2.3392942,
North America,OWID_NAM,1998,2.3306787,
North America,OWID_NAM,1999,2.3214195,
North America,OWID_NAM,2000,2.3272805,
North America,OWID_NAM,2001,2.301309,
North America,OWID_NAM,2002,2.2772021,
North America,OWID_NAM,2003,2.2678351,
North America,OWID_NAM,2004,2.2513099,
North America,OWID_NAM,2005,2.2374172,
North America,OWID_NAM,2006,2.2452502,
North America,OWID_NAM,2007,2.2398806,
North America,OWID_NAM,2008,2.209838,
North America,OWID_NAM,2009,2.1684575,
North America,OWID_NAM,2010,2.119871,
North America,OWID_NAM,2011,2.0942779,
North America,OWID_NAM,2012,2.075143,
North America,OWID_NAM,2013,2.0513146,
North America,OWID_NAM,2014,2.0388033,
North America,OWID_NAM,2015,2.0081358,
North America,OWID_NAM,2016,1.9728338,
North America,OWID_NAM,2017,1.9253684,
North America,OWID_NAM,2018,1.8944266,
North America,OWID_NAM,2019,1.8635086,
North America,OWID_NAM,2020,1.8093059,
North America,OWID_NAM,2021,1.8073522,
North America,OWID_NAM,2022,1.8062992,
North America,OWID_NAM,2023,1.7720436,
North Korea,PRK,1990,2.388,
North Korea,PRK,1991,2.351,
North Korea,PRK,1992,2.287,
North Korea,PRK,1993,2.218,
North Korea,PRK,1994,2.183,
North Korea,PRK,1995,2.146,
North Korea,PRK,1996,2.093,
North Korea,PRK,1997,2.027,
North Korea,PRK,1998,1.991,
North Korea,PRK,1999,1.966,
North Korea,PRK,2000,1.941,
North Korea,PRK,2001,1.94,
North Korea,PRK,2002,1.919,
North Korea,PRK,2003,1.909,
North Korea,PRK,2004,1.899,
North Korea,PRK,2005,1.872,
North Korea,PRK,2006,1.936,
North Korea,PRK,2007,1.943,
North Korea,PRK,2008,1.97,
North Korea,PRK,2009,1.905,
North Korea,PRK,2010,1.89,
North Korea,PRK,2011,1.883,
North Korea,PRK,2012,1.882,
North Korea,PRK,2013,1.877,
North Korea,PRK,2014,1.874,
North Korea,PRK,2015,1.863,
North Korea,PRK,2016,1.856,
North Korea,PRK,2017,1.848,
North Korea,PRK,2018,1.834,
North Korea,PRK,2019,1.825,
North Korea,PRK,2020,1.821,
North Korea,PRK,2021,1.806,
North Korea,PRK,2022,1.797,
North Korea,PRK,2023,1.78,
North Macedonia,MKD,1990,2.269,Europe
North Macedonia,MKD,1991,2.31,Europe
North Macedonia,MKD,1992,2.281,Europe
North Macedonia,MKD,1993,2.26,Europe
North Macedonia,MKD,1994,2.232,Europe
North Macedonia,MKD,1995,2.13,Europe
North Macedonia,MKD,1996,2.059,Europe
North Macedonia,MKD,1997,1.916,Europe
North Macedonia,MKD,1998,1.89,Europe
North Macedonia,MKD,1999,1.77,Europe
North Macedonia,MKD,2000,1.863,Europe
North Macedonia,MKD,2001,1.729,Europe
North Macedonia,MKD,2002,1.786,Europe
North Macedonia,MKD,2003,1.745,Europe
North Macedonia,MKD,2004,1.524,Europe
North Macedonia,MKD,2005,1.469,Europe
North Macedonia,MKD,2006,1.514,Europe
North Macedonia,MKD,2007,1.533,Europe
North Macedonia,MKD,2008,1.565,Europe
North Macedonia,MKD,2009,1.637,Europe
North Macedonia,MKD,2010,1.707,Europe
North Macedonia,MKD,2011,1.625,Europe
North Macedonia,MKD,2012,1.709,Europe
North Macedonia,MKD,2013,1.705,Europe
North Macedonia,MKD,2014,1.768,Europe
North Macedonia,MKD,2015,1.758,Europe
North Macedonia,MKD,2016,1.786,Europe
North Macedonia,MKD,2017,1.725,Europe
North Macedonia,MKD,2018,1.731,Europe
North Macedonia,MKD,2019,1.651,Europe
North Macedonia,MKD,2020,1.625,Europe
North Macedonia,MKD,2021,1.622,Europe
North Macedonia,MKD,2022,1.588,Europe
North Macedonia,MKD,2023,1.465,Europe
Northern America (UN),UN_NAM,1990,2.034,
Northern America (UN),UN_NAM,1991,2.025,
Northern America (UN),UN_NAM,1992,2.008,
Northern America (UN),UN_NAM,1993,1.979,
Northern America (UN),UN_NAM,1994,1.959,
Northern America (UN),UN_NAM,1995,1.936,
Northern America (UN),UN_NAM,1996,1.928,
Northern America (UN),UN_NAM,1997,1.917,
Northern America (UN),UN_NAM,1998,1.938,
Northern America (UN),UN_NAM,1999,1.946,
Northern America (UN),UN_NAM,2000,1.979,
Northern America (UN),UN_NAM,2001,1.964,
Northern America (UN),UN_NAM,2002,1.955,
Northern America (UN),UN_NAM,2003,1.977,
Northern America (UN),UN_NAM,2004,1.984,
Northern America (UN),UN_NAM,2005,1.994,
Northern America (UN),UN_NAM,2006,2.041,
Northern America (UN),UN_NAM,2007,2.054,
Northern America (UN),UN_NAM,2008,2.018,
Northern America (UN),UN_NAM,2009,1.957,
Northern America (UN),UN_NAM,2010,1.89,
Northern America (UN),UN_NAM,2011,1.856,
Northern America (UN),UN_NAM,2012,1.84,
Northern America (UN),UN_NAM,2013,1.818,
Northern America (UN),UN_NAM,2014,1.826,
Northern America (UN),UN_NAM,2015,1.811,
Northern America (UN),UN_NAM,2016,1.784,
Northern America (UN),UN_NAM,2017,1.734,
Northern America (UN),UN_NAM,2018,1.695,
Northern America (UN),UN_NAM,2019,1.664,
Northern America (UN),UN_NAM,2020,1.596,
Northern America (UN),UN_NAM,2021,1.614,
Northern America (UN),UN_NAM,2022,1.636,
Northern America (UN),UN_NAM,2023,1.597,
Northern Mariana Islands,MNP,1990,2.338,
Northern Mariana Islands,MNP,1991,2.823,
Northern Mariana Islands,MNP,1992,3.066,
Northern Mariana Islands,MNP,1993,3.226,
Northern Mariana Islands,MNP,1994,2.978,
Northern Mariana Islands,MNP,1995,3.077,
Northern Mariana Islands,MNP,1996,2.588,
Northern Mariana Islands,MNP,1997,2.245,
Northern Mariana Islands,MNP,1998,1.685,
Northern Mariana Islands,MNP,1999,1.614,
Northern Mariana Islands,MNP,2000,1.64,
Northern Mariana Islands,MNP,2001,1.736,
Northern Mariana Islands,MNP,2002,1.678,
Northern Mariana Islands,MNP,2003,1.893,
Northern Mariana Islands,MNP,2004,2.066,
Northern Mariana Islands,MNP,2005,2.256,
Northern Mariana Islands,MNP,2006,2.613,
Northern Mariana Islands,MNP,2007,2.786,
Northern Mariana Islands,MNP,2008,2.815,
Northern Mariana Islands,MNP,2009,2.736,
Northern Mariana Islands,MNP,2010,2.982,
Northern Mariana Islands,MNP,2011,3.208,
Northern Mariana Islands,MNP,2012,3.328,
Northern Mariana Islands,MNP,2013,3.535,
Northern Mariana Islands,MNP,2014,3.372,
Northern Mariana Islands,MNP,2015,3.134,
Northern Mariana Islands,MNP,2016,2.923,
Northern Mariana Islands,MNP,2017,2.762,
Northern Mariana Islands,MNP,2018,2.643,
Northern Mariana Islands,MNP,2019,2.559,
Northern Mariana Islands,MNP,2020,2.494,
Northern Mariana Islands,MNP,2021,2.441,
Northern Mariana Islands,MNP,2022,2.388,
Northern Mariana Islands,MNP,2023,2.348,
Norway,NOR,1990,1.932,Europe
Norway,NOR,1991,1.92,Europe
Norway,NOR,1992,1.888,Europe
Norway,NOR,1993,1.865,Europe
Norway,NOR,1994,1.869,Europe
Norway,NOR,1995,1.873,Europe
Norway,NOR,1996,1.892,Europe
Norway,NOR,1997,1.86,Europe
Norway,NOR,1998,1.82,Europe
Norway,NOR,1999,1.849,Europe
Norway,NOR,2000,1.854,Europe
Norway,NOR,2001,1.788,Europe
Norway,NOR,2002,1.757,Europe
Norway,NOR,2003,1.798,Europe
Norway,NOR,2004,1.828,Europe
Norway,NOR,2005,1.835,Europe
Norway,NOR,2006,1.899,Europe
Norway,NOR,2007,1.897,Europe
Norway,NOR,2008,1.951,Europe
Norway,NOR,2009,1.974,Europe
Norway,NOR,2010,1.941,Europe
Norway,NOR,2011,1.876,Europe
Norway,NOR,2012,1.847,Europe
Norway,NOR,2013,1.779,Europe
Norway,NOR,2014,1.754,Europe
Norway,NOR,2015,1.728,Europe
Norway,NOR,2016,1.705,Europe
Norway,NOR,2017,1.624,Europe
Norway,NOR,2018,1.566,Europe
Norway,NOR,2019,1.533,Europe
Norway,NOR,2020,1.482,Europe
Norway,NOR,2021,1.56,Europe
Norway,NOR,2022,1.415,Europe
Norway,NOR,2023,1.405,Europe
Oceania,OWID_OCE,1990,2.537209,
Oceania,OWID_OCE,1991,2.4923592,
Oceania,OWID_OCE,1992,2.506914,
Oceania,OWID_OCE,1993,2.4890022,
Oceania,OWID_OCE,1994,2.469519,
Oceania,OWID_OCE,1995,2.4476361,
Oceania,OWID_OCE,1996,2.4336064,
Oceania,OWID_OCE,1997,2.423818,
Oceania,OWID_OCE,1998,2.4090114,
Oceania,OWID_OCE,1999,2.423883,
Oceania,OWID_OCE,2000,2.428219,
Oceania,OWID_OCE,2001,2.4117298,
Oceania,OWID_OCE,2002,2.417253,
Oceania,OWID_OCE,2003,2.420421,
Oceania,OWID_OCE,2004,2.43368,
Oceania,OWID_OCE,2005,2.4639127,
Oceania,OWID_OCE,2006,2.4825656,
Oceania,OWID_OCE,2007,2.5515428,
Oceania,OWID_OCE,2008,2.5599842,
Oceania,OWID_OCE,2009,2.5144236,
Oceania,OWID_OCE,2010,2.5001037,
Oceania,OWID_OCE,2011,2.4687498,
Oceania,OWID_OCE,2012,2.4635663,
Oceania,OWID_OCE,2013,2.418012,
Oceania,OWID_OCE,2014,2.3560889,
Oceania,OWID_OCE,2015,2.3451734,
Oceania,OWID_OCE,2016,2.313491,
Oceania,OWID_OCE,2017,2.264939,
Oceania,OWID_OCE,2018,2.2449045,
Oceania,OWID_OCE,2019,2.1904926,
Oceania,OWID_OCE,2020,2.1407125,
Oceania,OWID_OCE,2021,2.1636748,
Oceania,OWID_OCE,2022,2.1492639,
Oceania,OWID_OCE,2023,2.1344285,
Oceania (UN),UN_OCE,1990,2.552,
Oceania (UN),UN_OCE,1991,2.506,
Oceania (UN),UN_OCE,1992,2.518,
Oceania (UN),UN_OCE,1993,2.499,
Oceania (UN),UN_OCE,1994,2.483,
Oceania (UN),UN_OCE,1995,2.464,
Oceania (UN),UN_OCE,1996,2.453,
Oceania (UN),UN_OCE,1997,2.442,
Oceania (UN),UN_OCE,1998,2.427,
Oceania (UN),UN_OCE,1999,2.442,
Oceania (UN),UN_OCE,2000,2.447,
Oceania (UN),UN_OCE,2001,2.432,
Oceania (UN),UN_OCE,2002,2.441,
Oceania (UN),UN_OCE,2003,2.444,
Oceania (UN),UN_OCE,2004,2.456,
Oceania (UN),UN_OCE,2005,2.488,
Oceania (UN),UN_OCE,2006,2.509,
Oceania (UN),UN_OCE,2007,2.581,
Oceania (UN),UN_OCE,2008,2.591,
Oceania (UN),UN_OCE,2009,2.542,
Oceania (UN),UN_OCE,2010,2.524,
Oceania (UN),UN_OCE,2011,2.49,
Oceania (UN),UN_OCE,2012,2.485,
Oceania (UN),UN_OCE,2013,2.438,
Oceania (UN),UN_OCE,2014,2.375,
Oceania (UN),UN_OCE,2015,2.364,
Oceania (UN),UN_OCE,2016,2.333,
Oceania (UN),UN_OCE,2017,2.282,
Oceania (UN),UN_OCE,2018,2.258,
Oceania (UN),UN_OCE,2019,2.199,
Oceania (UN),UN_OCE,2020,2.14,
Oceania (UN),UN_OCE,2021,2.168,
Oceania (UN),UN_OCE,2022,2.157,
Oceania (UN),UN_OCE,2023,2.142,
Oman,OMN,1990,6.456,Asia
Oman,OMN,1991,6.197,Asia
Oman,OMN,1992,5.919,Asia
Oman,OMN,1993,5.638,Asia
Oman,OMN,1994,5.359,Asia
Oman,OMN,1995,5.067,Asia
Oman,OMN,1996,4.79,Asia
Oman,OMN,1997,4.524,Asia
Oman,OMN,1998,4.274,Asia
Oman,OMN,1999,4.064,Asia
Oman,OMN,2000,3.852,Asia
Oman,OMN,2001,3.662,Asia
Oman,OMN,2002,3.51,Asia
Oman,OMN,2003,3.371,Asia
Oman,OMN,2004,3.2,Asia
Oman,OMN,2005,3.029,Asia
Oman,OMN,2006,2.879,Asia
Oman,OMN,2007,2.761,Asia
Oman,OMN,2008,2.762,Asia
Oman,OMN,2009,2.829,Asia
Oman,OMN,2010,2.973,Asia
Oman,OMN,2011,2.955,Asia
Oman,OMN,2012,2.928,Asia
Oman,OMN,2013,2.954,Asia
Oman,OMN,2014,2.97,Asia
Oman,OMN,2015,2.965,Asia
Oman,OMN,2016,2.949,Asia
Oman,OMN,2017,2.923,Asia
Oman,OMN,2018,2.81,Asia
Oman,OMN,2019,2.696,Asia
Oman,OMN,2020,2.638,Asia
Oman,OMN,2021,2.588,Asia
Oman,OMN,2022,2.449,Asia
Oman,OMN,2023,2.525,Asia
Pakistan,PAK,1990,6.364,Asia
Pakistan,PAK,1991,6.291,Asia
Pakistan,PAK,1992,6.207,Asia
Pakistan,PAK,1993,6.112,Asia
Pakistan,PAK,1994,6.008,Asia
Pakistan,PAK,1995,5.894,Asia
Pakistan,PAK,1996,5.771,Asia
Pakistan,PAK,1997,5.642,Asia
Pakistan,PAK,1998,5.507,Asia
Pakistan,PAK,1999,5.462,Asia
Pakistan,PAK,2000,5.352,Asia
Pakistan,PAK,2001,5.182,Asia
Pakistan,PAK,2002,5.012,Asia
Pakistan,PAK,2003,4.894,Asia
Pakistan,PAK,2004,4.685,Asia
Pakistan,PAK,2005,4.595,Asia
Pakistan,PAK,2006,4.589,Asia
Pakistan,PAK,2007,4.554,Asia
Pakistan,PAK,2008,4.515,Asia
Pakistan,PAK,2009,4.465,Asia
Pakistan,PAK,2010,4.398,Asia
Pakistan,PAK,2011,4.305,Asia
Pakistan,PAK,2012,4.204,Asia
Pakistan,PAK,2013,4.125,Asia
Pakistan,PAK,2014,4.055,Asia
Pakistan,PAK,2015,3.988,Asia
Pakistan,PAK,2016,3.902,Asia
Pakistan,PAK,2017,3.9,Asia
Pakistan,PAK,2018,3.855,Asia
Pakistan,PAK,2019,3.81,Asia
Pakistan,PAK,2020,3.765,Asia
Pakistan,PAK,2021,3.72,Asia
Pakistan,PAK,2022,3.662,Asia
Pakistan,PAK,2023,3.605,Asia
Palau,PLW,1990,2.881,Oceania
Palau,PLW,1991,2.742,Oceania
Palau,PLW,1992,2.71,Oceania
Palau,PLW,1993,2.727,Oceania
Palau,PLW,1994,2.661,Oceania
Palau,PLW,1995,2.553,Oceania
Palau,PLW,1996,2.39,Oceania
Palau,PLW,1997,2.187,Oceania
Palau,PLW,1998,2.006,Oceania
Palau,PLW,1999,1.906,Oceania
Palau,PLW,2000,1.819,Oceania
Palau,PLW,2001,1.87,Oceania
Palau,PLW,2002,1.923,Oceania
Palau,PLW,2003,1.962,Oceania
Palau,PLW,2004,1.989,Oceania
Palau,PLW,2005,2.017,Oceania
Palau,PLW,2006,1.996,Oceania
Palau,PLW,2007,1.968,Oceania
Palau,PLW,2008,1.947,Oceania
Palau,PLW,2009,1.935,Oceania
Palau,PLW,2010,1.937,Oceania
Palau,PLW,2011,1.965,Oceania
Palau,PLW,2012,2.006,Oceania
Palau,PLW,2013,2.054,Oceania
Palau,PLW,2014,2.032,Oceania
Palau,PLW,2015,2.002,Oceania
Palau,PLW,2016,2.055,Oceania
Palau,PLW,2017,2.019,Oceania
Palau,PLW,2018,1.97,Oceania
Palau,PLW,2019,1.984,Oceania
Palau,PLW,2020,1.972,Oceania
Palau,PLW,2021,1.95,Oceania
Palau,PLW,2022,1.927,Oceania
Palau,PLW,2023,1.907,Oceania
Palestine,PSE,1990,6.809,Asia
Palestine,PSE,1991,6.751,Asia
Palestine,PSE,1992,6.65,Asia
Palestine,PSE,1993,6.501,Asia
Palestine,PSE,1994,6.334,Asia
Palestine,PSE,1995,6.161,Asia
Palestine,PSE,1996,5.988,Asia
Palestine,PSE,1997,5.817,Asia
Palestine,PSE,1998,5.693,Asia
Palestine,PSE,1999,5.583,Asia
Palestine,PSE,2000,5.457,Asia
Palestine,PSE,2001,5.342,Asia
Palestine,PSE,2002,5.216,Asia
Palestine,PSE,2003,5.062,Asia
Palestine,PSE,2004,4.971,Asia
Palestine,PSE,2005,4.867,Asia
Palestine,PSE,2006,4.739,Asia
Palestine,PSE,2007,4.627,Asia
Palestine,PSE,2008,4.509,Asia
Palestine,PSE,2009,4.44,Asia
Palestine,PSE,2010,4.434,Asia
Palestine,PSE,2011,4.305,Asia
Palestine,PSE,2012,4.154,Asia
Palestine,PSE,2013,4.049,Asia
Palestine,PSE,2014,3.995,Asia
Palestine,PSE,2015,3.977,Asia
Palestine,PSE,2016,3.887,Asia
Palestine,PSE,2017,3.771,Asia
Palestine,PSE,2018,3.674,Asia
Palestine,PSE,2019,3.591,Asia
Palestine,PSE,2020,3.511,Asia
Palestine,PSE,2021,3.442,Asia
Palestine,PSE,2022,3.375,Asia
Palestine,PSE,2023,3.311,Asia
Panama,PAN,1990,3.072,North America
Panama,PAN,1991,2.999,North America
Panama,PAN,1992,2.95,North America
Panama,PAN,1993,2.909,North America
Panama,PAN,1994,2.877,North America
Panama,PAN,1995,2.852,North America
Panama,PAN,1996,2.83,North America
Panama,PAN,1997,2.81,North America
Panama,PAN,1998,2.789,North America
Panama,PAN,1999,2.767,North America
Panama,PAN,2000,2.744,North America
Panama,PAN,2001,2.72,North America
Panama,PAN,2002,2.698,North America
Panama,PAN,2003,2.679,North America
Panama,PAN,2004,2.68,North America
Panama,PAN,2005,2.643,North America
Panama,PAN,2006,2.62,North America
Panama,PAN,2007,2.612,North America
Panama,PAN,2008,2.608,North America
Panama,PAN,2009,2.593,North America
Panama,PAN,2010,2.587,North America
Panama,PAN,2011,2.604,North America
Panama,PAN,2012,2.591,North America
Panama,PAN,2013,2.569,North America
Panama,PAN,2014,2.552,North America
Panama,PAN,2015,2.53,North America
Panama,PAN,2016,2.502,North America
Panama,PAN,2017,2.462,North America
Panama,PAN,2018,2.402,North America
Panama,PAN,2019,2.288,North America
Panama,PAN,2020,2.184,North America
Panama,PAN,2021,2.152,North America
Panama,PAN,2022,2.139,North America
Panama,PAN,2023,2.119,North America
Papua New Guinea,PNG,1990,5.18,Oceania
Papua New Guinea,PNG,1991,5.109,Oceania
Papua New Guinea,PNG,1992,5.033,Oceania
Papua New Guinea,PNG,1993,4.962,Oceania
Papua New Guinea,PNG,1994,4.87,Oceania
Papua New Guinea,PNG,1995,4.78,Oceania
Papua New Guinea,PNG,1996,4.728,Oceania
Papua New Guinea,PNG,1997,4.679,Oceania
Papua New Guinea,PNG,1998,4.632,Oceania
Papua New Guinea,PNG,1999,4.587,Oceania
Papua New Guinea,PNG,2000,4.525,Oceania
Papua New Guinea,PNG,2001,4.469,Oceania
Papua New Guinea,PNG,2002,4.419,Oceania
Papua New Guinea,PNG,2003,4.362,Oceania
Papua New Guinea,PNG,2004,4.283,Oceania
Papua New Guinea,PNG,2005,4.22,Oceania
Papua New Guinea,PNG,2006,4.148,Oceania
Papua New Guinea,PNG,2007,4.076,Oceania
Papua New Guinea,PNG,2008,4.015,Oceania
Papua New Guinea,PNG,2009,3.941,Oceania
Papua New Guinea,PNG,2010,3.883,Oceania
Papua New Guinea,PNG,2011,3.816,Oceania
Papua New Guinea,PNG,2012,3.746,Oceania
Papua New Guinea,PNG,2013,3.684,Oceania
Papua New Guinea,PNG,2014,3.625,Oceania
Papua New Guinea,PNG,2015,3.558,Oceania
Papua New Guinea,PNG,2016,3.495,Oceania
Papua New Guinea,PNG,2017,3.432,Oceania
Papua New Guinea,PNG,2018,3.382,Oceania
Papua New Guinea,PNG,2019,3.322,Oceania
Papua New Guinea,PNG,2020,3.274,Oceania
Papua New Guinea,PNG,2021,3.215,Oceania
Papua New Guinea,PNG,2022,3.165,Oceania
Papua New Guinea,PNG,2023,3.099,Oceania
Paraguay,PRY,1990,4.565,South America
Paraguay,PRY,1991,4.481,South America
Paraguay,PRY,1992,4.402,South America
Paraguay,PRY,1993,4.282,South America
Paraguay,PRY,1994,4.196,South America
Paraguay,PRY,1995,4.108,South America
Paraguay,PRY,1996,4.014,South America
Paraguay,PRY,1997,3.911,South America
Paraguay,PRY,1998,3.798,South America
Paraguay,PRY,1999,3.67,South America
Paraguay,PRY,2000,3.508,South America
Paraguay,PRY,2001,3.361,South America
Paraguay,PRY,2002,3.233,South America
Paraguay,PRY,2003,3.123,South America
Paraguay,PRY,2004,3.053,South America
Paraguay,PRY,2005,2.973,South America
Paraguay,PRY,2006,2.889,South America
Paraguay,PRY,2007,2.823,South America
Paraguay,PRY,2008,2.792,South America
Paraguay,PRY,2009,2.757,South America
Paraguay,PRY,2010,2.695,South America
Paraguay,PRY,2011,2.667,South America
Paraguay,PRY,2012,2.658,South America
Paraguay,PRY,2013,2.636,South America
Paraguay,PRY,2014,2.646,South America
Paraguay,PRY,2015,2.645,South America
Paraguay,PRY,2016,2.624,South America
Paraguay,PRY,2017,2.591,South America
Paraguay,PRY,2018,2.561,South America
Paraguay,PRY,2019,2.525,South America
Paraguay,PRY,2020,2.497,South America
Paraguay,PRY,2021,2.469,South America
Paraguay,PRY,2022,2.444,South America
Paraguay,PRY,2023,2.422,South America
Peru,PER,1990,3.912,South America
Peru,PER,1991,3.794,South America
Peru,PER,1992,3.673,South America
Peru,PER,1993,3.552,South America
Peru,PER,1994,3.432,South America
Peru,PER,1995,3.315,South America
Peru,PER,1996,3.203,South America
Peru,PER,1997,3.099,South America
Peru,PER,1998,3.002,South America
Peru,PER,1999,2.917,South America
Peru,PER,2000,2.845,South America
Peru,PER,2001,2.744,South America
Peru,PER,2002,2.693,South America
Peru,PER,2003,2.661,South America
Peru,PER,2004,2.673,South America
Peru,PER,2005,2.643,South America
Peru,PER,2006,2.619,South America
Peru,PER,2007,2.583,South America
Peru,PER,2008,2.528,South America
Peru,PER,2009,2.48,South America
Peru,PER,2010,2.421,South America
Peru,PER,2011,2.413,South America
Peru,PER,2012,2.356,South America
Peru,PER,2013,2.317,South America
Peru,PER,2014,2.271,South America
Peru,PER,2015,2.229,South America
Peru,PER,2016,2.189,South America
Peru,PER,2017,2.152,South America
Peru,PER,2018,2.118,South America
Peru,PER,2019,2.086,South America
Peru,PER,2020,2.056,South America
Peru,PER,2021,2.029,South America
Peru,PER,2022,2.004,South America
Peru,PER,2023,1.98,South America
Philippines,PHL,1990,4.322,Asia
Philippines,PHL,1991,4.273,Asia
Philippines,PHL,1992,4.161,Asia
Philippines,PHL,1993,4.098,Asia
Philippines,PHL,1994,4.079,Asia
Philippines,PHL,1995,4.067,Asia
Philippines,PHL,1996,4.004,Asia
Philippines,PHL,1997,3.943,Asia
Philippines,PHL,1998,3.884,Asia
Philippines,PHL,1999,3.825,Asia
Philippines,PHL,2000,3.754,Asia
Philippines,PHL,2001,3.719,Asia
Philippines,PHL,2002,3.651,Asia
Philippines,PHL,2003,3.591,Asia
Philippines,PHL,2004,3.524,Asia
Philippines,PHL,2005,3.448,Asia
Philippines,PHL,2006,3.466,Asia
Philippines,PHL,2007,3.403,Asia
Philippines,PHL,2008,3.401,Asia
Philippines,PHL,2009,3.376,Asia
Philippines,PHL,2010,3.315,Asia
Philippines,PHL,2011,3.236,Asia
Philippines,PHL,2012,3.143,Asia
Philippines,PHL,2013,3.042,Asia
Philippines,PHL,2014,2.894,Asia
Philippines,PHL,2015,2.829,Asia
Philippines,PHL,2016,2.679,Asia
Philippines,PHL,2017,2.525,Asia
Philippines,PHL,2018,2.378,Asia
Philippines,PHL,2019,2.215,Asia
Philippines,PHL,2020,2.075,Asia
Philippines,PHL,2021,1.95,Asia
Philippines,PHL,2022,1.929,Asia
Philippines,PHL,2023,1.916,Asia
Poland,POL,1990,2.065,Europe
Poland,POL,1991,2.067,Europe
Poland,POL,1992,1.956,Europe
Poland,POL,1993,1.87,Europe
Poland,POL,1994,1.801,Europe
Poland,POL,1995,1.634,Europe
Poland,POL,1996,1.587,Europe
Poland,POL,1997,1.516,Europe
Poland,POL,1998,1.439,Europe
Poland,POL,1999,1.377,Europe
Poland,POL,2000,1.366,Europe
Poland,POL,2001,1.315,Europe
Poland,POL,2002,1.252,Europe
Poland,POL,2003,1.225,Europe
Poland,POL,2004,1.228,Europe
Poland,POL,2005,1.244,Europe
Poland,POL,2006,1.269,Europe
Poland,POL,2007,1.311,Europe
Poland,POL,2008,1.386,Europe
Poland,POL,2009,1.402,Europe
Poland,POL,2010,1.407,Europe
Poland,POL,2011,1.338,Europe
Poland,POL,2012,1.329,Europe
Poland,POL,2013,1.292,Europe
Poland,POL,2014,1.317,Europe
Poland,POL,2015,1.323,Europe
Poland,POL,2016,1.389,Europe
Poland,POL,2017,1.472,Europe
Poland,POL,2018,1.443,Europe
Poland,POL,2019,1.436,Europe
Poland,POL,2020,1.384,Europe
Poland,POL,2021,1.322,Europe
Poland,POL,2022,1.261,Europe
Poland,POL,2023,1.299,Europe
Portugal,PRT,1990,1.555,Europe
Portugal,PRT,1991,1.557,Europe
Portugal,PRT,1992,1.536,Europe
Portugal,PRT,1993,1.513,Europe
Portugal,PRT,1994,1.445,Europe
Portugal,PRT,1995,1.411,Europe
Portugal,PRT,1996,1.441,Europe
Portugal,PRT,1997,1.469,Europe
Portugal,PRT,1998,1.473,Europe
Portugal,PRT,1999,1.502,Europe
Portugal,PRT,2000,1.538,Europe
Portugal,PRT,2001,1.455,Europe
Portugal,PRT,2002,1.46,Europe
Portugal,PRT,2003,1.437,Europe
Portugal,PRT,2004,1.405,Europe
Portugal,PRT,2005,1.408,Europe
Portugal,PRT,2006,1.372,Europe
Portugal,PRT,2007,1.352,Europe
Portugal,PRT,2008,1.383,Europe
Portugal,PRT,2009,1.349,Europe
Portugal,PRT,2010,1.381,Europe
Portugal,PRT,2011,1.343,Europe
Portugal,PRT,2012,1.277,Europe
Portugal,PRT,2013,1.213,Europe
Portugal,PRT,2014,1.23,Europe
Portugal,PRT,2015,1.302,Europe
Portugal,PRT,2016,1.356,Europe
Portugal,PRT,2017,1.377,Europe
Portugal,PRT,2018,1.411,Europe
Portugal,PRT,2019,1.421,Europe
Portugal,PRT,2020,1.405,Europe
Portugal,PRT,2021,1.328,Europe
Portugal,PRT,2022,1.453,Europe
Portugal,PRT,2023,1.508,Europe
Puerto Rico,PRI,1990,2.291,North America
Puerto Rico,PRI,1991,2.213,North America
Puerto Rico,PRI,1992,2.196,North America
Puerto Rico,PRI,1993,2.21,North America
Puerto Rico,PRI,1994,2.175,North America
Puerto Rico,PRI,1995,2.15,North America
Puerto Rico,PRI,1996,2.144,North America
Puerto Rico,PRI,1997,2.169,North America
Puerto Rico,PRI,1998,2.08,North America
Puerto Rico,PRI,1999,2.038,North America
Puerto Rico,PRI,2000,2.041,North America
Puerto Rico,PRI,2001,1.946,North America
Puerto Rico,PRI,2002,1.856,North America
Puerto Rico,PRI,2003,1.807,North America
Puerto Rico,PRI,2004,1.837,North America
Puerto Rico,PRI,2005,1.842,North America
Puerto Rico,PRI,2006,1.798,North America
Puerto Rico,PRI,2007,1.738,North America
Puerto Rico,PRI,2008,1.624,North America
Puerto Rico,PRI,2009,1.595,North America
Puerto Rico,PRI,2010,1.619,North America
Puerto Rico,PRI,2011,1.595,North America
Puerto Rico,PRI,2012,1.541,North America
Puerto Rico,PRI,2013,1.473,North America
Puerto Rico,PRI,2014,1.437,North America
Puerto Rico,PRI,2015,1.35,North America
Puerto Rico,PRI,2016,1.264,North America
Puerto Rico,PRI,2017,1.133,North America
Puerto Rico,PRI,2018,1.026,North America
Puerto Rico,PRI,2019,0.979,North America
Puerto Rico,PRI,2020,0.934,North America
Puerto Rico,PRI,2021,0.944,North America
Puerto Rico,PRI,2022,0.94,North America
Puerto Rico,PRI,2023,0.941,North America
Qatar,QAT,1990,4.23,Asia
Qatar,QAT,1991,3.988,Asia
Qatar,QAT,1992,3.852,Asia
Qatar,QAT,1993,3.765,Asia
Qatar,QAT,1994,3.665,Asia
Qatar,QAT,1995,3.557,Asia
Qatar,QAT,1996,3.444,Asia
Qatar,QAT,1997,3.327,Asia
Qatar,QAT,1998,3.211,Asia
Qatar,QAT,1999,3.117,Asia
Qatar,QAT,2000,3.073,Asia
Qatar,QAT,2001,3.08,Asia
Qatar,QAT,2002,3.011,Asia
Qatar,QAT,2003,2.925,Asia
Qatar,QAT,2004,2.794,Asia
Qatar,QAT,2005,2.635,Asia
Qatar,QAT,2006,2.509,Asia
Qatar,QAT,2007,2.438,Asia
Qatar,QAT,2008,2.369,Asia
Qatar,QAT,2009,2.254,Asia
Qatar,QAT,2010,2.137,Asia
Qatar,QAT,2011,2.07,Asia
Qatar,QAT,2012,2.04,Asia
Qatar,QAT,2013,2.032,Asia
Qatar,QAT,2014,2.03,Asia
Qatar,QAT,2015,1.976,Asia
Qatar,QAT,2016,1.856,Asia
Qatar,QAT,2017,1.834,Asia
Qatar,QAT,2018,1.756,Asia
Qatar,QAT,2019,1.731,Asia
Qatar,QAT,2020,1.675,Asia
Qatar,QAT,2021,1.605,Asia
Qatar,QAT,2022,1.739,Asia
Qatar,QAT,2023,1.729,Asia
Reunion,REU,1990,2.571,
Reunion,REU,1991,2.566,
Reunion,REU,1992,2.545,
Reunion,REU,1993,2.386,
Reunion,REU,1994,2.329,
Reunion,REU,1995,2.272,
Reunion,REU,1996,2.256,
Reunion,REU,1997,2.343,
Reunion,REU,1998,2.312,
Reunion,REU,1999,2.337,
Reunion,REU,2000,2.499,
Reunion,REU,2001,2.451,
Reunion,REU,2002,2.411,
Reunion,REU,2003,2.429,
Reunion,REU,2004,2.451,
Reunion,REU,2005,2.486,
Reunion,REU,2006,2.443,
Reunion,REU,2007,2.468,
Reunion,REU,2008,2.466,
Reunion,REU,2009,2.366,
Reunion,REU,2010,2.189,
Reunion,REU,2011,2.189,
Reunion,REU,2012,2.229,
Reunion,REU,2013,2.215,
Reunion,REU,2014,2.237,
Reunion,REU,2015,2.235,
Reunion,REU,2016,2.219,
Reunion,REU,2017,2.226,
Reunion,REU,2018,2.165,
Reunion,REU,2019,2.133,
Reunion,REU,2020,2.146,
Reunion,REU,2021,2.19,
Reunion,REU,2022,2.187,
Reunion,REU,2023,2.174,
Romania,ROU,1990,1.837,Europe
Romania,ROU,1991,1.6,Europe
Romania,ROU,1992,1.51,Europe
Romania,ROU,1993,1.437,Europe
Romania,ROU,1994,1.4,Europe
Romania,ROU,1995,1.337,Europe
Romania,ROU,1996,1.301,Europe
Romania,ROU,1997,1.317,Europe
Romania,ROU,1998,1.316,Europe
Romania,ROU,1999,1.304,Europe
Romania,ROU,2000,1.303,Europe
Romania,ROU,2001,1.272,Europe
Romania,ROU,2002,1.27,Europe
Romania,ROU,2003,1.298,Europe
Romania,ROU,2004,1.335,Europe
Romania,ROU,2005,1.394,Europe
Romania,ROU,2006,1.421,Europe
Romania,ROU,2007,1.449,Europe
Romania,ROU,2008,1.581,Europe
Romania,ROU,2009,1.636,Europe
Romania,ROU,2010,1.574,Europe
Romania,ROU,2011,1.475,Europe
Romania,ROU,2012,1.51,Europe
Romania,ROU,2013,1.466,Europe
Romania,ROU,2014,1.56,Europe
Romania,ROU,2015,1.621,Europe
Romania,ROU,2016,1.692,Europe
Romania,ROU,2017,1.77,Europe
Romania,ROU,2018,1.753,Europe
Romania,ROU,2019,1.711,Europe
Romania,ROU,2020,1.726,Europe
Romania,ROU,2021,1.718,Europe
Romania,ROU,2022,1.717,Europe
Romania,ROU,2023,1.713,Europe
Russia,RUS,1990,1.91,Europe
Russia,RUS,1991,1.751,Europe
Russia,RUS,1992,1.566,Europe
Russia,RUS,1993,1.393,Europe
Russia,RUS,1994,1.398,Europe
Russia,RUS,1995,1.352,Europe
Russia,RUS,1996,1.289,Europe
Russia,RUS,1997,1.243,Europe
Russia,RUS,1998,1.242,Europe
Russia,RUS,1999,1.183,Europe
Russia,RUS,2000,1.19,Europe
Russia,RUS,2001,1.221,Europe
Russia,RUS,2002,1.287,Europe
Russia,RUS,2003,1.334,Europe
Russia,RUS,2004,1.345,Europe
Russia,RUS,2005,1.299,Europe
Russia,RUS,2006,1.315,Europe
Russia,RUS,2007,1.428,Europe
Russia,RUS,2008,1.517,Europe
Russia,RUS,2009,1.559,Europe
Russia,RUS,2010,1.585,Europe
Russia,RUS,2011,1.601,Europe
Russia,RUS,2012,1.708,Europe
Russia,RUS,2013,1.725,Europe
Russia,RUS,2014,1.766,Europe
Russia,RUS,2015,1.79,Europe
Russia,RUS,2016,1.773,Europe
Russia,RUS,2017,1.627,Europe
Russia,RUS,2018,1.581,Europe
Russia,RUS,2019,1.504,Europe
Russia,RUS,2020,1.505,Europe
Russia,RUS,2021,1.505,Europe
Russia,RUS,2022,1.452,Europe
Russia,RUS,2023,1.449,Europe
Rwanda,RWA,1990,6.803,Africa
Rwanda,RWA,1991,6.622,Africa
Rwanda,RWA,1992,6.539,Africa
Rwanda,RWA,1993,6.479,Africa
Rwanda,RWA,1994,6.415,Africa
Rwanda,RWA,1995,6.345,Africa
Rwanda,RWA,1996,6.289,Africa
Rwanda,RWA,1997,6.235,Africa
Rwanda,RWA,1998,6.171,Africa
Rwanda,RWA,1999,6.059,Africa
Rwanda,RWA,2000,5.967,Africa
Rwanda,RWA,2001,5.893,Africa
Rwanda,RWA,2002,5.816,Africa
Rwanda,RWA,2003,5.737,Africa
Rwanda,RWA,2004,5.64,Africa
Rwanda,RWA,2005,5.5,Africa
Rwanda,RWA,2006,5.335,Africa
Rwanda,RWA,2007,5.141,Africa
Rwanda,RWA,2008,4.922,Africa
Rwanda,RWA,2009,4.707,Africa
Rwanda,RWA,2010,4.522,Africa
Rwanda,RWA,2011,4.332,Africa
Rwanda,RWA,2012,4.201,Africa
Rwanda,RWA,2013,4.136,Africa
Rwanda,RWA,2014,4.117,Africa
Rwanda,RWA,2015,4.108,Africa
Rwanda,RWA,2016,4.106,Africa
Rwanda,RWA,2017,4.084,Africa
Rwanda,RWA,2018,4.047,Africa
Rwanda,RWA,2019,3.985,Africa
Rwanda,RWA,2020,3.913,Africa
Rwanda,RWA,2021,3.841,Africa
Rwanda,RWA,2022,3.778,Africa
Rwanda,RWA,2023,3.698,Africa
Saint Barthelemy,BLM,1990,1.411,
Saint Barthelemy,BLM,1991,1.395,
Saint Barthelemy,BLM,1992,1.384,
Saint Barthelemy,BLM,1993,1.374,
Saint Barthelemy,BLM,1994,1.372,
Saint Barthelemy,BLM,1995,1.37,
Saint Barthelemy,BLM,1996,1.369,
Saint Barthelemy,BLM,1997,1.373,
Saint Barthelemy,BLM,1998,1.393,
Saint Barthelemy,BLM,1999,1.436,
Saint Barthelemy,BLM,2000,1.491,
Saint Barthelemy,BLM,2001,1.524,
Saint Barthelemy,BLM,2002,1.538,
Saint Barthelemy,BLM,2003,1.524,
Saint Barthelemy,BLM,2004,1.514,
Saint Barthelemy,BLM,2005,1.49,
Saint Barthelemy,BLM,2006,1.45,
Saint Barthelemy,BLM,2007,1.4,
Saint Barthelemy,BLM,2008,1.34,
Saint Barthelemy,BLM,2009,1.288,
Saint Barthelemy,BLM,2010,1.252,
Saint Barthelemy,BLM,2011,1.243,
Saint Barthelemy,BLM,2012,1.245,
Saint Barthelemy,BLM,2013,1.09,
Saint Barthelemy,BLM,2014,0.928,
Saint Barthelemy,BLM,2015,1.052,
Saint Barthelemy,BLM,2016,0.966,
Saint Barthelemy,BLM,2017,0.809,
Saint Barthelemy,BLM,2018,0.706,
Saint Barthelemy,BLM,2019,0.734,
Saint Barthelemy,BLM,2020,0.758,
Saint Barthelemy,BLM,2021,0.777,
Saint Barthelemy,BLM,2022,0.789,
Saint Barthelemy,BLM,2023,0.801,
Saint Helena,SHN,1990,2.144,
Saint Helena,SHN,1991,2.082,
Saint Helena,SHN,1992,2.023,
Saint Helena,SHN,1993,1.954,
Saint Helena,SHN,1994,1.881,
Saint Helena,SHN,1995,1.829,
Saint Helena,SHN,1996,1.771,
Saint Helena,SHN,1997,1.748,
Saint Helena,SHN,1998,1.724,
Saint Helena,SHN,1999,1.705,
Saint Helena,SHN,2000,1.68,
Saint Helena,SHN,2001,1.647,
Saint Helena,SHN,2002,1.621,
Saint Helena,SHN,2003,1.603,
Saint Helena,SHN,2004,1.59,
Saint Helena,SHN,2005,1.593,
Saint Helena,SHN,2006,1.599,
Saint Helena,SHN,2007,1.607,
Saint Helena,SHN,2008,1.616,
Saint Helena,SHN,2009,1.628,
Saint Helena,SHN,2010,1.652,
Saint Helena,SHN,2011,1.671,
Saint Helena,SHN,2012,1.686,
Saint Helena,SHN,2013,1.692,
Saint Helena,SHN,2014,1.699,
Saint Helena,SHN,2015,1.699,
Saint Helena,SHN,2016,1.697,
Saint Helena,SHN,2017,1.694,
Saint Helena,SHN,2018,1.681,
Saint Helena,SHN,2019,1.668,
Saint Helena,SHN,2020,1.656,
Saint Helena,SHN,2021,1.645,
Saint Helena,SHN,2022,1.637,
Saint Helena,SHN,2023,1.636,
Saint Kitts and Nevis,KNA,1990,2.725,North America
Saint Kitts and Nevis,KNA,1991,2.597,North America
Saint Kitts and Nevis,KNA,1992,2.433,North America
Saint Kitts and Nevis,KNA,1993,2.375,North America
Saint Kitts and Nevis,KNA,1994,2.31,North America
Saint Kitts and Nevis,KNA,1995,2.304,North America
Saint Kitts and Nevis,KNA,1996,2.26,North America
Saint Kitts and Nevis,KNA,1997,2.3,North America
Saint Kitts and Nevis,KNA,1998,2.31,North America
Saint Kitts and Nevis,KNA,1999,2.256,North America
Saint Kitts and Nevis,KNA,2000,2.126,North America
Saint Kitts and Nevis,KNA,2001,2.082,North America
Saint Kitts and Nevis,KNA,2002,2.038,North America
Saint Kitts and Nevis,KNA,2003,2.004,North America
Saint Kitts and Nevis,KNA,2004,1.964,North America
Saint Kitts and Nevis,KNA,2005,1.931,North America
Saint Kitts and Nevis,KNA,2006,1.902,North America
Saint Kitts and Nevis,KNA,2007,1.871,North America
Saint Kitts and Nevis,KNA,2008,1.833,North America
Saint Kitts and Nevis,KNA,2009,1.8,North America
Saint Kitts and Nevis,KNA,2010,1.762,North America
Saint Kitts and Nevis,KNA,2011,1.74,North America
Saint Kitts and Nevis,KNA,2012,1.713,North America
Saint Kitts and Nevis,KNA,2013,1.682,North America
Saint Kitts and Nevis,KNA,2014,1.665,North America
Saint Kitts and Nevis,KNA,2015,1.643,North America
Saint Kitts and Nevis,KNA,2016,1.633,North America
Saint Kitts and Nevis,KNA,2017,1.61,North America
Saint Kitts and Nevis,KNA,2018,1.587,North America
Saint Kitts and Nevis,KNA,2019,1.568,North America
Saint Kitts and Nevis,KNA,2020,1.55,North America
Saint Kitts and Nevis,KNA,2021,1.531,North America
Saint Kitts and Nevis,KNA,2022,1.512,North America
Saint Kitts and Nevis,KNA,2023,1.505,North America
Saint Lucia,LCA,1990,3.238,North America
Saint Lucia,LCA,1991,3.19,North America
Saint Lucia,LCA,1992,3.11,North America
Saint Lucia,LCA,1993,2.999,North America
Saint Lucia,LCA,1994,3.028,North America
Saint Lucia,LCA,1995,3.026,North America
Saint Lucia,LCA,1996,2.712,North America
Saint Lucia,LCA,1997,2.743,North America
Saint Lucia,LCA,1998,2.403,North America
Saint Lucia,LCA,1999,2.501,North America
Saint Lucia,LCA,2000,2.207,North America
Saint Lucia,LCA,2001,2.125,North America
Saint Lucia,LCA,2002,2.032,North America
Saint Lucia,LCA,2003,1.939,North America
Saint Lucia,LCA,2004,1.863,North America
Saint Lucia,LCA,2005,1.807,North America
Saint Lucia,LCA,2006,1.765,North America
Saint Lucia,LCA,2007,1.7,North America
Saint Lucia,LCA,2008,1.7,North America
Saint Lucia,LCA,2009,1.735,North America
Saint Lucia,LCA,2010,1.673,North America
Saint Lucia,LCA,2011,1.5,North America
Saint Lucia,LCA,2012,1.5,North America
Saint Lucia,LCA,2013,1.5,North America
Saint Lucia,LCA,2014,1.485,North America
Saint Lucia,LCA,2015,1.473,North America
Saint Lucia,LCA,2016,1.461,North America
Saint Lucia,LCA,2017,1.448,North America
Saint Lucia,LCA,2018,1.436,North America
Saint Lucia,LCA,2019,1.424,North America
Saint Lucia,LCA,2020,1.411,North America
Saint Lucia,LCA,2021,1.399,North America
Saint Lucia,LCA,2022,1.387,North America
Saint Lucia,LCA,2023,1.379,North America
Saint Martin (French part),MAF,1990,2.745,
Saint Martin (French part),MAF,1991,2.708,
Saint Martin (French part),MAF,1992,2.68,
Saint Martin (French part),MAF,1993,2.665,
Saint Martin (French part),MAF,1994,2.669,
Saint Martin (French part),MAF,1995,2.688,
Saint Martin (French part),MAF,1996,2.71,
Saint Martin (French part),MAF,1997,2.746,
Saint Martin (French part),MAF,1998,2.795,
Saint Martin (French part),MAF,1999,2.839,
Saint Martin (French part),MAF,2000,2.876,
Saint Martin (French part),MAF,2001,2.897,
Saint Martin (French part),MAF,2002,2.896,
Saint Martin (French part),MAF,2003,2.872,
Saint Martin (French part),MAF,2004,2.827,
Saint Martin (French part),MAF,2005,2.779,
Saint Martin (French part),MAF,2006,2.711,
Saint Martin (French part),MAF,2007,2.633,
Saint Martin (French part),MAF,2008,2.55,
Saint Martin (French part),MAF,2009,2.464,
Saint Martin (French part),MAF,2010,2.4,
Saint Martin (French part),MAF,2011,2.424,
Saint Martin (French part),MAF,2012,2.773,
Saint Martin (French part),MAF,2013,2.719,
Saint Martin (French part),MAF,2014,2.707,
Saint Martin (French part),MAF,2015,2.665,
Saint Martin (French part),MAF,2016,2.643,
Saint Martin (French part),MAF,2017,2.657,
Saint Martin (French part),MAF,2018,2.725,
Saint Martin (French part),MAF,2019,2.791,
Saint Martin (French part),MAF,2020,2.829,
Saint Martin (French part),MAF,2021,2.804,
Saint Martin (French part),MAF,2022,2.763,
Saint Martin (French part),MAF,2023,2.718,
Saint Pierre and Miquelon,SPM,1990,2.226,
Saint Pierre and Miquelon,SPM,1991,2.204,
Saint Pierre and Miquelon,SPM,1992,2.18,
Saint Pierre and Miquelon,SPM,1993,2.152,
Saint Pierre and Miquelon,SPM,1994,2.119,
Saint Pierre and Miquelon,SPM,1995,2.088,
Saint Pierre and Miquelon,SPM,1996,2.057,
Saint Pierre and Miquelon,SPM,1997,2.032,
Saint Pierre and Miquelon,SPM,1998,2.009,
Saint Pierre and Miquelon,SPM,1999,1.996,
Saint Pierre and Miquelon,SPM,2000,1.982,
Saint Pierre and Miquelon,SPM,2001,1.966,
Saint Pierre and Miquelon,SPM,2002,1.957,
Saint Pierre and Miquelon,SPM,2003,1.952,
Saint Pierre and Miquelon,SPM,2004,1.949,
Saint Pierre and Miquelon,SPM,2005,1.945,
Saint Pierre and Miquelon,SPM,2006,1.951,
Saint Pierre and Miquelon,SPM,2007,1.962,
Saint Pierre and Miquelon,SPM,2008,1.971,
Saint Pierre and Miquelon,SPM,2009,1.978,
Saint Pierre and Miquelon,SPM,2010,1.956,
Saint Pierre and Miquelon,SPM,2011,1.834,
Saint Pierre and Miquelon,SPM,2012,1.675,
Saint Pierre and Miquelon,SPM,2013,1.622,
Saint Pierre and Miquelon,SPM,2014,1.543,
Saint Pierre and Miquelon,SPM,2015,1.519,
Saint Pierre and Miquelon,SPM,2016,1.505,
Saint Pierre and Miquelon,SPM,2017,1.49,
Saint Pierre and Miquelon,SPM,2018,1.456,
Saint Pierre and Miquelon,SPM,2019,1.358,
Saint Pierre and Miquelon,SPM,2020,1.319,
Saint Pierre and Miquelon,SPM,2021,1.295,
Saint Pierre and Miquelon,SPM,2022,1.275,
Saint Pierre and Miquelon,SPM,2023,1.267,
Saint Vincent and the Grenadines,VCT,1990,2.731,North America
Saint Vincent and the Grenadines,VCT,1991,2.747,North America
Saint Vincent and the Grenadines,VCT,1992,2.759,North America
Saint Vincent and the Grenadines,VCT,1993,2.737,North America
Saint Vincent and the Grenadines,VCT,1994,2.678,North America
Saint Vincent and the Grenadines,VCT,1995,2.609,North America
Saint Vincent and the Grenadines,VCT,1996,2.526,North America
Saint Vincent and the Grenadines,VCT,1997,2.433,North America
Saint Vincent and the Grenadines,VCT,1998,2.345,North America
Saint Vincent and the Grenadines,VCT,1999,2.307,North America
Saint Vincent and the Grenadines,VCT,2000,2.306,North America
Saint Vincent and the Grenadines,VCT,2001,2.3,North America
Saint Vincent and the Grenadines,VCT,2002,2.218,North America
Saint Vincent and the Grenadines,VCT,2003,2.142,North America
Saint Vincent and the Grenadines,VCT,2004,2.087,North America
Saint Vincent and the Grenadines,VCT,2005,2.068,North America
Saint Vincent and the Grenadines,VCT,2006,2.033,North America
Saint Vincent and the Grenadines,VCT,2007,2.063,North America
Saint Vincent and the Grenadines,VCT,2008,2.15,North America
Saint Vincent and the Grenadines,VCT,2009,2.174,North America
Saint Vincent and the Grenadines,VCT,2010,2.144,North America
Saint Vincent and the Grenadines,VCT,2011,2.076,North America
Saint Vincent and the Grenadines,VCT,2012,2.113,North America
Saint Vincent and the Grenadines,VCT,2013,2.106,North America
Saint Vincent and the Grenadines,VCT,2014,2.141,North America
Saint Vincent and the Grenadines,VCT,2015,2.133,North America
Saint Vincent and the Grenadines,VCT,2016,2.055,North America
Saint Vincent and the Grenadines,VCT,2017,1.94,North America
Saint Vincent and the Grenadines,VCT,2018,1.9,North America
Saint Vincent and the Grenadines,VCT,2019,1.864,North America
Saint Vincent and the Grenadines,VCT,2020,1.83,North America
Saint Vincent and the Grenadines,VCT,2021,1.808,North America
Saint Vincent and the Grenadines,VCT,2022,1.791,North America
Saint Vincent and the Grenadines,VCT,2023,1.775,North America
Samoa,WSM,1990,5.007,Oceania
Samoa,WSM,1991,4.912,Oceania
Samoa,WSM,1992,4.865,Oceania
Samoa,WSM,1993,4.826,Oceania
Samoa,WSM,1994,4.792,Oceania
Samoa,WSM,1995,4.767,Oceania
Samoa,WSM,1996,4.739,Oceania
Samoa,WSM,1997,4.695,Oceania
Samoa,WSM,1998,4.645,Oceania
Samoa,WSM,1999,4.572,Oceania
Samoa,WSM,2000,4.523,Oceania
Samoa,WSM,2001,4.477,Oceania
Samoa,WSM,2002,4.444,Oceania
Samoa,WSM,2003,4.392,Oceania
Samoa,WSM,2004,4.343,Oceania
Samoa,WSM,2005,4.322,Oceania
Samoa,WSM,2006,4.322,Oceania
Samoa,WSM,2007,4.358,Oceania
Samoa,WSM,2008,4.417,Oceania
Samoa,WSM,2009,4.466,Oceania
Samoa,WSM,2010,4.52,Oceania
Samoa,WSM,2011,4.56,Oceania
Samoa,WSM,2012,4.545,Oceania
Samoa,WSM,2013,4.491,Oceania
Samoa,WSM,2014,4.423,Oceania
Samoa,WSM,2015,4.344,Oceania
Samoa,WSM,2016,4.262,Oceania
Samoa,WSM,2017,4.196,Oceania
Samoa,WSM,2018,4.136,Oceania
Samoa,WSM,2019,4.061,Oceania
Samoa,WSM,2020,4.002,Oceania
Samoa,WSM,2021,3.94,Oceania
Samoa,WSM,2022,3.883,Oceania
Samoa,WSM,2023,3.829,Oceania
San Marino,SMR,1990,1.162,Europe
San Marino,SMR,1991,1.167,Europe
San Marino,SMR,1992,1.15,Europe
San Marino,SMR,1993,1.123,Europe
San Marino,SMR,1994,1.138,Europe
San Marino,SMR,1995,1.166,Europe
San Marino,SMR,1996,1.212,Europe
San Marino,SMR,1997,1.243,Europe
San Marino,SMR,1998,1.263,Europe
San Marino,SMR,1999,1.288,Europe
San Marino,SMR,2000,1.404,Europe
San Marino,SMR,2001,1.519,Europe
San Marino,SMR,2002,1.432,Europe
San Marino,SMR,2003,1.296,Europe
San Marino,SMR,2004,1.298,Europe
San Marino,SMR,2005,1.198,Europe
San Marino,SMR,2006,1.242,Europe
San Marino,SMR,2007,1.257,Europe
San Marino,SMR,2008,1.521,Europe
San Marino,SMR,2009,1.358,Europe
San Marino,SMR,2010,1.459,Europe
San Marino,SMR,2011,1.456,Europe
San Marino,SMR,2012,1.289,Europe
San Marino,SMR,2013,1.483,Europe
San Marino,SMR,2014,1.259,Europe
San Marino,SMR,2015,1.196,Europe
San Marino,SMR,2016,1.127,Europe
San Marino,SMR,2017,1.054,Europe
San Marino,SMR,2018,1.077,Europe
San Marino,SMR,2019,1.096,Europe
San Marino,SMR,2020,1.113,Europe
San Marino,SMR,2021,1.125,Europe
San Marino,SMR,2022,1.136,Europe
San Marino,SMR,2023,1.149,Europe
Sao Tome and Principe,STP,1990,5.828,Africa
Sao Tome and Principe,STP,1991,5.769,Africa
Sao Tome and Principe,STP,1992,5.704,Africa
Sao Tome and Principe,STP,1993,5.635,Africa
Sao Tome and Principe,STP,1994,5.562,Africa
Sao Tome and Principe,STP,1995,5.554,Africa
Sao Tome and Principe,STP,1996,5.474,Africa
Sao Tome and Principe,STP,1997,5.396,Africa
Sao Tome and Principe,STP,1998,5.304,Africa
Sao Tome and Principe,STP,1999,5.228,Africa
Sao Tome and Principe,STP,2000,5.157,Africa
Sao Tome and Principe,STP,2001,5.097,Africa
Sao Tome and Principe,STP,2002,5.062,Africa
Sao Tome and Principe,STP,2003,5.013,Africa
Sao Tome and Principe,STP,2004,4.962,Africa
Sao Tome and Principe,STP,2005,4.939,Africa
Sao Tome and Principe,STP,2006,4.933,Africa
Sao Tome and Principe,STP,2007,4.957,Africa
Sao Tome and Principe,STP,2008,4.906,Africa
Sao Tome and Principe,STP,2009,4.838,Africa
Sao Tome and Principe,STP,2010,4.769,Africa
Sao Tome and Principe,STP,2011,4.718,Africa
Sao Tome and Principe,STP,2012,4.664,Africa
Sao Tome and Principe,STP,2013,4.584,Africa
Sao Tome and Principe,STP,2014,4.485,Africa
Sao Tome and Principe,STP,2015,4.354,Africa
Sao Tome and Principe,STP,2016,4.203,Africa
Sao Tome and Principe,STP,2017,4.069,Africa
Sao Tome and Principe,STP,2018,3.977,Africa
Sao Tome and Principe,STP,2019,3.9,Africa
Sao Tome and Principe,STP,2020,3.827,Africa
Sao Tome and Principe,STP,2021,3.759,Africa
Sao Tome and Principe,STP,2022,3.695,Africa
Sao Tome and Principe,STP,2023,3.644,Africa
Saudi Arabia,SAU,1990,5.804,Asia
Saudi Arabia,SAU,1991,5.644,Asia
Saudi Arabia,SAU,1992,5.489,Asia
Saudi Arabia,SAU,1993,5.326,Asia
Saudi Arabia,SAU,1994,5.161,Asia
Saudi Arabia,SAU,1995,4.986,Asia
Saudi Arabia,SAU,1996,4.812,Asia
Saudi Arabia,SAU,1997,4.656,Asia
Saudi Arabia,SAU,1998,4.524,Asia
Saudi Arabia,SAU,1999,4.354,Asia
Saudi Arabia,SAU,2000,4.206,Asia
Saudi Arabia,SAU,2001,3.964,Asia
Saudi Arabia,SAU,2002,3.709,Asia
Saudi Arabia,SAU,2003,3.465,Asia
Saudi Arabia,SAU,2004,3.264,Asia
Saudi Arabia,SAU,2005,3.161,Asia
Saudi Arabia,SAU,2006,3.176,Asia
Saudi Arabia,SAU,2007,3.185,Asia
Saudi Arabia,SAU,2008,3.074,Asia
Saudi Arabia,SAU,2009,2.95,Asia
Saudi Arabia,SAU,2010,2.81,Asia
Saudi Arabia,SAU,2011,2.8,Asia
Saudi Arabia,SAU,2012,2.78,Asia
Saudi Arabia,SAU,2013,2.67,Asia
Saudi Arabia,SAU,2014,2.68,Asia
Saudi Arabia,SAU,2015,2.63,Asia
Saudi Arabia,SAU,2016,2.65,Asia
Saudi Arabia,SAU,2017,2.67,Asia
Saudi Arabia,SAU,2018,2.67,Asia
Saudi Arabia,SAU,2019,2.49,Asia
Saudi Arabia,SAU,2020,2.27,Asia
Saudi Arabia,SAU,2021,2.17,Asia
Saudi Arabia,SAU,2022,2.14,Asia
Saudi Arabia,SAU,2023,2.28,Asia
Senegal,SEN,1990,6.396,Africa
Senegal,SEN,1991,6.267,Africa
Senegal,SEN,1992,6.149,Africa
Senegal,SEN,1993,6.049,Africa
Senegal,SEN,1994,5.915,Africa
Senegal,SEN,1995,5.819,Africa
Senegal,SEN,1996,5.723,Africa
Senegal,SEN,1997,5.639,Africa
Senegal,SEN,1998,5.581,Africa
Senegal,SEN,1999,5.573,Africa
Senegal,SEN,2000,5.498,Africa
Senegal,SEN,2001,5.397,Africa
Senegal,SEN,2002,5.301,Africa
Senegal,SEN,2003,5.246,Africa
Senegal,SEN,2004,5.192,Africa
Senegal,SEN,2005,5.133,Africa
Senegal,SEN,2006,5.064,Africa
Senegal,SEN,2007,5.018,Africa
Senegal,SEN,2008,5.024,Africa
Senegal,SEN,2009,5.025,Africa
Senegal,SEN,2010,5.055,Africa
Senegal,SEN,2011,5.099,Africa
Senegal,SEN,2012,5.129,Africa
Senegal,SEN,2013,5.049,Africa
Senegal,SEN,2014,4.884,Africa
Senegal,SEN,2015,4.751,Africa
Senegal,SEN,2016,4.648,Africa
Senegal,SEN,2017,4.489,Africa
Senegal,SEN,2018,4.294,Africa
Senegal,SEN,2019,4.1,Africa
Senegal,SEN,2020,4.003,Africa
Senegal,SEN,2021,3.936,Africa
Senegal,SEN,2022,3.864,Africa
Senegal,SEN,2023,3.818,Africa
Serbia,SRB,1990,1.649,Europe
Serbia,SRB,1991,1.612,Europe
Serbia,SRB,1992,1.573,Europe
Serbia,SRB,1993,1.544,Europe
Serbia,SRB,1994,1.505,Europe
Serbia,SRB,1995,1.468,Europe
Serbia,SRB,1996,1.436,Europe
Serbia,SRB,1997,1.398,Europe
Serbia,SRB,1998,1.37,Europe
Serbia,SRB,1999,1.354,Europe
Serbia,SRB,2000,1.353,Europe
Serbia,SRB,2001,1.355,Europe
Serbia,SRB,2002,1.363,Europe
Serbia,SRB,2003,1.37,Europe
Serbia,SRB,2004,1.361,Europe
Serbia,SRB,2005,1.336,Europe
Serbia,SRB,2006,1.319,Europe
Serbia,SRB,2007,1.316,Europe
Serbia,SRB,2008,1.331,Europe
Serbia,SRB,2009,1.362,Europe
Serbia,SRB,2010,1.399,Europe
Serbia,SRB,2011,1.404,Europe
Serbia,SRB,2012,1.444,Europe
Serbia,SRB,2013,1.431,Europe
Serbia,SRB,2014,1.46,Europe
Serbia,SRB,2015,1.46,Europe
Serbia,SRB,2016,1.462,Europe
Serbia,SRB,2017,1.483,Europe
Serbia,SRB,2018,1.487,Europe
Serbia,SRB,2019,1.513,Europe
Serbia,SRB,2020,1.485,Europe
Serbia,SRB,2021,1.517,Europe
Serbia,SRB,2022,1.519,Europe
Serbia,SRB,2023,1.5,Europe
Seychelles,SYC,1990,2.607,Africa
Seychelles,SYC,1991,2.692,Africa
Seychelles,SYC,1992,2.526,Africa
Seychelles,SYC,1993,2.582,Africa
Seychelles,SYC,1994,2.597,Africa
Seychelles,SYC,1995,2.361,Africa
Seychelles,SYC,1996,2.311,Africa
Seychelles,SYC,1997,2.137,Africa
Seychelles,SYC,1998,2.037,Africa
Seychelles,SYC,1999,2.045,Africa
Seychelles,SYC,2000,2.066,Africa
Seychelles,SYC,2001,1.983,Africa
Seychelles,SYC,2002,2.027,Africa
Seychelles,SYC,2003,2.046,Africa
Seychelles,SYC,2004,2.036,Africa
Seychelles,SYC,2005,2.182,Africa
Seychelles,SYC,2006,2.103,Africa
Seychelles,SYC,2007,2.225,Africa
Seychelles,SYC,2008,2.319,Africa
Seychelles,SYC,2009,2.371,Africa
Seychelles,SYC,2010,2.2,Africa
Seychelles,SYC,2011,2.367,Africa
Seychelles,SYC,2012,2.407,Africa
Seychelles,SYC,2013,2.182,Africa
Seychelles,SYC,2014,2.161,Africa
Seychelles,SYC,2015,2.217,Africa
Seychelles,SYC,2016,2.295,Africa
Seychelles,SYC,2017,2.313,Africa
Seychelles,SYC,2018,2.291,Africa
Seychelles,SYC,2019,2.262,Africa
Seychelles,SYC,2020,2.227,Africa
Seychelles,SYC,2021,2.199,Africa
Seychelles,SYC,2022,2.166,Africa
Seychelles,SYC,2023,2.133,Africa
Sierra Leone,SLE,1990,6.567,Africa
Sierra Leone,SLE,1991,6.553,Africa
Sierra Leone,SLE,1992,6.555,Africa
Sierra Leone,SLE,1993,6.569,Africa
Sierra Leone,SLE,1994,6.557,Africa
Sierra Leone,SLE,1995,6.555,Africa
Sierra Leone,SLE,1996,6.552,Africa
Sierra Leone,SLE,1997,6.531,Africa
Sierra Leone,SLE,1998,6.495,Africa
Sierra Leone,SLE,1999,6.423,Africa
Sierra Leone,SLE,2000,6.355,Africa
Sierra Leone,SLE,2001,6.305,Africa
Sierra Leone,SLE,2002,6.23,Africa
Sierra Leone,SLE,2003,6.087,Africa
Sierra Leone,SLE,2004,5.919,Africa
Sierra Leone,SLE,2005,5.807,Africa
Sierra Leone,SLE,2006,5.737,Africa
Sierra Leone,SLE,2007,5.643,Africa
Sierra Leone,SLE,2008,5.563,Africa
Sierra Leone,SLE,2009,5.448,Africa
Sierra Leone,SLE,2010,5.327,Africa
Sierra Leone,SLE,2011,5.209,Africa
Sierra Leone,SLE,2012,5.064,Africa
Sierra Leone,SLE,2013,4.873,Africa
Sierra Leone,SLE,2014,4.703,Africa
Sierra Leone,SLE,2015,4.548,Africa
Sierra Leone,SLE,2016,4.466,Africa
Sierra Leone,SLE,2017,4.389,Africa
Sierra Leone,SLE,2018,4.294,Africa
Sierra Leone,SLE,2019,4.192,Africa
Sierra Leone,SLE,2020,4.08,Africa
Sierra Leone,SLE,2021,3.978,Africa
Sierra Leone,SLE,2022,3.876,Africa
Sierra Leone,SLE,2023,3.791,Africa
Singapore,SGP,1990,1.583,Asia
Singapore,SGP,1991,1.495,Asia
Singapore,SGP,1992,1.485,Asia
Singapore,SGP,1993,1.498,Asia
Singapore,SGP,1994,1.471,Asia
Singapore,SGP,1995,1.443,Asia
Singapore,SGP,1996,1.424,Asia
Singapore,SGP,1997,1.372,Asia
Singapore,SGP,1998,1.261,Asia
Singapore,SGP,1999,1.239,Asia
Singapore,SGP,2000,1.342,Asia
Singapore,SGP,2001,1.186,Asia
Singapore,SGP,2002,1.172,Asia
Singapore,SGP,2003,1.081,Asia
Singapore,SGP,2004,1.071,Asia
Singapore,SGP,2005,1.072,Asia
Singapore,SGP,2006,1.068,Asia
Singapore,SGP,2007,1.069,Asia
Singapore,SGP,2008,1.044,Asia
Singapore,SGP,2009,1.002,Asia
Singapore,SGP,2010,0.934,Asia
Singapore,SGP,2011,0.964,Asia
Singapore,SGP,2012,1.027,Asia
Singapore,SGP,2013,0.949,Asia
Singapore,SGP,2014,1.003,Asia
Singapore,SGP,2015,0.977,Asia
Singapore,SGP,2016,0.943,Asia
Singapore,SGP,2017,0.936,Asia
Singapore,SGP,2018,0.948,Asia
Singapore,SGP,2019,0.942,Asia
Singapore,SGP,2020,0.942,Asia
Singapore,SGP,2021,0.944,Asia
Singapore,SGP,2022,0.943,Asia
Singapore,SGP,2023,0.943,Asia
Sint Maarten (Dutch part),SXM,1990,1.848,North America
Sint Maarten (Dutch part),SXM,1991,1.847,North America
Sint Maarten (Dutch part),SXM,1992,1.882,North America
Sint Maarten (Dutch part),SXM,1993,1.942,North America
Sint Maarten (Dutch part),SXM,1994,2.054,North America
Sint Maarten (Dutch part),SXM,1995,2.143,North America
Sint Maarten (Dutch part),SXM,1996,2.184,North America
Sint Maarten (Dutch part),SXM,1997,2.173,North America
Sint Maarten (Dutch part),SXM,1998,2.142,North America
Sint Maarten (Dutch part),SXM,1999,2.066,North America
Sint Maarten (Dutch part),SXM,2000,1.982,North America
Sint Maarten (Dutch part),SXM,2001,1.892,North America
Sint Maarten (Dutch part),SXM,2002,1.809,North America
Sint Maarten (Dutch part),SXM,2003,1.742,North America
Sint Maarten (Dutch part),SXM,2004,1.702,North America
Sint Maarten (Dutch part),SXM,2005,1.708,North America
Sint Maarten (Dutch part),SXM,2006,1.758,North America
Sint Maarten (Dutch part),SXM,2007,1.572,North America
Sint Maarten (Dutch part),SXM,2008,1.728,North America
Sint Maarten (Dutch part),SXM,2009,1.713,North America
Sint Maarten (Dutch part),SXM,2010,1.848,North America
Sint Maarten (Dutch part),SXM,2011,1.99,North America
Sint Maarten (Dutch part),SXM,2012,1.959,North America
Sint Maarten (Dutch part),SXM,2013,1.894,North America
Sint Maarten (Dutch part),SXM,2014,1.817,North America
Sint Maarten (Dutch part),SXM,2015,1.732,North America
Sint Maarten (Dutch part),SXM,2016,1.642,North America
Sint Maarten (Dutch part),SXM,2017,1.571,North America
Sint Maarten (Dutch part),SXM,2018,1.522,North America
Sint Maarten (Dutch part),SXM,2019,1.481,North America
Sint Maarten (Dutch part),SXM,2020,1.467,North America
Sint Maarten (Dutch part),SXM,2021,1.456,North America
Sint Maarten (Dutch part),SXM,2022,1.453,North America
Sint Maarten (Dutch part),SXM,2023,1.447,North America
Slovakia,SVK,1990,2.076,Europe
Slovakia,SVK,1991,2.034,Europe
Slovakia,SVK,1992,1.925,Europe
Slovakia,SVK,1993,1.859,Europe
Slovakia,SVK,1994,1.666,Europe
Slovakia,SVK,1995,1.523,Europe
Slovakia,SVK,1996,1.469,Europe
Slovakia,SVK,1997,1.428,Europe
Slovakia,SVK,1998,1.376,Europe
Slovakia,SVK,1999,1.331,Europe
Slovakia,SVK,2000,1.293,Europe
Slovakia,SVK,2001,1.202,Europe
Slovakia,SVK,2002,1.185,Europe
Slovakia,SVK,2003,1.204,Europe
Slovakia,SVK,2004,1.246,Europe
Slovakia,SVK,2005,1.262,Europe
Slovakia,SVK,2006,1.254,Europe
Slovakia,SVK,2007,1.27,Europe
Slovakia,SVK,2008,1.342,Europe
Slovakia,SVK,2009,1.433,Europe
Slovakia,SVK,2010,1.43,Europe
Slovakia,SVK,2011,1.445,Europe
Slovakia,SVK,2012,1.394,Europe
Slovakia,SVK,2013,1.396,Europe
Slovakia,SVK,2014,1.422,Europe
Slovakia,SVK,2015,1.403,Europe
Slovakia,SVK,2016,1.478,Europe
Slovakia,SVK,2017,1.521,Europe
Slovakia,SVK,2018,1.545,Europe
Slovakia,SVK,2019,1.566,Europe
Slovakia,SVK,2020,1.591,Europe
Slovakia,SVK,2021,1.631,Europe
Slovakia,SVK,2022,1.56,Europe
Slovakia,SVK,2023,1.56,Europe
Slovenia,SVN,1990,1.462,Europe
Slovenia,SVN,1991,1.422,Europe
Slovenia,SVN,1992,1.334,Europe
Slovenia,SVN,1993,1.329,Europe
Slovenia,SVN,1994,1.315,Europe
Slovenia,SVN,1995,1.288,Europe
Slovenia,SVN,1996,1.279,Europe
Slovenia,SVN,1997,1.247,Europe
Slovenia,SVN,1998,1.231,Europe
Slovenia,SVN,1999,1.212,Europe
Slovenia,SVN,2000,1.253,Europe
Slovenia,SVN,2001,1.208,Europe
Slovenia,SVN,2002,1.21,Europe
Slovenia,SVN,2003,1.203,Europe
Slovenia,SVN,2004,1.248,Europe
Slovenia,SVN,2005,1.263,Europe
Slovenia,SVN,2006,1.317,Europe
Slovenia,SVN,2007,1.386,Europe
Slovenia,SVN,2008,1.529,Europe
Slovenia,SVN,2009,1.538,Europe
Slovenia,SVN,2010,1.579,Europe
Slovenia,SVN,2011,1.57,Europe
Slovenia,SVN,2012,1.587,Europe
Slovenia,SVN,2013,1.553,Europe
Slovenia,SVN,2014,1.581,Europe
Slovenia,SVN,2015,1.576,Europe
Slovenia,SVN,2016,1.587,Europe
Slovenia,SVN,2017,1.622,Europe
Slovenia,SVN,2018,1.606,Europe
Slovenia,SVN,2019,1.611,Europe
Slovenia,SVN,2020,1.594,Europe
Slovenia,SVN,2021,1.64,Europe
Slovenia,SVN,2022,1.568,Europe
Slovenia,SVN,2023,1.576,Europe
Solomon Islands,SLB,1990,5.74,Oceania
Solomon Islands,SLB,1991,5.62,Oceania
Solomon Islands,SLB,1992,5.509,Oceania
Solomon Islands,SLB,1993,5.453,Oceania
Solomon Islands,SLB,1994,5.398,Oceania
Solomon Islands,SLB,1995,5.335,Oceania
Solomon Islands,SLB,1996,5.221,Oceania
Solomon Islands,SLB,1997,5.093,Oceania
Solomon Islands,SLB,1998,4.977,Oceania
Solomon Islands,SLB,1999,4.861,Oceania
Solomon Islands,SLB,2000,4.757,Oceania
Solomon Islands,SLB,2001,4.673,Oceania
Solomon Islands,SLB,2002,4.602,Oceania
Solomon Islands,SLB,2003,4.539,Oceania
Solomon Islands,SLB,2004,4.466,Oceania
Solomon Islands,SLB,2005,4.411,Oceania
Solomon Islands,SLB,2006,4.39,Oceania
Solomon Islands,SLB,2007,4.372,Oceania
Solomon Islands,SLB,2008,4.358,Oceania
Solomon Islands,SLB,2009,4.349,Oceania
Solomon Islands,SLB,2010,4.341,Oceania
Solomon Islands,SLB,2011,4.335,Oceania
Solomon Islands,SLB,2012,4.332,Oceania
Solomon Islands,SLB,2013,4.325,Oceania
Solomon Islands,SLB,2014,4.36,Oceania
Solomon Islands,SLB,2015,4.291,Oceania
Solomon Islands,SLB,2016,4.2,Oceania
Solomon Islands,SLB,2017,4.06,Oceania
Solomon Islands,SLB,2018,3.93,Oceania
Solomon Islands,SLB,2019,3.8,Oceania
Solomon Islands,SLB,2020,3.749,Oceania
Solomon Islands,SLB,2021,3.694,Oceania
Solomon Islands,SLB,2022,3.62,Oceania
Solomon Islands,SLB,2023,3.557,Oceania
Somalia,SOM,1990,7.44,Africa
Somalia,SOM,1991,7.47,Africa
Somalia,SOM,1992,7.5,Africa
Somalia,SOM,1993,7.526,Africa
Somalia,SOM,1994,7.544,Africa
Somalia,SOM,1995,7.581,Africa
Somalia,SOM,1996,7.621,Africa
Somalia,SOM,1997,7.662,Africa
Somalia,SOM,1998,7.656,Africa
Somalia,SOM,1999,7.657,Africa
Somalia,SOM,2000,7.645,Africa
Somalia,SOM,2001,7.636,Africa
Somalia,SOM,2002,7.626,Africa
Somalia,SOM,2003,7.603,Africa
Somalia,SOM,2004,7.568,Africa
Somalia,SOM,2005,7.527,Africa
Somalia,SOM,2006,7.49,Africa
Somalia,SOM,2007,7.457,Africa
Somalia,SOM,2008,7.415,Africa
Somalia,SOM,2009,7.376,Africa
Somalia,SOM,2010,7.322,Africa
Somalia,SOM,2011,7.268,Africa
Somalia,SOM,2012,7.211,Africa
Somalia,SOM,2013,7.14,Africa
Somalia,SOM,2014,7.061,Africa
Somalia,SOM,2015,6.975,Africa
Somalia,SOM,2016,6.878,Africa
Somalia,SOM,2017,6.766,Africa
Somalia,SOM,2018,6.662,Africa
Somalia,SOM,2019,6.56,Africa
Somalia,SOM,2020,6.453,Africa
Somalia,SOM,2021,6.353,Africa
Somalia,SOM,2022,6.255,Africa
Somalia,SOM,2023,6.132,Africa
South Africa,ZAF,1990,3.724,Africa
South Africa,ZAF,1991,3.618,Africa
South Africa,ZAF,1992,3.479,Africa
South Africa,ZAF,1993,3.372,Africa
South Africa,ZAF,1994,3.258,Africa
South Africa,ZAF,1995,3.172,Africa
South Africa,ZAF,1996,2.991,Africa
South Africa,ZAF,1997,2.734,Africa
South Africa,ZAF,1998,2.63,Africa
South Africa,ZAF,1999,2.559,Africa
South Africa,ZAF,2000,2.413,Africa
South Africa,ZAF,2001,2.373,Africa
South Africa,ZAF,2002,2.324,Africa
South Africa,ZAF,2003,2.358,Africa
South Africa,ZAF,2004,2.436,Africa
South Africa,ZAF,2005,2.512,Africa
South Africa,ZAF,2006,2.548,Africa
South Africa,ZAF,2007,2.545,Africa
South Africa,ZAF,2008,2.679,Africa
South Africa,ZAF,2009,2.501,Africa
South Africa,ZAF,2010,2.445,Africa
South Africa,ZAF,2011,2.436,Africa
South Africa,ZAF,2012,2.447,Africa
South Africa,ZAF,2013,2.428,Africa
South Africa,ZAF,2014,2.424,Africa
South Africa,ZAF,2015,2.359,Africa
South Africa,ZAF,2016,2.261,Africa
South Africa,ZAF,2017,2.283,Africa
South Africa,ZAF,2018,2.27,Africa
South Africa,ZAF,2019,2.264,Africa
South Africa,ZAF,2020,2.257,Africa
South Africa,ZAF,2021,2.248,Africa
South Africa,ZAF,2022,2.227,Africa
South Africa,ZAF,2023,2.216,Africa
South America,OWID_SAM,1990,3.0926561,
South America,OWID_SAM,1991,3.0234342,
South America,OWID_SAM,1992,2.9468284,
South America,OWID_SAM,1993,2.8958113,
South America,OWID_SAM,1994,2.8373249,
South America,OWID_SAM,1995,2.7832248,
South America,OWID_SAM,1996,2.7173157,
South America,OWID_SAM,1997,2.6641014,
South America,OWID_SAM,1998,2.6121128,
South America,OWID_SAM,1999,2.5410109,
South America,OWID_SAM,2000,2.4663107,
South America,OWID_SAM,2001,2.3946426,
South America,OWID_SAM,2002,2.3303409,
South America,OWID_SAM,2003,2.2708218,
South America,OWID_SAM,2004,2.2341845,
South America,OWID_SAM,2005,2.2016697,
South America,OWID_SAM,2006,2.1590602,
South America,OWID_SAM,2007,2.119132,
South America,OWID_SAM,2008,2.091469,
South America,OWID_SAM,2009,2.0648005,
South America,OWID_SAM,2010,2.039334,
South America,OWID_SAM,2011,2.0225012,
South America,OWID_SAM,2012,1.9935387,
South America,OWID_SAM,2013,1.97674,
South America,OWID_SAM,2014,1.9739044,
South America,OWID_SAM,2015,1.9556609,
South America,OWID_SAM,2016,1.9023213,
South America,OWID_SAM,2017,1.8909783,
South America,OWID_SAM,2018,1.8756915,
South America,OWID_SAM,2019,1.8225799,
South America,OWID_SAM,2020,1.7524793,
South America,OWID_SAM,2021,1.729807,
South America,OWID_SAM,2022,1.7115034,
South America,OWID_SAM,2023,1.6984931,
South Korea,KOR,1990,1.603,Asia
South Korea,KOR,1991,1.702,Asia
South Korea,KOR,1992,1.738,Asia
South Korea,KOR,1993,1.683,Asia
South Korea,KOR,1994,1.67,Asia
South Korea,KOR,1995,1.646,Asia
South Korea,KOR,1996,1.599,Asia
South Korea,KOR,1997,1.555,Asia
South Korea,KOR,1998,1.497,Asia
South Korea,KOR,1999,1.469,Asia
South Korea,KOR,2000,1.467,Asia
South Korea,KOR,2001,1.342,Asia
South Korea,KOR,2002,1.227,Asia
South Korea,KOR,2003,1.199,Asia
South Korea,KOR,2004,1.164,Asia
South Korea,KOR,2005,1.115,Asia
South Korea,KOR,2006,1.145,Asia
South Korea,KOR,2007,1.215,Asia
South Korea,KOR,2008,1.19,Asia
South Korea,KOR,2009,1.178,Asia
South Korea,KOR,2010,1.226,Asia
South Korea,KOR,2011,1.258,Asia
South Korea,KOR,2012,1.274,Asia
South Korea,KOR,2013,1.206,Asia
South Korea,KOR,2014,1.197,Asia
South Korea,KOR,2015,1.202,Asia
South Korea,KOR,2016,1.14,Asia
South Korea,KOR,2017,1.035,Asia
South Korea,KOR,2018,0.951,Asia
South Korea,KOR,2019,0.881,Asia
South Korea,KOR,2020,0.812,Asia
South Korea,KOR,2021,0.783,Asia
South Korea,KOR,2022,0.78,Asia
South Korea,KOR,2023,0.72,Asia
South Sudan,SSD,1990,7.377,
South Sudan,SSD,1991,7.377,
South Sudan,SSD,1992,7.37,
South Sudan,SSD,1993,7.36,
South Sudan,SSD,1994,7.346,
South Sudan,SSD,1995,7.337,
South Sudan,SSD,1996,7.321,
South Sudan,SSD,1997,7.199,
South Sudan,SSD,1998,7.078,
South Sudan,SSD,1999,6.937,
South Sudan,SSD,2000,6.803,
South Sudan,SSD,2001,6.654,
South Sudan,SSD,2002,6.515,
South Sudan,SSD,2003,6.353,
South Sudan,SSD,2004,6.19,
South Sudan,SSD,2005,6.022,
South Sudan,SSD,2006,5.853,
South Sudan,SSD,2007,5.704,
South Sudan,SSD,2008,5.569,
South Sudan,SSD,2009,5.446,
South Sudan,SSD,2010,5.318,
South Sudan,SSD,2011,5.193,
South Sudan,SSD,2012,5.061,
South Sudan,SSD,2013,4.939,
South Sudan,SSD,2014,4.818,
South Sudan,SSD,2015,4.695,
South Sudan,SSD,2016,4.579,
South Sudan,SSD,2017,4.483,
South Sudan,SSD,2018,4.37,
South Sudan,SSD,2019,4.26,
South Sudan,SSD,2020,4.16,
South Sudan,SSD,2021,4.047,
South Sudan,SSD,2022,3.964,
South Sudan,SSD,2023,3.864,
Spain,ESP,1990,1.358,Europe
Spain,ESP,1991,1.325,Europe
Spain,ESP,1992,1.306,Europe
Spain,ESP,1993,1.253,Europe
Spain,ESP,1994,1.19,Europe
Spain,ESP,1995,1.153,Europe
Spain,ESP,1996,1.139,Europe
Spain,ESP,1997,1.145,Europe
Spain,ESP,1998,1.131,Europe
Spain,ESP,1999,1.165,Europe
Spain,ESP,2000,1.21,Europe
Spain,ESP,2001,1.231,Europe
Spain,ESP,2002,1.251,Europe
Spain,ESP,2003,1.293,Europe
Spain,ESP,2004,1.313,Europe
Spain,ESP,2005,1.329,Europe
Spain,ESP,2006,1.36,Europe
Spain,ESP,2007,1.379,Europe
Spain,ESP,2008,1.436,Europe
Spain,ESP,2009,1.381,Europe
Spain,ESP,2010,1.366,Europe
Spain,ESP,2011,1.34,Europe
Spain,ESP,2012,1.318,Europe
Spain,ESP,2013,1.277,Europe
Spain,ESP,2014,1.315,Europe
Spain,ESP,2015,1.33,Europe
Spain,ESP,2016,1.332,Europe
Spain,ESP,2017,1.305,Europe
Spain,ESP,2018,1.26,Europe
Spain,ESP,2019,1.23,Europe
Spain,ESP,2020,1.186,Europe
Spain,ESP,2021,1.188,Europe
Spain,ESP,2022,1.205,Europe
Spain,ESP,2023,1.213,Europe
Sri Lanka,LKA,1990,2.541,Asia
Sri Lanka,LKA,1991,2.514,Asia
Sri Lanka,LKA,1992,2.487,Asia
Sri Lanka,LKA,1993,2.438,Asia
Sri Lanka,LKA,1994,2.405,Asia
Sri Lanka,LKA,1995,2.353,Asia
Sri Lanka,LKA,1996,2.285,Asia
Sri Lanka,LKA,1997,2.215,Asia
Sri Lanka,LKA,1998,2.136,Asia
Sri Lanka,LKA,1999,2.142,Asia
Sri Lanka,LKA,2000,2.213,Asia
Sri Lanka,LKA,2001,2.283,Asia
Sri Lanka,LKA,2002,2.31,Asia
Sri Lanka,LKA,2003,2.301,Asia
Sri Lanka,LKA,2004,2.271,Asia
Sri Lanka,LKA,2005,2.263,Asia
Sri Lanka,LKA,2006,2.292,Asia
Sri Lanka,LKA,2007,2.295,Asia
Sri Lanka,LKA,2008,2.232,Asia
Sri Lanka,LKA,2009,2.179,Asia
Sri Lanka,LKA,2010,2.134,Asia
Sri Lanka,LKA,2011,2.144,Asia
Sri Lanka,LKA,2012,2.173,Asia
Sri Lanka,LKA,2013,2.178,Asia
Sri Lanka,LKA,2014,2.134,Asia
Sri Lanka,LKA,2015,2.09,Asia
Sri Lanka,LKA,2016,2.062,Asia
Sri Lanka,LKA,2017,2.044,Asia
Sri Lanka,LKA,2018,2.033,Asia
Sri Lanka,LKA,2019,2.022,Asia
Sri Lanka,LKA,2020,2.007,Asia
Sri Lanka,LKA,2021,1.995,Asia
Sri Lanka,LKA,2022,1.984,Asia
Sri Lanka,LKA,2023,1.974,Asia
Sudan,SDN,1990,6.074,Africa
Sudan,SDN,1991,6.05,Africa
Sudan,SDN,1992,6.019,Africa
Sudan,SDN,1993,5.97,Africa
Sudan,SDN,1994,5.912,Africa
Sudan,SDN,1995,5.856,Africa
Sudan,SDN,1996,5.792,Africa
Sudan,SDN,1997,5.717,Africa
Sudan,SDN,1998,5.646,Africa
Sudan,SDN,1999,5.622,Africa
Sudan,SDN,2000,5.596,Africa
Sudan,SDN,2001,5.562,Africa
Sudan,SDN,2002,5.531,Africa
Sudan,SDN,2003,5.489,Africa
Sudan,SDN,2004,5.455,Africa
Sudan,SDN,2005,5.397,Africa
Sudan,SDN,2006,5.332,Africa
Sudan,SDN,2007,5.27,Africa
Sudan,SDN,2008,5.212,Africa
Sudan,SDN,2009,5.173,Africa
Sudan,SDN,2010,5.141,Africa
Sudan,SDN,2011,5.087,Africa
Sudan,SDN,2012,5.031,Africa
Sudan,SDN,2013,4.965,Africa
Sudan,SDN,2014,4.912,Africa
Sudan,SDN,2015,4.898,Africa
Sudan,SDN,2016,4.829,Africa
Sudan,SDN,2017,4.761,Africa
Sudan,SDN,2018,4.681,Africa
Sudan,SDN,2019,4.617,Africa
Sudan,SDN,2020,4.542,Africa
Sudan,SDN,2021,4.457,Africa
Sudan,SDN,2022,4.384,Africa
Sudan,SDN,2023,4.323,Africa
Suriname,SUR,1990,3.225,South America
Suriname,SUR,1991,3.094,South America
Suriname,SUR,1992,3.013,South America
Suriname,SUR,1993,2.943,South America
Suriname,SUR,1994,2.899,South America
Suriname,SUR,1995,2.897,South America
Suriname,SUR,1996,2.92,South America
Suriname,SUR,1997,2.952,South America
Suriname,SUR,1998,2.986,South America
Suriname,SUR,1999,3.016,South America
Suriname,SUR,2000,3.046,South America
Suriname,SUR,2001,3.057,South America
Suriname,SUR,2002,2.956,South America
Suriname,SUR,2003,2.839,South America
Suriname,SUR,2004,2.738,South America
Suriname,SUR,2005,2.712,South America
Suriname,SUR,2006,2.727,South America
Suriname,SUR,2007,2.735,South America
Suriname,SUR,2008,2.727,South America
Suriname,SUR,2009,2.712,South America
Suriname,SUR,2010,2.688,South America
Suriname,SUR,2011,2.667,South America
Suriname,SUR,2012,2.669,South America
Suriname,SUR,2013,2.651,South America
Suriname,SUR,2014,2.62,South America
Suriname,SUR,2015,2.57,South America
Suriname,SUR,2016,2.5,South America
Suriname,SUR,2017,2.431,South America
Suriname,SUR,2018,2.381,South America
Suriname,SUR,2019,2.347,South America
Suriname,SUR,2020,2.314,South America
Suriname,SUR,2021,2.295,South America
Suriname,SUR,2022,2.274,South America
Suriname,SUR,2023,2.249,South America
Sweden,SWE,1990,2.121,Europe
Sweden,SWE,1991,2.109,Europe
Sweden,SWE,1992,2.078,Europe
Sweden,SWE,1993,1.987,Europe
Sweden,SWE,1994,1.878,Europe
Sweden,SWE,1995,1.73,Europe
Sweden,SWE,1996,1.6,Europe
Sweden,SWE,1997,1.527,Europe
Sweden,SWE,1998,1.506,Europe
Sweden,SWE,1999,1.501,Europe
Sweden,SWE,2000,1.542,Europe
Sweden,SWE,2001,1.569,Europe
Sweden,SWE,2002,1.648,Europe
Sweden,SWE,2003,1.712,Europe
Sweden,SWE,2004,1.751,Europe
Sweden,SWE,2005,1.772,Europe
Sweden,SWE,2006,1.848,Europe
Sweden,SWE,2007,1.877,Europe
Sweden,SWE,2008,1.905,Europe
Sweden,SWE,2009,1.932,Europe
Sweden,SWE,2010,1.973,Europe
Sweden,SWE,2011,1.902,Europe
Sweden,SWE,2012,1.9,Europe
Sweden,SWE,2013,1.885,Europe
Sweden,SWE,2014,1.876,Europe
Sweden,SWE,2015,1.847,Europe
Sweden,SWE,2016,1.846,Europe
Sweden,SWE,2017,1.785,Europe
Sweden,SWE,2018,1.754,Europe
Sweden,SWE,2019,1.709,Europe
Sweden,SWE,2020,1.671,Europe
Sweden,SWE,2021,1.668,Europe
Sweden,SWE,2022,1.538,Europe
Sweden,SWE,2023,1.43,Europe
Switzerland,CHE,1990,1.578,Europe
Switzerland,CHE,1991,1.582,Europe
Switzerland,CHE,1992,1.572,Europe
Switzerland,CHE,1993,1.51,Europe
Switzerland,CHE,1994,1.488,Europe
Switzerland,CHE,1995,1.478,Europe
Switzerland,CHE,1996,1.497,Europe
Switzerland,CHE,1997,1.477,Europe
Switzerland,CHE,1998,1.469,Europe
Switzerland,CHE,1999,1.48,Europe
Switzerland,CHE,2000,1.486,Europe
Switzerland,CHE,2001,1.388,Europe
Switzerland,CHE,2002,1.383,Europe
Switzerland,CHE,2003,1.382,Europe
Switzerland,CHE,2004,1.409,Europe
Switzerland,CHE,2005,1.416,Europe
Switzerland,CHE,2006,1.432,Europe
Switzerland,CHE,2007,1.452,Europe
Switzerland,CHE,2008,1.478,Europe
Switzerland,CHE,2009,1.492,Europe
Switzerland,CHE,2010,1.517,Europe
Switzerland,CHE,2011,1.513,Europe
Switzerland,CHE,2012,1.52,Europe
Switzerland,CHE,2013,1.514,Europe
Switzerland,CHE,2014,1.534,Europe
Switzerland,CHE,2015,1.537,Europe
Switzerland,CHE,2016,1.54,Europe
Switzerland,CHE,2017,1.519,Europe
Switzerland,CHE,2018,1.513,Europe
Switzerland,CHE,2019,1.478,Europe
Switzerland,CHE,2020,1.466,Europe
Switzerland,CHE,2021,1.526,Europe
Switzerland,CHE,2022,1.395,Europe
Switzerland,CHE,2023,1.433,Europe
Syria,SYR,1990,5.561,Asia
Syria,SYR,1991,5.342,Asia
Syria,SYR,1992,5.141,Asia
Syria,SYR,1993,4.994,Asia
Syria,SYR,1994,4.856,Asia
Syria,SYR,1995,4.697,Asia
Syria,SYR,1996,4.536,Asia
Syria,SYR,1997,4.371,Asia
Syria,SYR,1998,4.25,Asia
Syria,SYR,1999,4.144,Asia
Syria,SYR,2000,4.068,Asia
Syria,SYR,2001,3.976,Asia
Syria,SYR,2002,3.865,Asia
Syria,SYR,2003,3.763,Asia
Syria,SYR,2004,3.679,Asia
Syria,SYR,2005,3.605,Asia
Syria,SYR,2006,3.562,Asia
Syria,SYR,2007,3.538,Asia
Syria,SYR,2008,3.481,Asia
Syria,SYR,2009,3.415,Asia
Syria,SYR,2010,3.355,Asia
Syria,SYR,2011,3.285,Asia
Syria,SYR,2012,3.221,Asia
Syria,SYR,2013,3.165,Asia
Syria,SYR,2014,3.117,Asia
Syria,SYR,2015,3.067,Asia
Syria,SYR,2016,3.012,Asia
Syria,SYR,2017,2.972,Asia
Syria,SYR,2018,2.932,Asia
Syria,SYR,2019,2.878,Asia
Syria,SYR,2020,2.837,Asia
Syria,SYR,2021,2.798,Asia
Syria,SYR,2022,2.746,Asia
Syria,SYR,2023,2.712,Asia
Taiwan,TWN,1990,1.787,
Taiwan,TWN,1991,1.746,
Taiwan,TWN,1992,1.744,
Taiwan,TWN,1993,1.767,
Taiwan,TWN,1994,1.771,
Taiwan,TWN,1995,1.782,
Taiwan,TWN,1996,1.779,
Taiwan,TWN,1997,1.736,
Taiwan,TWN,1998,1.541,
Taiwan,TWN,1999,1.533,
Taiwan,TWN,2000,1.472,
Taiwan,TWN,2001,1.404,
Taiwan,TWN,2002,1.327,
Taiwan,TWN,2003,1.248,
Taiwan,TWN,2004,1.185,
Taiwan,TWN,2005,1.133,
Taiwan,TWN,2006,1.118,
Taiwan,TWN,2007,1.102,
Taiwan,TWN,2008,1.062,
Taiwan,TWN,2009,1.005,
Taiwan,TWN,2010,0.916,
Taiwan,TWN,2011,1.059,
Taiwan,TWN,2012,1.188,
Taiwan,TWN,2013,1.13,
Taiwan,TWN,2014,1.162,
Taiwan,TWN,2015,1.185,
Taiwan,TWN,2016,1.171,
Taiwan,TWN,2017,1.121,
Taiwan,TWN,2018,1.075,
Taiwan,TWN,2019,1.045,
Taiwan,TWN,2020,0.99,
Taiwan,TWN,2021,0.975,
Taiwan,TWN,2022,0.87,
Taiwan,TWN,2023,0.87,
Tajikistan,TJK,1990,5.456,Asia
Tajikistan,TJK,1991,5.276,Asia
Tajikistan,TJK,1992,5.056,Asia
Tajikistan,TJK,1993,4.921,Asia
Tajikistan,TJK,1994,4.792,Asia
Tajikistan,TJK,1995,4.664,Asia
Tajikistan,TJK,1996,3.94,Asia
Tajikistan,TJK,1997,4.06,Asia
Tajikistan,TJK,1998,4.07,Asia
Tajikistan,TJK,1999,3.85,Asia
Tajikistan,TJK,2000,3.49,Asia
Tajikistan,TJK,2001,3.49,Asia
Tajikistan,TJK,2002,3.47,Asia
Tajikistan,TJK,2003,3.42,Asia
Tajikistan,TJK,2004,3.507,Asia
Tajikistan,TJK,2005,3.398,Asia
Tajikistan,TJK,2006,3.341,Asia
Tajikistan,TJK,2007,3.367,Asia
Tajikistan,TJK,2008,3.388,Asia
Tajikistan,TJK,2009,3.43,Asia
Tajikistan,TJK,2010,3.457,Asia
Tajikistan,TJK,2011,3.456,Asia
Tajikistan,TJK,2012,3.421,Asia
Tajikistan,TJK,2013,3.433,Asia
Tajikistan,TJK,2014,3.459,Asia
Tajikistan,TJK,2015,3.459,Asia
Tajikistan,TJK,2016,3.384,Asia
Tajikistan,TJK,2017,3.29,Asia
Tajikistan,TJK,2018,3.294,Asia
Tajikistan,TJK,2019,3.281,Asia
Tajikistan,TJK,2020,3.211,Asia
Tajikistan,TJK,2021,3.17,Asia
Tajikistan,TJK,2022,3.127,Asia
Tajikistan,TJK,2023,3.072,Asia
Tanzania,TZA,1990,6.201,Africa
Tanzania,TZA,1991,6.135,Africa
Tanzania,TZA,1992,6.078,Africa
Tanzania,TZA,1993,5.997,Africa
Tanzania,TZA,1994,5.894,Africa
Tanzania,TZA,1995,5.822,Africa
Tanzania,TZA,1996,5.826,Africa
Tanzania,TZA,1997,5.836,Africa
Tanzania,TZA,1998,5.811,Africa
Tanzania,TZA,1999,5.747,Africa
Tanzania,TZA,2000,5.67,Africa
Tanzania,TZA,2001,5.617,Africa
Tanzania,TZA,2002,5.57,Africa
Tanzania,TZA,2003,5.578,Africa
Tanzania,TZA,2004,5.597,Africa
Tanzania,TZA,2005,5.579,Africa
Tanzania,TZA,2006,5.511,Africa
Tanzania,TZA,2007,5.403,Africa
Tanzania,TZA,2008,5.324,Africa
Tanzania,TZA,2009,5.26,Africa
Tanzania,TZA,2010,5.225,Africa
Tanzania,TZA,2011,5.141,Africa
Tanzania,TZA,2012,5.137,Africa
Tanzania,TZA,2013,5.156,Africa
Tanzania,TZA,2014,5.122,Africa
Tanzania,TZA,2015,5.025,Africa
Tanzania,TZA,2016,5.006,Africa
Tanzania,TZA,2017,4.988,Africa
Tanzania,TZA,2018,4.932,Africa
Tanzania,TZA,2019,4.866,Africa
Tanzania,TZA,2020,4.801,Africa
Tanzania,TZA,2021,4.734,Africa
Tanzania,TZA,2022,4.671,Africa
Tanzania,TZA,2023,4.606,Africa
Thailand,THA,1990,2.065,Asia
Thailand,THA,1991,2.036,Asia
Thailand,THA,1992,2.008,Asia
Thailand,THA,1993,1.967,Asia
Thailand,THA,1994,1.928,Asia
Thailand,THA,1995,1.888,Asia
Thailand,THA,1996,1.865,Asia
Thailand,THA,1997,1.845,Asia
Thailand,THA,1998,1.815,Asia
Thailand,THA,1999,1.768,Asia
Thailand,THA,2000,1.734,Asia
Thailand,THA,2001,1.711,Asia
Thailand,THA,2002,1.688,Asia
Thailand,THA,2003,1.673,Asia
Thailand,THA,2004,1.665,Asia
Thailand,THA,2005,1.644,Asia
Thailand,THA,2006,1.631,Asia
Thailand,THA,2007,1.616,Asia
Thailand,THA,2008,1.587,Asia
Thailand,THA,2009,1.565,Asia
Thailand,THA,2010,1.562,Asia
Thailand,THA,2011,1.571,Asia
Thailand,THA,2012,1.563,Asia
Thailand,THA,2013,1.526,Asia
Thailand,THA,2014,1.484,Asia
Thailand,THA,2015,1.451,Asia
Thailand,THA,2016,1.4,Asia
Thailand,THA,2017,1.363,Asia
Thailand,THA,2018,1.323,Asia
Thailand,THA,2019,1.285,Asia
Thailand,THA,2020,1.259,Asia
Thailand,THA,2021,1.234,Asia
Thailand,THA,2022,1.221,Asia
Thailand,THA,2023,1.212,Asia
Togo,TGO,1990,6.067132,Africa
Togo,TGO,1991,5.986704,Africa
Togo,TGO,1992,5.885765,Africa
Togo,TGO,1993,5.782153,Africa
Togo,TGO,1994,5.672271,Africa
Togo,TGO,1995,5.564586,Africa
Togo,TGO,1996,5.458922,Africa
Togo,TGO,1997,5.362601,Africa
Togo,TGO,1998,5.287873,Africa
Togo,TGO,1999,5.226114,Africa
Togo,TGO,2000,5.1652,Africa
Togo,TGO,2001,5.12801,Africa
Togo,TGO,2002,5.09187,Africa
Togo,TGO,2003,5.047961,Africa
Togo,TGO,2004,4.994707,Africa
Togo,TGO,2005,5.037823,Africa
Togo,TGO,2006,5.076201,Africa
Togo,TGO,2007,5.102,Africa
Togo,TGO,2008,5.100197,Africa
Togo,TGO,2009,5.104276,Africa
Togo,TGO,2010,5.087324,Africa
Togo,TGO,2011,4.984234,Africa
Togo,TGO,2012,4.853789,Africa
Togo,TGO,2013,4.753612,Africa
Togo,TGO,2014,4.701602,Africa
Togo,TGO,2015,4.661566,Africa
Togo,TGO,2016,4.633942,Africa
Togo,TGO,2017,4.576231,Africa
Togo,TGO,2018,4.513072,Africa
Togo,TGO,2019,4.450408,Africa
Togo,TGO,2020,4.386312,Africa
Togo,TGO,2021,4.323871,Africa
Togo,TGO,2022,4.253183,Africa
Togo,TGO,2023,4.192401,Africa
Tokelau,TKL,1990,4.564,
Tokelau,TKL,1991,4.598,
Tokelau,TKL,1992,4.606,
Tokelau,TKL,1993,4.579,
Tokelau,TKL,1994,4.521,
Tokelau,TKL,1995,4.468,
Tokelau,TKL,1996,4.381,
Tokelau,TKL,1997,4.267,
Tokelau,TKL,1998,4.137,
Tokelau,TKL,1999,3.996,
Tokelau,TKL,2000,3.823,
Tokelau,TKL,2001,3.672,
Tokelau,TKL,2002,3.57,
Tokelau,TKL,2003,3.514,
Tokelau,TKL,2004,3.47,
Tokelau,TKL,2005,3.44,
Tokelau,TKL,2006,3.42,
Tokelau,TKL,2007,3.4,
Tokelau,TKL,2008,3.378,
Tokelau,TKL,2009,3.342,
Tokelau,TKL,2010,3.249,
Tokelau,TKL,2011,3.164,
Tokelau,TKL,2012,3.095,
Tokelau,TKL,2013,3.042,
Tokelau,TKL,2014,2.987,
Tokelau,TKL,2015,2.924,
Tokelau,TKL,2016,2.864,
Tokelau,TKL,2017,2.811,
Tokelau,TKL,2018,2.777,
Tokelau,TKL,2019,2.745,
Tokelau,TKL,2020,2.711,
Tokelau,TKL,2021,2.683,
Tokelau,TKL,2022,2.646,
Tokelau,TKL,2023,2.612,
Tonga,TON,1990,4.929,Oceania
Tonga,TON,1991,4.852,Oceania
Tonga,TON,1992,4.787,Oceania
Tonga,TON,1993,4.726,Oceania
Tonga,TON,1994,4.658,Oceania
Tonga,TON,1995,4.563,Oceania
Tonga,TON,1996,4.455,Oceania
Tonga,TON,1997,4.378,Oceania
Tonga,TON,1998,4.309,Oceania
Tonga,TON,1999,4.228,Oceania
Tonga,TON,2000,4.159,Oceania
Tonga,TON,2001,4.127,Oceania
Tonga,TON,2002,4.138,Oceania
Tonga,TON,2003,4.175,Oceania
Tonga,TON,2004,4.186,Oceania
Tonga,TON,2005,4.195,Oceania
Tonga,TON,2006,4.141,Oceania
Tonga,TON,2007,4.086,Oceania
Tonga,TON,2008,4.012,Oceania
Tonga,TON,2009,3.946,Oceania
Tonga,TON,2010,3.879,Oceania
Tonga,TON,2011,3.829,Oceania
Tonga,TON,2012,3.768,Oceania
Tonga,TON,2013,3.696,Oceania
Tonga,TON,2014,3.619,Oceania
Tonga,TON,2015,3.54,Oceania
Tonga,TON,2016,3.463,Oceania
Tonga,TON,2017,3.388,Oceania
Tonga,TON,2018,3.326,Oceania
Tonga,TON,2019,3.274,Oceania
Tonga,TON,2020,3.234,Oceania
Tonga,TON,2021,3.198,Oceania
Tonga,TON,2022,3.171,Oceania
Tonga,TON,2023,3.129,Oceania
Trinidad and Tobago,TTO,1990,2.394,North America
Trinidad and Tobago,TTO,1991,2.29,North America
Trinidad and Tobago,TTO,1992,2.213,North America
Trinidad and Tobago,TTO,1993,2.129,North America
Trinidad and Tobago,TTO,1994,2.064,North America
Trinidad and Tobago,TTO,1995,1.967,North America
Trinidad and Tobago,TTO,1996,1.894,North America
Trinidad and Tobago,TTO,1997,1.831,North America
Trinidad and Tobago,TTO,1998,1.784,North America
Trinidad and Tobago,TTO,1999,1.76,North America
Trinidad and Tobago,TTO,2000,1.732,North America
Trinidad and Tobago,TTO,2001,1.705,North America
Trinidad and Tobago,TTO,2002,1.672,North America
Trinidad and Tobago,TTO,2003,1.648,North America
Trinidad and Tobago,TTO,2004,1.627,North America
Trinidad and Tobago,TTO,2005,1.625,North America
Trinidad and Tobago,TTO,2006,1.624,North America
Trinidad and Tobago,TTO,2007,1.622,North America
Trinidad and Tobago,TTO,2008,1.617,North America
Trinidad and Tobago,TTO,2009,1.618,North America
Trinidad and Tobago,TTO,2010,1.614,North America
Trinidad and Tobago,TTO,2011,1.611,North America
Trinidad and Tobago,TTO,2012,1.609,North America
Trinidad and Tobago,TTO,2013,1.603,North America
Trinidad and Tobago,TTO,2014,1.602,North America
Trinidad and Tobago,TTO,2015,1.598,North America
Trinidad and Tobago,TTO,2016,1.601,North America
Trinidad and Tobago,TTO,2017,1.594,North America
Trinidad and Tobago,TTO,2018,1.588,North America
Trinidad and Tobago,TTO,2019,1.578,North America
Trinidad and Tobago,TTO,2020,1.572,North America
Trinidad and Tobago,TTO,2021,1.559,North America
Trinidad and Tobago,TTO,2022,1.544,North America
Trinidad and Tobago,TTO,2023,1.532,North America
Tunisia,TUN,1990,3.441,Africa
Tunisia,TUN,1991,3.31,Africa
Tunisia,TUN,1992,3.189,Africa
Tunisia,TUN,1993,3.058,Africa
Tunisia,TUN,1994,2.874,Africa
Tunisia,TUN,1995,2.67,Africa
Tunisia,TUN,1996,2.488,Africa
Tunisia,TUN,1997,2.338,Africa
Tunisia,TUN,1998,2.197,Africa
Tunisia,TUN,1999,2.082,Africa
Tunisia,TUN,2000,2.025,Africa
Tunisia,TUN,2001,1.975,Africa
Tunisia,TUN,2002,1.941,Africa
Tunisia,TUN,2003,1.956,Africa
Tunisia,TUN,2004,1.95,Africa
Tunisia,TUN,2005,1.953,Africa
Tunisia,TUN,2006,1.952,Africa
Tunisia,TUN,2007,1.957,Africa
Tunisia,TUN,2008,1.975,Africa
Tunisia,TUN,2009,2.004,Africa
Tunisia,TUN,2010,2.075,Africa
Tunisia,TUN,2011,2.189,Africa
Tunisia,TUN,2012,2.277,Africa
Tunisia,TUN,2013,2.31,Africa
Tunisia,TUN,2014,2.316,Africa
Tunisia,TUN,2015,2.306,Africa
Tunisia,TUN,2016,2.275,Africa
Tunisia,TUN,2017,2.205,Africa
Tunisia,TUN,2018,2.133,Africa
Tunisia,TUN,2019,2.1,Africa
Tunisia,TUN,2020,2.0,Africa
Tunisia,TUN,2021,1.8,Africa
Tunisia,TUN,2022,1.847,Africa
Tunisia,TUN,2023,1.832,Africa
Turkey,TUR,1990,3.107,Asia
Turkey,TUR,1991,3.003,Asia
Turkey,TUR,1992,2.939,Asia
Turkey,TUR,1993,2.916,Asia
Turkey,TUR,1994,2.874,Asia
Turkey,TUR,1995,2.835,Asia
Turkey,TUR,1996,2.779,Asia
Turkey,TUR,1997,2.744,Asia
Turkey,TUR,1998,2.707,Asia
Turkey,TUR,1999,2.63,Asia
Turkey,TUR,2000,2.487,Asia
Turkey,TUR,2001,2.392,Asia
Turkey,TUR,2002,2.268,Asia
Turkey,TUR,2003,2.202,Asia
Turkey,TUR,2004,2.197,Asia
Turkey,TUR,2005,2.197,Asia
Turkey,TUR,2006,2.193,Asia
Turkey,TUR,2007,2.183,Asia
Turkey,TUR,2008,2.167,Asia
Turkey,TUR,2009,2.145,Asia
Turkey,TUR,2010,2.08,Asia
Turkey,TUR,2011,2.047,Asia
Turkey,TUR,2012,2.109,Asia
Turkey,TUR,2013,2.107,Asia
Turkey,TUR,2014,2.186,Asia
Turkey,TUR,2015,2.157,Asia
Turkey,TUR,2016,2.115,Asia
Turkey,TUR,2017,2.082,Asia
Turkey,TUR,2018,2.004,Asia
Turkey,TUR,2019,1.886,Asia
Turkey,TUR,2020,1.768,Asia
Turkey,TUR,2021,1.708,Asia
Turkey,TUR,2022,1.625,Asia
Turkey,TUR,2023,1.625,Asia
Turkmenistan,TKM,1990,4.288,Asia
Turkmenistan,TKM,1991,4.145,Asia
Turkmenistan,TKM,1992,3.957,Asia
Turkmenistan,TKM,1993,3.778,Asia
Turkmenistan,TKM,1994,3.623,Asia
Turkmenistan,TKM,1995,3.491,Asia
Turkmenistan,TKM,1996,3.292,Asia
Turkmenistan,TKM,1997,3.18,Asia
Turkmenistan,TKM,1998,3.075,Asia
Turkmenistan,TKM,1999,2.976,Asia
Turkmenistan,TKM,2000,2.9,Asia
Turkmenistan,TKM,2001,2.814,Asia
Turkmenistan,TKM,2002,2.71,Asia
Turkmenistan,TKM,2003,2.667,Asia
Turkmenistan,TKM,2004,2.674,Asia
Turkmenistan,TKM,2005,2.706,Asia
Turkmenistan,TKM,2006,2.724,Asia
Turkmenistan,TKM,2007,2.734,Asia
Turkmenistan,TKM,2008,2.75,Asia
Turkmenistan,TKM,2009,2.794,Asia
Turkmenistan,TKM,2010,2.848,Asia
Turkmenistan,TKM,2011,2.9,Asia
Turkmenistan,TKM,2012,2.955,Asia
Turkmenistan,TKM,2013,3.007,Asia
Turkmenistan,TKM,2014,3.023,Asia
Turkmenistan,TKM,2015,3.033,Asia
Turkmenistan,TKM,2016,2.99,Asia
Turkmenistan,TKM,2017,2.934,Asia
Turkmenistan,TKM,2018,2.875,Asia
Turkmenistan,TKM,2019,2.834,Asia
Turkmenistan,TKM,2020,2.793,Asia
Turkmenistan,TKM,2021,2.754,Asia
Turkmenistan,TKM,2022,2.728,Asia
Turkmenistan,TKM,2023,2.69,Asia
Turks and Caicos Islands,TCA,1990,3.189,North America
Turks and Caicos Islands,TCA,1991,3.053,North America
Turks and Caicos Islands,TCA,1992,2.939,North America
Turks and Caicos Islands,TCA,1993,2.842,North America
Turks and Caicos Islands,TCA,1994,2.756,North America
Turks and Caicos Islands,TCA,1995,2.699,North America
Turks and Caicos Islands,TCA,1996,2.649,North America
Turks and Caicos Islands,TCA,1997,2.581,North America
Turks and Caicos Islands,TCA,1998,2.52,North America
Turks and Caicos Islands,TCA,1999,2.464,North America
Turks and Caicos Islands,TCA,2000,2.406,North America
Turks and Caicos Islands,TCA,2001,2.342,North America
Turks and Caicos Islands,TCA,2002,2.242,North America
Turks and Caicos Islands,TCA,2003,2.176,North America
Turks and Caicos Islands,TCA,2004,2.136,North America
Turks and Caicos Islands,TCA,2005,2.106,North America
Turks and Caicos Islands,TCA,2006,2.078,North America
Turks and Caicos Islands,TCA,2007,2.049,North America
Turks and Caicos Islands,TCA,2008,2.005,North America
Turks and Caicos Islands,TCA,2009,1.959,North America
Turks and Caicos Islands,TCA,2010,1.907,North America
Turks and Caicos Islands,TCA,2011,1.859,North America
Turks and Caicos Islands,TCA,2012,1.805,North America
Turks and Caicos Islands,TCA,2013,1.752,North America
Turks and Caicos Islands,TCA,2014,1.729,North America
Turks and Caicos Islands,TCA,2015,1.718,North America
Turks and Caicos Islands,TCA,2016,1.713,North America
Turks and Caicos Islands,TCA,2017,1.704,North America
Turks and Caicos Islands,TCA,2018,1.677,North America
Turks and Caicos Islands,TCA,2019,1.617,North America
Turks and Caicos Islands,TCA,2020,1.552,North America
Turks and Caicos Islands,TCA,2021,1.501,North America
Turks and Caicos Islands,TCA,2022,1.477,North America
Turks and Caicos Islands,TCA,2023,1.463,North America
Tuvalu,TUV,1990,3.75,Oceania
Tuvalu,TUV,1991,3.789,Oceania
Tuvalu,TUV,1992,3.86,Oceania
Tuvalu,TUV,1993,3.922,Oceania
Tuvalu,TUV,1994,3.923,Oceania
Tuvalu,TUV,1995,3.963,Oceania
Tuvalu,TUV,1996,3.951,Oceania
Tuvalu,TUV,1997,3.952,Oceania
Tuvalu,TUV,1998,3.951,Oceania
Tuvalu,TUV,1999,3.919,Oceania
Tuvalu,TUV,2000,3.841,Oceania
Tuvalu,TUV,2001,3.749,Oceania
Tuvalu,TUV,2002,3.637,Oceania
Tuvalu,TUV,2003,3.579,Oceania
Tuvalu,TUV,2004,3.553,Oceania
Tuvalu,TUV,2005,3.546,Oceania
Tuvalu,TUV,2006,3.525,Oceania
Tuvalu,TUV,2007,3.446,Oceania
Tuvalu,TUV,2008,3.415,Oceania
Tuvalu,TUV,2009,3.425,Oceania
Tuvalu,TUV,2010,3.442,Oceania
Tuvalu,TUV,2011,3.463,Oceania
Tuvalu,TUV,2012,3.47,Oceania
Tuvalu,TUV,2013,3.389,Oceania
Tuvalu,TUV,2014,3.33,Oceania
Tuvalu,TUV,2015,3.308,Oceania
Tuvalu,TUV,2016,3.297,Oceania
Tuvalu,TUV,2017,3.301,Oceania
Tuvalu,TUV,2018,3.328,Oceania
Tuvalu,TUV,2019,3.331,Oceania
Tuvalu,TUV,2020,3.309,Oceania
Tuvalu,TUV,2021,3.277,Oceania
Tuvalu,TUV,2022,3.244,Oceania
Tuvalu,TUV,2023,3.208,Oceania
Uganda,UGA,1990,7.014,Africa
Uganda,UGA,1991,6.943,Africa
Uganda,UGA,1992,6.913,Africa
Uganda,UGA,1993,6.886,Africa
Uganda,UGA,1994,6.899,Africa
Uganda,UGA,1995,6.871,Africa
Uganda,UGA,1996,6.835,Africa
Uganda,UGA,1997,6.856,Africa
Uganda,UGA,1998,6.837,Africa
Uganda,UGA,1999,6.825,Africa
Uganda,UGA,2000,6.788,Africa
Uganda,UGA,2001,6.757,Africa
Uganda,UGA,2002,6.735,Africa
Uganda,UGA,2003,6.671,Africa
Uganda,UGA,2004,6.612,Africa
Uganda,UGA,2005,6.525,Africa
Uganda,UGA,2006,6.429,Africa
Uganda,UGA,2007,6.326,Africa
Uganda,UGA,2008,6.202,Africa
Uganda,UGA,2009,6.124,Africa
Uganda,UGA,2010,6.019,Africa
Uganda,UGA,2011,5.885,Africa
Uganda,UGA,2012,5.729,Africa
Uganda,UGA,2013,5.563,Africa
Uganda,UGA,2014,5.408,Africa
Uganda,UGA,2015,5.251,Africa
Uganda,UGA,2016,5.112,Africa
Uganda,UGA,2017,4.987,Africa
Uganda,UGA,2018,4.867,Africa
Uganda,UGA,2019,4.744,Africa
Uganda,UGA,2020,4.621,Africa
Uganda,UGA,2021,4.51,Africa
Uganda,UGA,2022,4.388,Africa
Uganda,UGA,2023,4.283,Africa
Ukraine,UKR,1990,1.845,Europe
Ukraine,UKR,1991,1.773,Europe
Ukraine,UKR,1992,1.674,Europe
Ukraine,UKR,1993,1.564,Europe
Ukraine,UKR,1994,1.471,Europe
Ukraine,UKR,1995,1.399,Europe
Ukraine,UKR,1996,1.333,Europe
Ukraine,UKR,1997,1.271,Europe
Ukraine,UKR,1998,1.206,Europe
Ukraine,UKR,1999,1.127,Europe
Ukraine,UKR,2000,1.108,Europe
Ukraine,UKR,2001,1.092,Europe
Ukraine,UKR,2002,1.127,Europe
Ukraine,UKR,2003,1.173,Europe
Ukraine,UKR,2004,1.215,Europe
Ukraine,UKR,2005,1.221,Europe
Ukraine,UKR,2006,1.297,Europe
Ukraine,UKR,2007,1.343,Europe
Ukraine,UKR,2008,1.444,Europe
Ukraine,UKR,2009,1.47,Europe
Ukraine,UKR,2010,1.436,Europe
Ukraine,UKR,2011,1.464,Europe
Ukraine,UKR,2012,1.528,Europe
Ukraine,UKR,2013,1.515,Europe
Ukraine,UKR,2014,1.466,Europe
Ukraine,UKR,2015,1.387,Europe
Ukraine,UKR,2016,1.391,Europe
Ukraine,UKR,2017,1.3,Europe
Ukraine,UKR,2018,1.233,Europe
Ukraine,UKR,2019,1.218,Europe
Ukraine,UKR,2020,1.208,Europe
Ukraine,UKR,2021,1.148,Europe
Ukraine,UKR,2022,0.897,Europe
Ukraine,UKR,2023,0.977,Europe
United Arab Emirates,ARE,1990,4.506,Asia
United Arab Emirates,ARE,1991,4.251,Asia
United Arab Emirates,ARE,1992,4.088,Asia
United Arab Emirates,ARE,1993,3.819,Asia
United Arab Emirates,ARE,1994,3.761,Asia
United Arab Emirates,ARE,1995,3.278,Asia
United Arab Emirates,ARE,1996,3.06,Asia
United Arab Emirates,ARE,1997,2.825,Asia
United Arab Emirates,ARE,1998,2.765,Asia
United Arab Emirates,ARE,1999,2.793,Asia
United Arab Emirates,ARE,2000,2.733,Asia
United Arab Emirates,ARE,2001,2.622,Asia
United Arab Emirates,ARE,2002,2.541,Asia
United Arab Emirates,ARE,2003,2.491,Asia
United Arab Emirates,ARE,2004,2.385,Asia
United Arab Emirates,ARE,2005,2.232,Asia
United Arab Emirates,ARE,2006,1.958,Asia
United Arab Emirates,ARE,2007,1.792,Asia
United Arab Emirates,ARE,2008,1.516,Asia
United Arab Emirates,ARE,2009,1.582,Asia
United Arab Emirates,ARE,2010,1.565,Asia
United Arab Emirates,ARE,2011,1.539,Asia
United Arab Emirates,ARE,2012,1.532,Asia
United Arab Emirates,ARE,2013,1.527,Asia
United Arab Emirates,ARE,2014,1.483,Asia
United Arab Emirates,ARE,2015,1.417,Asia
United Arab Emirates,ARE,2016,1.366,Asia
United Arab Emirates,ARE,2017,1.35,Asia
United Arab Emirates,ARE,2018,1.288,Asia
United Arab Emirates,ARE,2019,1.247,Asia
United Arab Emirates,ARE,2020,1.289,Asia
United Arab Emirates,ARE,2021,1.162,Asia
United Arab Emirates,ARE,2022,1.148,Asia
United Arab Emirates,ARE,2023,1.2,Asia
United Kingdom,GBR,1990,1.829,Europe
United Kingdom,GBR,1991,1.817,Europe
United Kingdom,GBR,1992,1.793,Europe
United Kingdom,GBR,1993,1.758,Europe
United Kingdom,GBR,1994,1.737,Europe
United Kingdom,GBR,1995,1.709,Europe
United Kingdom,GBR,1996,1.722,Europe
United Kingdom,GBR,1997,1.722,Europe
United Kingdom,GBR,1998,1.711,Europe
United Kingdom,GBR,1999,1.682,Europe
United Kingdom,GBR,2000,1.641,Europe
United Kingdom,GBR,2001,1.624,Europe
United Kingdom,GBR,2002,1.633,Europe
United Kingdom,GBR,2003,1.698,Europe
United Kingdom,GBR,2004,1.747,Europe
United Kingdom,GBR,2005,1.761,Europe
United Kingdom,GBR,2006,1.812,Europe
United Kingdom,GBR,2007,1.863,Europe
United Kingdom,GBR,2008,1.905,Europe
United Kingdom,GBR,2009,1.893,Europe
United Kingdom,GBR,2010,1.918,Europe
United Kingdom,GBR,2011,1.911,Europe
United Kingdom,GBR,2012,1.909,Europe
United Kingdom,GBR,2013,1.83,Europe
United Kingdom,GBR,2014,1.811,Europe
United Kingdom,GBR,2015,1.801,Europe
United Kingdom,GBR,2016,1.785,Europe
United Kingdom,GBR,2017,1.735,Europe
United Kingdom,GBR,2018,1.676,Europe
United Kingdom,GBR,2019,1.632,Europe
United Kingdom,GBR,2020,1.571,Europe
United Kingdom,GBR,2021,1.583,Europe
United Kingdom,GBR,2022,1.56,Europe
United Kingdom,GBR,2023,1.56,Europe
United States,USA,1990,2.072,North America
United States,USA,1991,2.059,North America
United States,USA,1992,2.039,North America
United States,USA,1993,2.01,North America
United States,USA,1994,1.988,North America
United States,USA,1995,1.965,North America
United States,USA,1996,1.96,North America
United States,USA,1997,1.956,North America
United States,USA,1998,1.98,North America
United States,USA,1999,1.99,North America
United States,USA,2000,2.03,North America
United States,USA,2001,2.011,North America
United States,USA,2002,2.003,North America
United States,USA,2003,2.025,North America
United States,USA,2004,2.031,North America
United States,USA,2005,2.04,North America
United States,USA,2006,2.087,North America
United States,USA,2007,2.096,North America
United States,USA,2008,2.053,North America
United States,USA,2009,1.987,North America
United States,USA,2010,1.916,North America
United States,USA,2011,1.879,North America
United States,USA,2012,1.862,North America
United States,USA,2013,1.84,North America
United States,USA,2014,1.848,North America
United States,USA,2015,1.832,North America
United States,USA,2016,1.804,North America
United States,USA,2017,1.753,North America
United States,USA,2018,1.715,North America
United States,USA,2019,1.684,North America
United States,USA,2020,1.616,North America
United States,USA,2021,1.634,North America
United States,USA,2022,1.665,North America
United States,USA,2023,1.624,North America
United States Virgin Islands,VIR,1990,3.106,North America
United States Virgin Islands,VIR,1991,3.379,North America
United States Virgin Islands,VIR,1992,3.63,North America
United States Virgin Islands,VIR,1993,3.636,North America
United States Virgin Islands,VIR,1994,3.682,North America
United States Virgin Islands,VIR,1995,3.237,North America
United States Virgin Islands,VIR,1996,2.941,North America
United States Virgin Islands,VIR,1997,3.017,North America
United States Virgin Islands,VIR,1998,2.676,North America
United States Virgin Islands,VIR,1999,2.449,North America
United States Virgin Islands,VIR,2000,2.337,North America
United States Virgin Islands,VIR,2001,2.473,North America
United States Virgin Islands,VIR,2002,2.415,North America
United States Virgin Islands,VIR,2003,2.331,North America
United States Virgin Islands,VIR,2004,2.427,North America
United States Virgin Islands,VIR,2005,2.42,North America
United States Virgin Islands,VIR,2006,2.572,North America
United States Virgin Islands,VIR,2007,2.598,North America
United States Virgin Islands,VIR,2008,2.687,North America
United States Virgin Islands,VIR,2009,2.575,North America
United States Virgin Islands,VIR,2010,2.48,North America
United States Virgin Islands,VIR,2011,2.338,North America
United States Virgin Islands,VIR,2012,2.254,North America
United States Virgin Islands,VIR,2013,2.229,North America
United States Virgin Islands,VIR,2014,2.221,North America
United States Virgin Islands,VIR,2015,2.218,North America
United States Virgin Islands,VIR,2016,2.205,North America
United States Virgin Islands,VIR,2017,2.193,North America
United States Virgin Islands,VIR,2018,2.182,North America
United States Virgin Islands,VIR,2019,2.162,North America
United States Virgin Islands,VIR,2020,2.139,North America
United States Virgin Islands,VIR,2021,2.124,North America
United States Virgin Islands,VIR,2022,2.101,North America
United States Virgin Islands,VIR,2023,2.09,North America
Upper-middle-income countries,OWID_UMC,1990,2.701,
Upper-middle-income countries,OWID_UMC,1991,2.351,
Upper-middle-income countries,OWID_UMC,1992,2.225,
Upper-middle-income countries,OWID_UMC,1993,2.153,
Upper-middle-income countries,OWID_UMC,1994,2.103,
Upper-middle-income countries,OWID_UMC,1995,2.064,
Upper-middle-income countries,OWID_UMC,1996,2.02,
Upper-middle-income countries,OWID_UMC,1997,1.983,
Upper-middle-income countries,OWID_UMC,1998,1.956,
Upper-middle-income countries,OWID_UMC,1999,1.928,
Upper-middle-income countries,OWID_UMC,2000,1.95,
Upper-middle-income countries,OWID_UMC,2001,1.893,
Upper-middle-income countries,OWID_UMC,2002,1.875,
Upper-middle-income countries,OWID_UMC,2003,1.862,
Upper-middle-income countries,OWID_UMC,2004,1.875,
Upper-middle-income countries,OWID_UMC,2005,1.879,
Upper-middle-income countries,OWID_UMC,2006,1.886,
Upper-middle-income countries,OWID_UMC,2007,1.902,
Upper-middle-income countries,OWID_UMC,2008,1.925,
Upper-middle-income countries,OWID_UMC,2009,1.935,
Upper-middle-income countries,OWID_UMC,2010,1.927,
Upper-middle-income countries,OWID_UMC,2011,1.931,
Upper-middle-income countries,OWID_UMC,2012,2.009,
Upper-middle-income countries,OWID_UMC,2013,1.962,
Upper-middle-income countries,OWID_UMC,2014,1.991,
Upper-middle-income countries,OWID_UMC,2015,1.928,
Upper-middle-income countries,OWID_UMC,2016,1.956,
Upper-middle-income countries,OWID_UMC,2017,1.943,
Upper-middle-income countries,OWID_UMC,2018,1.804,
Upper-middle-income countries,OWID_UMC,2019,1.762,
Upper-middle-income countries,OWID_UMC,2020,1.619,
Upper-middle-income countries,OWID_UMC,2021,1.554,
Upper-middle-income countries,OWID_UMC,2022,1.501,
Upper-middle-income countries,OWID_UMC,2023,1.479,
Uruguay,URY,1990,2.477,South America
Uruguay,URY,1991,2.454,South America
Uruguay,URY,1992,2.432,South America
Uruguay,URY,1993,2.408,South America
Uruguay,URY,1994,2.425,South America
Uruguay,URY,1995,2.401,South America
Uruguay,URY,1996,2.364,South America
Uruguay,URY,1997,2.328,South America
Uruguay,URY,1998,2.271,South America
Uruguay,URY,1999,2.248,South America
Uruguay,URY,2000,2.196,South America
Uruguay,URY,2001,2.161,South America
Uruguay,URY,2002,2.16,South America
Uruguay,URY,2003,2.116,South America
Uruguay,URY,2004,2.093,South America
Uruguay,URY,2005,2.097,South America
Uruguay,URY,2006,2.07,South America
Uruguay,URY,2007,2.048,South America
Uruguay,URY,2008,2.03,South America
Uruguay,URY,2009,2.018,South America
Uruguay,URY,2010,2.011,South America
Uruguay,URY,2011,1.987,South America
Uruguay,URY,2012,2.012,South America
Uruguay,URY,2013,2.034,South America
Uruguay,URY,2014,2.026,South America
Uruguay,URY,2015,2.041,South America
Uruguay,URY,2016,1.966,South America
Uruguay,URY,2017,1.824,South America
Uruguay,URY,2018,1.681,South America
Uruguay,URY,2019,1.567,South America
Uruguay,URY,2020,1.497,South America
Uruguay,URY,2021,1.446,South America
Uruguay,URY,2022,1.425,South America
Uruguay,URY,2023,1.409,South America
Uzbekistan,UZB,1990,4.122,Asia
Uzbekistan,UZB,1991,4.19,Asia
Uzbekistan,UZB,1992,4.056,Asia
Uzbekistan,UZB,1993,3.863,Asia
Uzbekistan,UZB,1994,3.66,Asia
Uzbekistan,UZB,1995,3.566,Asia
Uzbekistan,UZB,1996,3.393,Asia
Uzbekistan,UZB,1997,3.186,Asia
Uzbekistan,UZB,1998,2.985,Asia
Uzbekistan,UZB,1999,2.831,Asia
Uzbekistan,UZB,2000,2.696,Asia
Uzbekistan,UZB,2001,2.61,Asia
Uzbekistan,UZB,2002,2.575,Asia
Uzbekistan,UZB,2003,2.503,Asia
Uzbekistan,UZB,2004,2.496,Asia
Uzbekistan,UZB,2005,2.438,Asia
Uzbekistan,UZB,2006,2.461,Asia
Uzbekistan,UZB,2007,2.573,Asia
Uzbekistan,UZB,2008,2.635,Asia
Uzbekistan,UZB,2009,2.559,Asia
Uzbekistan,UZB,2010,2.442,Asia
Uzbekistan,UZB,2011,2.354,Asia
Uzbekistan,UZB,2012,2.337,Asia
Uzbekistan,UZB,2013,2.445,Asia
Uzbekistan,UZB,2014,2.546,Asia
Uzbekistan,UZB,2015,2.583,Asia
Uzbekistan,UZB,2016,2.564,Asia
Uzbekistan,UZB,2017,2.57,Asia
Uzbekistan,UZB,2018,2.713,Asia
Uzbekistan,UZB,2019,2.869,Asia
Uzbekistan,UZB,2020,3.062,Asia
Uzbekistan,UZB,2021,3.273,Asia
Uzbekistan,UZB,2022,3.396,Asia
Uzbekistan,UZB,2023,3.5,Asia
Vanuatu,VUT,1990,5.166,Oceania
Vanuatu,VUT,1991,5.13,Oceania
Vanuatu,VUT,1992,5.094,Oceania
Vanuatu,VUT,1993,5.023,Oceania
Vanuatu,VUT,1994,4.937,Oceania
Vanuatu,VUT,1995,4.847,Oceania
Vanuatu,VUT,1996,4.752,Oceania
Vanuatu,VUT,1997,4.657,Oceania
Vanuatu,VUT,1998,4.603,Oceania
Vanuatu,VUT,1999,4.556,Oceania
Vanuatu,VUT,2000,4.537,Oceania
Vanuatu,VUT,2001,4.495,Oceania
Vanuatu,VUT,2002,4.382,Oceania
Vanuatu,VUT,2003,4.293,Oceania
Vanuatu,VUT,2004,4.214,Oceania
Vanuatu,VUT,2005,4.133,Oceania
Vanuatu,VUT,2006,4.1,Oceania
Vanuatu,VUT,2007,4.117,Oceania
Vanuatu,VUT,2008,4.159,Oceania
Vanuatu,VUT,2009,4.157,Oceania
Vanuatu,VUT,2010,4.126,Oceania
Vanuatu,VUT,2011,4.093,Oceania
Vanuatu,VUT,2012,4.059,Oceania
Vanuatu,VUT,2013,4.039,Oceania
Vanuatu,VUT,2014,3.999,Oceania
Vanuatu,VUT,2015,3.952,Oceania
Vanuatu,VUT,2016,3.915,Oceania
Vanuatu,VUT,2017,3.875,Oceania
Vanuatu,VUT,2018,3.834,Oceania
Vanuatu,VUT,2019,3.79,Oceania
Vanuatu,VUT,2020,3.738,Oceania
Vanuatu,VUT,2021,3.696,Oceania
Vanuatu,VUT,2022,3.647,Oceania
Vanuatu,VUT,2023,3.596,Oceania
Vatican,VAT,1990,1.0,
Vatican,VAT,1991,1.0,
Vatican,VAT,1992,1.0,
Vatican,VAT,1993,1.0,
Vatican,VAT,1994,1.0,
Vatican,VAT,1995,1.0,
Vatican,VAT,1996,1.0,
Vatican,VAT,1997,1.0,
Vatican,VAT,1998,1.0,
Vatican,VAT,1999,1.0,
Vatican,VAT,2000,1.0,
Vatican,VAT,2001,1.0,
Vatican,VAT,2002,1.0,
Vatican,VAT,2003,1.0,
Vatican,VAT,2004,1.0,
Vatican,VAT,2005,1.0,
Vatican,VAT,2006,1.0,
Vatican,VAT,2007,1.0,
Vatican,VAT,2008,1.0,
Vatican,VAT,2009,1.0,
Vatican,VAT,2010,1.0,
Vatican,VAT,2011,1.0,
Vatican,VAT,2012,1.0,
Vatican,VAT,2013,1.0,
Vatican,VAT,2014,1.0,
Vatican,VAT,2015,1.0,
Vatican,VAT,2016,1.0,
Vatican,VAT,2017,1.0,
Vatican,VAT,2018,1.0,
Vatican,VAT,2019,1.0,
Vatican,VAT,2020,1.0,
Vatican,VAT,2021,1.0,
Vatican,VAT,2022,1.0,
Vatican,VAT,2023,1.0,
Venezuela,VEN,1990,3.448,
Venezuela,VEN,1991,3.37,
Venezuela,VEN,1992,3.292,
Venezuela,VEN,1993,3.218,
Venezuela,VEN,1994,3.147,
Venezuela,VEN,1995,3.082,
Venezuela,VEN,1996,3.022,
Venezuela,VEN,1997,2.967,
Venezuela,VEN,1998,2.912,
Venezuela,VEN,1999,2.856,
Venezuela,VEN,2000,2.79,
Venezuela,VEN,2001,2.779,
Venezuela,VEN,2002,2.739,
Venezuela,VEN,2003,2.703,
Venezuela,VEN,2004,2.639,
Venezuela,VEN,2005,2.629,
Venezuela,VEN,2006,2.595,
Venezuela,VEN,2007,2.524,
Venezuela,VEN,2008,2.475,
Venezuela,VEN,2009,2.422,
Venezuela,VEN,2010,2.396,
Venezuela,VEN,2011,2.398,
Venezuela,VEN,2012,2.379,
Venezuela,VEN,2013,2.334,
Venezuela,VEN,2014,2.296,
Venezuela,VEN,2015,2.253,
Venezuela,VEN,2016,2.217,
Venezuela,VEN,2017,2.183,
Venezuela,VEN,2018,2.151,
Venezuela,VEN,2019,2.131,
Venezuela,VEN,2020,2.116,
Venezuela,VEN,2021,2.105,
Venezuela,VEN,2022,2.088,
Venezuela,VEN,2023,2.079,
Vietnam,VNM,1990,3.602,Asia
Vietnam,VNM,1991,3.524,Asia
Vietnam,VNM,1992,3.353,Asia
Vietnam,VNM,1993,3.172,Asia
Vietnam,VNM,1994,2.941,Asia
Vietnam,VNM,1995,2.7,Asia
Vietnam,VNM,1996,2.468,Asia
Vietnam,VNM,1997,2.274,Asia
Vietnam,VNM,1998,2.098,Asia
Vietnam,VNM,1999,1.999,Asia
Vietnam,VNM,2000,2.028,Asia
Vietnam,VNM,2001,2.023,Asia
Vietnam,VNM,2002,2.006,Asia
Vietnam,VNM,2003,1.999,Asia
Vietnam,VNM,2004,1.968,Asia
Vietnam,VNM,2005,1.887,Asia
Vietnam,VNM,2006,1.873,Asia
Vietnam,VNM,2007,1.911,Asia
Vietnam,VNM,2008,1.933,Asia
Vietnam,VNM,2009,1.92,Asia
Vietnam,VNM,2010,1.906,Asia
Vietnam,VNM,2011,1.927,Asia
Vietnam,VNM,2012,1.967,Asia
Vietnam,VNM,2013,1.98,Asia
Vietnam,VNM,2014,2.09,Asia
Vietnam,VNM,2015,2.1,Asia
Vietnam,VNM,2016,2.0,Asia
Vietnam,VNM,2017,1.985,Asia
Vietnam,VNM,2018,1.88,Asia
Vietnam,VNM,2019,1.943,Asia
Vietnam,VNM,2020,1.957,Asia
Vietnam,VNM,2021,1.942,Asia
Vietnam,VNM,2022,1.927,Asia
Vietnam,VNM,2023,1.913,Asia
Wallis and Futuna,WLF,1990,4.582,
Wallis and Futuna,WLF,1991,4.418,
Wallis and Futuna,WLF,1992,4.178,
Wallis and Futuna,WLF,1993,3.916,
Wallis and Futuna,WLF,1994,3.64,
Wallis and Futuna,WLF,1995,3.384,
Wallis and Futuna,WLF,1996,3.084,
Wallis and Futuna,WLF,1997,2.628,
Wallis and Futuna,WLF,1998,2.619,
Wallis and Futuna,WLF,1999,3.129,
Wallis and Futuna,WLF,2000,2.451,
Wallis and Futuna,WLF,2001,2.372,
Wallis and Futuna,WLF,2002,2.376,
Wallis and Futuna,WLF,2003,2.583,
Wallis and Futuna,WLF,2004,2.189,
Wallis and Futuna,WLF,2005,2.07,
Wallis and Futuna,WLF,2006,2.11,
Wallis and Futuna,WLF,2007,2.111,
Wallis and Futuna,WLF,2008,1.961,
Wallis and Futuna,WLF,2009,2.43,
Wallis and Futuna,WLF,2010,1.872,
Wallis and Futuna,WLF,2011,2.278,
Wallis and Futuna,WLF,2012,2.066,
Wallis and Futuna,WLF,2013,1.829,
Wallis and Futuna,WLF,2014,1.82,
Wallis and Futuna,WLF,2015,1.972,
Wallis and Futuna,WLF,2016,2.004,
Wallis and Futuna,WLF,2017,2.027,
Wallis and Futuna,WLF,2018,1.716,
Wallis and Futuna,WLF,2019,2.048,
Wallis and Futuna,WLF,2020,1.574,
Wallis and Futuna,WLF,2021,1.459,
Wallis and Futuna,WLF,2022,1.423,
Wallis and Futuna,WLF,2023,1.41,
Western Sahara,ESH,1990,4.691,
Western Sahara,ESH,1991,4.538,
Western Sahara,ESH,1992,4.402,
Western Sahara,ESH,1993,4.271,
Western Sahara,ESH,1994,4.149,
Western Sahara,ESH,1995,4.046,
Western Sahara,ESH,1996,3.943,
Western Sahara,ESH,1997,3.832,
Western Sahara,ESH,1998,3.722,
Western Sahara,ESH,1999,3.608,
Western Sahara,ESH,2000,3.487,
Western Sahara,ESH,2001,3.341,
Western Sahara,ESH,2002,3.193,
Western Sahara,ESH,2003,3.07,
Western Sahara,ESH,2004,2.965,
Western Sahara,ESH,2005,2.892,
Western Sahara,ESH,2006,2.832,
Western Sahara,ESH,2007,2.775,
Western Sahara,ESH,2008,2.723,
Western Sahara,ESH,2009,2.675,
Western Sahara,ESH,2010,2.635,
Western Sahara,ESH,2011,2.586,
Western Sahara,ESH,2012,2.549,
Western Sahara,ESH,2013,2.499,
Western Sahara,ESH,2014,2.459,
Western Sahara,ESH,2015,2.417,
Western Sahara,ESH,2016,2.382,
Western Sahara,ESH,2017,2.352,
Western Sahara,ESH,2018,2.316,
Western Sahara,ESH,2019,2.281,
Western Sahara,ESH,2020,2.25,
Western Sahara,ESH,2021,2.219,
Western Sahara,ESH,2022,2.189,
Western Sahara,ESH,2023,2.164,
World,OWID_WRL,1990,3.31,
World,OWID_WRL,1991,3.131,
World,OWID_WRL,1992,3.044,
World,OWID_WRL,1993,2.98,
World,OWID_WRL,1994,2.933,
World,OWID_WRL,1995,2.889,
World,OWID_WRL,1996,2.846,
World,OWID_WRL,1997,2.809,
World,OWID_WRL,1998,2.776,
World,OWID_WRL,1999,2.75,
World,OWID_WRL,2000,2.754,
World,OWID_WRL,2001,2.714,
World,OWID_WRL,2002,2.684,
World,OWID_WRL,2003,2.659,
World,OWID_WRL,2004,2.647,
World,OWID_WRL,2005,2.63,
World,OWID_WRL,2006,2.625,
World,OWID_WRL,2007,2.623,
World,OWID_WRL,2008,2.626,
World,OWID_WRL,2009,2.621,
World,OWID_WRL,2010,2.602,
World,OWID_WRL,2011,2.588,
World,OWID_WRL,2012,2.607,
World,OWID_WRL,2013,2.572,
World,OWID_WRL,2014,2.564,
World,OWID_WRL,2015,2.537,
World,OWID_WRL,2016,2.536,
World,OWID_WRL,2017,2.504,
World,OWID_WRL,2018,2.437,
World,OWID_WRL,2019,2.397,
World,OWID_WRL,2020,2.322,
World,OWID_WRL,2021,2.291,
World,OWID_WRL,2022,2.265,
World,OWID_WRL,2023,2.251,
Yemen,YEM,1990,8.606,
Yemen,YEM,1991,8.459,
Yemen,YEM,1992,8.272,
Yemen,YEM,1993,8.048,
Yemen,YEM,1994,7.795,
Yemen,YEM,1995,7.525,
Yemen,YEM,1996,7.004,
Yemen,YEM,1997,6.82,
Yemen,YEM,1998,6.639,
Yemen,YEM,1999,6.489,
Yemen,YEM,2000,6.317,
Yemen,YEM,2001,6.143,
Yemen,YEM,2002,5.971,
Yemen,YEM,2003,5.839,
Yemen,YEM,2004,5.712,
Yemen,YEM,2005,5.563,
Yemen,YEM,2006,5.412,
Yemen,YEM,2007,5.261,
Yemen,YEM,2008,5.113,
Yemen,YEM,2009,5.004,
Yemen,YEM,2010,4.81,
Yemen,YEM,2011,4.63,
Yemen,YEM,2012,4.633,
Yemen,YEM,2013,4.623,
Yemen,YEM,2014,4.62,
Yemen,YEM,2015,4.617,
Yemen,YEM,2016,4.613,
Yemen,YEM,2017,4.61,
Yemen,YEM,2018,4.607,
Yemen,YEM,2019,4.603,
Yemen,YEM,2020,4.6,
Yemen,YEM,2021,4.597,
Yemen,YEM,2022,4.593,
Yemen,YEM,2023,4.59,
Zambia,ZMB,1990,6.567,Africa
Zambia,ZMB,1991,6.458,Africa
Zambia,ZMB,1992,6.349,Africa
Zambia,ZMB,1993,6.298,Africa
Zambia,ZMB,1994,6.26,Africa
Zambia,ZMB,1995,6.232,Africa
Zambia,ZMB,1996,6.182,Africa
Zambia,ZMB,1997,6.124,Africa
Zambia,ZMB,1998,6.067,Africa
Zambia,ZMB,1999,5.998,Africa
Zambia,ZMB,2000,5.921,Africa
Zambia,ZMB,2001,5.848,Africa
Zambia,ZMB,2002,5.774,Africa
Zambia,ZMB,2003,5.71,Africa
Zambia,ZMB,2004,5.698,Africa
Zambia,ZMB,2005,5.697,Africa
Zambia,ZMB,2006,5.679,Africa
Zambia,ZMB,2007,5.613,Africa
Zambia,ZMB,2008,5.53,Africa
Zambia,ZMB,2009,5.453,Africa
Zambia,ZMB,2010,5.359,Africa
Zambia,ZMB,2011,5.256,Africa
Zambia,ZMB,2012,5.136,Africa
Zambia,ZMB,2013,5.014,Africa
Zambia,ZMB,2014,4.89,Africa
Zambia,ZMB,2015,4.775,Africa
Zambia,ZMB,2016,4.669,Africa
Zambia,ZMB,2017,4.567,Africa
Zambia,ZMB,2018,4.492,Africa
Zambia,ZMB,2019,4.418,Africa
Zambia,ZMB,2020,4.323,Africa
Zambia,ZMB,2021,4.246,Africa
Zambia,ZMB,2022,4.175,Africa
Zambia,ZMB,2023,4.101,Africa
Zimbabwe,ZWE,1990,4.876,Africa
Zimbabwe,ZWE,1991,4.715,Africa
Zimbabwe,ZWE,1992,4.567,Africa
Zimbabwe,ZWE,1993,4.391,Africa
Zimbabwe,ZWE,1994,4.284,Africa
Zimbabwe,ZWE,1995,4.153,Africa
Zimbabwe,ZWE,1996,4.11,Africa
Zimbabwe,ZWE,1997,4.075,Africa
Zimbabwe,ZWE,1998,4.067,Africa
Zimbabwe,ZWE,1999,4.056,Africa
Zimbabwe,ZWE,2000,4.009,Africa
Zimbabwe,ZWE,2001,3.983,Africa
Zimbabwe,ZWE,2002,3.925,Africa
Zimbabwe,ZWE,2003,3.862,Africa
Zimbabwe,ZWE,2004,3.776,Africa
Zimbabwe,ZWE,2005,3.693,Africa
Zimbabwe,ZWE,2006,3.635,Africa
Zimbabwe,ZWE,2007,3.677,Africa
Zimbabwe,ZWE,2008,3.783,Africa
Zimbabwe,ZWE,2009,3.95,Africa
Zimbabwe,ZWE,2010,4.04,Africa
Zimbabwe,ZWE,2011,4.126,Africa
Zimbabwe,ZWE,2012,4.134,Africa
Zimbabwe,ZWE,2013,4.111,Africa
Zimbabwe,ZWE,2014,4.011,Africa
Zimbabwe,ZWE,2015,3.911,Africa
Zimbabwe,ZWE,2016,3.828,Africa
Zimbabwe,ZWE,2017,3.768,Africa
Zimbabwe,ZWE,2018,3.744,Africa
Zimbabwe,ZWE,2019,3.748,Africa
Zimbabwe,ZWE,2020,3.754,Africa
Zimbabwe,ZWE,2021,3.765,Africa
Zimbabwe,ZWE,2022,3.767,Africa
Zimbabwe,ZWE,2023,3.724,Africa
